source,target,weight
0,3,0.9999482119753278
0,4,0.9999637782798199
0,6,0.9999544234286386
0,74,0.9999816623253835
0,77,0.9999655511355011
0,80,0.9999478773341769
0,106,0.9999816409246275
0,126,0.9999808387155941
0,127,0.9999817028163577
0,131,0.9998956084885483
0,133,0.9999806469901976
0,139,0.9999512842937104
0,143,0.9999686497729177
0,144,0.9999470437704139
0,161,0.9999822479689215
0,170,0.9999818298277315
0,175,0.99996000652573
0,217,0.9999804343613067
0,226,0.9999658845772368
0,230,0.9999832350574682
0,234,0.9999806855350684
0,240,0.9999618931971004
0,241,0.9999299762901711
0,243,0.9999152827845921
0,257,0.9999792357901353
0,274,0.9999712403480518
0,285,0.9999777530140825
0,293,0.9999600013844775
0,298,0.999976547970563
1,7,0.9998871568482178
1,8,0.9998758633043869
1,134,0.9998990062484082
1,136,0.9998968767943418
1,145,0.9999054466918631
1,206,0.9998884916480576
1,265,0.999878081608441
1,273,0.9998767427653587
1,279,0.9998920922239277
1,288,0.9998077264476579
1,295,0.9998175892268322
1,297,0.9998894479157132
2,3,0.9998916162982211
2,6,0.9998876337256734
2,8,0.9998916079518252
2,61,0.9998938747447087
2,138,0.9998701143155989
2,144,0.9998839223076782
2,184,0.9998784394999156
2,264,0.999881274631119
2,273,0.9998832164772685
2,279,0.9999151889180804
2,288,0.9998146856555927
2,289,0.9998710740382735
2,295,0.9998372716236713
2,297,0.9999052914655878
3,0,0.9999482119753278
3,2,0.9998916162982211
3,7,0.9999625117755646
3,134,0.9999475093628445
3,136,0.9999485365431653
3,145,0.9999447675880141
3,188,0.9999461704206788
3,206,0.9999573201740907
3,230,0.9999542303031443
3,257,0.9999498424092899
3,265,0.999895613971667
3,274,0.9999461468507576
3,279,0.9999330764352194
3,286,0.9999518117722045
3,288,0.999800055157643
3,289,0.9998316079619578
3,295,0.999793788135866
3,297,0.9999453715537246
4,0,0.9999637782798199
4,7,0.9999545402348717
4,136,0.9999621106009969
4,196,0.9999545391235193
4,206,0.9999630731137445
4,230,0.9999541415383869
4,257,0.999955749225407
4,263,0.9999574651731753
4,286,0.9999564307340498
4,287,0.9999523462839732
4,297,0.9999297231031421
5,9,0.9999860275887223
5,31,0.9999857279780301
5,38,0.9999860365965128
5,39,0.9999864803616975
5,72,0.9999861205058274
5,92,0.9999858474759524
5,237,0.999977172856681
5,249,0.9999858789936426
5,260,0.999986603816668
5,262,0.999986494148879
5,277,0.9999872723380997
5,293,0.9999545945012358
5,298,0.999977514005991
6,0,0.9999544234286386
6,2,0.9998876337256734
6,7,0.9999500917535306
6,134,0.9999454692879773
6,136,0.9999514727210866
6,145,0.9999426989660286
6,188,0.9999480460440665
6,206,0.999942824027855
6,257,0.9999453307390782
6,263,0.9999438984180595
6,265,0.9999000312970714
6,274,0.9999507467723854
6,295,0.9998057398321226
6,297,0.9999341427068487
7,1,0.9998871568482178
7,3,0.9999625117755646
7,4,0.9999545402348717
7,6,0.9999500917535306
7,61,0.9999315487921295
7,81,0.9999142327109612
7,129,0.9999425422267363
7,131,0.9999171734985488
7,138,0.9998463103007931
7,139,0.9999558013668812
7,143,0.9999667946086438
7,144,0.9999475862501955
7,175,0.9999543570654599
7,184,0.9999067872821049
7,210,0.9999669195487357
7,230,0.999969983565361
7,232,0.9999680461660271
7,241,0.9999295713866114
7,243,0.9999174049096599
7,257,0.9999684259784685
7,264,0.9999354541867683
7,265,0.9999035031499645
7,266,0.9999669524165966
7,269,0.9999711065096079
7,273,0.9999099982659667
7,281,0.9999096512591763
7,286,0.9999674983274044
7,287,0.9999670077861983
7,297,0.9999369846145291
7,298,0.9999672155925
7,300,0.9999714186150492
8,1,0.9998758633043869
8,2,0.9998916079518252
8,18,0.9999539847537386
8,61,0.9999214536765092
8,79,0.9998655393049364
8,126,0.9999480924516723
8,138,0.9998416895948943
8,184,0.9999068647696591
8,257,0.99995305115674
8,263,0.9999510083567212
8,264,0.9999272200953042
8,266,0.9999535760246434
8,273,0.9999163872252301
8,278,0.9999478594207688
8,279,0.9999265773703193
8,281,0.9999196754040338
8,282,0.999958911332808
8,285,0.9999536809654829
8,289,0.9998328190879622
8,293,0.9999493511949475
8,297,0.9999337818016876
8,300,0.999951117007894
9,5,0.9999860275887223
9,23,0.9999922791383228
9,38,0.9999925710436774
9,71,0.9999921793529174
9,92,0.9999924412890514
9,98,0.9999926564581338
9,117,0.9999921868694707
9,126,0.9999859236042279
9,155,0.9999926854447507
9,163,0.9999919457070241
9,166,0.9999920232977756
9,215,0.9999911692647742
9,217,0.9999894463221803
9,235,0.999992566917416
9,236,0.9999870830515151
9,256,0.9999858296827547
9,260,0.9999900254574632
9,280,0.9999881045254769
9,290,0.999983324517281
10,12,0.9999945478800801
10,37,0.9999943505955525
10,52,0.9999940391471882
10,72,0.9999922652537404
10,107,0.9999941255712415
10,108,0.9999941182418821
10,117,0.9999949572343739
10,119,0.999994253190979
10,130,0.9999941327127676
10,157,0.9999943401842156
10,231,0.9999943578135835
10,260,0.9999895533678945
11,13,0.9999957738456345
11,14,0.999996478610901
11,17,0.9999953878820024
11,19,0.9999967294693528
11,27,0.9999965469646512
11,28,0.9999964033256092
11,32,0.999996571646154
11,33,0.9999960279555943
11,36,0.99999600371706
11,40,0.9999957186108944
11,42,0.9999961602865431
11,45,0.9999921511050254
11,46,0.999996317665966
11,49,0.9999965077055474
11,50,0.9999965083768845
11,51,0.9999959429912639
11,54,0.9999970867697101
11,58,0.9999955823288466
11,59,0.9999960058642307
11,63,0.9999951370403772
11,85,0.9999949152514098
11,87,0.9999897429226293
11,91,0.9999964175470557
11,93,0.9999928537406397
11,94,0.9999959981898173
11,95,0.9999956061223664
11,96,0.9999945409955822
11,102,0.9999958281709809
11,103,0.9999961662328755
11,111,0.9999960146044391
11,116,0.9999954997462673
11,147,0.9999959462260627
11,150,0.9999957045558068
11,151,0.9999950965998265
11,152,0.9999954246341834
11,154,0.9999936567762064
11,156,0.9999960533566704
11,158,0.9999954478976476
11,160,0.9999956695098852
11,162,0.9999959537766736
11,164,0.9999953112681536
11,167,0.9999964389710455
11,168,0.9999966443202857
11,173,0.9999960008621135
11,179,0.9999945482884358
11,180,0.9999959826345407
11,181,0.9999959204810959
11,198,0.9999942805686582
11,199,0.9999956298488809
11,200,0.9999945328671239
11,201,0.9999955422662934
11,202,0.9999952785310098
11,203,0.9999952886318635
11,204,0.9999964848096248
11,209,0.9999967994869524
11,211,0.9999963697291665
11,218,0.9999966779243421
11,220,0.9999963344271694
11,221,0.99999589067736
11,244,0.9999945092485024
11,250,0.9999959393958714
11,252,0.9999964180543321
11,253,0.9999962951828684
11,258,0.9999955479156742
11,291,0.9999927485852509
12,10,0.9999945478800801
12,13,0.9999964583182795
12,14,0.9999963816269964
12,16,0.9999933939561241
12,17,0.9999950561956904
12,19,0.9999968812153163
12,22,0.9999941621088729
12,27,0.9999962425949231
12,28,0.9999965922812241
12,29,0.9999937001011687
12,32,0.9999968324686676
12,33,0.9999963200667509
12,36,0.999996517876793
12,40,0.9999950849344457
12,42,0.9999961239886742
12,45,0.9999921218244797
12,46,0.9999961814261078
12,47,0.9999958166888336
12,49,0.9999964931744683
12,50,0.9999962052933604
12,51,0.9999958703802371
12,54,0.9999968977454406
12,56,0.9999926281168592
12,57,0.9999942679663986
12,58,0.9999961798592202
12,59,0.9999961483834514
12,63,0.9999957604466303
12,68,0.9999929270727025
12,69,0.9999939665639822
12,85,0.999994800055738
12,89,0.9999924665377622
12,91,0.99999695986579
12,94,0.9999968299254073
12,95,0.999996067722827
12,96,0.9999949578406689
12,99,0.9999931288516959
12,102,0.9999957824726965
12,103,0.9999967783710388
12,110,0.999993787852189
12,111,0.9999964285194105
12,112,0.9999940700617863
12,114,0.9999925425449694
12,116,0.9999955975117725
12,124,0.9999960740848436
12,147,0.9999954893293922
12,150,0.9999962702316108
12,151,0.9999945570557301
12,152,0.9999952833876893
12,154,0.9999941154208198
12,155,0.9999950730390642
12,156,0.9999964559688346
12,158,0.9999960682583805
12,159,0.999995116542299
12,160,0.9999962562448653
12,162,0.99999636478466
12,164,0.9999961939678069
12,167,0.9999962584986027
12,168,0.9999974043247345
12,173,0.9999964549569915
12,180,0.9999959020769651
12,186,0.999995809928489
12,191,0.9999950066431358
12,199,0.9999942794981869
12,200,0.9999950880984904
12,201,0.9999957095459636
12,202,0.9999955601512365
12,203,0.99999554112471
12,204,0.999995908936317
12,207,0.9999948059551756
12,209,0.9999967056928866
12,211,0.9999962432757817
12,214,0.9999951285791577
12,218,0.9999968089045315
12,220,0.99999587709371
12,221,0.9999965431548894
12,222,0.9999907464618815
12,235,0.9999953970820292
12,244,0.9999945092568067
12,250,0.9999966675111449
12,252,0.9999971972529936
12,253,0.9999964677187247
12,258,0.9999962555600794
12,291,0.9999927117483403
13,11,0.9999957738456345
13,12,0.9999964583182795
13,37,0.9999960684137119
13,48,0.9999947523079177
13,52,0.9999961122087437
13,70,0.9999959562885823
13,71,0.9999954972913729
13,92,0.999995175366327
13,108,0.9999958159551868
13,186,0.9999956049962452
13,190,0.9999955048607667
13,231,0.9999957521609398
13,235,0.9999951009383972
14,11,0.999996478610901
14,12,0.9999963816269964
14,37,0.9999985418707137
14,52,0.9999972176916737
14,65,0.9999954576153387
14,67,0.9999954240558844
14,172,0.9999988416923641
14,186,0.9999956775035824
14,231,0.9999968370723267
14,294,0.9999955928255313
15,38,0.9999881936490864
15,41,0.999987510723438
15,64,0.9999886472168631
15,98,0.999989949206587
15,127,0.9999891666204299
15,163,0.9999889029501465
15,212,0.9999884077309585
15,217,0.9999875835358008
15,219,0.9999876274769248
15,227,0.9999879869004155
15,230,0.9999854585623441
16,12,0.9999933939561241
16,24,0.9999922866076739
16,30,0.9999898993111757
16,41,0.9999937444044548
16,48,0.9999935801021402
16,66,0.9999897475378801
16,98,0.9999931388908301
16,108,0.9999940768177715
16,117,0.9999936675497096
16,119,0.9999935345370016
16,128,0.9999936677803339
16,130,0.9999935633355127
16,135,0.9999905303853318
16,157,0.9999935665138195
16,190,0.9999937000974451
16,196,0.9999852326545939
16,215,0.9999911115647894
16,219,0.999990266173478
16,267,0.9999901081778518
16,280,0.9999882123609394
16,287,0.9999870586923731
17,11,0.9999953878820024
17,12,0.9999950561956904
17,48,0.9999948753171246
17,52,0.999995897552009
17,65,0.9999953644842031
17,67,0.9999949168547636
17,70,0.9999952559986724
17,71,0.9999956113521515
17,72,0.9999920477181828
17,87,0.9999898939114618
17,119,0.9999958819850145
17,190,0.9999953211262222
17,193,0.9999927696947014
17,231,0.9999950631282579
17,245,0.9999932026019112
18,8,0.9999539847537386
18,24,0.9999847693979778
18,98,0.9999853401838515
18,163,0.9999866707503269
18,182,0.9999845992355639
18,192,0.9999850488916789
18,215,0.9999860092401263
18,217,0.9999844943319929
18,234,0.9999850288911316
18,255,0.9999859450420231
18,287,0.9999840517731257
18,292,0.9999767011921115
19,11,0.9999967294693528
19,12,0.9999968812153163
19,37,0.9999979571107643
19,52,0.9999974089214613
19,67,0.9999959661599093
19,71,0.9999957394623192
19,117,0.9999956838075936
19,153,0.9999956804677866
19,172,0.9999977113867126
19,231,0.9999966738646434
20,74,0.9999824493755386
20,80,0.9999478850117696
20,98,0.9999842362592599
20,122,0.999983568283521
20,127,0.9999827201759409
20,135,0.9999824841230373
20,187,0.9999829421388182
20,229,0.9999828017437786
20,239,0.9999828749778401
20,262,0.9999826845726862
20,282,0.9999644860630303
20,287,0.9999825926184102
20,293,0.99995472255024
21,35,0.9999853627785932
21,38,0.9999866152938863
21,98,0.9999863593224753
21,163,0.9999854112496457
21,165,0.9999845273156749
21,182,0.9999856719555157
21,206,0.9999724917499129
21,215,0.9999849527607377
21,217,0.9999860665941205
21,219,0.9999853945268449
21,248,0.9999734055799011
21,287,0.9999845262341618
22,12,0.9999941621088729
22,34,0.9999940382841215
22,35,0.9999933025455428
22,38,0.9999928365573416
22,41,0.9999942995462038
22,70,0.9999941733060083
22,71,0.9999941370408589
22,87,0.999990076431598
22,108,0.9999943163723277
22,117,0.9999943883035137
22,119,0.999994547265401
22,127,0.9999926525920184
22,130,0.9999945207454759
22,166,0.9999945100891355
22,190,0.9999950853205688
22,193,0.9999927630037487
22,242,0.9999906863204913
23,9,0.9999922791383228
23,24,0.9999916214747276
23,26,0.9999870586811066
23,29,0.9999936547467989
23,31,0.9999935352285465
23,39,0.9999901499704521
23,43,0.9999922853477721
23,45,0.9999924456919707
23,53,0.9999919727788236
23,59,0.9999947631511574
23,68,0.9999937771617309
23,88,0.9999912792233326
23,95,0.9999948587299415
23,98,0.9999929140034775
23,104,0.9999928389496231
23,110,0.9999937095112096
23,112,0.9999939149255744
23,114,0.999992020514519
23,118,0.9999932810293831
23,124,0.9999955164011688
23,125,0.9999926537934197
23,128,0.9999938431279545
23,135,0.9999900232094403
23,137,0.9999884159126196
23,140,0.9999922915583846
23,141,0.999985949694879
23,142,0.9999868393633545
23,157,0.9999945472380726
23,159,0.9999942150437309
23,162,0.9999947152135579
23,166,0.9999953721490358
23,174,0.9999892668981242
23,179,0.9999949818735252
23,189,0.9999852693395285
23,191,0.999994883814678
23,205,0.9999932497675629
23,214,0.999994783147572
23,235,0.9999951665069916
23,242,0.9999909062364946
23,249,0.9999929469881546
23,252,0.9999956322761496
23,254,0.999992163596537
23,260,0.9999903634558927
23,262,0.9999875107147
23,287,0.9999867309778293
24,16,0.9999922866076739
24,18,0.9999847693979778
24,23,0.9999916214747276
24,26,0.9999870246149123
24,39,0.9999889875264135
24,60,0.9999902931912845
24,62,0.9999816072314796
24,64,0.999991656826138
24,98,0.9999916949655725
24,108,0.9999915917091878
24,121,0.9999882331829208
24,133,0.999981987016373
24,161,0.9999902934911973
24,163,0.9999917563392736
24,177,0.9999878824084413
24,179,0.9999916390179796
24,182,0.99998634409617
24,183,0.9999896443457035
24,191,0.9999916398286981
24,197,0.9999881319209184
24,214,0.9999919330026154
24,216,0.999988459056245
24,227,0.9999906607008576
24,229,0.9999885401820944
24,232,0.9999801784285484
24,238,0.9999830639070663
24,239,0.9999885930218354
24,244,0.9999925698265427
24,246,0.999989121039683
24,271,0.9999827631848952
24,287,0.9999871711658451
24,299,0.9999878391886727
24,301,0.9999822298268788
25,53,0.9999889846128861
25,57,0.9999887360773829
25,62,0.9999804347696043
25,68,0.9999889023538172
25,73,0.9999892923627461
25,84,0.9999589986920849
25,105,0.9999831274599388
25,108,0.9999888138526055
25,146,0.999964717686489
25,154,0.9999887154181775
25,155,0.9999889475075305
25,165,0.999989646641318
25,177,0.9999868963169245
25,214,0.9999888812325561
25,235,0.9999887354810125
25,237,0.9999784804793836
25,283,0.999973132686829
26,23,0.9999870586811066
26,24,0.9999870246149123
26,35,0.9999864297736212
26,38,0.9999862443471736
26,98,0.9999864699048311
26,123,0.9999875970351491
26,165,0.9999863556853515
26,235,0.9999862827159154
26,242,0.9999865783499539
26,260,0.9999863652806115
26,263,0.9999707199506562
26,274,0.9999706140142308
26,290,0.9999830951616853
27,11,0.9999965469646512
27,12,0.9999962425949231
27,37,0.9999961786376045
27,48,0.9999948615616597
27,52,0.9999960991635024
27,67,0.9999955914971482
27,71,0.9999966151508521
27,108,0.9999960460867447
27,117,0.9999959190387137
27,119,0.9999962418953094
27,165,0.9999920127129479
27,166,0.9999961326042714
27,190,0.9999960167470376
27,245,0.9999931129318377
27,284,0.999994792954089
27,294,0.9999958723769945
28,11,0.9999964033256092
28,12,0.9999965922812241
28,37,0.9999975915412093
28,52,0.9999970239604853
28,67,0.9999956873445663
28,71,0.999995870752295
28,107,0.9999955755674629
28,117,0.9999958367484407
28,119,0.9999959649047583
28,172,0.9999974894802208
28,190,0.9999963077260755
28,231,0.9999965729637512
28,294,0.9999958729168157
29,12,0.9999937001011687
29,23,0.9999936547467989
29,41,0.9999951335115584
29,48,0.9999941698713409
29,64,0.9999939208757147
29,70,0.9999935848457661
29,98,0.9999929035394998
29,108,0.9999938893500384
29,119,0.9999935479317181
29,127,0.9999925559601709
29,166,0.9999945029665328
29,190,0.9999947043409323
29,212,0.999992630783989
29,267,0.9999908190703547
30,16,0.9999898993111757
30,31,0.9999887878691588
30,69,0.9999889092056969
30,100,0.9999883416778608
30,108,0.9999891413549906
30,128,0.9999882799858195
30,166,0.9999894622592107
30,247,0.9999886637786496
30,256,0.9999866856971399
30,276,0.9999901796349477
30,277,0.9999882356542696
31,5,0.9999857279780301
31,23,0.9999935352285465
31,30,0.9999887878691588
31,34,0.9999930016337661
31,41,0.9999929090250635
31,69,0.999992997872678
31,70,0.9999932740913373
31,108,0.9999948558886577
31,117,0.999993588227869
31,119,0.9999932460399015
31,157,0.9999936144162199
31,166,0.9999934214603464
31,212,0.9999914411682991
31,242,0.9999914019388328
31,249,0.99999262279906
32,11,0.999996571646154
32,12,0.9999968324686676
32,37,0.9999976795340477
32,52,0.9999968993166389
32,65,0.9999958937600154
32,67,0.9999957379867549
32,69,0.9999940554929958
32,70,0.999995928597894
32,108,0.9999958808946475
32,153,0.9999957468238156
32,155,0.9999950014533966
32,172,0.9999976219243061
32,190,0.9999960956394399
32,231,0.9999967201017953
33,11,0.9999960279555943
33,12,0.9999963200667509
33,37,0.999998608260253
33,52,0.9999976297760113
33,67,0.9999951832010263
33,71,0.9999949482188424
33,153,0.9999955235837628
33,172,0.9999987356964825
33,186,0.9999953375306433
33,231,0.9999963620678461
34,22,0.9999940382841215
34,31,0.9999930016337661
34,41,0.9999937747227238
34,44,0.9999899276556181
34,53,0.9999927230562871
34,74,0.9999901572546342
34,96,0.9999937834275117
34,99,0.9999930134677929
34,117,0.9999939604183011
34,118,0.9999917499579045
34,120,0.9999859510739042
34,130,0.999994463343938
34,132,0.9999887803720273
34,141,0.9999856096854572
34,142,0.9999868066175196
34,159,0.9999944943959873
34,161,0.9999901110149843
34,164,0.9999937569097956
34,166,0.9999938583948089
34,170,0.9999847961803328
34,178,0.9999922992344259
34,201,0.9999937410206963
34,225,0.9999874164619754
34,247,0.9999937838524608
34,277,0.9999928133514073
34,280,0.9999883900689105
35,21,0.9999853627785932
35,22,0.9999933025455428
35,26,0.9999864297736212
35,41,0.9999942628254341
35,44,0.9999890971880426
35,47,0.9999928320103324
35,60,0.9999895183994653
35,64,0.9999928697052632
35,74,0.9999896891315061
35,75,0.9999840375007033
35,76,0.9999710633587664
35,82,0.9999864517942891
35,100,0.9999908466481393
35,106,0.9999838471109401
35,108,0.9999928181318296
35,113,0.9999876055242233
35,115,0.999993380400484
35,118,0.9999916261241347
35,120,0.9999857919752803
35,124,0.9999935131911768
35,133,0.9999828290766447
35,149,0.9999847526113158
35,176,0.9999861175156577
35,203,0.9999929491295104
35,214,0.9999928811564746
35,244,0.9999930936957003
35,276,0.9999917888675328
35,296,0.9999925362147215
36,11,0.99999600371706
36,12,0.999996517876793
36,37,0.9999980392101114
36,52,0.9999972976746109
36,67,0.999995705295655
36,108,0.9999955411339339
36,153,0.999995616592972
36,172,0.9999977851976968
36,231,0.9999965005311979
36,294,0.9999956044403878
37,10,0.9999943505955525
37,13,0.9999960684137119
37,14,0.9999985418707137
37,19,0.9999979571107643
37,27,0.9999961786376045
37,28,0.9999975915412093
37,32,0.9999976795340477
37,33,0.999998608260253
37,36,0.9999980392101114
37,40,0.9999986223375836
37,42,0.9999954788918005
37,46,0.9999970161031978
37,47,0.9999951990565626
37,49,0.999997577947087
37,50,0.9999980813608339
37,51,0.9999981633209908
37,52,0.9999973469018814
37,54,0.9999975857224758
37,58,0.9999955746311852
37,63,0.9999986511076748
37,85,0.999995048443281
37,91,0.9999969854919275
37,94,0.9999971109482105
37,95,0.9999957494084319
37,102,0.999996747686293
37,103,0.999996064356929
37,111,0.9999983939447841
37,116,0.9999966003491352
37,147,0.9999984141337147
37,150,0.9999978015127998
37,151,0.9999985764838878
37,152,0.9999985362571473
37,153,0.9999956953064743
37,156,0.999997813670108
37,158,0.9999963059960244
37,162,0.9999959881826714
37,164,0.9999958057257361
37,167,0.9999969840937886
37,168,0.9999979568548377
37,172,0.9999984521291702
37,173,0.9999961985035887
37,180,0.9999970885998432
37,181,0.9999957773317957
37,186,0.9999960588659588
37,199,0.9999986533867686
37,202,0.9999960776198464
37,203,0.9999950010520614
37,204,0.999997785198494
37,209,0.9999967451098227
37,211,0.9999982545977807
37,218,0.9999968427813165
37,220,0.9999980022855788
37,221,0.9999965183776842
37,250,0.999997748107274
37,253,0.9999981261109223
37,258,0.9999961922341473
38,5,0.9999860365965128
38,9,0.9999925710436774
38,15,0.9999881936490864
38,21,0.9999866152938863
38,22,0.9999928365573416
38,26,0.9999862443471736
38,39,0.9999899511724119
38,43,0.9999923103886789
38,44,0.9999915984481833
38,48,0.9999929600452812
38,59,0.999992767321247
38,60,0.9999905693716566
38,74,0.9999907928400898
38,82,0.9999867147046756
38,88,0.999991294843643
38,90,0.9999918674525828
38,96,0.9999928925866184
38,97,0.9999808030278248
38,98,0.9999933196755151
38,100,0.9999908223389542
38,101,0.9999913479412517
38,104,0.9999926557259998
38,105,0.9999826551185637
38,106,0.9999841574256656
38,109,0.9999899955220873
38,113,0.9999891692765249
38,115,0.9999922483822027
38,117,0.9999927250250832
38,118,0.9999916423640248
38,124,0.9999931047231555
38,125,0.9999932456072325
38,126,0.9999871369286893
38,132,0.9999870088447773
38,133,0.9999818499846829
38,140,0.9999926431395659
38,142,0.9999876867467704
38,149,0.9999841670633555
38,161,0.9999901687244839
38,166,0.9999928802306707
38,169,0.9999910799171918
38,174,0.9999903944511807
38,176,0.9999857599868556
38,177,0.9999877968374727
38,189,0.999985709370886
38,192,0.9999895112237768
38,194,0.999987780881047
38,200,0.9999930434055533
38,213,0.9999912219588131
38,215,0.9999897720801862
38,217,0.9999902053948294
38,219,0.9999912394204737
38,225,0.9999882209439139
38,228,0.999988395867726
38,229,0.9999875097896321
38,230,0.999985991492734
38,232,0.9999792674972344
38,239,0.9999878731123744
38,242,0.9999920048684142
38,255,0.9999892013008496
38,262,0.9999875144519054
38,270,0.999983256562653
38,285,0.9999762817714569
39,5,0.9999864803616975
39,23,0.9999901499704521
39,24,0.9999889875264135
39,38,0.9999899511724119
39,98,0.9999889374265022
39,122,0.999988965047378
39,123,0.9999886961809861
39,126,0.9999859175714019
39,155,0.9999891198756405
39,157,0.9999900938610559
39,219,0.9999888687182251
39,234,0.9999879079253007
39,246,0.9999864320359944
39,255,0.9999896650447647
39,257,0.9999818553072399
39,262,0.9999873350019193
39,271,0.9999842387225045
39,274,0.9999703918530438
39,275,0.9999860615877334
39,290,0.9999851722107803
39,292,0.9999767073228115
40,11,0.9999957186108944
40,12,0.9999950849344457
40,37,0.9999986223375836
40,52,0.9999973000220064
40,67,0.9999947982226027
40,153,0.9999954817421648
40,172,0.9999992891118783
40,186,0.9999954828887415
40,231,0.9999963147535735
40,294,0.9999948244538285
41,15,0.999987510723438
41,16,0.9999937444044548
41,22,0.9999942995462038
41,29,0.9999951335115584
41,31,0.9999929090250635
41,34,0.9999937747227238
41,35,0.9999942628254341
41,59,0.9999944526214697
41,60,0.9999895134908636
41,66,0.9999893282450013
41,74,0.9999905416422039
41,88,0.999992486600231
41,89,0.9999933571808399
41,90,0.9999918870369883
41,96,0.9999950090326186
41,98,0.9999930883062913
41,101,0.9999908512360829
41,104,0.9999923301692345
41,106,0.9999834369755467
41,108,0.9999948619594018
41,109,0.9999902073612289
41,110,0.9999935581350458
41,115,0.9999918279551954
41,117,0.999994397395993
41,118,0.999993117600519
41,119,0.999994424830419
41,120,0.9999866814625396
41,122,0.9999924787767265
41,124,0.9999950813772249
41,127,0.9999931890886913
41,140,0.9999934345067376
41,148,0.9999871250941251
41,160,0.9999948085999011
41,169,0.9999904585273235
41,176,0.9999857801777678
41,178,0.9999920701192516
41,190,0.9999947008494516
41,197,0.9999881647831341
41,203,0.9999944414724213
41,205,0.9999931049365423
41,212,0.9999930426947077
41,213,0.9999922117735796
41,222,0.999991344270064
41,225,0.9999887252938092
41,228,0.9999880860161555
41,229,0.9999879615241658
41,233,0.9999926567033615
41,236,0.9999873108297269
41,239,0.9999882212397837
41,247,0.9999938497716716
41,254,0.9999908244920663
41,267,0.9999911091861176
41,277,0.9999930699711772
41,296,0.9999926663756432
42,11,0.9999961602865431
42,12,0.9999961239886742
42,37,0.9999954788918005
42,52,0.9999961629078624
42,70,0.9999957492193942
42,71,0.9999962372115413
42,107,0.999995342338021
42,108,0.9999961911875854
42,119,0.9999959413847543
42,190,0.999995548116353
42,284,0.9999946990095404
42,294,0.9999958238103918
43,23,0.9999922853477721
43,38,0.9999923103886789
43,92,0.9999922170255462
43,108,0.9999936684655454
43,117,0.999992643886186
43,130,0.9999926576641321
43,155,0.9999926528225664
43,157,0.9999933581120545
43,166,0.999992365733541
43,235,0.9999923319129653
43,237,0.9999756463354352
43,256,0.9999859423173042
43,271,0.9999831936957683
44,34,0.9999899276556181
44,35,0.9999890971880426
44,38,0.9999915984481833
44,76,0.9999711722658398
44,98,0.9999901269747531
44,119,0.9999895608699997
44,149,0.9999841862145729
44,157,0.999988764776863
44,166,0.9999894349866288
44,217,0.9999888969641622
44,219,0.9999894889017618
44,230,0.9999858252545846
44,242,0.9999887492482724
45,11,0.9999921511050254
45,12,0.9999921218244797
45,23,0.9999924456919707
45,64,0.9999922915478587
45,70,0.9999923536372665
45,117,0.999992113050031
45,130,0.9999923378251102
45,157,0.9999938163065374
45,166,0.9999922965125385
45,251,0.9999925980339992
46,11,0.999996317665966
46,12,0.9999961814261078
46,37,0.9999970161031978
46,52,0.9999956550158816
46,70,0.999995833466056
46,71,0.9999963828153292
46,108,0.9999960873436543
46,117,0.9999956389986934
46,155,0.9999951945621005
46,172,0.9999956236959492
46,231,0.999996430547682
47,12,0.9999958166888336
47,35,0.9999928320103324
47,37,0.9999951990565626
47,65,0.9999954087702925
47,69,0.9999944937558669
47,70,0.9999955430096362
47,71,0.9999952725188503
47,72,0.9999923679586606
47,108,0.9999957102953678
47,119,0.9999951724230517
47,190,0.999994859129475
47,231,0.9999955815711191
47,235,0.9999953713802313
47,242,0.9999909135280718
47,249,0.9999927293454521
48,13,0.9999947523079177
48,16,0.9999935801021402
48,17,0.9999948753171246
48,27,0.9999948615616597
48,29,0.9999941698713409
48,38,0.9999929600452812
48,53,0.9999917719677094
48,56,0.9999927368042795
48,60,0.999989456773902
48,64,0.9999946359168579
48,73,0.9999931694915059
48,93,0.9999928542105784
48,101,0.9999913382260134
48,108,0.9999951333064704
48,109,0.9999898936426435
48,122,0.9999918008694025
48,124,0.99999500404934
48,161,0.9999892470345829
48,162,0.999994768043188
48,167,0.9999948130777955
48,185,0.9999814364829557
48,209,0.9999955937587577
48,218,0.9999951277898363
48,221,0.9999948358194332
48,233,0.9999920557883631
48,239,0.9999891566533737
48,296,0.9999924819679027
49,11,0.9999965077055474
49,12,0.9999964931744683
49,37,0.999997577947087
49,52,0.9999965047067675
49,65,0.9999959051410815
49,67,0.9999955605277262
49,70,0.9999956326573194
49,71,0.999996009966861
49,172,0.9999968538787052
49,190,0.9999957459100007
49,231,0.9999960430735183
50,11,0.9999965083768845
50,12,0.9999962052933604
50,37,0.9999980813608339
50,52,0.9999969595491321
50,65,0.9999960398743877
50,71,0.9999958622104204
50,108,0.9999959846139611
50,172,0.9999979772202929
50,186,0.9999962131100856
50,231,0.9999965438176008
51,11,0.9999959429912639
51,12,0.9999958703802371
51,37,0.9999981633209908
51,52,0.9999965444819341
51,65,0.9999951370554623
51,67,0.9999954043612843
51,70,0.9999952100076775
51,172,0.9999978098438068
51,231,0.9999968676420203
51,294,0.999995160642426
52,10,0.9999940391471882
52,13,0.9999961122087437
52,14,0.9999972176916737
52,17,0.999995897552009
52,19,0.9999974089214613
52,27,0.9999960991635024
52,28,0.9999970239604853
52,32,0.9999968993166389
52,33,0.9999976297760113
52,36,0.9999972976746109
52,37,0.9999973469018814
52,40,0.9999973000220064
52,42,0.9999961629078624
52,46,0.9999956550158816
52,49,0.9999965047067675
52,50,0.9999969595491321
52,51,0.9999965444819341
52,54,0.9999965584128305
52,63,0.9999967956566685
52,85,0.9999946656459866
52,91,0.9999965000341128
52,94,0.9999961686837459
52,95,0.9999957010485395
52,102,0.9999968148026859
52,111,0.9999967974105946
52,116,0.9999972343454264
52,124,0.999995722306765
52,147,0.9999973286968189
52,150,0.99999789618407
52,151,0.9999967815770734
52,152,0.9999970278147693
52,156,0.9999975805849914
52,160,0.999995678989495
52,167,0.9999965333605078
52,168,0.9999972519808702
52,173,0.9999961285499221
52,180,0.9999956481289454
52,181,0.9999956745369045
52,198,0.9999942169755154
52,199,0.9999972953260259
52,202,0.9999967676330185
52,203,0.999995600873045
52,204,0.9999968093803534
52,209,0.9999968265845356
52,211,0.9999969854907828
52,218,0.9999965273685215
52,220,0.9999966457919948
52,221,0.9999966381057824
52,250,0.999997235088392
52,252,0.999996364446646
52,253,0.9999969780484189
53,23,0.9999919727788236
53,25,0.9999889846128861
53,34,0.9999927230562871
53,48,0.9999917719677094
53,64,0.9999922922645187
53,71,0.9999917373573854
53,108,0.9999918575217092
53,117,0.9999918684838802
53,119,0.9999932541492365
53,149,0.9999837889661809
53,163,0.9999924672815282
53,235,0.9999922028459117
53,270,0.9999849299049587
53,271,0.9999823173975502
54,11,0.9999970867697101
54,12,0.9999968977454406
54,37,0.9999975857224758
54,52,0.9999965584128305
54,71,0.9999966167967617
54,107,0.9999952845445339
54,108,0.9999959989099465
54,119,0.9999959320182894
54,130,0.999996067895411
54,166,0.9999953848261519
54,172,0.9999971644191304
54,190,0.9999958088382419
54,231,0.9999964205879921
54,294,0.9999960208416074
55,123,0.9999846321701034
55,157,0.999984491103358
55,216,0.9999850375445869
55,234,0.9999859362903435
55,235,0.9999845655929488
55,245,0.999984431296728
55,248,0.999972784576766
55,249,0.999984751629105
55,251,0.9999855900384268
55,257,0.9999790490724095
55,272,0.9999851719073816
55,299,0.9999859634388568
56,12,0.9999926281168592
56,48,0.9999927368042795
56,64,0.9999926235229842
56,71,0.9999933350657361
56,98,0.9999940974458775
56,108,0.9999933429079361
56,119,0.9999930997983272
56,127,0.9999925817482783
56,155,0.9999926278675743
56,163,0.9999913200802338
56,166,0.9999934081855962
56,235,0.9999927155877365
56,299,0.9999877677709198
57,12,0.9999942679663986
57,25,0.9999887360773829
57,65,0.9999940354588464
57,70,0.999994374975653
57,71,0.9999945217968444
57,108,0.9999936765504784
57,117,0.9999941978563702
57,119,0.9999943029636992
57,130,0.9999941093466046
57,155,0.9999937707072526
57,166,0.9999943055160196
58,11,0.9999955823288466
58,12,0.9999961798592202
58,37,0.9999955746311852
58,65,0.9999952634029464
58,70,0.9999964136612701
58,71,0.999995829650541
58,108,0.9999961310264275
58,117,0.9999954566544543
58,119,0.9999954671150662
58,130,0.9999957497835213
58,165,0.9999921673894973
58,235,0.9999948477918745
58,251,0.999992428492604
59,11,0.9999960058642307
59,12,0.9999961483834514
59,23,0.9999947631511574
59,38,0.999992767321247
59,41,0.9999944526214697
59,64,0.9999945441225678
59,71,0.9999960507062264
59,107,0.9999953640840522
59,108,0.9999963812867091
59,119,0.999995905132409
59,130,0.9999956034946411
59,155,0.9999953361590797
59,157,0.9999949780739708
59,166,0.9999953788630745
59,193,0.999992727172759
59,208,0.9999946689553298
59,231,0.9999955095932069
59,235,0.9999954376080176
59,245,0.9999934283544807
59,251,0.9999923980405668
59,267,0.9999900994560345
59,294,0.9999955556308988
60,24,0.9999902931912845
60,35,0.9999895183994653
60,38,0.9999905693716566
60,41,0.9999895134908636
60,48,0.999989456773902
60,76,0.9999722464272892
60,122,0.9999899200253206
60,127,0.9999899466322258
60,149,0.9999844517017679
60,166,0.9999897829104121
60,192,0.999990203983357
60,237,0.9999757255291228
60,251,0.9999894819383728
60,270,0.9999830117129378
60,275,0.9999858192379659
61,2,0.9998938747447087
61,7,0.9999315487921295
61,8,0.9999214536765092
61,188,0.9999197305248451
61,206,0.999919580194878
61,248,0.999923243991797
61,259,0.9999221521624142
61,263,0.9999214433863691
61,282,0.9999199872515845
61,286,0.9999313683377659
61,288,0.9998276462135877
61,289,0.9998394642436003
61,292,0.9999210416858539
62,24,0.9999816072314796
62,25,0.9999804347696043
62,121,0.9999810323639619
62,163,0.9999816171538306
62,215,0.9999799927696886
62,234,0.9999814376774758
62,236,0.9999810144659085
62,267,0.9999817928930321
62,268,0.9999351065067941
62,272,0.9999812834696088
62,287,0.9999816565962033
62,292,0.9999789484512177
63,11,0.9999951370403772
63,12,0.9999957604466303
63,37,0.9999986511076748
63,52,0.9999967956566685
63,71,0.9999944383299607
63,153,0.999994327442448
63,172,0.999999427846304
63,186,0.9999949037834501
63,231,0.9999963334084604
63,294,0.9999944349474714
64,15,0.9999886472168631
64,24,0.999991656826138
64,29,0.9999939208757147
64,35,0.9999928697052632
64,45,0.9999922915478587
64,48,0.9999946359168579
64,53,0.9999922922645187
64,56,0.9999926235229842
64,59,0.9999945441225678
64,74,0.9999898288209855
64,93,0.9999931865301673
64,95,0.9999945197055827
64,98,0.9999932495320178
64,101,0.9999911684227353
64,106,0.999984424587919
64,108,0.99999452910078
64,117,0.9999946083784732
64,120,0.99998562424663
64,122,0.9999922845927888
64,124,0.9999951009438698
64,125,0.999992693430449
64,177,0.9999873927761281
64,187,0.9999923706669849
64,190,0.9999948206040589
64,198,0.9999950593707594
64,201,0.9999945608001359
64,212,0.999992614544619
64,222,0.9999909003367855
64,223,0.9999919790967533
64,239,0.999989055272082
64,247,0.9999936257138201
64,252,0.999994641077273
64,254,0.9999909570411473
64,261,0.9999927704475031
64,277,0.9999935751194463
65,14,0.9999954576153387
65,17,0.9999953644842031
65,32,0.9999958937600154
65,47,0.9999954087702925
65,49,0.9999959051410815
65,50,0.9999960398743877
65,51,0.9999951370554623
65,57,0.9999940354588464
65,58,0.9999952634029464
65,91,0.9999964655450888
65,94,0.999996392329367
65,103,0.9999965569259006
65,111,0.9999964689036754
65,137,0.9999884926670911
65,158,0.999996249160511
65,160,0.9999959433527325
65,162,0.9999958413046304
65,164,0.9999955522487395
65,168,0.9999958776467769
65,214,0.9999951047101407
65,222,0.9999911604833581
65,253,0.999995843680253
65,258,0.9999954806019254
65,291,0.9999931274292194
66,16,0.9999897475378801
66,41,0.9999893282450013
66,86,0.9999466487278506
66,88,0.9999891148865704
66,106,0.9999836347471264
66,118,0.9999898640843867
66,120,0.9999859831591261
66,127,0.999990257293141
66,132,0.9999875869415249
66,140,0.9999888266556097
66,161,0.9999888096728193
66,169,0.9999893798162897
66,176,0.9999851392021054
66,194,0.9999850564586884
66,226,0.999959466082272
66,241,0.999930230135534
66,261,0.9999891316550933
66,277,0.9999889783583872
66,301,0.9999828882247636
67,14,0.9999954240558844
67,17,0.9999949168547636
67,19,0.9999959661599093
67,27,0.9999955914971482
67,28,0.9999956873445663
67,32,0.9999957379867549
67,33,0.9999951832010263
67,36,0.999995705295655
67,40,0.9999947982226027
67,49,0.9999955605277262
67,51,0.9999954043612843
67,116,0.9999955697411859
67,150,0.9999955118580961
67,156,0.999995327864536
67,168,0.9999961049741697
67,181,0.9999952880329122
67,220,0.9999955305644952
67,250,0.999995821974852
68,12,0.9999929270727025
68,23,0.9999937771617309
68,25,0.9999889023538172
68,70,0.9999933194254292
68,75,0.999984038209965
68,108,0.9999929323042015
68,117,0.9999927103220465
68,119,0.9999932856725479
68,155,0.9999928308191791
68,192,0.999989468630544
68,231,0.9999931578364415
68,235,0.9999938683772858
68,246,0.9999861414396565
68,249,0.9999925834690069
68,260,0.9999900155742683
68,272,0.9999908790442578
68,299,0.9999881466385366
69,12,0.9999939665639822
69,30,0.9999889092056969
69,31,0.999992997872678
69,32,0.9999940554929958
69,47,0.9999944937558669
69,70,0.9999940530874455
69,91,0.999994106532814
69,100,0.9999906147832676
69,103,0.999994450112036
69,114,0.999992089208987
69,123,0.999991999329025
69,125,0.9999924395482827
69,160,0.9999940454761116
69,200,0.9999940776646064
69,221,0.9999941944206048
69,252,0.99999417136973
69,275,0.9999857613664517
69,276,0.9999907075650883
70,13,0.9999959562885823
70,17,0.9999952559986724
70,22,0.9999941733060083
70,29,0.9999935848457661
70,31,0.9999932740913373
70,32,0.999995928597894
70,42,0.9999957492193942
70,45,0.9999923536372665
70,46,0.999995833466056
70,47,0.9999955430096362
70,49,0.9999956326573194
70,51,0.9999952100076775
70,57,0.999994374975653
70,58,0.9999964136612701
70,68,0.9999933194254292
70,69,0.9999940530874455
70,71,0.9999960954572875
70,73,0.999993355583774
70,85,0.9999948924722589
70,91,0.999996170423888
70,94,0.9999958465854827
70,95,0.9999957692618047
70,96,0.9999946753313117
70,103,0.9999962032019185
70,107,0.9999952793209174
70,114,0.9999923390670326
70,125,0.9999927461821417
70,154,0.9999939257062072
70,158,0.9999965512835357
70,159,0.9999942713854582
70,162,0.9999955505477897
70,168,0.9999964269942457
70,173,0.9999953813728962
70,179,0.9999942651846272
70,180,0.9999959336391997
70,185,0.9999816956118772
70,198,0.9999945293245881
70,200,0.9999956369451513
70,201,0.9999955661623963
70,203,0.9999951317303484
70,204,0.9999952954054314
70,207,0.9999954181329272
70,214,0.9999957540143007
70,220,0.9999953070147891
70,222,0.9999907505264434
70,250,0.9999958660383225
70,252,0.999995853859259
70,253,0.9999957407478066
70,291,0.9999931251102498
71,9,0.9999921793529174
71,13,0.9999954972913729
71,17,0.9999956113521515
71,19,0.9999957394623192
71,22,0.9999941370408589
71,27,0.9999966151508521
71,28,0.999995870752295
71,33,0.9999949482188424
71,42,0.9999962372115413
71,46,0.9999963828153292
71,47,0.9999952725188503
71,49,0.999996009966861
71,50,0.9999958622104204
71,53,0.9999917373573854
71,54,0.9999966167967617
71,56,0.9999933350657361
71,57,0.9999945217968444
71,58,0.999995829650541
71,59,0.9999960507062264
71,63,0.9999944383299607
71,70,0.9999960954572875
71,73,0.9999929524363298
71,85,0.9999950488390414
71,89,0.9999935900350208
71,91,0.9999963412624504
71,92,0.9999954093459807
71,94,0.9999963581541407
71,95,0.9999957676074435
71,99,0.9999929560022387
71,103,0.9999960462588194
71,104,0.9999923743680698
71,111,0.9999957536365958
71,114,0.9999921143142044
71,137,0.9999897123278626
71,151,0.9999938939846019
71,152,0.9999948183642575
71,154,0.9999937671600404
71,158,0.9999957171284835
71,162,0.9999959008108832
71,164,0.9999965131977108
71,165,0.999992250818457
71,166,0.999995730237852
71,168,0.999996259358304
71,180,0.999995733925125
71,181,0.9999953432965134
71,187,0.9999920479831335
71,198,0.9999941106445428
71,199,0.9999941428881507
71,200,0.9999947908951076
71,201,0.999995278154388
71,204,0.9999953170702199
71,205,0.999992833675751
71,207,0.9999948240442309
71,209,0.9999960776142968
71,211,0.9999956691589702
71,212,0.9999913919816769
71,214,0.9999948236399612
71,218,0.9999960602752337
71,221,0.9999952643671954
71,244,0.999994327453833
71,245,0.9999934589710224
71,250,0.9999960666568414
71,253,0.9999955033467857
71,258,0.9999954362620807
71,284,0.9999948435466463
71,291,0.9999934207669713
72,5,0.9999861205058274
72,10,0.9999922652537404
72,17,0.9999920477181828
72,47,0.9999923679586606
72,85,0.9999923825111626
72,96,0.9999928324741449
72,103,0.9999924780434739
72,124,0.9999923173133775
72,137,0.9999886059523
72,162,0.9999923202677519
72,178,0.9999911864587582
72,185,0.9999816734564655
72,186,0.9999918822177735
72,189,0.9999872270408862
72,200,0.9999920195082741
72,283,0.9999650002356849
73,25,0.9999892923627461
73,48,0.9999931694915059
73,70,0.999993355583774
73,71,0.9999929524363298
73,107,0.9999930464698169
73,108,0.9999927757197834
73,117,0.999992655223893
73,119,0.9999935615375674
73,127,0.9999926699984838
73,157,0.9999931561823875
73,208,0.9999929680732463
73,227,0.999990601146025
73,236,0.9999871727498155
74,0,0.9999816623253835
74,20,0.9999824493755386
74,34,0.9999901572546342
74,35,0.9999896891315061
74,38,0.9999907928400898
74,41,0.9999905416422039
74,64,0.9999898288209855
74,98,0.9999903941712233
74,119,0.9999896121511624
74,132,0.9999876453977342
74,157,0.999989714326763
74,215,0.999989620756376
74,219,0.9999899047073516
74,230,0.9999868030704607
74,262,0.9999892320499623
75,35,0.9999840375007033
75,68,0.999984038209965
75,86,0.9999444292216256
75,115,0.9999863085013466
75,122,0.9999838051688869
75,154,0.9999838353312932
75,195,0.9999795857873741
75,208,0.9999840442910559
75,233,0.9999838198710356
75,249,0.9999851151210609
75,261,0.9999840564003994
75,272,0.9999851037533185
75,301,0.9999820861513908
76,35,0.9999710633587664
76,44,0.9999711722658398
76,60,0.9999722464272892
76,80,0.9999482999685932
76,81,0.9999281990128659
76,86,0.999946431429179
76,127,0.9999706590391114
76,142,0.9999718053330086
76,169,0.9999705346542492
76,192,0.9999714572732806
76,194,0.9999703522450484
76,226,0.9999589135452345
76,229,0.9999709480134007
76,230,0.999970583109502
76,241,0.9999313403804956
77,0,0.9999655511355011
77,121,0.999964901485804
77,163,0.9999679142670845
77,182,0.9999660944243478
77,215,0.9999665121860454
77,217,0.9999681182152068
77,227,0.9999670134627983
77,230,0.9999698581774443
77,234,0.9999664325910241
77,236,0.9999673529804862
78,121,0.9999715725672256
78,126,0.9999704512557192
78,145,0.999943774523716
78,192,0.999970524460497
78,230,0.9999739888604481
78,236,0.9999727883051742
78,246,0.9999715116151421
78,255,0.9999719066552973
78,257,0.9999707768739496
78,268,0.9999323175753612
78,286,0.9999717422125343
78,287,0.9999715706495639
79,8,0.9998655393049364
79,188,0.9998708131983425
79,237,0.999860256604974
79,248,0.9998571401433254
79,259,0.9998667352420081
79,268,0.9998852923475346
79,273,0.9998705778743151
79,274,0.9998612006565175
79,286,0.999867101699955
79,292,0.9998568645540338
80,0,0.9999478773341769
80,20,0.9999478850117696
80,76,0.9999482999685932
80,163,0.9999459422335579
80,192,0.9999446926501213
80,196,0.9999487182481703
80,206,0.9999458831040176
80,230,0.999946947062915
80,246,0.9999454185223857
80,287,0.9999465359167546
81,7,0.9999142327109612
81,76,0.9999281990128659
81,136,0.9999141797409926
81,182,0.9999117883379771
81,206,0.9999215973816562
81,230,0.9999150214209772
81,259,0.9999110748700895
81,263,0.9999159821718839
81,286,0.9999189399492744
81,297,0.9999153132205605
82,35,0.9999864517942891
82,38,0.9999867147046756
82,98,0.9999864606709385
82,127,0.9999873054407084
82,128,0.9999864807035233
82,135,0.9999863078353081
82,155,0.9999863790466686
82,163,0.999986460666693
82,192,0.9999862793964697
82,212,0.9999884168365993
83,121,0.9999591916743633
83,149,0.9999613372203107
83,182,0.9999598183027867
83,188,0.9999610168294493
83,217,0.9999601503258401
83,230,0.9999594678326741
83,246,0.9999590284333699
83,267,0.9999600635493607
83,270,0.9999609509775982
83,287,0.99995937744452
84,25,0.9999589986920849
84,149,0.9999592874058387
84,163,0.9999588876453364
84,182,0.9999663828845622
84,192,0.9999617794808097
84,196,0.9999674733000602
84,230,0.9999597169078523
84,267,0.9999593022022412
84,270,0.99996399436116
84,286,0.9999621411729857
85,11,0.9999949152514098
85,12,0.999994800055738
85,37,0.999995048443281
85,52,0.9999946656459866
85,70,0.9999948924722589
85,71,0.9999950488390414
85,72,0.9999923825111626
85,108,0.999994584923158
85,155,0.9999944387398719
85,186,0.9999944555726186
85,190,0.9999949518255212
86,66,0.9999466487278506
86,75,0.9999444292216256
86,76,0.999946431429179
86,121,0.9999449226620758
86,149,0.9999443274880966
86,182,0.9999476094719632
86,192,0.9999479469116225
86,196,0.9999498074736595
86,206,0.9999493860029
86,236,0.999944434588577
87,11,0.9999897429226293
87,17,0.9999898939114618
87,22,0.999990076431598
87,107,0.9999897475262687
87,116,0.9999902151549871
87,190,0.9999911293966488
87,202,0.9999903018306644
87,203,0.9999915328668402
87,209,0.9999899041280992
87,221,0.9999901390629373
88,23,0.9999912792233326
88,38,0.999991294843643
88,41,0.999992486600231
88,66,0.9999891148865704
88,108,0.9999917047116927
88,117,0.9999914607424113
88,119,0.9999913316421423
88,127,0.9999915331148125
88,157,0.999991039025093
88,166,0.9999912216911859
88,208,0.9999910775022853
88,236,0.9999868911360211
88,256,0.9999862925961696
89,12,0.9999924665377622
89,41,0.9999933571808399
89,71,0.9999935900350208
89,108,0.9999943182824029
89,117,0.9999930774830025
89,119,0.9999940140658662
89,126,0.9999868273729783
89,155,0.9999930664498548
89,157,0.9999925666733902
89,166,0.9999931330560419
89,234,0.9999877999155828
89,235,0.9999928054540438
89,262,0.9999878656209329
89,271,0.9999826562148613
89,299,0.9999883392306187
90,38,0.9999918674525828
90,41,0.9999918870369883
90,108,0.9999918646606073
90,117,0.9999922135270384
90,119,0.9999923723860752
90,135,0.9999907675961675
90,155,0.9999924009630191
90,157,0.999992139860144
90,163,0.9999920721238938
90,166,0.999992042938553
90,217,0.9999911341629879
90,234,0.9999892329326856
90,284,0.9999918366301958
90,299,0.9999881688633989
91,11,0.9999964175470557
91,12,0.99999695986579
91,37,0.9999969854919275
91,52,0.9999965000341128
91,65,0.9999964655450888
91,69,0.999994106532814
91,70,0.999996170423888
91,71,0.9999963412624504
91,92,0.9999951786950786
91,108,0.9999964869865966
91,117,0.9999956462646579
91,119,0.9999962760791177
91,130,0.999995508460024
91,155,0.9999949918587743
91,166,0.9999955358536082
91,231,0.99999691031301
91,294,0.999996177236445
92,5,0.9999858474759524
92,9,0.9999924412890514
92,13,0.999995175366327
92,43,0.9999922170255462
92,71,0.9999954093459807
92,91,0.9999951786950786
92,94,0.9999951757566201
92,99,0.9999933495901978
92,115,0.9999909372030196
92,135,0.9999900969481897
92,167,0.9999953371377843
92,168,0.9999951970999938
92,174,0.9999891048576645
92,181,0.9999951788827403
92,186,0.9999956763915295
92,187,0.9999925286468685
92,191,0.9999948267045917
92,200,0.9999944664905677
92,207,0.999995369848106
92,209,0.999995333086679
92,261,0.9999921818571468
92,284,0.9999950395019989
93,11,0.9999928537406397
93,48,0.9999928542105784
93,64,0.9999931865301673
93,107,0.9999931000230478
93,108,0.9999932571868411
93,119,0.9999929009177974
93,130,0.9999934728759071
93,166,0.9999927997007863
93,190,0.9999932423373492
93,196,0.9999851199144131
93,251,0.9999923884071767
93,294,0.9999929498311146
94,11,0.9999959981898173
94,12,0.9999968299254073
94,37,0.9999971109482105
94,52,0.9999961686837459
94,65,0.999996392329367
94,70,0.9999958465854827
94,71,0.9999963581541407
94,92,0.9999951757566201
94,107,0.9999954078095543
94,108,0.9999961341821177
94,172,0.999995870382205
94,231,0.9999962474274917
94,235,0.9999951765311859
95,11,0.9999956061223664
95,12,0.999996067722827
95,23,0.9999948587299415
95,37,0.9999957494084319
95,52,0.9999957010485395
95,64,0.9999945197055827
95,70,0.9999957692618047
95,71,0.9999957676074435
95,119,0.9999955746288446
95,130,0.9999956194018723
95,190,0.9999958108402937
95,231,0.9999957826583699
95,245,0.9999932527871007
95,284,0.9999947817230264
96,11,0.9999945409955822
96,12,0.9999949578406689
96,34,0.9999937834275117
96,38,0.9999928925866184
96,41,0.9999950090326186
96,70,0.9999946753313117
96,72,0.9999928324741449
96,107,0.9999951421602271
96,108,0.9999948589280283
96,117,0.9999948942924345
96,123,0.9999920635897603
96,157,0.9999954842196407
96,190,0.999994774378083
96,193,0.9999928415862721
96,249,0.9999935136433158
96,294,0.9999945161591721
97,38,0.9999808030278248
97,98,0.9999806376261338
97,123,0.9999811875963521
97,127,0.9999829425227762
97,128,0.9999825702871857
97,136,0.9999631252544915
97,182,0.9999829432144345
97,192,0.9999831046714717
97,215,0.9999820592761267
97,217,0.9999817296290664
97,267,0.9999809630642952
97,292,0.9999788183361361
98,9,0.9999926564581338
98,15,0.999989949206587
98,16,0.9999931388908301
98,18,0.9999853401838515
98,20,0.9999842362592599
98,21,0.9999863593224753
98,23,0.9999929140034775
98,24,0.9999916949655725
98,26,0.9999864699048311
98,29,0.9999929035394998
98,38,0.9999933196755151
98,39,0.9999889374265022
98,41,0.9999930883062913
98,44,0.9999901269747531
98,56,0.9999940974458775
98,64,0.9999932495320178
98,74,0.9999903941712233
98,82,0.9999864606709385
98,97,0.9999806376261338
98,100,0.9999918322774901
98,106,0.9999860458871032
98,113,0.9999880456200069
98,119,0.9999929985618212
98,120,0.9999883577878969
98,133,0.999983526232816
98,135,0.999990862843163
98,140,0.9999935640347156
98,142,0.9999886571506114
98,159,0.9999931403030538
98,161,0.9999898740700935
98,163,0.9999918654363347
98,169,0.9999914975025532
98,170,0.9999830087425116
98,171,0.9999827208405739
98,178,0.9999916413203936
98,182,0.999988058299529
98,183,0.9999869656727054
98,187,0.9999922570562569
98,194,0.9999851705414138
98,195,0.9999795336663907
98,212,0.9999923343561372
98,213,0.9999915494926018
98,216,0.9999876485238509
98,217,0.9999898802868347
98,225,0.9999893812601575
98,230,0.9999857805308197
98,236,0.9999876061312206
98,242,0.9999912238130447
98,246,0.9999862094882237
98,254,0.9999914880957301
98,255,0.9999887929182769
98,261,0.9999921935769344
98,267,0.999990190011728
98,276,0.9999913888567611
98,296,0.9999925354653594
98,301,0.9999837616700087
99,12,0.9999931288516959
99,34,0.9999930134677929
99,71,0.9999929560022387
99,92,0.9999933495901978
99,108,0.9999928238953801
99,117,0.9999936464244137
99,155,0.9999928482648153
99,157,0.9999932128324257
99,165,0.9999923615761708
99,166,0.9999929964676804
99,284,0.999993333692004
99,287,0.9999868338308873
100,30,0.9999883416778608
100,35,0.9999908466481393
100,38,0.9999908223389542
100,69,0.9999906147832676
100,98,0.9999918322774901
100,121,0.9999884074149912
100,123,0.9999906882259333
100,155,0.9999915691783376
100,157,0.999991175603514
100,163,0.9999912805726109
100,166,0.9999912404732894
100,196,0.9999855995114574
100,216,0.99998829070903
100,230,0.999985625280941
100,235,0.9999911405393375
100,236,0.9999882931331593
100,255,0.9999889234363464
100,262,0.9999877461928237
100,275,0.9999875709089417
101,38,0.9999913479412517
101,41,0.9999908512360829
101,48,0.9999913382260134
101,64,0.9999911684227353
101,108,0.9999911331121473
101,117,0.9999907015831985
101,121,0.9999885579687448
101,122,0.9999908965589133
101,127,0.9999912473233392
101,157,0.9999924854096361
101,182,0.9999877371367403
101,196,0.9999850084891826
101,217,0.9999899415201541
101,249,0.9999905674328312
101,270,0.999983054345104
102,11,0.9999958281709809
102,12,0.9999957824726965
102,37,0.999996747686293
102,52,0.9999968148026859
102,108,0.9999958703831681
102,119,0.9999957095589379
102,172,0.999995919761435
102,186,0.9999956134108453
102,231,0.9999966515121221
102,294,0.9999956684040946
103,11,0.9999961662328755
103,12,0.9999967783710388
103,37,0.999996064356929
103,65,0.9999965569259006
103,69,0.999994450112036
103,70,0.9999962032019185
103,71,0.9999960462588194
103,72,0.9999924780434739
103,108,0.9999967296388936
103,117,0.9999954840150749
103,186,0.999995628551075
103,208,0.9999945493448551
103,231,0.9999960802751121
103,235,0.9999947941657392
104,23,0.9999928389496231
104,38,0.9999926557259998
104,41,0.9999923301692345
104,71,0.9999923743680698
104,108,0.9999927639575399
104,119,0.9999928049641557
104,155,0.9999928221948212
104,163,0.9999918182491906
104,166,0.9999933882185027
104,192,0.9999890269114112
104,235,0.9999924221082451
104,242,0.9999906282158298
104,256,0.999985899486214
104,272,0.9999910820098463
104,284,0.999992658414481
105,25,0.9999831274599388
105,38,0.9999826551185637
105,121,0.9999840217947862
105,163,0.9999826257514036
105,182,0.9999826841556559
105,196,0.9999825612897012
105,215,0.9999839796419127
105,227,0.9999854885387975
105,234,0.9999852961095393
105,274,0.9999713560285427
105,287,0.9999837415324128
106,0,0.9999816409246275
106,35,0.9999838471109401
106,38,0.9999841574256656
106,41,0.9999834369755467
106,64,0.999984424587919
106,66,0.9999836347471264
106,98,0.9999860458871032
106,121,0.9999858437259509
106,163,0.9999852285382965
106,206,0.9999719950926911
106,212,0.9999844770639119
106,234,0.9999842312955387
107,10,0.9999941255712415
107,28,0.9999955755674629
107,42,0.999995342338021
107,54,0.9999952845445339
107,59,0.9999953640840522
107,70,0.9999952793209174
107,73,0.9999930464698169
107,87,0.9999897475262687
107,93,0.9999931000230478
107,94,0.9999954078095543
107,96,0.9999951421602271
107,108,0.9999952598984667
107,112,0.9999941195386401
107,124,0.9999953276773025
107,127,0.9999925225401538
107,128,0.9999935293194654
107,137,0.9999899177439898
107,157,0.9999945267995903
107,167,0.9999955695520976
107,179,0.99999469612086
107,185,0.9999816971315856
107,187,0.9999932852197936
107,191,0.99999512443155
107,200,0.9999947014698303
107,201,0.9999953128129746
107,207,0.9999941776262582
107,214,0.9999949766646531
107,223,0.9999915315640866
107,227,0.9999903129489106
107,233,0.9999917016507082
107,238,0.9999827717278478
107,244,0.9999950048425434
107,296,0.9999924697270108
108,10,0.9999941182418821
108,13,0.9999958159551868
108,16,0.9999940768177715
108,22,0.9999943163723277
108,24,0.9999915917091878
108,25,0.9999888138526055
108,27,0.9999960460867447
108,29,0.9999938893500384
108,30,0.9999891413549906
108,31,0.9999948558886577
108,32,0.9999958808946475
108,35,0.9999928181318296
108,36,0.9999955411339339
108,41,0.9999948619594018
108,42,0.9999961911875854
108,43,0.9999936684655454
108,46,0.9999960873436543
108,47,0.9999957102953678
108,48,0.9999951333064704
108,50,0.9999959846139611
108,53,0.9999918575217092
108,54,0.9999959989099465
108,56,0.9999933429079361
108,57,0.9999936765504784
108,58,0.9999961310264275
108,59,0.9999963812867091
108,64,0.99999452910078
108,68,0.9999929323042015
108,73,0.9999927757197834
108,85,0.999994584923158
108,88,0.9999917047116927
108,89,0.9999943182824029
108,90,0.9999918646606073
108,91,0.9999964869865966
108,93,0.9999932571868411
108,94,0.9999961341821177
108,96,0.9999948589280283
108,99,0.9999928238953801
108,101,0.9999911331121473
108,102,0.9999958703831681
108,103,0.9999967296388936
108,104,0.9999927639575399
108,107,0.9999952598984667
108,109,0.9999901048186961
108,111,0.9999958751016924
108,112,0.999994034354557
108,114,0.9999924314568115
108,115,0.9999909728865898
108,119,0.999995770354306
108,122,0.9999921280737575
108,123,0.9999918146857663
108,124,0.999995970813619
108,128,0.9999935318304002
108,150,0.9999953588949893
108,154,0.9999946598828285
108,155,0.9999950900764997
108,157,0.9999946263937006
108,158,0.9999953815686152
108,159,0.9999944026790835
108,160,0.999996266777468
108,162,0.9999964413194332
108,164,0.9999958565759708
108,166,0.9999961086791156
108,168,0.9999962636777915
108,179,0.9999943282888379
108,180,0.9999954539915534
108,181,0.9999953342480048
108,183,0.9999870268497046
108,189,0.999985735706107
108,191,0.9999953002348403
108,200,0.9999944574531417
108,201,0.9999956343335457
108,203,0.9999958656540703
108,205,0.9999934084098929
108,207,0.9999949666515178
108,209,0.9999964866425717
108,211,0.999995344459947
108,213,0.999991425224604
108,214,0.9999959480248922
108,218,0.9999962553854442
108,220,0.9999953465677885
108,221,0.999995366198357
108,222,0.9999917253029745
108,223,0.9999921903269772
108,228,0.999989047317184
108,233,0.9999916831103688
108,244,0.9999949243088572
108,245,0.9999933055547444
108,247,0.999993266463222
108,249,0.9999926641926696
108,251,0.9999923128535582
108,252,0.9999958292716707
108,254,0.9999909683550062
108,258,0.9999957381602188
108,261,0.999993708623981
108,284,0.9999949928637418
109,38,0.9999899955220873
109,41,0.9999902073612289
109,48,0.9999898936426435
109,108,0.9999901048186961
109,117,0.999990042689785
109,119,0.9999908323438914
109,121,0.999989114826749
109,190,0.9999902346877492
109,216,0.9999879510066231
109,235,0.9999904378161639
109,236,0.9999873375289052
109,249,0.999991721709884
109,262,0.9999874411916392
109,284,0.9999904237821847
110,12,0.999993787852189
110,23,0.9999937095112096
110,41,0.9999935581350458
110,117,0.9999938734517709
110,119,0.999994461669818
110,130,0.9999935993159248
110,155,0.9999935361274996
110,157,0.9999935250121347
110,190,0.9999944916623553
110,294,0.9999938418147745
111,11,0.9999960146044391
111,12,0.9999964285194105
111,37,0.9999983939447841
111,52,0.9999967974105946
111,65,0.9999964689036754
111,71,0.9999957536365958
111,108,0.9999958751016924
111,172,0.9999979107838518
111,231,0.9999970003507667
111,294,0.9999957987718194
112,12,0.9999940700617863
112,23,0.9999939149255744
112,107,0.9999941195386401
112,108,0.999994034354557
112,117,0.9999944064686253
112,119,0.9999942686009647
112,155,0.9999939290195586
112,165,0.9999921803757682
112,166,0.9999943095734564
112,190,0.999993690906845
112,294,0.999994121694124
113,35,0.9999876055242233
113,38,0.9999891692765249
113,98,0.9999880456200069
113,119,0.9999875287006916
113,128,0.9999880542674708
113,155,0.9999893364110137
113,157,0.9999889780448221
113,193,0.9999887412023083
113,215,0.999987515457174
113,260,0.9999883114419446
114,12,0.9999925425449694
114,23,0.999992020514519
114,69,0.999992089208987
114,70,0.9999923390670326
114,71,0.9999921143142044
114,108,0.9999924314568115
114,119,0.9999922984814948
114,155,0.9999922115099917
114,166,0.9999930741930675
114,208,0.9999918276974423
114,260,0.9999895726509163
115,35,0.999993380400484
115,38,0.9999922483822027
115,41,0.9999918279551954
115,75,0.9999863085013466
115,92,0.9999909372030196
115,108,0.9999909728865898
115,117,0.9999913783460951
115,119,0.9999911363047236
115,127,0.9999910945178231
115,149,0.999984016407294
115,208,0.9999909777358926
115,212,0.9999913571335017
116,11,0.9999954997462673
116,12,0.9999955975117725
116,37,0.9999966003491352
116,52,0.9999972343454264
116,67,0.9999955697411859
116,87,0.9999902151549871
116,119,0.9999949385839504
116,172,0.9999957725662949
116,190,0.9999959926600748
116,231,0.9999959683148304
116,294,0.9999950233861891
117,9,0.9999921868694707
117,10,0.9999949572343739
117,16,0.9999936675497096
117,19,0.9999956838075936
117,22,0.9999943883035137
117,27,0.9999959190387137
117,28,0.9999958367484407
117,31,0.999993588227869
117,34,0.9999939604183011
117,38,0.9999927250250832
117,41,0.999994397395993
117,43,0.999992643886186
117,45,0.999992113050031
117,46,0.9999956389986934
117,53,0.9999918684838802
117,57,0.9999941978563702
117,58,0.9999954566544543
117,64,0.9999946083784732
117,68,0.9999927103220465
117,73,0.999992655223893
117,88,0.9999914607424113
117,89,0.9999930774830025
117,90,0.9999922135270384
117,91,0.9999956462646579
117,96,0.9999948942924345
117,99,0.9999936464244137
117,101,0.9999907015831985
117,103,0.9999954840150749
117,109,0.999990042689785
117,110,0.9999938734517709
117,112,0.9999944064686253
117,115,0.9999913783460951
117,118,0.9999930692681993
117,119,0.9999957357776948
117,137,0.9999893279504539
117,140,0.9999928370342417
117,157,0.9999953783021334
117,159,0.9999948738957019
117,160,0.9999956914135174
117,168,0.9999958258150942
117,169,0.9999907562259546
117,173,0.9999958256266686
117,178,0.9999928166872671
117,179,0.9999945389278257
117,191,0.9999953357785336
117,193,0.999993089928231
117,198,0.9999941234298546
117,202,0.9999952585310561
117,203,0.9999955394193718
117,213,0.9999923585860092
117,225,0.9999870824081442
117,228,0.999987804618365
117,233,0.9999923355956026
117,247,0.9999934747131384
117,250,0.9999959541344288
117,261,0.999992571790353
117,276,0.9999919758024577
117,277,0.9999929476959936
118,23,0.9999932810293831
118,34,0.9999917499579045
118,35,0.9999916261241347
118,38,0.9999916423640248
118,41,0.999993117600519
118,66,0.9999898640843867
118,117,0.9999930692681993
118,119,0.9999924922464775
118,123,0.9999916705126809
118,132,0.9999873585052317
118,149,0.9999844802310198
118,157,0.9999920366527892
118,166,0.9999921763660317
118,219,0.9999909111041655
118,299,0.99998756996286
119,10,0.999994253190979
119,16,0.9999935345370016
119,17,0.9999958819850145
119,22,0.999994547265401
119,27,0.9999962418953094
119,28,0.9999959649047583
119,29,0.9999935479317181
119,31,0.9999932460399015
119,41,0.999994424830419
119,42,0.9999959413847543
119,44,0.9999895608699997
119,47,0.9999951724230517
119,53,0.9999932541492365
119,54,0.9999959320182894
119,56,0.9999930997983272
119,57,0.9999943029636992
119,58,0.9999954671150662
119,59,0.999995905132409
119,68,0.9999932856725479
119,73,0.9999935615375674
119,74,0.9999896121511624
119,88,0.9999913316421423
119,89,0.9999940140658662
119,90,0.9999923723860752
119,91,0.9999962760791177
119,93,0.9999929009177974
119,95,0.9999955746288446
119,98,0.9999929985618212
119,102,0.9999957095589379
119,104,0.9999928049641557
119,108,0.999995770354306
119,109,0.9999908323438914
119,110,0.999994461669818
119,112,0.9999942686009647
119,113,0.9999875287006916
119,114,0.9999922984814948
119,115,0.9999911363047236
119,116,0.9999949385839504
119,117,0.9999957357776948
119,118,0.9999924922464775
119,123,0.9999919383515086
119,124,0.9999960400443835
119,125,0.999993056565935
119,128,0.9999942081770029
119,135,0.9999905059109363
119,137,0.9999884926743602
119,140,0.999992938223243
119,148,0.9999869586049271
119,160,0.9999955783693759
119,165,0.9999922047968887
119,173,0.99999548325702
119,178,0.9999927013926373
119,179,0.9999951183237363
119,183,0.9999872194055468
119,187,0.9999931243910565
119,191,0.9999949644516547
119,200,0.999995002445425
119,202,0.9999954152588222
119,203,0.9999952641691879
119,205,0.9999940037869104
119,207,0.9999946143927642
119,208,0.9999944475810607
119,211,0.999995596006815
119,212,0.9999912919030113
119,213,0.9999916805455714
119,222,0.9999909070745385
119,223,0.9999914562988269
119,233,0.9999924961527499
119,244,0.9999945894946052
119,247,0.9999938167545442
119,252,0.9999954809758161
119,254,0.9999911272805925
119,261,0.99999207614541
119,276,0.9999913053370544
119,277,0.9999925863636722
119,291,0.9999930810140956
120,34,0.9999859510739042
120,35,0.9999857919752803
120,41,0.9999866814625396
120,64,0.99998562424663
120,66,0.9999859831591261
120,98,0.9999883577878969
120,127,0.9999862062284958
120,196,0.99998569655917
120,212,0.999986281004653
120,219,0.9999858917803356
120,248,0.9999747463881351
120,259,0.9999520321596657
120,263,0.9999703915319511
120,282,0.9999652429214307
121,24,0.9999882331829208
121,62,0.9999810323639619
121,77,0.999964901485804
121,78,0.9999715725672256
121,83,0.9999591916743633
121,86,0.9999449226620758
121,100,0.9999884074149912
121,101,0.9999885579687448
121,105,0.9999840217947862
121,106,0.9999858437259509
121,109,0.999989114826749
121,163,0.9999902720121085
121,169,0.99998856522602
121,219,0.9999883261390307
121,224,0.9999782924572677
121,233,0.9999881945603668
121,249,0.9999880493640545
121,261,0.9999896115545452
121,283,0.99996509694952
122,20,0.999983568283521
122,39,0.999988965047378
122,41,0.9999924787767265
122,48,0.9999918008694025
122,60,0.9999899200253206
122,64,0.9999922845927888
122,75,0.9999838051688869
122,101,0.9999908965589133
122,108,0.9999921280737575
122,125,0.9999923071553538
122,141,0.9999875428959644
122,142,0.9999868493925085
122,159,0.999991806008082
122,182,0.9999863820121874
122,183,0.9999871160894958
122,187,0.999991989703839
122,192,0.9999893550737448
122,216,0.9999883038317491
122,223,0.99999158810012
122,236,0.9999876363079662
122,247,0.9999919735363032
122,275,0.9999865695016885
122,277,0.9999921391211829
123,26,0.9999875970351491
123,39,0.9999886961809861
123,55,0.9999846321701034
123,69,0.999991999329025
123,96,0.9999920635897603
123,97,0.9999811875963521
123,100,0.9999906882259333
123,108,0.9999918146857663
123,118,0.9999916705126809
123,119,0.9999919383515086
123,157,0.9999922791804602
123,166,0.9999924533062592
123,179,0.9999919239114687
123,207,0.9999924812298339
123,224,0.9999775072225275
123,247,0.9999923165677272
123,284,0.9999918445347292
124,12,0.9999960740848436
124,23,0.9999955164011688
124,35,0.9999935131911768
124,38,0.9999931047231555
124,41,0.9999950813772249
124,48,0.99999500404934
124,52,0.999995722306765
124,64,0.9999951009438698
124,72,0.9999923173133775
124,107,0.9999953276773025
124,108,0.999995970813619
124,119,0.9999960400443835
124,130,0.999995473394063
124,135,0.9999896250860505
124,166,0.9999965996933854
124,190,0.9999957609933826
124,231,0.9999955230023777
124,245,0.9999934624017431
125,23,0.9999926537934197
125,38,0.9999932456072325
125,64,0.999992693430449
125,69,0.9999924395482827
125,70,0.9999927461821417
125,119,0.999993056565935
125,122,0.9999923071553538
125,155,0.999992999990595
125,157,0.99999323306238
125,216,0.9999886715637448
125,230,0.9999852515595118
125,235,0.9999925391294003
125,284,0.9999928176551842
126,0,0.9999808387155941
126,8,0.9999480924516723
126,9,0.9999859236042279
126,38,0.9999871369286893
126,39,0.9999859175714019
126,78,0.9999704512557192
126,89,0.9999868273729783
126,157,0.9999867446269932
126,169,0.9999865488536672
126,171,0.999982259502596
126,174,0.9999887073058441
126,189,0.9999864734745626
126,210,0.9999692037481315
126,237,0.999976439809283
126,246,0.9999867117251295
126,255,0.9999867660602038
126,257,0.9999790919725411
126,263,0.9999707614958935
126,266,0.9999766033244745
126,278,0.9999751791959985
126,283,0.9999693303853889
126,285,0.9999799931751951
126,286,0.9999795688527355
127,0,0.9999817028163577
127,15,0.9999891666204299
127,20,0.9999827201759409
127,22,0.9999926525920184
127,29,0.9999925559601709
127,41,0.9999931890886913
127,56,0.9999925817482783
127,60,0.9999899466322258
127,66,0.999990257293141
127,73,0.9999926699984838
127,76,0.9999706590391114
127,82,0.9999873054407084
127,88,0.9999915331148125
127,97,0.9999829425227762
127,101,0.9999912473233392
127,107,0.9999925225401538
127,115,0.9999910945178231
127,120,0.9999862062284958
127,132,0.9999881055015869
127,140,0.999994001626067
127,148,0.9999867416736115
127,149,0.9999836260873677
127,169,0.999991155714294
127,170,0.9999849957093611
127,171,0.9999827260496214
127,177,0.9999874411998172
127,190,0.9999928463546478
127,191,0.9999926825405087
127,194,0.9999855639242481
127,197,0.9999899480767517
127,219,0.9999901454805687
127,228,0.9999882995397065
127,229,0.9999887303879864
127,238,0.999982472502498
127,239,0.9999877993024101
127,247,0.9999924980906063
127,269,0.9999770057232693
128,16,0.9999936677803339
128,23,0.9999938431279545
128,30,0.9999882799858195
128,82,0.9999864807035233
128,97,0.9999825702871857
128,107,0.9999935293194654
128,108,0.9999935318304002
128,113,0.9999880542674708
128,119,0.9999942081770029
128,157,0.999994138764545
128,160,0.9999935134149394
128,164,0.9999940713670556
128,169,0.9999919871839559
128,190,0.9999937036773412
128,191,0.999994848397231
128,223,0.9999913329660074
128,229,0.9999877762284395
128,233,0.9999922538140338
128,276,0.9999911694866661
129,7,0.9999425422267363
129,132,0.9999372807448019
129,134,0.9999380031408052
129,136,0.999944456687659
129,145,0.9999397107084648
129,206,0.9999504612314064
129,230,0.9999446791874376
129,236,0.9999385579328839
129,257,0.9999371397206561
129,286,0.9999442841716871
130,10,0.9999941327127676
130,16,0.9999935633355127
130,22,0.9999945207454759
130,34,0.999994463343938
130,43,0.9999926576641321
130,45,0.9999923378251102
130,54,0.999996067895411
130,57,0.9999941093466046
130,58,0.9999957497835213
130,59,0.9999956034946411
130,91,0.999995508460024
130,93,0.9999934728759071
130,95,0.9999956194018723
130,110,0.9999935993159248
130,124,0.999995473394063
130,137,0.9999886369848352
130,158,0.9999952758239423
130,159,0.9999941995679167
130,162,0.999995974582673
130,164,0.9999958667514794
130,165,0.9999920522482305
130,180,0.9999954431301774
130,185,0.9999818218084835
130,187,0.9999923014596117
130,197,0.9999906593185501
130,198,0.9999942212644851
130,200,0.9999947951721122
130,201,0.9999953284500843
130,207,0.9999948779381607
130,228,0.9999877531038289
130,233,0.9999915756727935
130,244,0.9999944336890785
130,250,0.999995501828879
130,251,0.9999926019171337
130,254,0.9999909804013895
130,258,0.9999953064323629
130,261,0.99999253109273
130,277,0.9999928711484456
130,291,0.9999926545140347
130,296,0.9999926453136003
131,0,0.9998956084885483
131,7,0.9999171734985488
131,134,0.9999173025072705
131,136,0.9999122661385431
131,145,0.9999132410560055
131,206,0.9999145045822909
131,265,0.9998957185275213
131,274,0.999892226065621
131,279,0.9998952427012657
131,295,0.9998024075872717
131,297,0.9999050024548495
132,34,0.9999887803720273
132,38,0.9999870088447773
132,66,0.9999875869415249
132,74,0.9999876453977342
132,118,0.9999873585052317
132,127,0.9999881055015869
132,129,0.9999372807448019
132,133,0.9999824485330656
132,143,0.9999615158249421
132,149,0.9999837986914304
132,161,0.9999868879214606
132,169,0.9999890325336397
132,170,0.9999868708190598
132,215,0.9999881260906129
132,219,0.9999878133094182
132,226,0.9999572873782712
132,240,0.9999613766691499
133,0,0.9999806469901976
133,24,0.999981987016373
133,35,0.9999828290766447
133,38,0.9999818499846829
133,98,0.999983526232816
133,132,0.9999824485330656
133,215,0.9999822140155494
133,217,0.9999822881323908
133,219,0.9999836889117577
133,236,0.9999821495926392
133,255,0.9999837785157186
133,282,0.9999644446751041
134,1,0.9998990062484082
134,3,0.9999475093628445
134,6,0.9999454692879773
134,129,0.9999380031408052
134,131,0.9999173025072705
134,138,0.9998793360771874
134,143,0.9999600616743676
134,144,0.9999440046750192
134,170,0.9999551856599876
134,171,0.9999665834145361
134,184,0.9999287025743416
134,206,0.9999548551409054
134,232,0.9999559649903008
134,240,0.9999579156252038
134,243,0.999912394182036
134,264,0.9999392327278067
134,266,0.9999611650004301
134,269,0.9999614287783513
134,279,0.9999323691648226
134,285,0.9999596885267764
134,300,0.99995803610816
135,16,0.9999905303853318
135,20,0.9999824841230373
135,23,0.9999900232094403
135,82,0.9999863078353081
135,90,0.9999907675961675
135,92,0.9999900969481897
135,98,0.999990862843163
135,119,0.9999905059109363
135,124,0.9999896250860505
135,170,0.9999845199310672
135,179,0.9999896239312404
135,191,0.999990320182313
135,207,0.9999900899250537
136,1,0.9998968767943418
136,3,0.9999485365431653
136,4,0.9999621106009969
136,6,0.9999514727210866
136,81,0.9999141797409926
136,97,0.9999631252544915
136,129,0.999944456687659
136,131,0.9999122661385431
136,139,0.9999486794258134
136,143,0.9999625155660968
136,145,0.9999412163548456
136,170,0.9999630320292606
136,171,0.9999699664823152
136,175,0.9999543421377838
136,184,0.9999085057883311
136,230,0.999966116879646
136,240,0.9999667452297656
136,241,0.9999299836883941
136,243,0.9999231569719359
136,257,0.9999643188937769
136,266,0.9999657363838413
136,269,0.9999690469577713
136,278,0.9999633110224139
136,297,0.9999353799661972
136,300,0.9999636140964099
137,23,0.9999884159126196
137,65,0.9999884926670911
137,71,0.9999897123278626
137,72,0.9999886059523
137,107,0.9999899177439898
137,117,0.9999893279504539
137,119,0.9999884926743602
137,130,0.9999886369848352
137,190,0.9999881393189033
137,235,0.9999890747601295
138,2,0.9998701143155989
138,7,0.9998463103007931
138,8,0.9998416895948943
138,134,0.9998793360771874
138,145,0.9998921632458833
138,206,0.999879633280336
138,273,0.9998557484566266
138,279,0.9998777820599899
138,282,0.9998417283382134
138,297,0.9998497968656591
139,0,0.9999512842937104
139,7,0.9999558013668812
139,136,0.9999486794258134
139,206,0.999957115102068
139,248,0.9999484674459425
139,257,0.9999541941056468
139,259,0.9999519350572347
139,273,0.9999165558576851
139,274,0.9999560942144906
139,279,0.9999279724014786
139,286,0.9999511992956914
139,288,0.999799172033909
139,292,0.9999497644792158
140,23,0.9999922915583846
140,38,0.9999926431395659
140,41,0.9999934345067376
140,66,0.9999888266556097
140,98,0.9999935640347156
140,117,0.9999928370342417
140,119,0.999992938223243
140,127,0.999994001626067
140,155,0.9999926965606079
140,157,0.9999924199041934
140,163,0.999992051752391
140,166,0.999992701127672
140,182,0.9999864346794411
140,192,0.9999890346166321
140,215,0.9999906612287672
140,219,0.9999906628793962
140,242,0.999990871748821
140,256,0.9999858544865706
141,23,0.999985949694879
141,34,0.9999856096854572
141,122,0.9999875428959644
141,157,0.9999858823351647
141,235,0.999985994186774
141,245,0.9999857959998808
141,255,0.9999863738137938
141,260,0.999988068492279
141,272,0.999985830305721
141,284,0.9999862184634923
142,23,0.9999868393633545
142,34,0.9999868066175196
142,38,0.9999876867467704
142,76,0.9999718053330086
142,98,0.9999886571506114
142,122,0.9999868493925085
142,157,0.9999877349859195
142,163,0.9999868943836042
142,242,0.9999876679958135
142,249,0.9999869782584254
142,251,0.9999867997948161
142,257,0.9999799364218896
143,0,0.9999686497729177
143,7,0.9999667946086438
143,132,0.9999615158249421
143,134,0.9999600616743676
143,136,0.9999625155660968
143,145,0.9999533742036839
143,206,0.9999729609004074
143,217,0.9999614143306507
143,230,0.9999633963422717
143,248,0.999965661023093
143,267,0.9999647755165083
143,268,0.999928883571733
143,279,0.9999325480650358
143,286,0.9999641773578954
144,0,0.9999470437704139
144,2,0.9998839223076782
144,7,0.9999475862501955
144,134,0.9999440046750192
144,145,0.9999442055111116
144,206,0.9999522421188191
144,248,0.9999468279763725
144,257,0.9999435393130333
144,263,0.99994341972213
144,265,0.9998994690447677
144,273,0.999912719166619
144,274,0.9999490429976244
144,279,0.9999329133524328
144,286,0.9999425475241257
144,289,0.9998376811868154
144,295,0.9998010525195643
145,1,0.9999054466918631
145,3,0.9999447675880141
145,6,0.9999426989660286
145,78,0.999943774523716
145,129,0.9999397107084648
145,131,0.9999132410560055
145,136,0.9999412163548456
145,138,0.9998921632458833
145,143,0.9999533742036839
145,144,0.9999442055111116
145,184,0.9999272861076247
145,206,0.9999418639948353
145,210,0.9999399150205197
145,232,0.9999431327635512
145,240,0.999947867651893
145,243,0.9999082843713953
145,265,0.9999033615557482
145,281,0.9998951283067156
146,25,0.999964717686489
146,163,0.9999621775170777
146,182,0.999966117328676
146,192,0.9999652054362336
146,230,0.999961521939469
146,234,0.9999617105165468
146,267,0.9999621225236939
146,270,0.9999639098357529
146,287,0.9999614315361295
146,292,0.9999620231302008
147,11,0.9999959462260627
147,12,0.9999954893293922
147,37,0.9999984141337147
147,52,0.9999973286968189
147,153,0.9999949774702787
147,172,0.9999990416000483
147,186,0.999994841108611
147,190,0.9999948878389677
147,231,0.9999959568275283
147,294,0.9999958554924802
148,41,0.9999871250941251
148,119,0.9999869586049271
148,127,0.9999867416736115
148,155,0.9999868098540042
148,163,0.9999866567236018
148,208,0.9999870046785138
148,212,0.9999873721392762
148,215,0.9999873257652484
148,251,0.9999875671220738
148,284,0.9999882350351846
149,35,0.9999847526113158
149,38,0.9999841670633555
149,44,0.9999841862145729
149,53,0.9999837889661809
149,60,0.9999844517017679
149,83,0.9999613372203107
149,84,0.9999592874058387
149,86,0.9999443274880966
149,115,0.999984016407294
149,118,0.9999844802310198
149,127,0.9999836260873677
149,132,0.9999837986914304
149,176,0.999983641997287
150,11,0.9999957045558068
150,12,0.9999962702316108
150,37,0.9999978015127998
150,52,0.99999789618407
150,67,0.9999955118580961
150,108,0.9999953588949893
150,153,0.9999954737689531
150,172,0.9999985589611415
150,231,0.9999964547914146
150,294,0.9999956098634626
151,11,0.9999950965998265
151,12,0.9999945570557301
151,37,0.9999985764838878
151,52,0.9999967815770734
151,71,0.9999938939846019
151,153,0.9999943174443041
151,172,0.9999994886065807
151,186,0.9999946104570508
151,231,0.999995772194627
151,294,0.9999939593259258
152,11,0.9999954246341834
152,12,0.9999952833876893
152,37,0.9999985362571473
152,52,0.9999970278147693
152,71,0.9999948183642575
152,153,0.9999948617652032
152,172,0.9999992402754815
152,186,0.9999950966069442
152,231,0.9999962702218218
152,294,0.9999953965149004
153,19,0.9999956804677866
153,32,0.9999957468238156
153,33,0.9999955235837628
153,36,0.999995616592972
153,37,0.9999956953064743
153,40,0.9999954817421648
153,63,0.999994327442448
153,147,0.9999949774702787
153,150,0.9999954737689531
153,151,0.9999943174443041
153,152,0.9999948617652032
153,156,0.9999955014603968
153,167,0.9999958066411202
153,168,0.9999959029695121
153,181,0.9999957160275948
153,199,0.9999948696552189
153,202,0.9999955300043865
153,220,0.9999953458040634
154,11,0.9999936567762064
154,12,0.9999941154208198
154,25,0.9999887154181775
154,70,0.9999939257062072
154,71,0.9999937671600404
154,75,0.9999838353312932
154,108,0.9999946598828285
154,155,0.9999940824488275
154,157,0.9999936473218338
154,166,0.9999942326465889
154,190,0.9999936135148124
154,193,0.9999935687717343
154,227,0.9999903567853565
154,235,0.9999936349555419
155,9,0.9999926854447507
155,12,0.9999950730390642
155,25,0.9999889475075305
155,32,0.9999950014533966
155,39,0.9999891198756405
155,43,0.9999926528225664
155,46,0.9999951945621005
155,56,0.9999926278675743
155,57,0.9999937707072526
155,59,0.9999953361590797
155,68,0.9999928308191791
155,82,0.9999863790466686
155,85,0.9999944387398719
155,89,0.9999930664498548
155,90,0.9999924009630191
155,91,0.9999949918587743
155,99,0.9999928482648153
155,100,0.9999915691783376
155,104,0.9999928221948212
155,108,0.9999950900764997
155,110,0.9999935361274996
155,112,0.9999939290195586
155,113,0.9999893364110137
155,114,0.9999922115099917
155,125,0.999992999990595
155,140,0.9999926965606079
155,148,0.9999868098540042
155,154,0.9999940824488275
155,157,0.9999951753384483
155,159,0.999994174386221
155,160,0.9999957912700026
155,164,0.9999953465716109
155,165,0.9999920469790868
155,185,0.9999820509864317
155,187,0.9999924885668781
155,205,0.9999927980300978
155,207,0.9999941214619279
155,213,0.9999918870628108
155,214,0.9999947656031153
155,222,0.9999917021701704
155,258,0.9999953242004195
155,276,0.9999921042785728
155,291,0.9999927543502455
156,11,0.9999960533566704
156,12,0.9999964559688346
156,37,0.999997813670108
156,52,0.9999975805849914
156,67,0.999995327864536
156,153,0.9999955014603968
156,172,0.9999975719677148
156,186,0.9999957887132803
156,231,0.9999960758564624
156,294,0.9999960126467416
157,10,0.9999943401842156
157,16,0.9999935665138195
157,23,0.9999945472380726
157,31,0.9999936144162199
157,39,0.9999900938610559
157,43,0.9999933581120545
157,44,0.999988764776863
157,45,0.9999938163065374
157,55,0.999984491103358
157,59,0.9999949780739708
157,73,0.9999931561823875
157,74,0.999989714326763
157,88,0.999991039025093
157,89,0.9999925666733902
157,90,0.999992139860144
157,96,0.9999954842196407
157,99,0.9999932128324257
157,100,0.999991175603514
157,101,0.9999924854096361
157,107,0.9999945267995903
157,108,0.9999946263937006
157,110,0.9999935250121347
157,113,0.9999889780448221
157,117,0.9999953783021334
157,118,0.9999920366527892
157,123,0.9999922791804602
157,125,0.99999323306238
157,126,0.9999867446269932
157,128,0.999994138764545
157,140,0.9999924199041934
157,141,0.9999858823351647
157,142,0.9999877349859195
157,154,0.9999936473218338
157,155,0.9999951753384483
157,160,0.9999947506610717
157,161,0.9999900784399764
157,169,0.9999911126414761
157,174,0.9999888936937052
157,178,0.9999926719307158
157,187,0.9999930582389328
157,189,0.9999864586402363
157,191,0.9999952197735603
157,201,0.9999946133443887
157,222,0.9999908760954639
157,223,0.9999916676623632
157,227,0.9999904444682919
157,239,0.9999877983880919
157,242,0.999991650144409
157,247,0.9999934534991447
157,254,0.999991280316587
157,260,0.9999904937897113
157,261,0.9999935585734836
157,276,0.9999924363263574
157,277,0.9999925159439399
157,280,0.9999884826604751
157,291,0.99999277883315
157,296,0.99999255253418
158,11,0.9999954478976476
158,12,0.9999960682583805
158,37,0.9999963059960244
158,65,0.999996249160511
158,70,0.9999965512835357
158,71,0.9999957171284835
158,108,0.9999953815686152
158,130,0.9999952758239423
158,231,0.9999955469776061
158,294,0.9999953540791076
159,12,0.999995116542299
159,23,0.9999942150437309
159,34,0.9999944943959873
159,70,0.9999942713854582
159,98,0.9999931403030538
159,108,0.9999944026790835
159,117,0.9999948738957019
159,122,0.999991806008082
159,130,0.9999941995679167
159,155,0.999994174386221
159,166,0.9999942716052058
159,234,0.9999884080390646
159,249,0.9999928887642574
159,251,0.9999927257070745
159,272,0.9999905844299958
159,284,0.9999944315767898
160,11,0.9999956695098852
160,12,0.9999962562448653
160,41,0.9999948085999011
160,52,0.999995678989495
160,65,0.9999959433527325
160,69,0.9999940454761116
160,108,0.999996266777468
160,117,0.9999956914135174
160,119,0.9999955783693759
160,128,0.9999935134149394
160,155,0.9999957912700026
160,157,0.9999947506610717
160,166,0.9999956886373795
160,190,0.9999957683480296
160,193,0.9999928580208509
160,208,0.9999949349639201
161,0,0.9999822479689215
161,24,0.9999902934911973
161,34,0.9999901110149843
161,38,0.9999901687244839
161,48,0.9999892470345829
161,66,0.9999888096728193
161,98,0.9999898740700935
161,132,0.9999868879214606
161,157,0.9999900784399764
161,163,0.9999895207516855
161,212,0.9999894167468965
161,215,0.999989831648495
161,255,0.9999898052010167
161,257,0.9999794484443562
161,270,0.9999831167537264
161,271,0.999985121634948
161,287,0.9999875611290894
162,11,0.9999959537766736
162,12,0.99999636478466
162,23,0.9999947152135579
162,37,0.9999959881826714
162,48,0.999994768043188
162,65,0.9999958413046304
162,70,0.9999955505477897
162,71,0.9999959008108832
162,72,0.9999923202677519
162,108,0.9999964413194332
162,130,0.999995974582673
162,166,0.9999955262288146
162,208,0.9999945224247238
162,231,0.9999957370574419
162,294,0.9999956904924007
163,9,0.9999919457070241
163,15,0.9999889029501465
163,18,0.9999866707503269
163,21,0.9999854112496457
163,24,0.9999917563392736
163,53,0.9999924672815282
163,56,0.9999913200802338
163,62,0.9999816171538306
163,77,0.9999679142670845
163,80,0.9999459422335579
163,82,0.999986460666693
163,84,0.9999588876453364
163,90,0.9999920721238938
163,98,0.9999918654363347
163,100,0.9999912805726109
163,104,0.9999918182491906
163,105,0.9999826257514036
163,106,0.9999852285382965
163,121,0.9999902720121085
163,140,0.999992051752391
163,142,0.9999868943836042
163,146,0.9999621775170777
163,148,0.9999866567236018
163,161,0.9999895207516855
163,169,0.999990670801089
163,170,0.9999845606282369
163,174,0.9999887225644507
163,176,0.9999863067984027
163,177,0.9999905561806747
163,182,0.9999863589803359
163,183,0.9999879779451321
163,194,0.9999857090668021
163,195,0.9999801493790903
163,197,0.9999893084000138
163,215,0.9999904728721163
163,216,0.9999877305636183
163,225,0.9999874722022433
163,228,0.9999883151407479
163,229,0.9999876641716591
163,232,0.9999794047488664
163,238,0.999983641267943
163,246,0.9999862499245217
163,261,0.9999913647321756
163,262,0.9999880403670942
163,266,0.999974682660929
163,301,0.9999847530013593
164,11,0.9999953112681536
164,12,0.9999961939678069
164,34,0.9999937569097956
164,37,0.9999958057257361
164,65,0.9999955522487395
164,71,0.9999965131977108
164,108,0.9999958565759708
164,128,0.9999940713670556
164,130,0.9999958667514794
164,155,0.9999953465716109
164,190,0.9999953170676339
164,231,0.9999955364200541
165,21,0.9999845273156749
165,25,0.999989646641318
165,26,0.9999863556853515
165,27,0.9999920127129479
165,58,0.9999921673894973
165,71,0.999992250818457
165,99,0.9999923615761708
165,112,0.9999921803757682
165,119,0.9999922047968887
165,130,0.9999920522482305
165,155,0.9999920469790868
165,174,0.9999887552076201
165,176,0.9999858171746185
165,185,0.9999814472492926
165,191,0.9999922689761841
165,207,0.9999929862969855
165,238,0.9999828919270385
165,239,0.9999884726685382
165,280,0.9999893879432128
165,287,0.999987883032719
165,290,0.999983149029984
165,301,0.9999825210372628
166,9,0.9999920232977756
166,22,0.9999945100891355
166,23,0.9999953721490358
166,27,0.9999961326042714
166,29,0.9999945029665328
166,30,0.9999894622592107
166,31,0.9999934214603464
166,34,0.9999938583948089
166,38,0.9999928802306707
166,43,0.999992365733541
166,44,0.9999894349866288
166,45,0.9999922965125385
166,54,0.9999953848261519
166,56,0.9999934081855962
166,57,0.9999943055160196
166,59,0.9999953788630745
166,60,0.9999897829104121
166,71,0.999995730237852
166,88,0.9999912216911859
166,89,0.9999931330560419
166,90,0.999992042938553
166,91,0.9999955358536082
166,93,0.9999927997007863
166,99,0.9999929964676804
166,100,0.9999912404732894
166,104,0.9999933882185027
166,108,0.9999961086791156
166,112,0.9999943095734564
166,114,0.9999930741930675
166,118,0.9999921763660317
166,123,0.9999924533062592
166,124,0.9999965996933854
166,140,0.999992701127672
166,154,0.9999942326465889
166,159,0.9999942716052058
166,160,0.9999956886373795
166,162,0.9999955262288146
166,168,0.9999954219529673
166,187,0.9999921483545463
166,189,0.9999848455512119
166,198,0.9999943412602178
166,205,0.999993021004962
166,213,0.9999911703012254
166,214,0.9999951812328168
166,221,0.9999952205485482
166,223,0.9999923074136607
166,225,0.9999875938363373
166,233,0.9999920280851631
166,245,0.999993811650897
166,260,0.9999896779350189
166,272,0.9999907108419237
166,296,0.9999929881844476
167,11,0.9999964389710455
167,12,0.9999962584986027
167,37,0.9999969840937886
167,48,0.9999948130777955
167,52,0.9999965333605078
167,92,0.9999953371377843
167,107,0.9999955695520976
167,153,0.9999958066411202
167,172,0.9999963880800581
167,186,0.999995859670135
167,190,0.9999957777081067
167,231,0.9999958269086868
167,294,0.9999957104769903
168,11,0.9999966443202857
168,12,0.9999974043247345
168,37,0.9999979568548377
168,52,0.9999972519808702
168,65,0.9999958776467769
168,67,0.9999961049741697
168,70,0.9999964269942457
168,71,0.999996259358304
168,92,0.9999951970999938
168,108,0.9999962636777915
168,117,0.9999958258150942
168,153,0.9999959029695121
168,166,0.9999954219529673
168,172,0.9999976947434182
168,186,0.9999963743321261
168,231,0.9999967557356597
169,38,0.9999910799171918
169,41,0.9999904585273235
169,66,0.9999893798162897
169,76,0.9999705346542492
169,98,0.9999914975025532
169,117,0.9999907562259546
169,121,0.99998856522602
169,126,0.9999865488536672
169,127,0.999991155714294
169,128,0.9999919871839559
169,132,0.9999890325336397
169,157,0.9999911126414761
169,163,0.999990670801089
169,182,0.9999870978458061
169,215,0.9999922744521071
169,217,0.9999902753823424
169,219,0.9999915927702498
169,230,0.999988470547394
169,234,0.9999881270107446
169,236,0.9999871247617279
169,255,0.9999888466644132
169,256,0.9999858182162429
169,270,0.9999832446101349
169,286,0.9999806843107932
169,290,0.9999838022049677
170,0,0.9999818298277315
170,34,0.9999847961803328
170,98,0.9999830087425116
170,127,0.9999849957093611
170,132,0.9999868708190598
170,134,0.9999551856599876
170,135,0.9999845199310672
170,136,0.9999630320292606
170,163,0.9999845606282369
170,212,0.9999839077519677
170,215,0.9999853668578572
170,236,0.9999841734313327
170,248,0.9999741561732096
170,255,0.9999858296182236
170,259,0.9999495821824307
170,274,0.9999709132596213
170,282,0.999970693772257
171,98,0.9999827208405739
171,126,0.999982259502596
171,127,0.9999827260496214
171,134,0.9999665834145361
171,136,0.9999699664823152
171,182,0.9999813517303938
171,215,0.9999828212789394
171,217,0.999983946687483
171,219,0.9999820574328965
171,230,0.9999839409993472
171,248,0.9999747091376189
171,255,0.9999816137090891
171,263,0.9999714314159313
171,267,0.9999814741408302
172,14,0.9999988416923641
172,19,0.9999977113867126
172,28,0.9999974894802208
172,32,0.9999976219243061
172,33,0.9999987356964825
172,36,0.9999977851976968
172,37,0.9999984521291702
172,40,0.9999992891118783
172,46,0.9999956236959492
172,49,0.9999968538787052
172,50,0.9999979772202929
172,51,0.9999978098438068
172,54,0.9999971644191304
172,63,0.999999427846304
172,94,0.999995870382205
172,102,0.999995919761435
172,111,0.9999979107838518
172,116,0.9999957725662949
172,147,0.9999990416000483
172,150,0.9999985589611415
172,151,0.9999994886065807
172,152,0.9999992402754815
172,156,0.9999975719677148
172,167,0.9999963880800581
172,168,0.9999976947434182
172,180,0.9999961225800478
172,199,0.9999994387998234
172,204,0.9999976844299084
172,209,0.999996528861744
172,211,0.9999983574214394
172,218,0.9999966565789726
172,220,0.9999975495199193
172,221,0.9999956001314744
172,250,0.9999976407531058
172,253,0.9999980181523346
173,11,0.9999960008621135
173,12,0.9999964549569915
173,37,0.9999961985035887
173,52,0.9999961285499221
173,70,0.9999953813728962
173,117,0.9999958256266686
173,119,0.99999548325702
173,190,0.9999957376244174
173,208,0.9999954726323115
173,231,0.9999962176329206
174,23,0.9999892668981242
174,38,0.9999903944511807
174,92,0.9999891048576645
174,126,0.9999887073058441
174,157,0.9999888936937052
174,163,0.9999887225644507
174,165,0.9999887552076201
174,219,0.999989141066023
174,242,0.999989137190661
174,249,0.9999892168194535
174,271,0.9999826900292834
174,274,0.9999704899701434
175,0,0.99996000652573
175,7,0.9999543570654599
175,136,0.9999543421377838
175,206,0.9999526121542804
175,230,0.9999548564056502
175,255,0.9999481155230356
175,257,0.9999568544299078
175,263,0.9999611549066382
175,265,0.9998991938311438
175,274,0.9999490021984481
175,286,0.9999604243191417
176,35,0.9999861175156577
176,38,0.9999857599868556
176,41,0.9999857801777678
176,66,0.9999851392021054
176,149,0.999983641997287
176,163,0.9999863067984027
176,165,0.9999858171746185
176,217,0.9999873841764658
176,219,0.9999852789483961
176,248,0.9999733429549778
176,255,0.99998659402204
176,257,0.9999790727562451
176,267,0.999986296555329
177,24,0.9999878824084413
177,25,0.9999868963169245
177,38,0.9999877968374727
177,64,0.9999873927761281
177,127,0.9999874411998172
177,163,0.9999905561806747
177,215,0.9999876064283305
177,249,0.9999872882506908
177,251,0.9999869211617076
177,270,0.999985878997359
177,280,0.9999883982764536
178,34,0.9999922992344259
178,41,0.9999920701192516
178,72,0.9999911864587582
178,98,0.9999916413203936
178,117,0.9999928166872671
178,119,0.9999927013926373
178,157,0.9999926719307158
178,190,0.9999914382983038
178,196,0.9999853330065422
178,208,0.9999917047325816
178,219,0.9999902491844473
178,294,0.9999913775823306
179,11,0.9999945482884358
179,23,0.9999949818735252
179,24,0.9999916390179796
179,70,0.9999942651846272
179,107,0.99999469612086
179,108,0.9999943282888379
179,117,0.9999945389278257
179,119,0.9999951183237363
179,123,0.9999919239114687
179,135,0.9999896239312404
179,192,0.9999889525841246
179,193,0.9999937749497431
179,231,0.9999944568430885
179,235,0.9999945029731028
179,260,0.9999907735773107
179,267,0.9999902979431242
179,272,0.9999923958021092
179,284,0.9999951761516039
179,299,0.999988981905794
180,11,0.9999959826345407
180,12,0.9999959020769651
180,37,0.9999970885998432
180,52,0.9999956481289454
180,70,0.9999959336391997
180,71,0.999995733925125
180,108,0.9999954539915534
180,130,0.9999954431301774
180,172,0.9999961225800478
180,231,0.9999959388604155
181,11,0.9999959204810959
181,37,0.9999957773317957
181,52,0.9999956745369045
181,67,0.9999952880329122
181,71,0.9999953432965134
181,92,0.9999951788827403
181,108,0.9999953342480048
181,153,0.9999957160275948
181,190,0.999995370435096
181,231,0.9999951790789035
181,294,0.9999956180961329
182,18,0.9999845992355639
182,21,0.9999856719555157
182,24,0.99998634409617
182,77,0.9999660944243478
182,81,0.9999117883379771
182,83,0.9999598183027867
182,84,0.9999663828845622
182,86,0.9999476094719632
182,97,0.9999829432144345
182,98,0.999988058299529
182,101,0.9999877371367403
182,105,0.9999826841556559
182,122,0.9999863820121874
182,140,0.9999864346794411
182,146,0.999966117328676
182,163,0.9999863589803359
182,169,0.9999870978458061
182,171,0.9999813517303938
182,187,0.9999874145843707
182,188,0.9999674234629639
182,195,0.999980908088736
182,215,0.9999865289073127
182,219,0.9999882616337882
182,226,0.9999578050989484
182,232,0.999978772745962
182,278,0.999974486859756
182,300,0.9999763157544037
183,24,0.9999896443457035
183,98,0.9999869656727054
183,108,0.9999870268497046
183,119,0.9999872194055468
183,122,0.9999871160894958
183,163,0.9999879779451321
183,215,0.9999870731491766
183,235,0.9999876755109861
183,249,0.9999872924382306
183,251,0.9999874696735598
183,286,0.9999806842571851
184,2,0.9998784394999156
184,7,0.9999067872821049
184,8,0.9999068647696591
184,134,0.9999287025743416
184,136,0.9999085057883311
184,145,0.9999272861076247
184,206,0.9999140788000009
184,248,0.9999092778901876
184,257,0.999902960896332
184,273,0.9999147295579489
184,279,0.999917222297247
185,48,0.9999814364829557
185,70,0.9999816956118772
185,72,0.9999816734564655
185,107,0.9999816971315856
185,130,0.9999818218084835
185,155,0.9999820509864317
185,165,0.9999814472492926
185,190,0.9999831710284691
185,249,0.999981434174767
185,294,0.9999832840278928
186,12,0.999995809928489
186,13,0.9999956049962452
186,14,0.9999956775035824
186,33,0.9999953375306433
186,37,0.9999960588659588
186,40,0.9999954828887415
186,50,0.9999962131100856
186,63,0.9999949037834501
186,72,0.9999918822177735
186,85,0.9999944555726186
186,92,0.9999956763915295
186,102,0.9999956134108453
186,103,0.999995628551075
186,147,0.999994841108611
186,151,0.9999946104570508
186,152,0.9999950966069442
186,156,0.9999957887132803
186,167,0.999995859670135
186,168,0.9999963743321261
186,199,0.9999940094835467
186,207,0.9999941743778661
186,209,0.9999956960461782
186,252,0.9999954910298415
187,20,0.9999829421388182
187,64,0.9999923706669849
187,71,0.9999920479831335
187,92,0.9999925286468685
187,98,0.9999922570562569
187,107,0.9999932852197936
187,119,0.9999931243910565
187,122,0.999991989703839
187,130,0.9999923014596117
187,155,0.9999924885668781
187,157,0.9999930582389328
187,166,0.9999921483545463
187,182,0.9999874145843707
187,246,0.999986737462328
187,267,0.9999907667988024
187,287,0.9999891921761631
188,3,0.9999461704206788
188,6,0.9999480460440665
188,61,0.9999197305248451
188,79,0.9998708131983425
188,83,0.9999610168294493
188,182,0.9999674234629639
188,229,0.9999695579416419
188,232,0.9999685221706772
188,236,0.9999704245236496
188,257,0.9999680895095786
188,259,0.9999501724683862
188,263,0.9999672576039199
188,266,0.9999694796334228
188,268,0.9999289928275622
188,293,0.9999546474564427
188,298,0.9999683185999655
188,300,0.9999711766570726
188,301,0.9999689067845872
189,23,0.9999852693395285
189,38,0.999985709370886
189,72,0.9999872270408862
189,108,0.999985735706107
189,126,0.9999864734745626
189,157,0.9999864586402363
189,166,0.9999848455512119
189,193,0.9999851481641063
189,242,0.9999857795449985
189,249,0.9999874563864874
190,13,0.9999955048607667
190,16,0.9999937000974451
190,17,0.9999953211262222
190,22,0.9999950853205688
190,27,0.9999960167470376
190,28,0.9999963077260755
190,29,0.9999947043409323
190,32,0.9999960956394399
190,41,0.9999947008494516
190,42,0.999995548116353
190,47,0.999994859129475
190,49,0.9999957459100007
190,54,0.9999958088382419
190,64,0.9999948206040589
190,85,0.9999949518255212
190,87,0.9999911293966488
190,93,0.9999932423373492
190,95,0.9999958108402937
190,96,0.999994774378083
190,109,0.9999902346877492
190,110,0.9999944916623553
190,112,0.999993690906845
190,116,0.9999959926600748
190,124,0.9999957609933826
190,127,0.9999928463546478
190,128,0.9999937036773412
190,137,0.9999881393189033
190,147,0.9999948878389677
190,154,0.9999936135148124
190,160,0.9999957683480296
190,164,0.9999953170676339
190,167,0.9999957777081067
190,173,0.9999957376244174
190,178,0.9999914382983038
190,181,0.999995370435096
190,185,0.9999831710284691
190,198,0.9999952975377543
190,200,0.9999948672225694
190,201,0.9999948993413363
190,202,0.9999949662602524
190,203,0.9999960117578275
190,204,0.9999960790464087
190,205,0.999993456675364
190,208,0.9999948340102206
190,213,0.9999907665463631
190,218,0.9999958139572243
190,221,0.9999954978488933
190,223,0.999991438549104
190,233,0.9999920708753736
190,244,0.9999946174950214
190,247,0.9999932865818546
190,258,0.9999951094419152
190,277,0.9999930753642612
190,296,0.9999927086085295
191,12,0.9999950066431358
191,23,0.999994883814678
191,24,0.9999916398286981
191,92,0.9999948267045917
191,107,0.99999512443155
191,108,0.9999953002348403
191,117,0.9999953357785336
191,119,0.9999949644516547
191,127,0.9999926825405087
191,128,0.999994848397231
191,135,0.999990320182313
191,157,0.9999952197735603
191,165,0.9999922689761841
191,219,0.9999900237852665
191,249,0.999993074675004
191,267,0.9999902960058656
191,272,0.9999908617743717
191,280,0.9999884944865169
191,284,0.9999951840127955
192,18,0.9999850488916789
192,38,0.9999895112237768
192,60,0.999990203983357
192,68,0.999989468630544
192,76,0.9999714572732806
192,78,0.999970524460497
192,80,0.9999446926501213
192,82,0.9999862793964697
192,84,0.9999617794808097
192,86,0.9999479469116225
192,97,0.9999831046714717
192,104,0.9999890269114112
192,122,0.9999893550737448
192,140,0.9999890346166321
192,146,0.9999652054362336
192,179,0.9999889525841246
192,210,0.999969933091594
192,213,0.9999889068187597
192,232,0.9999792764711305
192,251,0.9999890853725056
192,261,0.9999906896040882
192,266,0.9999749482747157
192,283,0.9999648384150048
192,285,0.99997513159273
192,290,0.9999843653819798
192,298,0.9999760148774002
193,17,0.9999927696947014
193,22,0.9999927630037487
193,59,0.999992727172759
193,96,0.9999928415862721
193,113,0.9999887412023083
193,117,0.999993089928231
193,154,0.9999935687717343
193,160,0.9999928580208509
193,179,0.9999937749497431
193,189,0.9999851481641063
193,200,0.9999931370237604
193,213,0.9999920449642947
193,216,0.9999875746568847
193,229,0.9999875453986337
193,252,0.9999928456271918
194,38,0.999987780881047
194,66,0.9999850564586884
194,76,0.9999703522450484
194,98,0.9999851705414138
194,127,0.9999855639242481
194,163,0.9999857090668021
194,206,0.9999704944434797
194,212,0.999985822911768
194,215,0.9999850620170595
194,219,0.9999866987503877
194,248,0.9999765752145262
194,267,0.9999854922727709
194,299,0.999985231288893
195,75,0.9999795857873741
195,98,0.9999795336663907
195,163,0.9999801493790903
195,182,0.999980908088736
195,196,0.9999810085775102
195,215,0.9999814522472424
195,236,0.9999794920949382
195,242,0.9999794835993868
195,267,0.9999793677998756
195,286,0.9999795571476883
196,4,0.9999545391235193
196,16,0.9999852326545939
196,80,0.9999487182481703
196,84,0.9999674733000602
196,86,0.9999498074736595
196,93,0.9999851199144131
196,100,0.9999855995114574
196,101,0.9999850084891826
196,105,0.9999825612897012
196,120,0.99998569655917
196,178,0.9999853330065422
196,195,0.9999810085775102
196,205,0.9999849617564162
196,212,0.99998656852065
196,219,0.9999849437758009
196,276,0.9999859212355361
197,24,0.9999881319209184
197,41,0.9999881647831341
197,127,0.9999899480767517
197,130,0.9999906593185501
197,163,0.9999893084000138
197,215,0.999988450275315
197,227,0.999988786025056
197,235,0.9999904670854152
197,249,0.9999883794345485
197,251,0.9999896377343128
197,286,0.9999808862769445
197,292,0.9999790747845878
198,11,0.9999942805686582
198,52,0.9999942169755154
198,64,0.9999950593707594
198,70,0.9999945293245881
198,71,0.9999941106445428
198,117,0.9999941234298546
198,130,0.9999942212644851
198,166,0.9999943412602178
198,190,0.9999952975377543
198,212,0.9999918315310408
198,235,0.9999945142758934
199,11,0.9999956298488809
199,12,0.9999942794981869
199,37,0.9999986533867686
199,52,0.9999972953260259
199,71,0.9999941428881507
199,153,0.9999948696552189
199,172,0.9999994387998234
199,186,0.9999940094835467
199,231,0.9999956042495359
199,294,0.9999952913348112
200,11,0.9999945328671239
200,12,0.9999950880984904
200,38,0.9999930434055533
200,69,0.9999940776646064
200,70,0.9999956369451513
200,71,0.9999947908951076
200,72,0.9999920195082741
200,92,0.9999944664905677
200,107,0.9999947014698303
200,108,0.9999944574531417
200,119,0.999995002445425
200,130,0.9999947951721122
200,190,0.9999948672225694
200,193,0.9999931370237604
200,267,0.9999905685121184
201,11,0.9999955422662934
201,12,0.9999957095459636
201,34,0.9999937410206963
201,64,0.9999945608001359
201,70,0.9999955661623963
201,71,0.999995278154388
201,107,0.9999953128129746
201,108,0.9999956343335457
201,130,0.9999953284500843
201,157,0.9999946133443887
201,190,0.9999948993413363
201,231,0.9999952589238928
201,235,0.9999952659292283
201,245,0.9999930605491799
202,11,0.9999952785310098
202,12,0.9999955601512365
202,37,0.9999960776198464
202,52,0.9999967676330185
202,87,0.9999903018306644
202,117,0.9999952585310561
202,119,0.9999954152588222
202,153,0.9999955300043865
202,190,0.9999949662602524
202,231,0.9999953829068324
202,284,0.9999949858921823
203,11,0.9999952886318635
203,12,0.99999554112471
203,35,0.9999929491295104
203,37,0.9999950010520614
203,41,0.9999944414724213
203,52,0.999995600873045
203,70,0.9999951317303484
203,87,0.9999915328668402
203,108,0.9999958656540703
203,117,0.9999955394193718
203,119,0.9999952641691879
203,190,0.9999960117578275
203,208,0.9999947291816369
203,212,0.9999918529275716
203,231,0.9999954562626935
204,11,0.9999964848096248
204,12,0.999995908936317
204,37,0.999997785198494
204,52,0.9999968093803534
204,70,0.9999952954054314
204,71,0.9999953170702199
204,172,0.9999976844299084
204,190,0.9999960790464087
204,231,0.999995845124469
204,294,0.9999961718218611
205,23,0.9999932497675629
205,41,0.9999931049365423
205,71,0.999992833675751
205,108,0.9999934084098929
205,119,0.9999940037869104
205,155,0.9999927980300978
205,166,0.999993021004962
205,190,0.999993456675364
205,196,0.9999849617564162
205,208,0.9999932597303515
205,235,0.9999928625633446
206,1,0.9998884916480576
206,3,0.9999573201740907
206,4,0.9999630731137445
206,6,0.999942824027855
206,21,0.9999724917499129
206,61,0.999919580194878
206,80,0.9999458831040176
206,81,0.9999215973816562
206,86,0.9999493860029
206,106,0.9999719950926911
206,129,0.9999504612314064
206,131,0.9999145045822909
206,134,0.9999548551409054
206,138,0.999879633280336
206,139,0.999957115102068
206,143,0.9999729609004074
206,144,0.9999522421188191
206,145,0.9999418639948353
206,175,0.9999526121542804
206,184,0.9999140788000009
206,194,0.9999704944434797
206,210,0.9999696205557705
206,226,0.9999707865036714
206,229,0.999972406035677
206,230,0.9999723328478927
206,232,0.9999727641330535
206,240,0.9999700817513117
206,241,0.9999355215830628
206,243,0.9999286129725947
206,264,0.9999235223420372
206,269,0.9999762439642378
206,301,0.9999722590856943
207,12,0.9999948059551756
207,70,0.9999954181329272
207,71,0.9999948240442309
207,92,0.999995369848106
207,107,0.9999941776262582
207,108,0.9999949666515178
207,119,0.9999946143927642
207,123,0.9999924812298339
207,130,0.9999948779381607
207,135,0.9999900899250537
207,155,0.9999941214619279
207,165,0.9999929862969855
207,186,0.9999941743778661
207,227,0.9999890316438316
207,280,0.9999889062307696
208,59,0.9999946689553298
208,73,0.9999929680732463
208,75,0.9999840442910559
208,88,0.9999910775022853
208,103,0.9999945493448551
208,114,0.9999918276974423
208,115,0.9999909777358926
208,119,0.9999944475810607
208,148,0.9999870046785138
208,160,0.9999949349639201
208,162,0.9999945224247238
208,173,0.9999954726323115
208,178,0.9999917047325816
208,190,0.9999948340102206
208,203,0.9999947291816369
208,205,0.9999932597303515
208,218,0.9999943789973215
208,221,0.9999944532538833
208,247,0.9999934182502199
208,249,0.9999926552395283
208,267,0.9999905931907763
208,276,0.9999915505400335
208,277,0.9999934491480932
208,296,0.9999933560396733
209,11,0.9999967994869524
209,12,0.9999967056928866
209,37,0.9999967451098227
209,48,0.9999955937587577
209,52,0.9999968265845356
209,71,0.9999960776142968
209,87,0.9999899041280992
209,92,0.999995333086679
209,108,0.9999964866425717
209,172,0.999996528861744
209,186,0.9999956960461782
209,231,0.9999959215648789
209,235,0.9999948240397307
209,284,0.9999951877137265
209,294,0.999996205638694
210,7,0.9999669195487357
210,126,0.9999692037481315
210,145,0.9999399150205197
210,192,0.999969933091594
210,206,0.9999696205557705
210,216,0.9999727253747371
210,230,0.9999721240124823
210,234,0.9999700123879615
210,255,0.9999707788467106
210,267,0.9999692523062192
210,270,0.9999696908719778
210,286,0.9999721865501299
211,11,0.9999963697291665
211,12,0.9999962432757817
211,37,0.9999982545977807
211,52,0.9999969854907828
211,71,0.9999956691589702
211,108,0.999995344459947
211,119,0.999995596006815
211,172,0.9999983574214394
211,231,0.9999968763269994
211,294,0.999996569829484
212,15,0.9999884077309585
212,29,0.999992630783989
212,31,0.9999914411682991
212,41,0.9999930426947077
212,64,0.999992614544619
212,71,0.9999913919816769
212,82,0.9999884168365993
212,98,0.9999923343561372
212,106,0.9999844770639119
212,115,0.9999913571335017
212,119,0.9999912919030113
212,120,0.999986281004653
212,148,0.9999873721392762
212,161,0.9999894167468965
212,170,0.9999839077519677
212,194,0.999985822911768
212,196,0.99998656852065
212,198,0.9999918315310408
212,203,0.9999918529275716
212,215,0.9999897580983473
213,38,0.9999912219588131
213,41,0.9999922117735796
213,98,0.9999915494926018
213,108,0.999991425224604
213,117,0.9999923585860092
213,119,0.9999916805455714
213,155,0.9999918870628108
213,166,0.9999911703012254
213,190,0.9999907665463631
213,192,0.9999889068187597
213,193,0.9999920449642947
214,12,0.9999951285791577
214,23,0.999994783147572
214,24,0.9999919330026154
214,25,0.9999888812325561
214,35,0.9999928811564746
214,65,0.9999951047101407
214,70,0.9999957540143007
214,71,0.9999948236399612
214,107,0.9999949766646531
214,108,0.9999959480248922
214,155,0.9999947656031153
214,166,0.9999951812328168
214,231,0.9999948751163685
214,242,0.9999915156846056
214,249,0.9999927103037998
214,272,0.9999908849707724
214,287,0.9999872212941195
215,9,0.9999911692647742
215,16,0.9999911115647894
215,18,0.9999860092401263
215,21,0.9999849527607377
215,38,0.9999897720801862
215,62,0.9999799927696886
215,74,0.999989620756376
215,77,0.9999665121860454
215,97,0.9999820592761267
215,105,0.9999839796419127
215,113,0.999987515457174
215,132,0.9999881260906129
215,133,0.9999822140155494
215,140,0.9999906612287672
215,148,0.9999873257652484
215,161,0.999989831648495
215,163,0.9999904728721163
215,169,0.9999922744521071
215,170,0.9999853668578572
215,171,0.9999828212789394
215,177,0.9999876064283305
215,182,0.9999865289073127
215,183,0.9999870731491766
215,194,0.9999850620170595
215,195,0.9999814522472424
215,197,0.999988450275315
215,212,0.9999897580983473
215,224,0.9999799231785707
215,226,0.9999591602648725
215,227,0.9999890041227726
215,238,0.9999841851592235
215,240,0.9999602679423758
215,247,0.9999901961745715
215,255,0.9999888219094878
215,261,0.9999903329293357
215,269,0.999977310415111
215,278,0.9999747459408345
215,280,0.9999885887770549
215,286,0.999980314090281
215,298,0.9999759917518973
215,300,0.9999760918443238
216,24,0.999988459056245
216,55,0.9999850375445869
216,98,0.9999876485238509
216,100,0.99998829070903
216,109,0.9999879510066231
216,122,0.9999883038317491
216,125,0.9999886715637448
216,163,0.9999877305636183
216,193,0.9999875746568847
216,210,0.9999727253747371
216,249,0.9999878957649345
216,251,0.9999878255019405
217,0,0.9999804343613067
217,9,0.9999894463221803
217,15,0.9999875835358008
217,18,0.9999844943319929
217,21,0.9999860665941205
217,38,0.9999902053948294
217,44,0.9999888969641622
217,77,0.9999681182152068
217,83,0.9999601503258401
217,90,0.9999911341629879
217,97,0.9999817296290664
217,98,0.9999898802868347
217,101,0.9999899415201541
217,133,0.9999822881323908
217,143,0.9999614143306507
217,169,0.9999902753823424
217,171,0.999983946687483
217,176,0.9999873841764658
217,219,0.9999907488916011
217,224,0.999977589758261
217,225,0.9999896816761515
217,226,0.9999574039664192
217,230,0.9999855364449406
217,232,0.9999801303125031
217,234,0.999990429571817
217,240,0.9999611081577343
217,269,0.9999782800050273
217,277,0.9999893378680556
217,285,0.999975140964171
217,298,0.9999778438607861
217,301,0.9999854562302792
218,11,0.9999966779243421
218,12,0.9999968089045315
218,37,0.9999968427813165
218,48,0.9999951277898363
218,52,0.9999965273685215
218,71,0.9999960602752337
218,108,0.9999962553854442
218,172,0.9999966565789726
218,190,0.9999958139572243
218,208,0.9999943789973215
218,231,0.9999958429438515
218,294,0.9999961981543951
219,15,0.9999876274769248
219,16,0.999990266173478
219,21,0.9999853945268449
219,38,0.9999912394204737
219,39,0.9999888687182251
219,44,0.9999894889017618
219,74,0.9999899047073516
219,118,0.9999909111041655
219,120,0.9999858917803356
219,121,0.9999883261390307
219,127,0.9999901454805687
219,132,0.9999878133094182
219,133,0.9999836889117577
219,140,0.9999906628793962
219,169,0.9999915927702498
219,171,0.9999820574328965
219,174,0.999989141066023
219,176,0.9999852789483961
219,178,0.9999902491844473
219,182,0.9999882616337882
219,191,0.9999900237852665
219,194,0.9999866987503877
219,196,0.9999849437758009
219,217,0.9999907488916011
219,225,0.9999872385446742
219,276,0.9999901824323744
219,301,0.9999838676451441
220,11,0.9999963344271694
220,12,0.99999587709371
220,37,0.9999980022855788
220,52,0.9999966457919948
220,67,0.9999955305644952
220,70,0.9999953070147891
220,108,0.9999953465677885
220,153,0.9999953458040634
220,172,0.9999975495199193
220,231,0.9999965238755831
221,11,0.99999589067736
221,12,0.9999965431548894
221,37,0.9999965183776842
221,48,0.9999948358194332
221,52,0.9999966381057824
221,69,0.9999941944206048
221,71,0.9999952643671954
221,87,0.9999901390629373
221,108,0.999995366198357
221,166,0.9999952205485482
221,172,0.9999956001314744
221,190,0.9999954978488933
221,208,0.9999944532538833
221,294,0.9999953806027326
222,12,0.9999907464618815
222,41,0.999991344270064
222,64,0.9999909003367855
222,65,0.9999911604833581
222,70,0.9999907505264434
222,108,0.9999917253029745
222,119,0.9999909070745385
222,155,0.9999917021701704
222,157,0.9999908760954639
222,235,0.9999908601718149
223,64,0.9999919790967533
223,107,0.9999915315640866
223,108,0.9999921903269772
223,119,0.9999914562988269
223,122,0.99999158810012
223,128,0.9999913329660074
223,157,0.9999916676623632
223,166,0.9999923074136607
223,190,0.999991438549104
223,284,0.9999913736371274
224,121,0.9999782924572677
224,123,0.9999775072225275
224,215,0.9999799231785707
224,217,0.999977589758261
224,227,0.9999781068844971
224,230,0.9999789664136932
224,236,0.9999789517167301
224,255,0.9999775136167395
224,262,0.9999777778532501
224,282,0.9999701496168775
224,287,0.9999776040839958
225,34,0.9999874164619754
225,38,0.9999882209439139
225,41,0.9999887252938092
225,98,0.9999893812601575
225,117,0.9999870824081442
225,163,0.9999874722022433
225,166,0.9999875938363373
225,217,0.9999896816761515
225,219,0.9999872385446742
225,230,0.9999856022810827
225,251,0.9999873210109497
226,0,0.9999658845772368
226,66,0.999959466082272
226,76,0.9999589135452345
226,132,0.9999572873782712
226,182,0.9999578050989484
226,206,0.9999707865036714
226,215,0.9999591602648725
226,217,0.9999574039664192
226,230,0.9999611888192902
226,286,0.9999629210233965
227,15,0.9999879869004155
227,24,0.9999906607008576
227,73,0.999990601146025
227,77,0.9999670134627983
227,105,0.9999854885387975
227,107,0.9999903129489106
227,154,0.9999903567853565
227,157,0.9999904444682919
227,197,0.999988786025056
227,207,0.9999890316438316
227,215,0.9999890041227726
227,224,0.9999781068844971
227,238,0.9999835790940571
227,239,0.9999881491251993
227,244,0.999989852994295
227,246,0.9999872078748617
227,261,0.9999911299307781
227,296,0.9999891607911782
228,38,0.999988395867726
228,41,0.9999880860161555
228,108,0.999989047317184
228,117,0.999987804618365
228,127,0.9999882995397065
228,130,0.9999877531038289
228,163,0.9999883151407479
228,235,0.9999880481092654
228,251,0.9999890756574488
228,284,0.9999879624586583
228,292,0.9999780990648331
229,20,0.9999828017437786
229,24,0.9999885401820944
229,38,0.9999875097896321
229,41,0.9999879615241658
229,76,0.9999709480134007
229,127,0.9999887303879864
229,128,0.9999877762284395
229,163,0.9999876641716591
229,188,0.9999695579416419
229,193,0.9999875453986337
229,206,0.999972406035677
229,234,0.9999882583106089
229,248,0.9999730197365476
229,251,0.9999874835414224
229,270,0.9999827917470743
229,272,0.9999876855505978
229,275,0.9999857822040268
229,286,0.9999793153985383
229,287,0.9999867533855769
229,292,0.999976250005391
230,0,0.9999832350574682
230,3,0.9999542303031443
230,4,0.9999541415383869
230,7,0.999969983565361
230,15,0.9999854585623441
230,38,0.999985991492734
230,44,0.9999858252545846
230,74,0.9999868030704607
230,76,0.999970583109502
230,77,0.9999698581774443
230,78,0.9999739888604481
230,80,0.999946947062915
230,81,0.9999150214209772
230,83,0.9999594678326741
230,84,0.9999597169078523
230,98,0.9999857805308197
230,100,0.999985625280941
230,125,0.9999852515595118
230,129,0.9999446791874376
230,136,0.999966116879646
230,143,0.9999633963422717
230,146,0.999961521939469
230,169,0.999988470547394
230,171,0.9999839409993472
230,175,0.9999548564056502
230,206,0.9999723328478927
230,210,0.9999721240124823
230,217,0.9999855364449406
230,224,0.9999789664136932
230,225,0.9999856022810827
230,226,0.9999611888192902
230,232,0.9999811049909675
230,240,0.9999613417133709
230,241,0.9999321573509004
230,243,0.9999081646859025
230,263,0.9999735825441065
230,269,0.9999800227837526
230,292,0.9999774827316409
230,300,0.9999769276982059
230,301,0.9999819711156116
231,10,0.9999943578135835
231,13,0.9999957521609398
231,14,0.9999968370723267
231,17,0.9999950631282579
231,19,0.9999966738646434
231,28,0.9999965729637512
231,32,0.9999967201017953
231,33,0.9999963620678461
231,36,0.9999965005311979
231,40,0.9999963147535735
231,46,0.999996430547682
231,47,0.9999955815711191
231,49,0.9999960430735183
231,50,0.9999965438176008
231,51,0.9999968676420203
231,54,0.9999964205879921
231,59,0.9999955095932069
231,63,0.9999963334084604
231,68,0.9999931578364415
231,91,0.99999691031301
231,94,0.9999962474274917
231,95,0.9999957826583699
231,102,0.9999966515121221
231,103,0.9999960802751121
231,111,0.9999970003507667
231,116,0.9999959683148304
231,124,0.9999955230023777
231,147,0.9999959568275283
231,150,0.9999964547914146
231,151,0.999995772194627
231,152,0.9999962702218218
231,156,0.9999960758564624
231,158,0.9999955469776061
231,162,0.9999957370574419
231,164,0.9999955364200541
231,167,0.9999958269086868
231,168,0.9999967557356597
231,173,0.9999962176329206
231,179,0.9999944568430885
231,180,0.9999959388604155
231,181,0.9999951790789035
231,199,0.9999956042495359
231,201,0.9999952589238928
231,202,0.9999953829068324
231,203,0.9999954562626935
231,204,0.999995845124469
231,209,0.9999959215648789
231,211,0.9999968763269994
231,214,0.9999948751163685
231,218,0.9999958429438515
231,220,0.9999965238755831
231,244,0.9999943038150607
231,250,0.9999964480584622
231,252,0.9999960331309041
231,253,0.9999968497564697
231,258,0.999995352352586
232,7,0.9999680461660271
232,24,0.9999801784285484
232,38,0.9999792674972344
232,134,0.9999559649903008
232,145,0.9999431327635512
232,163,0.9999794047488664
232,182,0.999978772745962
232,188,0.9999685221706772
232,192,0.9999792764711305
232,206,0.9999727641330535
232,217,0.9999801303125031
232,230,0.9999811049909675
232,234,0.9999791099716094
232,236,0.9999791323439642
232,255,0.9999792699814225
232,263,0.999973460367034
232,268,0.9999324240542942
233,41,0.9999926567033615
233,48,0.9999920557883631
233,75,0.9999838198710356
233,107,0.9999917016507082
233,108,0.9999916831103688
233,117,0.9999923355956026
233,119,0.9999924961527499
233,121,0.9999881945603668
233,128,0.9999922538140338
233,130,0.9999915756727935
233,166,0.9999920280851631
233,190,0.9999920708753736
234,0,0.9999806855350684
234,18,0.9999850288911316
234,39,0.9999879079253007
234,55,0.9999859362903435
234,62,0.9999814376774758
234,77,0.9999664325910241
234,89,0.9999877999155828
234,90,0.9999892329326856
234,105,0.9999852961095393
234,106,0.9999842312955387
234,146,0.9999617105165468
234,159,0.9999884080390646
234,169,0.9999881270107446
234,210,0.9999700123879615
234,217,0.999990429571817
234,229,0.9999882583106089
234,232,0.9999791099716094
234,238,0.9999830815598185
234,240,0.9999609036506475
234,248,0.9999728650332986
234,251,0.9999887824247272
234,261,0.9999877762111505
234,263,0.9999711795206628
234,266,0.9999761450727638
234,272,0.9999885667621398
234,283,0.9999690866128812
234,286,0.9999792015857096
234,290,0.999983125638565
234,298,0.9999759094579619
234,300,0.9999755977994462
234,301,0.9999836264655505
235,9,0.999992566917416
235,12,0.9999953970820292
235,13,0.9999951009383972
235,23,0.9999951665069916
235,25,0.9999887354810125
235,26,0.9999862827159154
235,43,0.9999923319129653
235,47,0.9999953713802313
235,53,0.9999922028459117
235,55,0.9999845655929488
235,56,0.9999927155877365
235,58,0.9999948477918745
235,59,0.9999954376080176
235,68,0.9999938683772858
235,89,0.9999928054540438
235,94,0.9999951765311859
235,100,0.9999911405393375
235,103,0.9999947941657392
235,104,0.9999924221082451
235,109,0.9999904378161639
235,125,0.9999925391294003
235,137,0.9999890747601295
235,141,0.999985994186774
235,154,0.9999936349555419
235,179,0.9999945029731028
235,183,0.9999876755109861
235,197,0.9999904670854152
235,198,0.9999945142758934
235,201,0.9999952659292283
235,205,0.9999928625633446
235,209,0.9999948240397307
235,222,0.9999908601718149
235,228,0.9999880481092654
235,238,0.9999813571568319
235,244,0.9999946569856041
235,251,0.9999924277596259
235,254,0.9999914145308841
235,261,0.9999923128563003
235,277,0.9999929910391661
235,291,0.9999934308363461
236,9,0.9999870830515151
236,41,0.9999873108297269
236,62,0.9999810144659085
236,73,0.9999871727498155
236,77,0.9999673529804862
236,78,0.9999727883051742
236,86,0.999944434588577
236,88,0.9999868911360211
236,98,0.9999876061312206
236,100,0.9999882931331593
236,109,0.9999873375289052
236,122,0.9999876363079662
236,129,0.9999385579328839
236,133,0.9999821495926392
236,169,0.9999871247617279
236,170,0.9999841734313327
236,188,0.9999704245236496
236,195,0.9999794920949382
236,224,0.9999789517167301
236,232,0.9999791323439642
236,261,0.9999877633862456
236,275,0.9999867813298283
236,282,0.9999644291619354
237,5,0.999977172856681
237,25,0.9999784804793836
237,43,0.9999756463354352
237,60,0.9999757255291228
237,79,0.999860256604974
237,126,0.999976439809283
237,242,0.9999758797443791
237,246,0.9999763795281337
237,256,0.9999761550931766
237,268,0.999929970883318
237,272,0.9999772538203279
237,280,0.9999759270091448
238,24,0.9999830639070663
238,107,0.9999827717278478
238,127,0.999982472502498
238,163,0.999983641267943
238,165,0.9999828919270385
238,215,0.9999841851592235
238,227,0.9999835790940571
238,234,0.9999830815598185
238,235,0.9999813571568319
238,251,0.9999821812320986
239,20,0.9999828749778401
239,24,0.9999885930218354
239,38,0.9999878731123744
239,41,0.9999882212397837
239,48,0.9999891566533737
239,64,0.999989055272082
239,127,0.9999877993024101
239,157,0.9999877983880919
239,165,0.9999884726685382
239,227,0.9999881491251993
239,245,0.9999879999011194
240,0,0.9999618931971004
240,132,0.9999613766691499
240,134,0.9999579156252038
240,136,0.9999667452297656
240,145,0.999947867651893
240,206,0.9999700817513117
240,215,0.9999602679423758
240,217,0.9999611081577343
240,230,0.9999613417133709
240,234,0.9999609036506475
240,263,0.9999610351769321
240,273,0.9999104576926638
240,279,0.9999283556052613
240,287,0.9999615063495333
241,0,0.9999299762901711
241,7,0.9999295713866114
241,66,0.999930230135534
241,76,0.9999313403804956
241,136,0.9999299836883941
241,206,0.9999355215830628
241,230,0.9999321573509004
241,263,0.9999290947324133
241,282,0.9999326830435485
241,286,0.9999339652546253
242,22,0.9999906863204913
242,23,0.9999909062364946
242,26,0.9999865783499539
242,31,0.9999914019388328
242,38,0.9999920048684142
242,44,0.9999887492482724
242,47,0.9999909135280718
242,98,0.9999912238130447
242,104,0.9999906282158298
242,140,0.999990871748821
242,142,0.9999876679958135
242,157,0.999991650144409
242,174,0.999989137190661
242,189,0.9999857795449985
242,195,0.9999794835993868
242,214,0.9999915156846056
242,237,0.9999758797443791
242,255,0.9999890670870087
242,290,0.999986321979654
243,0,0.9999152827845921
243,7,0.9999174049096599
243,134,0.999912394182036
243,136,0.9999231569719359
243,145,0.9999082843713953
243,206,0.9999286129725947
243,230,0.9999081646859025
243,248,0.9999100913305997
243,274,0.9999118384659622
243,282,0.9999089507826159
244,11,0.9999945092485024
244,12,0.9999945092568067
244,24,0.9999925698265427
244,35,0.9999930936957003
244,71,0.999994327453833
244,107,0.9999950048425434
244,108,0.9999949243088572
244,119,0.9999945894946052
244,130,0.9999944336890785
244,190,0.9999946174950214
244,227,0.999989852994295
244,231,0.9999943038150607
244,235,0.9999946569856041
245,17,0.9999932026019112
245,27,0.9999931129318377
245,55,0.999984431296728
245,59,0.9999934283544807
245,71,0.9999934589710224
245,95,0.9999932527871007
245,108,0.9999933055547444
245,124,0.9999934624017431
245,141,0.9999857959998808
245,166,0.999993811650897
245,201,0.9999930605491799
245,239,0.9999879999011194
245,284,0.9999931450002095
246,24,0.999989121039683
246,39,0.9999864320359944
246,68,0.9999861414396565
246,78,0.9999715116151421
246,80,0.9999454185223857
246,83,0.9999590284333699
246,98,0.9999862094882237
246,126,0.9999867117251295
246,163,0.9999862499245217
246,187,0.999986737462328
246,227,0.9999872078748617
246,237,0.9999763795281337
246,261,0.9999862482778423
246,267,0.999987014993133
246,269,0.999976999348166
246,285,0.9999751400437077
246,290,0.9999840695545121
246,298,0.9999761720734837
246,300,0.9999756475669652
247,30,0.9999886637786496
247,34,0.9999937838524608
247,41,0.9999938497716716
247,64,0.9999936257138201
247,108,0.999993266463222
247,117,0.9999934747131384
247,119,0.9999938167545442
247,122,0.9999919735363032
247,123,0.9999923165677272
247,127,0.9999924980906063
247,157,0.9999934534991447
247,190,0.9999932865818546
247,208,0.9999934182502199
247,215,0.9999901961745715
247,272,0.9999912118950816
247,284,0.9999936187128597
247,299,0.9999877930834493
248,21,0.9999734055799011
248,55,0.999972784576766
248,61,0.999923243991797
248,79,0.9998571401433254
248,120,0.9999747463881351
248,139,0.9999484674459425
248,143,0.999965661023093
248,144,0.9999468279763725
248,170,0.9999741561732096
248,171,0.9999747091376189
248,176,0.9999733429549778
248,184,0.9999092778901876
248,194,0.9999765752145262
248,229,0.9999730197365476
248,234,0.9999728650332986
248,243,0.9999100913305997
248,264,0.9999235174468717
248,268,0.9999336287383731
248,279,0.9999262777097949
248,281,0.9998928478173745
248,299,0.9999738762885613
249,5,0.9999858789936426
249,23,0.9999929469881546
249,31,0.99999262279906
249,47,0.9999927293454521
249,55,0.999984751629105
249,68,0.9999925834690069
249,75,0.9999851151210609
249,96,0.9999935136433158
249,101,0.9999905674328312
249,108,0.9999926641926696
249,109,0.999991721709884
249,121,0.9999880493640545
249,142,0.9999869782584254
249,159,0.9999928887642574
249,174,0.9999892168194535
249,177,0.9999872882506908
249,183,0.9999872924382306
249,185,0.999981434174767
249,189,0.9999874563864874
249,191,0.999993074675004
249,197,0.9999883794345485
249,208,0.9999926552395283
249,214,0.9999927103037998
249,216,0.9999878957649345
249,256,0.9999871992766605
249,260,0.9999909785008275
249,284,0.9999927437753042
250,11,0.9999959393958714
250,12,0.9999966675111449
250,37,0.999997748107274
250,52,0.999997235088392
250,67,0.999995821974852
250,70,0.9999958660383225
250,71,0.9999960666568414
250,117,0.9999959541344288
250,130,0.999995501828879
250,172,0.9999976407531058
250,231,0.9999964480584622
250,294,0.9999959944338082
251,45,0.9999925980339992
251,55,0.9999855900384268
251,58,0.999992428492604
251,59,0.9999923980405668
251,60,0.9999894819383728
251,93,0.9999923884071767
251,108,0.9999923128535582
251,130,0.9999926019171337
251,142,0.9999867997948161
251,148,0.9999875671220738
251,159,0.9999927257070745
251,177,0.9999869211617076
251,183,0.9999874696735598
251,192,0.9999890853725056
251,197,0.9999896377343128
251,216,0.9999878255019405
251,225,0.9999873210109497
251,228,0.9999890756574488
251,229,0.9999874835414224
251,234,0.9999887824247272
251,235,0.9999924277596259
251,238,0.9999821812320986
251,254,0.9999913266490772
251,284,0.9999922965139111
251,291,0.9999922860743341
252,11,0.9999964180543321
252,12,0.9999971972529936
252,23,0.9999956322761496
252,52,0.999996364446646
252,64,0.999994641077273
252,69,0.99999417136973
252,70,0.999995853859259
252,108,0.9999958292716707
252,119,0.9999954809758161
252,186,0.9999954910298415
252,193,0.9999928456271918
252,231,0.9999960331309041
252,294,0.9999954988068103
253,11,0.9999962951828684
253,12,0.9999964677187247
253,37,0.9999981261109223
253,52,0.9999969780484189
253,65,0.999995843680253
253,70,0.9999957407478066
253,71,0.9999955033467857
253,172,0.9999980181523346
253,231,0.9999968497564697
253,294,0.9999957171303596
254,23,0.999992163596537
254,41,0.9999908244920663
254,64,0.9999909570411473
254,98,0.9999914880957301
254,108,0.9999909683550062
254,119,0.9999911272805925
254,130,0.9999909804013895
254,157,0.999991280316587
254,235,0.9999914145308841
254,251,0.9999913266490772
254,272,0.9999907554100562
255,18,0.9999859450420231
255,38,0.9999892013008496
255,39,0.9999896650447647
255,78,0.9999719066552973
255,98,0.9999887929182769
255,100,0.9999889234363464
255,126,0.9999867660602038
255,133,0.9999837785157186
255,141,0.9999863738137938
255,161,0.9999898052010167
255,169,0.9999888466644132
255,170,0.9999858296182236
255,171,0.9999816137090891
255,175,0.9999481155230356
255,176,0.99998659402204
255,210,0.9999707788467106
255,215,0.9999888219094878
255,224,0.9999775136167395
255,232,0.9999792699814225
255,242,0.9999890670870087
255,257,0.9999810766856876
255,261,0.9999887495335611
255,263,0.9999707821505351
255,266,0.999977008721199
255,269,0.999979151484709
255,270,0.9999833281424386
255,271,0.9999827639185022
255,274,0.9999698919027881
255,275,0.9999860922715497
255,277,0.9999890797921596
255,278,0.9999752952503121
255,283,0.9999675184960335
255,285,0.999980061009368
255,290,0.999984567345238
255,293,0.9999541789862189
255,298,0.9999770894975387
255,300,0.9999776518199894
256,9,0.9999858296827547
256,30,0.9999866856971399
256,43,0.9999859423173042
256,88,0.9999862925961696
256,104,0.999985899486214
256,140,0.9999858544865706
256,169,0.9999858182162429
256,237,0.9999761550931766
256,249,0.9999871992766605
256,261,0.9999873683896221
256,269,0.9999765617956211
256,271,0.999982671447545
256,272,0.9999858651836067
257,0,0.9999792357901353
257,3,0.9999498424092899
257,4,0.999955749225407
257,6,0.9999453307390782
257,7,0.9999684259784685
257,8,0.99995305115674
257,39,0.9999818553072399
257,55,0.9999790490724095
257,78,0.9999707768739496
257,126,0.9999790919725411
257,129,0.9999371397206561
257,136,0.9999643188937769
257,139,0.9999541941056468
257,142,0.9999799364218896
257,144,0.9999435393130333
257,161,0.9999794484443562
257,175,0.9999568544299078
257,176,0.9999790727562451
257,184,0.999902960896332
257,188,0.9999680895095786
257,255,0.9999810766856876
257,259,0.9999507155343091
257,264,0.9999233201666267
257,266,0.9999798514808294
257,271,0.9999792601818999
257,278,0.9999739597334371
257,281,0.9998925107733869
257,285,0.9999770493893044
257,293,0.9999575779304533
257,300,0.9999756030934023
258,11,0.9999955479156742
258,12,0.9999962555600794
258,37,0.9999961922341473
258,65,0.9999954806019254
258,71,0.9999954362620807
258,108,0.9999957381602188
258,130,0.9999953064323629
258,155,0.9999953242004195
258,190,0.9999951094419152
258,231,0.999995352352586
259,61,0.9999221521624142
259,79,0.9998667352420081
259,81,0.9999110748700895
259,120,0.9999520321596657
259,139,0.9999519350572347
259,170,0.9999495821824307
259,188,0.9999501724683862
259,257,0.9999507155343091
259,266,0.9999508814892555
259,270,0.9999503104181776
259,279,0.9999262480493387
259,281,0.9999025498086352
259,286,0.9999544150401742
259,298,0.9999516311295288
259,300,0.9999502444122607
260,5,0.999986603816668
260,9,0.9999900254574632
260,10,0.9999895533678945
260,23,0.9999903634558927
260,26,0.9999863652806115
260,68,0.9999900155742683
260,113,0.9999883114419446
260,114,0.9999895726509163
260,141,0.999988068492279
260,157,0.9999904937897113
260,166,0.9999896779350189
260,179,0.9999907735773107
260,249,0.9999909785008275
260,262,0.9999874180792578
260,284,0.999990151379603
261,64,0.9999927704475031
261,66,0.9999891316550933
261,75,0.9999840564003994
261,92,0.9999921818571468
261,98,0.9999921935769344
261,108,0.999993708623981
261,117,0.999992571790353
261,119,0.99999207614541
261,121,0.9999896115545452
261,130,0.99999253109273
261,157,0.9999935585734836
261,163,0.9999913647321756
261,192,0.9999906896040882
261,215,0.9999903329293357
261,227,0.9999911299307781
261,234,0.9999877762111505
261,235,0.9999923128563003
261,236,0.9999877633862456
261,246,0.9999862482778423
261,255,0.9999887495335611
261,256,0.9999873683896221
261,262,0.9999889088829155
261,272,0.9999905361360522
261,275,0.9999876629431265
261,284,0.9999921263671321
262,5,0.999986494148879
262,20,0.9999826845726862
262,23,0.9999875107147
262,38,0.9999875144519054
262,39,0.9999873350019193
262,74,0.9999892320499623
262,89,0.9999878656209329
262,100,0.9999877461928237
262,109,0.9999874411916392
262,163,0.9999880403670942
262,224,0.9999777778532501
262,260,0.9999874180792578
262,261,0.9999889088829155
262,274,0.9999731933753884
262,275,0.9999859520512906
262,283,0.9999663248411544
262,285,0.999977156644801
262,300,0.9999787489097364
263,4,0.9999574651731753
263,6,0.9999438984180595
263,8,0.9999510083567212
263,26,0.9999707199506562
263,61,0.9999214433863691
263,81,0.9999159821718839
263,120,0.9999703915319511
263,126,0.9999707614958935
263,144,0.99994341972213
263,171,0.9999714314159313
263,175,0.9999611549066382
263,188,0.9999672576039199
263,230,0.9999735825441065
263,232,0.999973460367034
263,234,0.9999711795206628
263,240,0.9999610351769321
263,241,0.9999290947324133
263,255,0.9999707821505351
263,264,0.9999335693400841
263,286,0.9999726427200768
263,287,0.9999724425560147
263,293,0.9999581974070744
263,297,0.9999365372745541
264,2,0.999881274631119
264,7,0.9999354541867683
264,8,0.9999272200953042
264,134,0.9999392327278067
264,206,0.9999235223420372
264,248,0.9999235174468717
264,257,0.9999233201666267
264,263,0.9999335693400841
264,265,0.9999169618433438
264,274,0.9999277579805168
264,286,0.9999294612033222
264,288,0.9998505213224598
264,289,0.9998673166729011
264,295,0.9998405554856439
264,297,0.9999293283775286
265,1,0.999878081608441
265,3,0.999895613971667
265,6,0.9999000312970714
265,7,0.9999035031499645
265,131,0.9998957185275213
265,144,0.9998994690447677
265,145,0.9999033615557482
265,175,0.9998991938311438
265,264,0.9999169618433438
265,279,0.9999032064184349
265,288,0.9998044109956418
265,289,0.9998270018226553
265,297,0.9998943846774984
266,7,0.9999669524165966
266,8,0.9999535760246434
266,126,0.9999766033244745
266,134,0.9999611650004301
266,136,0.9999657363838413
266,163,0.999974682660929
266,188,0.9999694796334228
266,192,0.9999749482747157
266,234,0.9999761450727638
266,255,0.999977008721199
266,257,0.9999798514808294
266,259,0.9999508814892555
266,270,0.9999745908921304
266,286,0.9999751676896198
266,290,0.999974569718634
266,299,0.9999761154403478
267,16,0.9999901081778518
267,29,0.9999908190703547
267,41,0.9999911091861176
267,59,0.9999900994560345
267,62,0.9999817928930321
267,83,0.9999600635493607
267,84,0.9999593022022412
267,97,0.9999809630642952
267,98,0.999990190011728
267,143,0.9999647755165083
267,146,0.9999621225236939
267,171,0.9999814741408302
267,176,0.999986296555329
267,179,0.9999902979431242
267,187,0.9999907667988024
267,191,0.9999902960058656
267,194,0.9999854922727709
267,195,0.9999793677998756
267,200,0.9999905685121184
267,208,0.9999905931907763
267,210,0.9999692523062192
267,246,0.999987014993133
268,62,0.9999351065067941
268,78,0.9999323175753612
268,79,0.9998852923475346
268,143,0.999928883571733
268,188,0.9999289928275622
268,232,0.9999324240542942
268,237,0.999929970883318
268,248,0.9999336287383731
268,278,0.9999329138708472
268,281,0.9998945130878091
268,286,0.9999287492963893
268,298,0.9999335059476115
269,7,0.9999711065096079
269,127,0.9999770057232693
269,134,0.9999614287783513
269,136,0.9999690469577713
269,206,0.9999762439642378
269,215,0.999977310415111
269,217,0.9999782800050273
269,230,0.9999800227837526
269,246,0.999976999348166
269,255,0.999979151484709
269,256,0.9999765617956211
269,286,0.9999768784282204
269,287,0.9999772295521566
269,292,0.9999783499253568
270,38,0.999983256562653
270,53,0.9999849299049587
270,60,0.9999830117129378
270,83,0.9999609509775982
270,84,0.99996399436116
270,101,0.999983054345104
270,146,0.9999639098357529
270,161,0.9999831167537264
270,169,0.9999832446101349
270,177,0.999985878997359
270,210,0.9999696908719778
270,229,0.9999827917470743
270,255,0.9999833281424386
270,259,0.9999503104181776
270,266,0.9999745908921304
270,272,0.9999838281598935
270,278,0.9999777635645346
270,286,0.9999799323771372
270,298,0.9999764661372774
271,24,0.9999827631848952
271,39,0.9999842387225045
271,43,0.9999831936957683
271,53,0.9999823173975502
271,89,0.9999826562148613
271,161,0.999985121634948
271,174,0.9999826900292834
271,255,0.9999827639185022
271,256,0.999982671447545
271,257,0.9999792601818999
271,282,0.9999658663364167
271,285,0.999975077297026
271,287,0.9999825362926967
271,300,0.9999764367624892
272,55,0.9999851719073816
272,62,0.9999812834696088
272,68,0.9999908790442578
272,75,0.9999851037533185
272,104,0.9999910820098463
272,141,0.999985830305721
272,159,0.9999905844299958
272,166,0.9999907108419237
272,179,0.9999923958021092
272,191,0.9999908617743717
272,214,0.9999908849707724
272,229,0.9999876855505978
272,234,0.9999885667621398
272,237,0.9999772538203279
272,247,0.9999912118950816
272,254,0.9999907554100562
272,256,0.9999858651836067
272,261,0.9999905361360522
272,270,0.9999838281598935
272,287,0.9999870898136407
272,299,0.9999880734236474
273,1,0.9998767427653587
273,2,0.9998832164772685
273,7,0.9999099982659667
273,8,0.9999163872252301
273,79,0.9998705778743151
273,138,0.9998557484566266
273,139,0.9999165558576851
273,144,0.999912719166619
273,184,0.9999147295579489
273,240,0.9999104576926638
273,274,0.9999080016797675
273,279,0.9999101845470418
273,282,0.9999180114909196
273,288,0.9997961443120711
273,289,0.9998621427630835
273,297,0.9999097177746903
274,0,0.9999712403480518
274,3,0.9999461468507576
274,6,0.9999507467723854
274,26,0.9999706140142308
274,39,0.9999703918530438
274,79,0.9998612006565175
274,105,0.9999713560285427
274,131,0.999892226065621
274,139,0.9999560942144906
274,144,0.9999490429976244
274,170,0.9999709132596213
274,174,0.9999704899701434
274,175,0.9999490021984481
274,243,0.9999118384659622
274,255,0.9999698919027881
274,262,0.9999731933753884
274,264,0.9999277579805168
274,273,0.9999080016797675
274,281,0.9998930412750973
274,293,0.9999558851444528
274,297,0.9999375645816309
274,299,0.9999702284435562
274,300,0.9999700300354639
275,39,0.9999860615877334
275,60,0.9999858192379659
275,69,0.9999857613664517
275,100,0.9999875709089417
275,122,0.9999865695016885
275,229,0.9999857822040268
275,236,0.9999867813298283
275,255,0.9999860922715497
275,261,0.9999876629431265
275,262,0.9999859520512906
275,283,0.999964590834917
276,30,0.9999901796349477
276,35,0.9999917888675328
276,69,0.9999907075650883
276,98,0.9999913888567611
276,117,0.9999919758024577
276,119,0.9999913053370544
276,128,0.9999911694866661
276,155,0.9999921042785728
276,157,0.9999924363263574
276,196,0.9999859212355361
276,208,0.9999915505400335
276,219,0.9999901824323744
276,284,0.9999908015008486
277,5,0.9999872723380997
277,30,0.9999882356542696
277,34,0.9999928133514073
277,41,0.9999930699711772
277,64,0.9999935751194463
277,66,0.9999889783583872
277,117,0.9999929476959936
277,119,0.9999925863636722
277,122,0.9999921391211829
277,130,0.9999928711484456
277,157,0.9999925159439399
277,190,0.9999930753642612
277,208,0.9999934491480932
277,217,0.9999893378680556
277,235,0.9999929910391661
277,255,0.9999890797921596
277,299,0.9999888198367041
278,8,0.9999478594207688
278,126,0.9999751791959985
278,136,0.9999633110224139
278,182,0.999974486859756
278,215,0.9999747459408345
278,255,0.9999752952503121
278,257,0.9999739597334371
278,268,0.9999329138708472
278,270,0.9999777635645346
278,286,0.9999764081732041
278,287,0.9999746386218659
278,290,0.9999784586325319
278,292,0.9999744233096511
279,1,0.9998920922239277
279,2,0.9999151889180804
279,3,0.9999330764352194
279,8,0.9999265773703193
279,131,0.9998952427012657
279,134,0.9999323691648226
279,138,0.9998777820599899
279,139,0.9999279724014786
279,143,0.9999325480650358
279,144,0.9999329133524328
279,184,0.999917222297247
279,240,0.9999283556052613
279,248,0.9999262777097949
279,259,0.9999262480493387
279,265,0.9999032064184349
279,273,0.9999101845470418
279,281,0.999898258483351
279,289,0.9998550439445841
279,295,0.9998147268816077
279,297,0.9999376481939731
280,9,0.9999881045254769
280,16,0.9999882123609394
280,34,0.9999883900689105
280,157,0.9999884826604751
280,165,0.9999893879432128
280,177,0.9999883982764536
280,191,0.9999884944865169
280,207,0.9999889062307696
280,215,0.9999885887770549
280,237,0.9999759270091448
280,284,0.9999879348644307
281,7,0.9999096512591763
281,8,0.9999196754040338
281,145,0.9998951283067156
281,248,0.9998928478173745
281,257,0.9998925107733869
281,259,0.9999025498086352
281,268,0.9998945130878091
281,274,0.9998930412750973
281,279,0.999898258483351
281,282,0.9999068442999373
282,8,0.999958911332808
282,20,0.9999644860630303
282,61,0.9999199872515845
282,120,0.9999652429214307
282,133,0.9999644446751041
282,138,0.9998417283382134
282,170,0.999970693772257
282,224,0.9999701496168775
282,236,0.9999644291619354
282,241,0.9999326830435485
282,243,0.9999089507826159
282,271,0.9999658663364167
282,273,0.9999180114909196
282,281,0.9999068442999373
282,285,0.9999636227679315
282,290,0.9999655714682092
282,300,0.9999682974004939
283,25,0.999973132686829
283,72,0.9999650002356849
283,121,0.99996509694952
283,126,0.9999693303853889
283,192,0.9999648384150048
283,234,0.9999690866128812
283,255,0.9999675184960335
283,262,0.9999663248411544
283,275,0.999964590834917
283,287,0.9999646630386535
284,27,0.999994792954089
284,42,0.9999946990095404
284,71,0.9999948435466463
284,90,0.9999918366301958
284,92,0.9999950395019989
284,95,0.9999947817230264
284,99,0.999993333692004
284,104,0.999992658414481
284,108,0.9999949928637418
284,109,0.9999904237821847
284,123,0.9999918445347292
284,125,0.9999928176551842
284,141,0.9999862184634923
284,148,0.9999882350351846
284,159,0.9999944315767898
284,179,0.9999951761516039
284,191,0.9999951840127955
284,202,0.9999949858921823
284,209,0.9999951877137265
284,223,0.9999913736371274
284,228,0.9999879624586583
284,245,0.9999931450002095
284,247,0.9999936187128597
284,249,0.9999927437753042
284,251,0.9999922965139111
284,260,0.999990151379603
284,261,0.9999921263671321
284,276,0.9999908015008486
284,280,0.9999879348644307
285,0,0.9999777530140825
285,8,0.9999536809654829
285,38,0.9999762817714569
285,126,0.9999799931751951
285,134,0.9999596885267764
285,192,0.99997513159273
285,217,0.999975140964171
285,246,0.9999751400437077
285,255,0.999980061009368
285,257,0.9999770493893044
285,262,0.999977156644801
285,271,0.999975077297026
285,282,0.9999636227679315
286,3,0.9999518117722045
286,4,0.9999564307340498
286,7,0.9999674983274044
286,61,0.9999313683377659
286,78,0.9999717422125343
286,79,0.999867101699955
286,81,0.9999189399492744
286,84,0.9999621411729857
286,126,0.9999795688527355
286,129,0.9999442841716871
286,139,0.9999511992956914
286,143,0.9999641773578954
286,144,0.9999425475241257
286,169,0.9999806843107932
286,175,0.9999604243191417
286,183,0.9999806842571851
286,195,0.9999795571476883
286,197,0.9999808862769445
286,210,0.9999721865501299
286,215,0.999980314090281
286,226,0.9999629210233965
286,229,0.9999793153985383
286,234,0.9999792015857096
286,241,0.9999339652546253
286,259,0.9999544150401742
286,263,0.9999726427200768
286,264,0.9999294612033222
286,266,0.9999751676896198
286,268,0.9999287492963893
286,269,0.9999768784282204
286,270,0.9999799323771372
286,278,0.9999764081732041
286,293,0.999962915635361
286,298,0.9999792044707283
287,4,0.9999523462839732
287,7,0.9999670077861983
287,16,0.9999870586923731
287,18,0.9999840517731257
287,20,0.9999825926184102
287,21,0.9999845262341618
287,23,0.9999867309778293
287,24,0.9999871711658451
287,62,0.9999816565962033
287,78,0.9999715706495639
287,80,0.9999465359167546
287,83,0.99995937744452
287,99,0.9999868338308873
287,105,0.9999837415324128
287,146,0.9999614315361295
287,161,0.9999875611290894
287,165,0.999987883032719
287,187,0.9999891921761631
287,214,0.9999872212941195
287,224,0.9999776040839958
287,229,0.9999867533855769
287,240,0.9999615063495333
287,263,0.9999724425560147
287,269,0.9999772295521566
287,271,0.9999825362926967
287,272,0.9999870898136407
287,278,0.9999746386218659
287,283,0.9999646630386535
287,292,0.9999778455521553
288,1,0.9998077264476579
288,2,0.9998146856555927
288,3,0.999800055157643
288,61,0.9998276462135877
288,139,0.999799172033909
288,264,0.9998505213224598
288,265,0.9998044109956418
288,273,0.9997961443120711
288,289,0.9998080724725479
288,297,0.9998050149936186
289,2,0.9998710740382735
289,3,0.9998316079619578
289,8,0.9998328190879622
289,61,0.9998394642436003
289,144,0.9998376811868154
289,264,0.9998673166729011
289,265,0.9998270018226553
289,273,0.9998621427630835
289,279,0.9998550439445841
289,288,0.9998080724725479
289,295,0.9998055920456903
289,297,0.9998663290696352
290,9,0.999983324517281
290,26,0.9999830951616853
290,39,0.9999851722107803
290,165,0.999983149029984
290,169,0.9999838022049677
290,192,0.9999843653819798
290,234,0.999983125638565
290,242,0.999986321979654
290,246,0.9999840695545121
290,255,0.999984567345238
290,266,0.999974569718634
290,278,0.9999784586325319
290,282,0.9999655714682092
290,293,0.9999552591843653
290,300,0.9999772670757788
291,11,0.9999927485852509
291,12,0.9999927117483403
291,65,0.9999931274292194
291,70,0.9999931251102498
291,71,0.9999934207669713
291,119,0.9999930810140956
291,130,0.9999926545140347
291,155,0.9999927543502455
291,157,0.99999277883315
291,235,0.9999934308363461
291,251,0.9999922860743341
292,18,0.9999767011921115
292,39,0.9999767073228115
292,61,0.9999210416858539
292,62,0.9999789484512177
292,79,0.9998568645540338
292,97,0.9999788183361361
292,139,0.9999497644792158
292,146,0.9999620231302008
292,197,0.9999790747845878
292,228,0.9999780990648331
292,229,0.999976250005391
292,230,0.9999774827316409
292,269,0.9999783499253568
292,278,0.9999744233096511
292,287,0.9999778455521553
293,0,0.9999600013844775
293,5,0.9999545945012358
293,8,0.9999493511949475
293,20,0.99995472255024
293,188,0.9999546474564427
293,255,0.9999541789862189
293,257,0.9999575779304533
293,263,0.9999581974070744
293,274,0.9999558851444528
293,286,0.999962915635361
293,290,0.9999552591843653
294,14,0.9999955928255313
294,27,0.9999958723769945
294,28,0.9999958729168157
294,36,0.9999956044403878
294,40,0.9999948244538285
294,42,0.9999958238103918
294,51,0.999995160642426
294,54,0.9999960208416074
294,59,0.9999955556308988
294,63,0.9999944349474714
294,91,0.999996177236445
294,93,0.9999929498311146
294,96,0.9999945161591721
294,102,0.9999956684040946
294,110,0.9999938418147745
294,111,0.9999957987718194
294,112,0.999994121694124
294,116,0.9999950233861891
294,147,0.9999958554924802
294,150,0.9999956098634626
294,151,0.9999939593259258
294,152,0.9999953965149004
294,156,0.9999960126467416
294,158,0.9999953540791076
294,162,0.9999956904924007
294,167,0.9999957104769903
294,178,0.9999913775823306
294,181,0.9999956180961329
294,185,0.9999832840278928
294,199,0.9999952913348112
294,204,0.9999961718218611
294,209,0.999996205638694
294,211,0.999996569829484
294,218,0.9999961981543951
294,221,0.9999953806027326
294,250,0.9999959944338082
294,252,0.9999954988068103
294,253,0.9999957171303596
295,1,0.9998175892268322
295,2,0.9998372716236713
295,3,0.999793788135866
295,6,0.9998057398321226
295,131,0.9998024075872717
295,144,0.9998010525195643
295,264,0.9998405554856439
295,279,0.9998147268816077
295,289,0.9998055920456903
295,297,0.9998404408436737
296,35,0.9999925362147215
296,41,0.9999926663756432
296,48,0.9999924819679027
296,98,0.9999925354653594
296,107,0.9999924697270108
296,130,0.9999926453136003
296,157,0.99999255253418
296,166,0.9999929881844476
296,190,0.9999927086085295
296,208,0.9999933560396733
296,227,0.9999891607911782
297,1,0.9998894479157132
297,2,0.9999052914655878
297,3,0.9999453715537246
297,4,0.9999297231031421
297,6,0.9999341427068487
297,7,0.9999369846145291
297,8,0.9999337818016876
297,81,0.9999153132205605
297,131,0.9999050024548495
297,136,0.9999353799661972
297,138,0.9998497968656591
297,263,0.9999365372745541
297,264,0.9999293283775286
297,265,0.9998943846774984
297,273,0.9999097177746903
297,274,0.9999375645816309
297,279,0.9999376481939731
297,288,0.9998050149936186
297,289,0.9998663290696352
297,295,0.9998404408436737
297,300,0.9999354649840873
298,0,0.999976547970563
298,5,0.999977514005991
298,7,0.9999672155925
298,188,0.9999683185999655
298,192,0.9999760148774002
298,215,0.9999759917518973
298,217,0.9999778438607861
298,234,0.9999759094579619
298,246,0.9999761720734837
298,255,0.9999770894975387
298,259,0.9999516311295288
298,268,0.9999335059476115
298,270,0.9999764661372774
298,286,0.9999792044707283
299,24,0.9999878391886727
299,55,0.9999859634388568
299,56,0.9999877677709198
299,68,0.9999881466385366
299,89,0.9999883392306187
299,90,0.9999881688633989
299,118,0.99998756996286
299,179,0.999988981905794
299,194,0.999985231288893
299,247,0.9999877930834493
299,248,0.9999738762885613
299,266,0.9999761154403478
299,272,0.9999880734236474
299,274,0.9999702284435562
299,277,0.9999888198367041
300,7,0.9999714186150492
300,8,0.999951117007894
300,134,0.99995803610816
300,136,0.9999636140964099
300,182,0.9999763157544037
300,188,0.9999711766570726
300,215,0.9999760918443238
300,230,0.9999769276982059
300,234,0.9999755977994462
300,246,0.9999756475669652
300,255,0.9999776518199894
300,257,0.9999756030934023
300,259,0.9999502444122607
300,262,0.9999787489097364
300,271,0.9999764367624892
300,274,0.9999700300354639
300,282,0.9999682974004939
300,290,0.9999772670757788
300,297,0.9999354649840873
301,24,0.9999822298268788
301,66,0.9999828882247636
301,75,0.9999820861513908
301,98,0.9999837616700087
301,163,0.9999847530013593
301,165,0.9999825210372628
301,188,0.9999689067845872
301,206,0.9999722590856943
301,217,0.9999854562302792
301,219,0.9999838676451441
301,230,0.9999819711156116
301,234,0.9999836264655505
