source,target,weight
0,4,0.9064507345799881
0,6,0.8418802849385822
0,74,0.9751522673542831
0,76,0.9177514227704521
0,132,0.9739615723139713
0,136,0.9246926589787702
0,143,0.9225362162811609
0,161,0.9744258123606024
0,169,0.9713379821195474
0,170,0.9775813067834218
0,171,0.9714025496318343
0,175,0.8989778348439036
0,176,0.9732698525875969
0,217,0.9700636140623013
0,226,0.8910392300718215
0,230,0.9792859896233767
0,255,0.9696015591458012
0,257,0.964883281823533
0,285,0.9683394663714485
1,3,0.611350556684287
1,4,0.47362346258662846
1,6,0.5470782522662467
1,129,0.5174940103650025
1,134,0.5219203146945834
1,138,0.38222418673829395
1,139,0.47542657216871115
1,145,0.5039064752873553
1,184,0.5612707667088022
1,240,0.5226089367722687
1,264,0.5500433949720755
1,295,0.05964847685707735
2,3,0.45429389492648986
2,6,0.38036188588834724
2,8,0.36759595535670503
2,61,0.451936204020972
2,144,0.3727093122514352
2,264,0.41809717237919897
2,273,0.3690852172299369
2,279,0.5319790942031083
2,281,0.3351157968776263
2,288,0.06990051510323395
2,289,0.3058047964517388
2,295,0.18394668625824923
2,297,0.528670081895728
3,1,0.611350556684287
3,2,0.45429389492648986
3,6,0.8405188587609075
3,7,0.9098714189340051
3,129,0.7337990242576716
3,131,0.5624077649854141
3,138,0.2611752096578673
3,143,0.8576032035200435
3,145,0.7522384145801679
3,171,0.8382776905650432
3,206,0.853393573893476
3,230,0.8372729628763715
3,232,0.8388621753891445
3,243,0.5453789863837921
3,257,0.838685619703721
3,264,0.7211540401570775
3,265,0.47322896714246476
3,279,0.7210409471251966
3,281,0.5463432405759977
3,297,0.8032719150303979
3,298,0.8433663364216201
3,300,0.8399149761426762
4,0,0.9064507345799881
4,1,0.47362346258662846
4,81,0.6163339971248502
4,120,0.8718387866234529
4,129,0.769371415106168
4,131,0.5400183294495806
4,136,0.9051416662286149
4,143,0.9178938070917724
4,171,0.8810887293443153
4,206,0.9136752773115218
4,224,0.8778565264351317
4,226,0.8700625155816255
4,232,0.8943928252227388
4,240,0.877940851218493
4,241,0.7489286489292969
4,243,0.5591578014963943
4,298,0.9001618131137605
5,31,0.9852535728731091
5,39,0.9879970769155251
5,43,0.9880619016838417
5,69,0.9862890457679969
5,72,0.9864047073519693
5,100,0.9855942205686152
5,237,0.9588720406733546
5,249,0.9859502257898209
5,260,0.9872301442071373
5,262,0.9879921003216685
5,274,0.923196947896761
5,277,0.9854464174942666
5,290,0.9814888877765814
6,0,0.8418802849385822
6,1,0.5470782522662467
6,2,0.38036188588834724
6,3,0.8405188587609075
6,7,0.8424568714360048
6,61,0.6634505676407014
6,131,0.568209787296683
6,136,0.8184652172792443
6,175,0.8530468133320505
6,188,0.8175493426658798
6,263,0.8221239054267615
6,264,0.7885870984293328
6,265,0.4639740439524906
6,274,0.8230959783786181
6,285,0.8293552263895619
6,295,0.06771647573599944
6,298,0.8220656236524952
7,3,0.9098714189340051
7,6,0.8424568714360048
7,8,0.8335251172072347
7,18,0.9243282692330774
7,61,0.6721247170594619
7,129,0.7368717754550829
7,134,0.8594797426212181
7,139,0.8681631186543988
7,143,0.9251314858288416
7,144,0.830775593970011
7,145,0.7400525285945724
7,230,0.9288767906341161
7,232,0.9217251247980098
7,257,0.9361955360996147
7,264,0.7259430470116794
7,265,0.44544432057503897
7,266,0.9288786156115106
7,269,0.928450202435465
7,279,0.6707075600821591
7,281,0.48624291131765757
7,286,0.92460620968869
7,287,0.9216688298961375
7,293,0.8671277956641946
7,297,0.7589772023541143
7,300,0.9390826431108703
8,2,0.36759595535670503
8,7,0.8335251172072347
8,61,0.7016822467715365
8,139,0.8362735898422786
8,188,0.8284914693640681
8,257,0.8716332205616503
8,263,0.8410630292441851
8,266,0.8772939903412786
8,273,0.614598451110252
8,279,0.7339297739926268
8,281,0.5110658809651241
8,282,0.8915259210037256
8,285,0.8460948249405255
8,289,0.11926304589009844
8,293,0.8392792341315691
8,297,0.7352779149947568
8,300,0.860446610379301
9,15,0.9912802975672441
9,16,0.9961631953139215
9,18,0.9857344255030723
9,24,0.9944974074750583
9,38,0.996481612069514
9,39,0.9947395213960416
9,44,0.9922301076214909
9,82,0.9909859169845375
9,90,0.9960792815021933
9,97,0.9750444293910582
9,98,0.9956985143998554
9,100,0.9953167101454449
9,104,0.9957296865463358
9,113,0.9910766298198281
9,125,0.9959962301914022
9,126,0.9865120089525892
9,141,0.9894886951210384
9,154,0.9957949618490511
9,155,0.9958262048161672
9,161,0.9943319436106713
9,163,0.9944252347964408
9,170,0.9829953481548666
9,171,0.9820385612890483
9,183,0.9906492640590336
9,191,0.9955860537560274
9,192,0.9915005801648213
9,215,0.9919199433170629
9,228,0.9915205854672479
9,236,0.9864233357395465
9,242,0.9921363249034717
9,246,0.9868225691921232
9,256,0.9835460981642248
9,269,0.9747049039314355
9,280,0.9892540055203894
10,12,0.9981222346394711
10,13,0.9980975750132517
10,31,0.9968910653665712
10,47,0.99839873190514
10,57,0.9977855626823944
10,68,0.9970894824841682
10,91,0.9984444252009322
10,117,0.9981130903839432
10,137,0.9897528359001752
10,157,0.9979431147906498
10,160,0.9982668767167622
10,162,0.9981622123294998
10,164,0.9982749686222714
10,179,0.9982354112049716
10,185,0.9760788947425343
10,189,0.9833609701902915
10,213,0.9947615171553545
10,258,0.9982221507920744
10,260,0.9930772132368799
10,276,0.9959040551219387
11,32,0.9991874801797048
11,49,0.9991305139263911
11,50,0.9991673120526927
11,54,0.9993012518159204
11,71,0.9988935741192305
11,103,0.9991136410437307
11,167,0.9991883014342933
11,209,0.9992853792421287
11,218,0.9991814590528058
11,220,0.9991219606729672
11,253,0.9990930590139373
12,10,0.9981222346394711
12,13,0.9992675029316156
12,19,0.9992518934845845
12,23,0.9980643325890922
12,32,0.9993194531341827
12,47,0.9988486304472269
12,49,0.9992434835775116
12,54,0.9992205121639903
12,56,0.9960276278381205
12,65,0.9986959245327351
12,91,0.9993893138123008
12,103,0.9992795610465681
12,130,0.998425326451864
12,155,0.9982470671382317
12,164,0.9991712887930941
12,168,0.9994628439851153
12,186,0.998896249028964
12,209,0.9992249395564546
12,235,0.9983090190173931
12,250,0.9992694542351963
12,258,0.9990713374756091
13,10,0.9980975750132517
13,12,0.9992675029316156
13,28,0.999188382019334
13,32,0.9992009527064812
13,45,0.996373831605593
13,48,0.9980058790450875
13,49,0.9993629848161135
13,54,0.9992750874978124
13,57,0.998026678682517
13,65,0.9987201812825641
13,70,0.9988783820573414
13,85,0.9985180230566707
13,91,0.9993024427165006
13,92,0.9984871723271699
13,108,0.9989332720279223
13,111,0.9992472966932751
13,155,0.9981611703357147
13,158,0.9990636520486061
13,159,0.9980371056464941
13,160,0.9989889654972024
13,164,0.9991161598866761
13,168,0.9993034823807397
13,186,0.9986434574012834
13,207,0.9980761488257613
13,214,0.9986352141544467
13,235,0.998129314102345
13,250,0.9993165556801995
13,258,0.9992596578547562
13,284,0.998105900705357
14,19,0.9997321238348489
14,28,0.999761946009136
14,32,0.9997528070219047
14,33,0.9998899878098083
14,36,0.999635004837898
14,37,0.9998752509991372
14,40,0.9999332513383539
14,49,0.9995737539505684
14,50,0.999893200247982
14,51,0.9997666888904798
14,52,0.9994041452145745
14,54,0.9996761534778947
14,63,0.9998978550669341
14,91,0.9995264929761581
14,94,0.9994570026784112
14,111,0.9997389255168095
14,147,0.9998803541299713
14,150,0.9997739318850523
14,151,0.9998889312786762
14,152,0.9999143857270887
14,156,0.9997425252947177
14,168,0.9998228398760232
14,172,0.9999152309334487
14,199,0.9999184638117492
14,204,0.9996863605336948
14,209,0.9996603707544889
14,211,0.9998584537632055
14,220,0.9997246689731818
14,231,0.9991092660517701
14,250,0.9997167957496551
14,253,0.9997443280383346
15,9,0.9912802975672441
15,16,0.9908066660197096
15,20,0.9781698503100591
15,53,0.991388257733313
15,64,0.9915426813710192
15,75,0.9778249631478785
15,90,0.9907810394708435
15,98,0.9931597283946112
15,106,0.9848542150711492
15,120,0.9897022272729923
15,127,0.9919680180655013
15,161,0.9918557572993348
15,163,0.9912187224268695
15,170,0.986690675441702
15,196,0.9809485673564906
15,212,0.9907066489251316
15,232,0.9765449178838541
15,238,0.9774823741041221
15,301,0.9831395855589675
16,9,0.9961631953139215
16,15,0.9908066660197096
16,21,0.9852356064768358
16,22,0.9975662497057721
16,24,0.9955225987409598
16,27,0.9979813613360449
16,39,0.9922638971202682
16,41,0.9976128561836558
16,45,0.9965934825792248
16,53,0.9959387075859487
16,59,0.9977108295374194
16,66,0.9893417516097924
16,73,0.9962328970476707
16,88,0.995210014484871
16,90,0.9958920572748946
16,93,0.9962004807755488
16,96,0.9979393217141937
16,98,0.9969210384566141
16,103,0.9976775355612285
16,109,0.9953579673381043
16,113,0.9908251769719403
16,120,0.9884649622994809
16,123,0.9946083377319856
16,124,0.9978087488824403
16,127,0.995892461280685
16,128,0.9975984056305143
16,135,0.9935046146972529
16,140,0.9972766770192646
16,169,0.9944440418274766
16,178,0.9958449648849051
16,191,0.9982446879879452
16,197,0.9912178258275934
16,201,0.9976213091530811
16,212,0.9940431464674828
16,215,0.9927351588938527
16,229,0.9891792618788461
16,276,0.9957667728524442
16,287,0.987205672627674
16,296,0.9970087373423299
17,22,0.9982807053429636
17,23,0.9980890426862729
17,27,0.9989471913595258
17,29,0.9978437953344544
17,41,0.9976184530161383
17,42,0.9990618327558035
17,54,0.998952587396478
17,102,0.9989983201480367
17,110,0.9976582820939915
17,115,0.995398224646523
17,119,0.9988545449462543
17,124,0.9988957557535508
17,154,0.9975409734807905
17,173,0.9991127716458014
17,193,0.996176434055888
17,200,0.9985096800478902
17,202,0.9988815937220785
17,205,0.9972827878846864
17,208,0.997688746486042
17,221,0.9990458166921259
17,223,0.9946556903479956
17,233,0.9961753044561706
17,250,0.9990266289083758
17,252,0.9988733320218258
18,7,0.9243282692330774
18,9,0.9857344255030723
18,24,0.9848317195631717
18,77,0.9182386203457952
18,78,0.9347162569479152
18,101,0.9841117617286073
18,143,0.918840156402094
18,161,0.9837082577572954
18,163,0.9849899504674601
18,169,0.9857980656143551
18,197,0.9863756761843443
18,215,0.9865242096620013
18,240,0.9135167842635786
18,255,0.9852028781551723
18,269,0.9768031941453267
18,278,0.9538113259045404
18,287,0.9834188884774052
19,12,0.9992518934845845
19,14,0.9997321238348489
19,27,0.9993509467471335
19,33,0.9997430370613595
19,36,0.9997903151241875
19,37,0.9997336110131593
19,40,0.9997280717277305
19,46,0.9994352248764449
19,50,0.9996762918410791
19,52,0.9995494663249566
19,67,0.9980821716783256
19,91,0.9994944617370294
19,102,0.9995758121296524
19,116,0.9992466114848537
19,150,0.9998058921117721
19,152,0.9997073852180599
19,153,0.9980772922243563
19,156,0.999787229100057
19,168,0.9996938187102793
19,173,0.9994149638622237
19,181,0.9991755259090832
19,221,0.999302355215176
19,231,0.9990976914377996
19,250,0.9996681508241823
20,15,0.9781698503100591
20,74,0.9774449892539716
20,76,0.9307700523418557
20,98,0.9811510424738463
20,120,0.9775322980257392
20,122,0.9790894795690466
20,169,0.9773416457313626
20,170,0.9792242867120844
20,229,0.9780881313803046
20,236,0.9784535528996716
20,255,0.9803056117461103
20,282,0.9076948821840033
21,16,0.9852356064768358
21,77,0.9297084323122055
21,78,0.9456210345475019
21,82,0.9866691016219916
21,86,0.7765350054040927
21,90,0.98699136226936
21,98,0.9857349744058201
21,146,0.9076478635013961
21,163,0.9880332862201344
21,169,0.9875092483593477
21,171,0.9797329448916227
21,182,0.985833520778047
21,187,0.985672255847194
21,206,0.9478472949219588
21,217,0.9869090614001297
21,224,0.9681632936296989
21,226,0.8698298539557284
21,240,0.9124939532185565
21,266,0.9687540808423392
21,269,0.9728528884701433
21,296,0.9856370752303116
21,301,0.9843258705514403
22,16,0.9975662497057721
22,17,0.9982807053429636
22,27,0.9982266620420899
22,34,0.9973398954766368
22,35,0.9965285937027631
22,38,0.9964488966704724
22,41,0.9977508333664421
22,87,0.9925562341355118
22,88,0.9954862138717603
22,90,0.9953082174864627
22,98,0.9966322583378503
22,109,0.9953255483325859
22,110,0.9975936080460435
22,115,0.9957723767949528
22,124,0.9985664473498563
22,127,0.9959715412390984
22,140,0.9968094860457118
22,190,0.998119919628677
22,191,0.9981837983909861
22,193,0.9956173865964684
22,198,0.9984966849326503
22,200,0.9981156353644739
22,202,0.9981638018196969
22,203,0.9983840776259054
22,205,0.9972903424610153
22,213,0.995343987300916
22,218,0.9985624673118265
22,247,0.9970705925835184
22,276,0.995907328784187
23,12,0.9980643325890922
23,17,0.9980890426862729
23,31,0.9969217938753924
23,39,0.9931508460084874
23,68,0.9969440907785817
23,69,0.9973846595283179
23,118,0.9966406622160185
23,119,0.9981885733085212
23,124,0.9985878882716913
23,128,0.9965457196037878
23,135,0.9940047860793185
23,166,0.9981691508586316
23,179,0.9983093115169586
23,181,0.9980415142812336
23,191,0.998170281988439
23,205,0.996395583349471
23,214,0.9982125493710262
23,242,0.9927221014838314
23,249,0.9969431739768341
23,252,0.9983387424606287
23,254,0.994513835509488
23,260,0.9943479818902292
23,262,0.9873453375991023
24,9,0.9944974074750583
24,16,0.9955225987409598
24,18,0.9848317195631717
24,60,0.9930675447937988
24,105,0.9800666960650831
24,107,0.9949769935405519
24,108,0.9945776855285038
24,130,0.9943935545466169
24,157,0.9943267534512285
24,161,0.9932193500166775
24,163,0.9945433164096228
24,177,0.9905221563644675
24,179,0.9946797428986852
24,183,0.9924122586704668
24,227,0.9928674619102906
24,235,0.9945708540808714
24,238,0.9767894451313525
24,244,0.9956981103495336
24,246,0.9901394738577223
24,287,0.9878455281152501
24,299,0.9892899142288164
25,31,0.9908636091945273
25,53,0.9895923276832002
25,57,0.990145255167065
25,62,0.9715770621520559
25,68,0.9917818007560959
25,108,0.9895945281290373
25,155,0.9908274949364211
25,165,0.9911127566717294
25,187,0.9900510546687419
25,214,0.9903758042962297
25,237,0.9534276533749533
25,246,0.9890829352683899
25,249,0.9896336863410818
25,270,0.9789299335050616
25,283,0.9402028019222278
25,292,0.9487566725464898
26,31,0.9869883096903546
26,38,0.9860525309409649
26,39,0.988547553156633
26,43,0.9878926380954777
26,68,0.9873250172063099
26,100,0.985939101179878
26,104,0.986030954650451
26,169,0.9872090151020632
26,174,0.9873631522062031
26,210,0.9322178346322054
26,260,0.9892025725819873
26,274,0.9342061242682722
26,285,0.9670424814650915
27,16,0.9979813613360449
27,17,0.9989471913595258
27,19,0.9993509467471335
27,22,0.9982266620420899
27,29,0.9978827024549439
27,42,0.9993449233772953
27,43,0.9960575694054469
27,54,0.9994748842510149
27,64,0.9974820153128428
27,67,0.997647344077767
27,69,0.997185510122423
27,71,0.9989919783760814
27,85,0.9983459005756313
27,91,0.9993770977479319
27,95,0.9992490413883405
27,96,0.9984004296455861
27,102,0.9993254480796653
27,117,0.99880291427767
27,119,0.9988557020151858
27,124,0.9992591864427319
27,154,0.9978643076376139
27,160,0.998941297909921
27,166,0.9985881905382378
27,168,0.9994859870730828
27,190,0.998750416701207
27,191,0.998666417746628
27,198,0.9981939101008117
27,200,0.9986475753277486
27,209,0.9994152710822412
27,211,0.9993325327291149
27,244,0.9982130455428637
27,245,0.9966069353944724
27,250,0.9993453837619204
27,252,0.9994562105409803
27,277,0.9973079691436673
28,13,0.999188382019334
28,14,0.999761946009136
28,32,0.9997558585991532
28,33,0.9997489889675315
28,42,0.9995225093331328
28,46,0.9994001322744533
28,49,0.999547193861258
28,54,0.9997609701798587
28,94,0.9995321488001524
28,95,0.9992890609332457
28,103,0.9991992122280475
28,147,0.9997920659986332
28,167,0.9996053742100298
28,199,0.9997107729784636
28,202,0.9989793777984558
28,203,0.9986515088723308
28,204,0.9997111439811553
28,209,0.9996214592989302
28,211,0.9998013447478996
28,218,0.9996541661488257
28,221,0.9993374639303341
28,250,0.9997514495340704
28,252,0.9994710903255514
28,253,0.9998071271659946
28,294,0.9987878940090402
29,17,0.9978437953344544
29,27,0.9978827024549439
29,41,0.9979168355149945
29,48,0.9979463332555358
29,60,0.9928194671933083
29,64,0.9974126979098857
29,82,0.9901775342357789
29,88,0.995809826412879
29,98,0.9965757053579727
29,115,0.9956867252054981
29,124,0.9981035672518903
29,140,0.9972904467970453
29,149,0.9778268733469841
29,159,0.9979986558011277
29,160,0.9982360964225231
29,190,0.998002463231977
29,203,0.9978539207842669
29,212,0.995055997136659
29,244,0.997751068208701
29,254,0.9956961747337527
30,31,0.9882933643887956
30,38,0.9885151024907882
30,69,0.9904496806632919
30,100,0.988116656231963
30,125,0.9870592184642876
30,166,0.9907601109589168
30,223,0.9885826821517276
30,247,0.9874461125741443
30,249,0.9890717442091294
30,256,0.9846159693969123
30,277,0.9895208854486096
31,5,0.9852535728731091
31,10,0.9968910653665712
31,23,0.9969217938753924
31,25,0.9908636091945273
31,26,0.9869883096903546
31,30,0.9882933643887956
31,43,0.9974365244824186
31,47,0.9978201672979442
31,72,0.9944179926399769
31,100,0.9943511282966286
31,108,0.9977638692723125
31,117,0.9968992166421896
31,157,0.9970483653385389
31,164,0.9970620385885625
31,174,0.9910076693912654
31,189,0.9879583447069641
31,214,0.9973616511885017
31,222,0.9940090997532284
31,223,0.9943988428422302
31,228,0.9924337986617626
31,242,0.9933781668660889
31,244,0.9974415983547704
31,249,0.9963396067425965
31,255,0.9905332221090947
32,11,0.9991874801797048
32,12,0.9993194531341827
32,13,0.9992009527064812
32,14,0.9997528070219047
32,28,0.9997558585991532
32,33,0.9997328576033605
32,36,0.9996016500033952
32,42,0.9994079290017714
32,46,0.9994665782630308
32,49,0.9995641891051299
32,50,0.9997070101004807
32,54,0.999663570886149
32,59,0.9991786555878098
32,91,0.999626247474426
32,94,0.9996108461230311
32,102,0.9995240750692852
32,124,0.9991145589001476
32,147,0.9997140239365595
32,156,0.9997210128461748
32,160,0.9989455966471043
32,167,0.99946029656631
32,168,0.9997428698373402
32,173,0.9993937802509812
32,181,0.9989605516564136
32,199,0.9996880167716451
32,200,0.9985252520958179
32,202,0.9990760189599591
32,204,0.9996115295196777
32,211,0.999749022766501
32,218,0.9995175242279797
32,220,0.999665853443714
32,221,0.9993785018730071
32,231,0.9992430296654369
32,250,0.9997175653848013
32,252,0.9995110913882973
32,258,0.9992473710748216
33,14,0.9998899878098083
33,19,0.9997430370613595
33,28,0.9997489889675315
33,32,0.9997328576033605
33,36,0.9997285852537253
33,37,0.9998263208156644
33,40,0.9999100117783101
33,50,0.9997763081328103
33,51,0.9996910425361694
33,52,0.9995993560979018
33,54,0.9996076733280592
33,63,0.9998686844710094
33,111,0.999700162061927
33,147,0.9998725119939302
33,150,0.9997909932175927
33,151,0.9998317386858033
33,152,0.9999117318998595
33,156,0.9997866544115941
33,168,0.9997694029629557
33,172,0.9998985385580803
33,199,0.9999198282706767
33,204,0.9996297568496252
33,211,0.9998891546802432
33,220,0.9997148746263383
33,250,0.9997295576823811
33,253,0.9997190656831544
34,22,0.9973398954766368
34,41,0.9972766320558579
34,44,0.9930284936063853
34,66,0.9919561174086946
34,74,0.9938115734466075
34,75,0.9780430178021863
34,96,0.9972798964735475
34,117,0.9971309549659999
34,119,0.9971168172853343
34,121,0.9891657568588681
34,132,0.9893551850087409
34,135,0.9933083375140805
34,159,0.9972958980629395
34,161,0.9929750395735204
34,170,0.9831832564228964
34,173,0.9970460786011676
34,191,0.9970384770594224
34,203,0.996952164300709
34,212,0.9944046969337871
34,219,0.9928511152738089
34,223,0.9952063474662264
34,233,0.9955534261930831
34,247,0.9969624618562368
35,22,0.9965285937027631
35,41,0.9969550729461598
35,64,0.9961922527243476
35,75,0.9796380218945827
35,87,0.992018931653888
35,96,0.9959659688700522
35,115,0.996403915884435
35,124,0.9963240034766097
35,132,0.9858159362485657
35,148,0.9863524630537189
35,149,0.9798090215752424
35,173,0.995992477182866
35,176,0.9875587762569684
35,190,0.99599536070748
35,203,0.9960712613529472
35,244,0.9959511645225936
36,14,0.999635004837898
36,19,0.9997903151241875
36,32,0.9996016500033952
36,33,0.9997285852537253
36,37,0.9996531232513591
36,40,0.9996642511344844
36,52,0.9995641966654029
36,67,0.997879727793806
36,102,0.9994734810172083
36,116,0.9991787914046207
36,124,0.9993123498172738
36,150,0.999790081847232
36,152,0.9996398411286606
36,153,0.9981244690041764
36,156,0.9996329210911571
36,168,0.9996381983134841
36,173,0.999337017776327
36,181,0.9990241234504221
36,252,0.9994555439978079
37,14,0.9998752509991372
37,19,0.9997336110131593
37,33,0.9998263208156644
37,36,0.9996531232513591
37,40,0.9998693766486281
37,46,0.9993502612924379
37,49,0.9996003804894582
37,50,0.9997629849300942
37,51,0.9997678481150928
37,63,0.9998636687571173
37,111,0.9998050463081127
37,147,0.9997720225999751
37,151,0.9998480426887789
37,152,0.9998381326743417
37,172,0.9998174542463909
37,186,0.998721585800471
37,199,0.9997927364033397
37,220,0.9997115999148668
37,231,0.9990778694979136
37,253,0.9997340982280662
38,9,0.996481612069514
38,22,0.9964488966704724
38,26,0.9860525309409649
38,30,0.9885151024907882
38,39,0.9933509290300888
38,44,0.9946615665366507
38,66,0.9887957805112513
38,74,0.993141271181929
38,96,0.9963274888226668
38,98,0.9967928098733579
38,100,0.9948187728778609
38,104,0.9962109849543774
38,113,0.9910737733606308
38,115,0.9949464378423677
38,118,0.9958850856507386
38,124,0.9963436952033137
38,125,0.9963562281773737
38,126,0.98736777397469
38,127,0.9953896233238962
38,140,0.9963214192644778
38,166,0.9962314877445768
38,169,0.9945790917452071
38,174,0.9923760628616479
38,192,0.9916795038126337
38,194,0.9864208183977252
38,200,0.9965915519088736
38,217,0.9921217125073372
38,219,0.9944934306100413
38,225,0.9901107179094524
38,230,0.9852231029979983
38,255,0.991629648175161
38,256,0.9844039586789252
38,267,0.9928784251241969
38,299,0.9880485735079354
39,5,0.9879970769155251
39,9,0.9947395213960416
39,16,0.9922638971202682
39,23,0.9931508460084874
39,26,0.988547553156633
39,38,0.9933509290300888
39,43,0.9933848474734436
39,100,0.9939363866629366
39,126,0.9870875029960813
39,133,0.9796563479325824
39,141,0.9878022762130859
39,142,0.9914022961234756
39,157,0.9922926601309666
39,170,0.9859689063701795
39,171,0.9826931950523702
39,174,0.992042472170237
39,210,0.9291409300438133
39,234,0.9892425100993588
39,246,0.9863646375836944
39,255,0.9923558600887014
39,256,0.984628395632661
39,257,0.9722746089662736
39,261,0.9925908377643072
39,262,0.987956124879479
39,271,0.9813392674218633
39,274,0.928659294205572
39,275,0.9872318127783557
39,277,0.9928872510973067
39,285,0.9646803410169902
39,286,0.9660211940392787
39,287,0.9886476920015191
39,290,0.9831347288222677
39,298,0.9579014256992617
39,300,0.9644845999893911
40,14,0.9999332513383539
40,19,0.9997280717277305
40,33,0.9999100117783101
40,36,0.9996642511344844
40,37,0.9998693766486281
40,50,0.9997929133750464
40,63,0.9999611179834077
40,111,0.9996715020872362
40,147,0.9998573267021265
40,150,0.9998554387889872
40,151,0.9999613716494252
40,152,0.9999537409423622
40,156,0.999737269647537
40,172,0.9999692579498672
40,199,0.9999450594522381
40,211,0.9998482166625978
41,16,0.9976128561836558
41,17,0.9976184530161383
41,22,0.9977508333664421
41,29,0.9979168355149945
41,34,0.9972766320558579
41,35,0.9969550729461598
41,66,0.9921603077807798
41,74,0.9938421575776034
41,87,0.9918206849477922
41,88,0.9956686435504616
41,96,0.9980310570999269
41,98,0.9969083507065121
41,115,0.9951094868876521
41,117,0.9977023642779537
41,118,0.9961065644920015
41,119,0.9979710673910096
41,122,0.9957104764438556
41,124,0.9980724893384598
41,127,0.9965477959867685
41,140,0.9968100403268623
41,160,0.9979620920226071
41,178,0.9957463523427115
41,190,0.9981858709571836
41,203,0.998022545753485
41,205,0.9966003871208783
41,212,0.9961768660878433
41,213,0.9957619117635241
41,225,0.9902192150474992
41,233,0.9965425708121276
41,247,0.9972925116971288
41,267,0.9915987354336985
41,296,0.9966282914986805
42,17,0.9990618327558035
42,27,0.9993449233772953
42,28,0.9995225093331328
42,32,0.9994079290017714
42,48,0.9980702219660192
42,54,0.9994847004782019
42,59,0.9991420724306278
42,96,0.9984101526550987
42,102,0.9994422659389717
42,107,0.9981907728100843
42,110,0.9975481871622343
42,119,0.9987537778156214
42,198,0.998629509308194
42,203,0.9990246261526605
42,204,0.999468157713467
42,209,0.9994071273441126
42,218,0.9995315515704614
42,221,0.9994242982019284
42,250,0.999430192564521
42,252,0.9994378559837338
42,284,0.9979334823661603
42,294,0.9987889215222334
42,296,0.9964373074448029
43,5,0.9880619016838417
43,26,0.9878926380954777
43,27,0.9960575694054469
43,31,0.9974365244824186
43,39,0.9933848474734436
43,74,0.993028246283518
43,89,0.995970049349055
43,100,0.9955751739365748
43,108,0.996832879426302
43,117,0.9962434798928129
43,141,0.9894744550113316
43,154,0.996576531616434
43,157,0.9965688893964335
43,164,0.9959082711042835
43,166,0.9961861070335234
43,174,0.9926242337840303
43,242,0.9931458762416359
43,244,0.9959831824618469
43,260,0.992960651016987
43,262,0.9869791951935117
43,272,0.9940026787662417
43,299,0.9883410681720384
44,9,0.9922301076214909
44,34,0.9930284936063853
44,38,0.9946615665366507
44,74,0.9925309178531031
44,98,0.9927736096907946
44,115,0.9926806172142681
44,118,0.9940493754187779
44,125,0.9930527630788548
44,133,0.9784086226348607
44,169,0.9935067435915971
44,171,0.9807432996618158
44,217,0.9915438261982691
44,225,0.9914961101907515
44,230,0.9879506273207681
44,247,0.9933108738404912
45,13,0.996373831605593
45,16,0.9965934825792248
45,59,0.9963747376106512
45,103,0.9964935836348557
45,113,0.9912453119701137
45,117,0.9962269842796176
45,137,0.9898662046261496
45,155,0.9961009672286217
45,157,0.9972220063473239
45,185,0.9797561994365351
45,187,0.9966143214411335
45,201,0.9967312518502529
45,207,0.996580649178268
45,222,0.9947181556090738
45,251,0.9956618109260474
46,19,0.9994352248764449
46,28,0.9994001322744533
46,32,0.9994665782630308
46,37,0.9993502612924379
46,47,0.9988161726832702
46,49,0.9994259323961728
46,50,0.9993503256252663
46,69,0.9974471156057373
46,71,0.9990845076805438
46,85,0.998678045251477
46,91,0.9993486180447056
46,108,0.9990003152427296
46,111,0.9993581534085126
46,117,0.9987676252064811
46,153,0.9983041741929086
46,155,0.9983866886812538
46,164,0.9992849280702336
46,166,0.9983075073034574
46,168,0.9993319737100443
46,186,0.9986462807473672
46,231,0.9991454217233247
46,250,0.9993588694878318
47,10,0.99839873190514
47,12,0.9988486304472269
47,31,0.9978201672979442
47,46,0.9988161726832702
47,56,0.9965092590348166
47,57,0.9982349126429085
47,68,0.9969488035322202
47,69,0.9976976649879674
47,72,0.9954066995420414
47,85,0.9984362712525969
47,91,0.9989486102176449
47,94,0.9990528846876395
47,95,0.9988057666605821
47,103,0.9990151766320164
47,108,0.9988379089007563
47,162,0.9989587700024583
47,164,0.9988509688012032
47,214,0.9987478721180892
47,235,0.9981539355882292
47,249,0.9967685136258168
47,252,0.9990262788205428
48,13,0.9980058790450875
48,29,0.9979463332555358
48,42,0.9980702219660192
48,64,0.997503316831076
48,73,0.9963858702666638
48,93,0.9961206235666067
48,95,0.9979621982969121
48,103,0.9979037120747899
48,108,0.9980130799372429
48,109,0.9945091904802152
48,167,0.998166220701415
48,209,0.9984190425923185
48,218,0.9980867338046983
48,221,0.9979614352767254
48,239,0.9894961152473755
48,245,0.9959462698071643
49,11,0.9991305139263911
49,12,0.9992434835775116
49,13,0.9993629848161135
49,14,0.9995737539505684
49,28,0.999547193861258
49,32,0.9995641891051299
49,37,0.9996003804894582
49,46,0.9994259323961728
49,50,0.999498153798365
49,57,0.9976543480747972
49,65,0.9986979046438764
49,85,0.9983347686552954
49,94,0.9995462096276949
49,103,0.9991890569333338
49,147,0.9995188972893612
49,158,0.9990165570902994
49,164,0.9991716271222812
49,168,0.9995257806632786
49,180,0.9993715677043834
49,181,0.9988885278960814
49,186,0.9986677332427304
49,211,0.9995505169555237
49,250,0.9996381777385263
49,258,0.9992478955290315
50,11,0.9991673120526927
50,14,0.999893200247982
50,19,0.9996762918410791
50,32,0.9997070101004807
50,33,0.9997763081328103
50,37,0.9997629849300942
50,40,0.9997929133750464
50,46,0.9993503256252663
50,49,0.999498153798365
50,51,0.9997111766458125
50,94,0.9995224357182304
50,95,0.9992905055584421
50,102,0.9994984628328969
50,111,0.9996891013713671
50,147,0.9997971493636986
50,152,0.9997815489092216
50,156,0.9997245107539147
50,167,0.9994638443454317
50,168,0.9997113245127318
50,180,0.9992184103867217
50,186,0.998958692664263
50,199,0.9997261092543542
50,209,0.9995785870780173
50,211,0.9997602322885
50,220,0.999662969078258
50,221,0.9992938849578632
50,231,0.9990736821789741
50,250,0.9996390736311355
50,253,0.9997210980872488
51,14,0.9997666888904798
51,33,0.9996910425361694
51,37,0.9997678481150928
51,50,0.9997111766458125
51,111,0.9996856231545662
51,147,0.9997410654072488
51,152,0.9997507499600418
51,199,0.9996841008295001
51,211,0.9997014155821358
51,220,0.9997026984514993
51,231,0.9990593540201375
52,14,0.9994041452145745
52,19,0.9995494663249566
52,33,0.9995993560979018
52,36,0.9995641966654029
52,102,0.9994661956709525
52,116,0.999461775978017
52,150,0.9997260777495028
52,153,0.9981447536116008
52,156,0.9996388871935219
52,168,0.9994923315288621
52,202,0.999241926086739
52,211,0.9993867858294971
53,15,0.991388257733313
53,16,0.9959387075859487
53,25,0.9895923276832002
53,59,0.995662105524204
53,64,0.9951282457636039
53,106,0.9826743428084433
53,119,0.9957430071229803
53,141,0.9877417743903727
53,142,0.9901439049863001
53,160,0.9949443948104961
53,161,0.9937556375479839
53,163,0.9948139020139807
53,177,0.9897185078513663
53,179,0.9953830307318174
53,191,0.9963472457985342
53,200,0.9955148182277187
53,235,0.9954606500461227
53,239,0.9881687029942466
53,267,0.9917832072213254
53,270,0.9796773553221589
53,272,0.9936944096318514
53,284,0.9951616957495778
54,11,0.9993012518159204
54,12,0.9992205121639903
54,13,0.9992750874978124
54,14,0.9996761534778947
54,17,0.998952587396478
54,27,0.9994748842510149
54,28,0.9997609701798587
54,32,0.999663570886149
54,33,0.9996076733280592
54,42,0.9994847004782019
54,58,0.9990566344802071
54,59,0.9991578174922331
54,71,0.999015422320666
54,91,0.9995303928358533
54,95,0.9994711273148983
54,96,0.9985570668418579
54,103,0.9992890064856524
54,107,0.9982170837586348
54,130,0.9986727982175648
54,147,0.9996491535077116
54,160,0.9989005568792091
54,162,0.9992105296374764
54,167,0.9995473606149999
54,168,0.9996181752972318
54,180,0.9992966019016649
54,190,0.9987995824373924
54,200,0.9986077811166337
54,201,0.998699688757114
54,209,0.9996202875285451
54,211,0.9997584235108606
54,218,0.9995893562252741
54,221,0.9993184600888473
54,244,0.9981541509331494
54,250,0.9996354193361618
54,252,0.9994825422302149
54,253,0.9996922751858535
54,294,0.9989842846452404
55,60,0.9850956578330862
55,73,0.9876449167439
55,74,0.9849310389293678
55,78,0.9341833449048454
55,89,0.9845501043836613
55,90,0.984831424176272
55,109,0.9867945387565501
55,122,0.985352594441811
55,216,0.9855628439932759
55,222,0.9844568589120377
55,224,0.9712551809442205
55,234,0.9856039061692603
55,237,0.9500721535002203
55,248,0.9288095841350932
56,12,0.9960276278381205
56,47,0.9965092590348166
56,58,0.9960843615653021
56,91,0.9962147230403402
56,98,0.9963872917604235
56,101,0.9954321450936394
56,103,0.9960149518544892
56,108,0.9965738785654278
56,163,0.9944115158457448
56,183,0.989921874667081
56,197,0.9913464534155422
56,214,0.9966245208327745
56,244,0.9965522033671101
56,284,0.9961512056619356
57,10,0.9977855626823944
57,13,0.998026678682517
57,25,0.990145255167065
57,47,0.9982349126429085
57,49,0.9976543480747972
57,58,0.9976728381183958
57,72,0.994657803964082
57,91,0.9976085377958717
57,103,0.9979542540871933
57,158,0.9977255617080669
57,162,0.9976058106799702
57,164,0.9983659360099404
57,165,0.9954382149647941
57,228,0.9907962881992908
58,54,0.9990566344802071
58,56,0.9960843615653021
58,57,0.9976728381183958
58,70,0.9990102470289799
58,91,0.9989842632827354
58,103,0.9991680713640927
58,111,0.9990396514737401
58,130,0.9987537204610392
58,158,0.999350490567831
58,162,0.9993566049434435
58,180,0.9991304345470435
58,201,0.998727877562967
58,207,0.9983789319060079
58,244,0.9982809814000073
58,250,0.9989799610488861
58,253,0.998921816982581
59,16,0.9977108295374194
59,32,0.9991786555878098
59,42,0.9991420724306278
59,45,0.9963747376106512
59,53,0.995662105524204
59,54,0.9991578174922331
59,64,0.9978492081504721
59,73,0.9964238961656436
59,89,0.9965818056914625
59,91,0.999183384974595
59,93,0.9963940790873339
59,96,0.998576207697323
59,102,0.9991183064908022
59,107,0.9985140163783534
59,108,0.9989878453407738
59,110,0.9975899786706212
59,114,0.9959544333720363
59,119,0.9988825032123794
59,124,0.9992114945844127
59,130,0.9987241904413512
59,154,0.9981268226536315
59,155,0.9983035271381163
59,157,0.9980550204999998
59,179,0.9985578974207062
59,193,0.9958279266148594
59,200,0.9985902412199517
59,201,0.9991226881565979
59,208,0.9977502822152509
59,218,0.9991277438574828
59,235,0.9986325484264662
59,244,0.9984674586742434
59,250,0.9991576298736302
59,251,0.9963533767949293
59,252,0.9992364464589056
59,254,0.9944201411731919
59,284,0.9980740063862193
59,291,0.9965712261802327
59,296,0.9971696174717729
60,24,0.9930675447937988
60,29,0.9928194671933083
60,55,0.9850956578330862
60,62,0.9721101983517821
60,101,0.9931192021240994
60,106,0.980939493045587
60,122,0.9925964405089363
60,125,0.9925865312181416
60,133,0.9798048660461727
60,140,0.9931008339353836
60,149,0.9816989453964908
60,159,0.993833988433519
60,179,0.9928699473787604
60,187,0.9923213824831674
60,192,0.9920650483751551
60,216,0.9880492133976417
60,229,0.990363463510056
60,234,0.9889344564217523
60,247,0.9926813446518882
60,270,0.9791149694964197
60,275,0.9855150358518145
61,2,0.451936204020972
61,6,0.6634505676407014
61,7,0.6721247170594619
61,8,0.7016822467715365
61,77,0.6314675514760424
61,79,0.3884592045860657
61,210,0.6684513830342191
61,248,0.6379988663689098
61,264,0.709033112390334
61,265,0.43212258983755725
61,273,0.5060222778861286
61,281,0.6943948956968112
61,288,0.0931410446622651
61,289,0.2106375499698342
61,293,0.6587201353584964
61,295,0.05623580961367779
61,297,0.6288348651457661
62,25,0.9715770621520559
62,60,0.9721101983517821
62,121,0.9719306343873243
62,146,0.9115418737010604
62,163,0.9729298316710181
62,183,0.972976765984596
62,189,0.9720364101652281
62,228,0.9795780348343388
62,229,0.974953499758744
62,234,0.9738102648344932
62,237,0.9569740569302198
62,246,0.9726986491861728
62,268,0.7203053857202261
62,278,0.953990295471753
62,283,0.9154543885430976
62,292,0.9613115322619658
62,293,0.8973879657041948
63,14,0.9998978550669341
63,33,0.9998686844710094
63,37,0.9998636687571173
63,40,0.9999611179834077
63,111,0.9997812791076037
63,147,0.9998592115178753
63,151,0.999979930864105
63,152,0.9999399494864158
63,172,0.9999723410198541
63,199,0.9999196825650997
63,253,0.999718118842959
64,15,0.9915426813710192
64,27,0.9974820153128428
64,29,0.9974126979098857
64,35,0.9961922527243476
64,48,0.997503316831076
64,53,0.9951282457636039
64,59,0.9978492081504721
64,93,0.9964712544812446
64,95,0.9974510276800611
64,160,0.9976852928939586
64,190,0.9976281468523471
64,198,0.9978042952757676
64,201,0.9978062854247666
64,212,0.9949578393959885
64,244,0.9974011059363327
65,12,0.9986959245327351
65,13,0.9987201812825641
65,49,0.9986979046438764
65,70,0.9988609578331074
65,91,0.998972314484434
65,94,0.9988261136817452
65,103,0.9989528015934407
65,111,0.999109908809858
65,158,0.9989812666421566
65,162,0.9987319268934242
65,291,0.9967286090984985
66,16,0.9893417516097924
66,34,0.9919561174086946
66,38,0.9887957805112513
66,41,0.9921603077807798
66,88,0.9897029235964486
66,118,0.9896442484028488
66,127,0.9923610933376575
66,132,0.9873394846229333
66,205,0.9888787079966687
66,208,0.9904234184319163
66,217,0.9895934097190523
67,19,0.9980821716783256
67,27,0.997647344077767
67,36,0.997879727793806
67,116,0.9976336507300148
67,124,0.9980326269397529
67,150,0.997849449818683
67,168,0.997877322965204
67,181,0.9982026489827327
67,250,0.9977819887774766
67,252,0.9979067711597995
68,10,0.9970894824841682
68,23,0.9969440907785817
68,25,0.9917818007560959
68,26,0.9873250172063099
68,47,0.9969488035322202
68,72,0.9948980829594889
68,85,0.9967773661917347
68,119,0.9967405460025338
68,154,0.9969638313767868
68,160,0.9966872571750629
68,174,0.9916018334558978
68,179,0.9974290623657779
68,183,0.9912792033285286
68,189,0.9851733708872322
68,192,0.9907633456519418
68,213,0.9955741560079386
68,214,0.9978182541987786
68,228,0.991459489805056
68,235,0.9974591251093323
68,242,0.9924102123614872
68,254,0.9950548466560823
68,260,0.9931642964522358
68,272,0.9927959634830861
68,299,0.9885715567366544
69,5,0.9862890457679969
69,23,0.9973846595283179
69,27,0.997185510122423
69,30,0.9904496806632919
69,46,0.9974471156057373
69,47,0.9976976649879674
69,85,0.9977269588900121
69,123,0.995169136370836
69,128,0.9965443305733604
69,164,0.9972730508101855
69,181,0.9974322003777676
69,191,0.9975875319851455
69,221,0.9973991104124424
69,252,0.9972704120000772
70,13,0.9988783820573414
70,58,0.9990102470289799
70,65,0.9988609578331074
70,71,0.9988958309430376
70,91,0.9989408082654395
70,92,0.9983297973349478
70,95,0.9988783807455364
70,103,0.9990020027175855
70,130,0.9984314136142564
70,158,0.9991539942206368
70,162,0.9988458158749155
70,200,0.9985373848579489
70,201,0.9986836355177081
70,207,0.9984572307728558
70,214,0.998683379304468
70,253,0.9989594649138877
70,291,0.9969008338346264
71,11,0.9988935741192305
71,27,0.9989919783760814
71,46,0.9990845076805438
71,54,0.999015422320666
71,70,0.9988958309430376
71,89,0.9969433728643681
71,91,0.9990149215626601
71,92,0.9983561527599448
71,94,0.9990205701815443
71,99,0.9967219582262236
71,103,0.9990832523170339
71,137,0.9896168967308412
71,164,0.9989636761685086
71,201,0.998749735731646
71,207,0.9982589361667223
71,209,0.998941643268089
71,245,0.9965593306589732
71,291,0.9966529692352587
72,5,0.9864047073519693
72,31,0.9944179926399769
72,47,0.9954066995420414
72,57,0.994657803964082
72,68,0.9948980829594889
72,85,0.9949365724362407
72,103,0.994413636415158
72,108,0.9945095081142695
72,137,0.9889940612197983
72,164,0.9946800303260186
72,185,0.9756045371091017
72,189,0.9855818542771768
72,214,0.9948520976966676
72,258,0.9944318553758927
73,16,0.9962328970476707
73,48,0.9963858702666638
73,55,0.9876449167439
73,59,0.9964238961656436
73,82,0.9896163536190401
73,96,0.996889474730009
73,109,0.9947414580352086
73,110,0.9962663065375054
73,113,0.9924523198860724
73,119,0.996590049619327
73,122,0.9952465945278601
73,127,0.9954858605526452
73,157,0.996625533725352
73,178,0.9958601768622531
73,197,0.9906841963276313
73,208,0.9962089175988955
73,227,0.9913067774015064
73,229,0.9901114105382932
73,238,0.9772561092454236
73,247,0.9966708411141163
73,296,0.9968508985299745
74,0,0.9751522673542831
74,20,0.9774449892539716
74,34,0.9938115734466075
74,38,0.993141271181929
74,41,0.9938421575776034
74,43,0.993028246283518
74,44,0.9925309178531031
74,55,0.9849310389293678
74,98,0.9931188457351767
74,118,0.9934241672830844
74,125,0.9931620291814682
74,133,0.9807266647467219
74,157,0.9931698780239879
74,169,0.9939028661711924
74,170,0.9829550146860971
74,176,0.9866206014967968
74,230,0.9848637967634892
74,262,0.990285519869508
74,275,0.9850766704821331
74,277,0.9943624060321725
75,15,0.9778249631478785
75,34,0.9780430178021863
75,35,0.9796380218945827
75,76,0.9317694343486881
75,88,0.9777364573386274
75,115,0.985107501484674
75,120,0.9809167453637154
75,233,0.9800903094434629
75,236,0.9799699511096261
75,267,0.9787486060513887
75,301,0.9792193484623678
76,0,0.9177514227704521
76,20,0.9307700523418557
76,75,0.9317694343486881
76,81,0.6600210115216012
76,82,0.9154571304670749
76,86,0.7945883344661419
76,120,0.9298330605965125
76,132,0.930490505434964
76,194,0.918609649002563
76,195,0.9199317725961119
76,229,0.9153729606226668
76,259,0.8236982263495572
76,301,0.9266684215240165
77,18,0.9182386203457952
77,21,0.9297084323122055
77,61,0.6314675514760424
77,80,0.7546379949820852
77,81,0.5997509488828218
77,86,0.7793006229859377
77,105,0.930105233335515
77,120,0.9170792594428112
77,195,0.9276677773317872
77,226,0.8686499753670548
77,227,0.9187145511752056
77,229,0.9214199190552128
77,232,0.9163316405375532
77,266,0.932034925163006
77,281,0.500267665330717
77,301,0.9476053347741049
78,18,0.9347162569479152
78,21,0.9456210345475019
78,55,0.9341833449048454
78,81,0.6098583327241469
78,84,0.8867383246196928
78,86,0.8164294858006402
78,145,0.7465554134290925
78,175,0.8905464576049064
78,177,0.935946794800185
78,197,0.9382126852828244
78,229,0.9415101817670867
78,232,0.9432295739089676
78,236,0.9418127531204136
78,241,0.7173576057531499
78,268,0.6794945890027421
78,286,0.944487690894739
78,301,0.9352644453429396
79,61,0.3884592045860657
79,84,0.25111301519362483
79,175,0.2496624891662474
79,188,0.24341554832551177
79,210,0.2521710309516912
79,264,0.24024606625025507
79,268,0.3425513931024105
79,273,0.27482604011690687
79,283,0.249828473749391
79,288,0.03285901303995244
79,293,0.25704138759379946
80,77,0.7546379949820852
80,83,0.7608349131639842
80,84,0.7453103550569985
80,97,0.764063583927976
80,105,0.7488039942782729
80,143,0.760656927384709
80,145,0.7596211840304212
80,184,0.6309408095674212
80,195,0.7660942261822081
80,196,0.7665966829341463
80,232,0.7550911807352713
81,4,0.6163339971248502
81,76,0.6600210115216012
81,77,0.5997509488828218
81,78,0.6098583327241469
81,83,0.6330211773954479
81,84,0.631007791276598
81,86,0.7292607156252355
81,175,0.6228030978823226
81,206,0.5995291583649077
81,240,0.6192065726638735
82,9,0.9909859169845375
82,21,0.9866691016219916
82,29,0.9901775342357789
82,73,0.9896163536190401
82,76,0.9154571304670749
82,104,0.989406309090021
82,115,0.9887974558269099
82,120,0.9873306843069266
82,127,0.9892466901420802
82,177,0.9890493688292671
82,196,0.9804779292239371
82,212,0.9909127454515105
82,291,0.9889146617222252
82,296,0.9902819169776413
83,80,0.7608349131639842
83,81,0.6330211773954479
83,97,0.897750035218868
83,120,0.8929106515614413
83,171,0.8974421520976792
83,176,0.890046884280201
83,188,0.886278553506095
83,224,0.9181346908748019
83,241,0.7600408794215563
83,266,0.8925346844983413
83,285,0.88412250091251
83,286,0.8934890738504258
83,300,0.9061896296080213
84,78,0.8867383246196928
84,79,0.25111301519362483
84,80,0.7453103550569985
84,81,0.631007791276598
84,86,0.8201815827433073
84,97,0.8952816018235734
84,182,0.9054883586170324
84,195,0.9038154442462276
84,196,0.8839618941769644
84,197,0.8818968402249806
84,225,0.8822213511418767
84,232,0.8868483187371464
84,270,0.88273216394712
84,286,0.8977644357568393
85,13,0.9985180230566707
85,27,0.9983459005756313
85,46,0.998678045251477
85,47,0.9984362712525969
85,49,0.9983347686552954
85,68,0.9967773661917347
85,69,0.9977269588900121
85,72,0.9949365724362407
85,91,0.998559615878691
85,103,0.9985264693463245
85,114,0.9963838312647808
85,164,0.9983973415682191
85,185,0.9766592485219849
85,214,0.9983933340116455
85,235,0.9979811990599985
85,258,0.9983815312715527
85,260,0.9929056154617131
85,291,0.9969480598765316
86,21,0.7765350054040927
86,76,0.7945883344661419
86,77,0.7793006229859377
86,78,0.8164294858006402
86,81,0.7292607156252355
86,84,0.8201815827433073
86,194,0.774124867085627
86,196,0.7989044753363908
86,206,0.8112631351631778
86,226,0.8019291319001733
86,243,0.5269082726809999
86,301,0.7795739797951717
87,22,0.9925562341355118
87,35,0.992018931653888
87,41,0.9918206849477922
87,112,0.992357833756657
87,118,0.9919436113435052
87,190,0.9934082982715304
87,202,0.9928563061297088
87,203,0.9934031766955047
87,208,0.9923492907969654
87,233,0.992229610126623
88,16,0.995210014484871
88,22,0.9954862138717603
88,29,0.995809826412879
88,41,0.9956686435504616
88,66,0.9897029235964486
88,75,0.9777364573386274
88,96,0.9958206135975592
88,110,0.9953454531912391
88,117,0.9958331803319296
88,119,0.9953964672845474
88,120,0.987107459203383
88,133,0.9813710562216461
88,149,0.9804829740307806
88,169,0.9944916607717285
88,247,0.9957943183463723
88,267,0.9925911172873084
88,277,0.9951241662642057
89,43,0.995970049349055
89,55,0.9845501043836613
89,59,0.9965818056914625
89,71,0.9969433728643681
89,108,0.9970762834604706
89,119,0.9970802585565132
89,121,0.9892988632348406
89,122,0.9951039247515763
89,126,0.9864062270763091
89,141,0.9898936203243316
89,155,0.9965573843496824
89,179,0.9972263292054342
89,189,0.9828548199561759
89,214,0.9963792135509117
89,216,0.9887545342368277
89,228,0.9912826842919242
89,235,0.9962630857439706
89,244,0.9970259274466
89,247,0.9973745211012432
90,9,0.9960792815021933
90,15,0.9907810394708435
90,16,0.9958920572748946
90,21,0.98699136226936
90,22,0.9953082174864627
90,55,0.984831424176272
90,119,0.9953113780186353
90,125,0.9954394361325457
90,133,0.9780368432801901
90,135,0.9939816648035192
90,140,0.9954358009015136
90,155,0.9954178744879936
90,163,0.9943562037758047
90,169,0.9956263022225949
90,174,0.9921937317344499
90,176,0.9885371483612554
90,179,0.9957642777714893
90,182,0.9859110252321128
90,191,0.9957396647992881
90,217,0.9938789120582198
90,225,0.9902004942067512
90,229,0.9894482176292714
90,234,0.9903635072790957
90,260,0.9924531316897113
90,299,0.9891506814286629
91,10,0.9984444252009322
91,12,0.9993893138123008
91,13,0.9993024427165006
91,14,0.9995264929761581
91,19,0.9994944617370294
91,27,0.9993770977479319
91,32,0.999626247474426
91,46,0.9993486180447056
91,47,0.9989486102176449
91,54,0.9995303928358533
91,56,0.9962147230403402
91,57,0.9976085377958717
91,58,0.9989842632827354
91,59,0.999183384974595
91,65,0.998972314484434
91,70,0.9989408082654395
91,71,0.9990149215626601
91,85,0.998559615878691
91,92,0.9983361974834896
91,94,0.9995242229172471
91,95,0.9992552157269241
91,103,0.999280602281664
91,108,0.9992294962706711
91,111,0.9995258998197141
91,112,0.9977159295101437
91,117,0.9987348917396495
91,119,0.9989134207839986
91,130,0.998473243800232
91,154,0.9974559080991036
91,155,0.9981955790230792
91,160,0.9990637975317204
91,162,0.9994281352445715
91,164,0.9993972842126794
91,168,0.9995795619151142
91,180,0.9992851083608308
91,209,0.9994766507265073
91,214,0.9987623471750801
91,231,0.9991059999176298
91,250,0.9995678586674615
91,253,0.9994642987964674
91,294,0.9986843663692175
92,13,0.9984871723271699
92,70,0.9983297973349478
92,71,0.9983561527599448
92,91,0.9983361974834896
92,99,0.997284752270242
92,103,0.9984054572325042
92,123,0.99456777211425
92,167,0.9984679215641565
92,186,0.9986339388155561
92,191,0.9982273534662074
92,207,0.9986487611782267
92,209,0.9985040146217017
92,245,0.9961537701858896
92,251,0.9958545726353242
92,252,0.9983121081596035
92,261,0.9958058315348186
92,284,0.9980071488485415
93,16,0.9962004807755488
93,48,0.9961206235666067
93,59,0.9963940790873339
93,64,0.9964712544812446
93,96,0.9960324351798611
93,99,0.9966328806812792
93,103,0.996702508496888
93,130,0.9962304803943549
93,148,0.9865914347182525
93,197,0.9919431743530311
93,207,0.9963397124397132
93,227,0.9909617077402845
93,251,0.9964981633949171
94,14,0.9994570026784112
94,28,0.9995321488001524
94,32,0.9996108461230311
94,47,0.9990528846876395
94,49,0.9995462096276949
94,50,0.9995224357182304
94,65,0.9988261136817452
94,71,0.9990205701815443
94,91,0.9995242229172471
94,95,0.9992406937441656
94,103,0.9993685610353756
94,158,0.9989666597078457
94,162,0.9994716115344302
94,164,0.9992599912874343
94,168,0.9995631272914198
94,180,0.9994064719953808
94,186,0.9986613435885927
94,214,0.99893207967663
94,235,0.9981009802956858
94,250,0.9995754016542011
94,252,0.9994315228053201
94,258,0.9990349033415994
95,27,0.9992490413883405
95,28,0.9992890609332457
95,47,0.9988057666605821
95,48,0.9979621982969121
95,50,0.9992905055584421
95,54,0.9994711273148983
95,64,0.9974510276800611
95,70,0.9988783807455364
95,91,0.9992552157269241
95,94,0.9992406937441656
95,107,0.9982553506195163
95,111,0.9992456546773353
95,119,0.9988079226530681
95,179,0.9983191960384952
95,190,0.9986862809375925
95,200,0.9986799270737912
95,201,0.9986890836707865
95,209,0.9991693083627149
95,244,0.998108206090588
95,245,0.9963607991581244
95,250,0.9991782633412811
95,253,0.999164986610201
95,284,0.9980909329653631
96,16,0.9979393217141937
96,27,0.9984004296455861
96,34,0.9972798964735475
96,35,0.9959659688700522
96,38,0.9963274888226668
96,41,0.9980310570999269
96,42,0.9984101526550987
96,54,0.9985570668418579
96,59,0.998576207697323
96,73,0.996889474730009
96,88,0.9958206135975592
96,93,0.9960324351798611
96,99,0.9965655175886001
96,101,0.9950302869530137
96,104,0.9963075988666966
96,107,0.9981206005424654
96,119,0.998379969342811
96,124,0.9986733656129718
96,140,0.9973320956318151
96,157,0.9984849808156556
96,173,0.9983937087917298
96,178,0.9963211648608634
96,179,0.9983475130444018
96,187,0.9965312187844453
96,191,0.9983862493346223
96,193,0.9956306891354387
96,197,0.9912075071898273
96,200,0.9989239549076746
96,247,0.9974333050433615
96,249,0.9973244401274608
96,254,0.9945212736151329
96,276,0.9963208676441401
96,296,0.9962347529819037
97,9,0.9750444293910582
97,80,0.764063583927976
97,83,0.897750035218868
97,84,0.8952816018235734
97,113,0.9781027582035561
97,146,0.9151931916810266
97,176,0.9750619925808058
97,177,0.9771191551725428
97,182,0.9766725781965166
97,187,0.9766808908797949
97,192,0.9776542446338522
97,197,0.9805364559874055
97,225,0.975344064808917
97,254,0.9775819055413556
97,269,0.9738521768704047
98,9,0.9956985143998554
98,15,0.9931597283946112
98,16,0.9969210384566141
98,20,0.9811510424738463
98,21,0.9857349744058201
98,22,0.9966322583378503
98,29,0.9965757053579727
98,38,0.9967928098733579
98,41,0.9969083507065121
98,44,0.9927736096907946
98,56,0.9963872917604235
98,74,0.9931188457351767
98,100,0.9947267636344571
98,106,0.9820443896711476
98,115,0.9951232997208501
98,119,0.9970189855511762
98,120,0.9886507500215092
98,127,0.9956637092835591
98,135,0.9938007887595082
98,140,0.9967987587008927
98,142,0.9893259189569544
98,159,0.9965088772149575
98,161,0.9929503648862369
98,163,0.9956574847135856
98,169,0.9948815147089292
98,178,0.9954400617152939
98,182,0.9871881126140706
98,192,0.9903268741359781
98,194,0.9845465307334041
98,198,0.9964080456728404
98,212,0.9948311191666054
98,217,0.9917412557297859
98,225,0.9917829078797432
98,230,0.9827887299647337
98,244,0.9964683078214355
98,251,0.9955812720432075
98,255,0.9913816026791523
98,267,0.9923246273153532
98,272,0.9925812328007021
98,287,0.9865105578120844
98,301,0.9816140904858197
99,71,0.9967219582262236
99,92,0.997284752270242
99,93,0.9966328806812792
99,96,0.9965655175886001
99,108,0.9965219246014216
99,117,0.9966305658368059
99,155,0.9964675821787186
99,164,0.9965399094861075
99,165,0.996386505572791
99,178,0.9963119775040135
99,207,0.9973099663739059
99,222,0.9937550195681745
99,239,0.990059846122451
99,251,0.9955632501642622
99,284,0.9972773291002742
100,5,0.9855942205686152
100,9,0.9953167101454449
100,26,0.985939101179878
100,30,0.988116656231963
100,31,0.9943511282966286
100,38,0.9948187728778609
100,39,0.9939363866629366
100,43,0.9955751739365748
100,98,0.9947267636344571
100,104,0.9952278510040488
100,112,0.9943415795008884
100,121,0.9907038452553661
100,125,0.9944871107223751
100,126,0.9862455430859269
100,133,0.977663583811761
100,141,0.988146131007945
100,174,0.9911343458748387
100,183,0.9890968340974001
100,189,0.9853631998050261
100,195,0.9755087216861116
100,196,0.9804891495891509
100,236,0.9881622493434018
100,255,0.9905887714986179
100,261,0.9944850313436061
100,262,0.9894368069809678
100,275,0.9860319639344434
100,277,0.9943565942787291
100,299,0.9896938941409479
101,18,0.9841117617286073
101,56,0.9954321450936394
101,60,0.9931192021240994
101,96,0.9950302869530137
101,110,0.9951311534272901
101,122,0.9947282543220418
101,140,0.9948652407420747
101,157,0.9952009728941013
101,177,0.9892308872640869
101,182,0.9878830898917302
101,191,0.9950196817207777
101,197,0.9924641261935538
101,217,0.9921822418445831
101,228,0.9903397757990368
101,229,0.9907094624505017
101,232,0.9714091247568555
101,238,0.9766152589560839
101,244,0.9953924932830377
101,247,0.9949982165735896
101,296,0.995066097887685
102,17,0.9989983201480367
102,19,0.9995758121296524
102,27,0.9993254480796653
102,32,0.9995240750692852
102,36,0.9994734810172083
102,42,0.9994422659389717
102,50,0.9994984628328969
102,52,0.9994661956709525
102,59,0.9991183064908022
102,124,0.9993184461943682
102,150,0.9996211639237262
102,153,0.9979175183798703
102,156,0.9995714412577025
102,168,0.9995038751581278
102,173,0.9995402973184092
102,181,0.9988694537902021
102,198,0.9981864789683483
102,202,0.9991083009488569
102,203,0.9987674912682124
102,209,0.9995330604646426
102,250,0.9995903257930966
103,11,0.9991136410437307
103,12,0.9992795610465681
103,16,0.9976775355612285
103,28,0.9991992122280475
103,45,0.9964935836348557
103,47,0.9990151766320164
103,48,0.9979037120747899
103,49,0.9991890569333338
103,54,0.9992890064856524
103,56,0.9960149518544892
103,57,0.9979542540871933
103,58,0.9991680713640927
103,65,0.9989528015934407
103,70,0.9990020027175855
103,71,0.9990832523170339
103,72,0.994413636415158
103,85,0.9985264693463245
103,91,0.999280602281664
103,92,0.9984054572325042
103,93,0.996702508496888
103,94,0.9993685610353756
103,108,0.9990289325751806
103,111,0.9992398749033918
103,158,0.9990455552360171
103,162,0.9992125818665103
103,164,0.9990780995726818
103,180,0.9991847191849121
103,201,0.998851075626903
103,207,0.9983876132093109
103,214,0.9987137237184867
103,235,0.9982004005378418
103,244,0.9982369375785014
103,250,0.9991916189429931
103,253,0.999191656639046
103,258,0.9990860190987519
103,284,0.9979517852532935
103,291,0.9965663551091025
104,9,0.9957296865463358
104,26,0.986030954650451
104,38,0.9962109849543774
104,82,0.989406309090021
104,96,0.9963075988666966
104,100,0.9952278510040488
104,108,0.9960505511042848
104,113,0.9915036421845611
104,142,0.9888245186237552
104,155,0.9961955247790831
104,163,0.9944253069886129
104,166,0.9962172248282924
104,179,0.99607852836761
104,191,0.9960819172816101
104,214,0.9965836967500261
104,216,0.9867558812997341
104,228,0.9921885143938424
104,244,0.9960771490882468
104,247,0.9960866699690564
104,276,0.995133357111812
105,24,0.9800666960650831
105,77,0.930105233335515
105,80,0.7488039942782729
105,109,0.9805789930110488
105,121,0.9801942735056112
105,146,0.9092848080695123
105,177,0.9806732770135049
105,187,0.9805462606679494
105,195,0.9741040606920977
105,197,0.9817648192657213
105,215,0.9836402467971246
105,227,0.9851455582080043
105,229,0.979368984754942
105,232,0.9754981710684663
105,239,0.9807515096835926
106,15,0.9848542150711492
106,53,0.9826743428084433
106,60,0.980939493045587
106,98,0.9820443896711476
106,120,0.9819045165323239
106,161,0.9827406859984127
106,163,0.9810487588890464
106,169,0.9813519788825141
106,206,0.9450000885812874
106,232,0.9784662626625417
106,239,0.981392119951144
106,240,0.933971114650347
106,266,0.9667408129972929
106,269,0.9765072136272901
106,301,0.9809397281079956
107,24,0.9949769935405519
107,42,0.9981907728100843
107,54,0.9982170837586348
107,59,0.9985140163783534
107,95,0.9982553506195163
107,96,0.9981206005424654
107,108,0.9981916504651356
107,137,0.9895589625945528
107,157,0.9979992553823469
107,160,0.9981112027957194
107,179,0.9982708801419962
107,187,0.996959376582032
107,201,0.9986446847945964
107,218,0.998299512782917
107,227,0.9900824958309767
108,13,0.9989332720279223
108,24,0.9945776855285038
108,25,0.9895945281290373
108,31,0.9977638692723125
108,43,0.996832879426302
108,46,0.9990003152427296
108,47,0.9988379089007563
108,48,0.9980130799372429
108,56,0.9965738785654278
108,59,0.9989878453407738
108,72,0.9945095081142695
108,89,0.9970762834604706
108,91,0.9992294962706711
108,99,0.9965219246014216
108,103,0.9990289325751806
108,104,0.9960505511042848
108,107,0.9981916504651356
108,122,0.9952848680090886
108,125,0.9964742833499226
108,128,0.9965384316540433
108,154,0.9978437948318813
108,155,0.9982136726791309
108,157,0.998018016953049
108,160,0.9988985097253629
108,162,0.9992061967741417
108,166,0.9987371232331614
108,191,0.998439008021991
108,209,0.9988434262081508
108,214,0.9988642911600186
108,222,0.9938675462028136
108,223,0.9944624064207708
108,249,0.99679507067622
108,261,0.9958501794293375
108,284,0.9980637997398614
109,16,0.9953579673381043
109,22,0.9953255483325859
109,48,0.9945091904802152
109,55,0.9867945387565501
109,73,0.9947414580352086
109,105,0.9805789930110488
109,110,0.9953397410028952
109,112,0.9947321360035632
109,119,0.9952008366319154
109,121,0.9915874774716354
109,140,0.9947006756188013
109,142,0.990596756698294
109,149,0.9793190339990095
109,154,0.994556722344325
109,197,0.9913421084834738
109,224,0.9680594405806625
109,236,0.9878276657195794
109,249,0.9954004724300413
109,287,0.9861473930283217
110,17,0.9976582820939915
110,22,0.9975936080460435
110,42,0.9975481871622343
110,59,0.9975899786706212
110,73,0.9962663065375054
110,88,0.9953454531912391
110,101,0.9951311534272901
110,109,0.9953397410028952
110,117,0.9973915405702366
110,119,0.9976329804852004
110,122,0.99529743647747
110,124,0.997799139428997
110,148,0.9875945632938776
110,173,0.9979327314304706
110,190,0.9979764161330189
110,193,0.9962392183760066
110,202,0.9974117128227314
110,247,0.9971514158894287
110,276,0.995833767248789
111,13,0.9992472966932751
111,14,0.9997389255168095
111,33,0.999700162061927
111,37,0.9998050463081127
111,40,0.9996715020872362
111,46,0.9993581534085126
111,50,0.9996891013713671
111,51,0.9996856231545662
111,58,0.9990396514737401
111,63,0.9997812791076037
111,65,0.999109908809858
111,91,0.9995258998197141
111,95,0.9992456546773353
111,103,0.9992398749033918
111,147,0.9996424462447617
111,151,0.9997128515558689
111,152,0.9997489756434972
111,158,0.999108011544761
111,180,0.9994921242320642
111,231,0.9991991068921945
111,258,0.9990760233064513
112,87,0.992357833756657
112,91,0.9977159295101437
112,100,0.9943415795008884
112,109,0.9947321360035632
112,117,0.9977128598905128
112,119,0.9977847839478017
112,124,0.9978862077601903
112,125,0.9970029513629688
112,128,0.9967950895201462
112,155,0.9977770946715181
112,159,0.9979149235243282
112,160,0.998213736014009
112,164,0.9978481946825334
112,165,0.9950269751918969
112,181,0.997847539395351
112,200,0.997722328002176
112,233,0.9958154433708827
113,9,0.9910766298198281
113,16,0.9908251769719403
113,38,0.9910737733606308
113,45,0.9912453119701137
113,73,0.9924523198860724
113,97,0.9781027582035561
113,104,0.9915036421845611
113,114,0.991985981197767
113,157,0.9908190185267193
113,187,0.9915394275922926
113,224,0.9703546624989875
113,225,0.9905934431513844
113,246,0.9862305646959019
113,276,0.991631893566481
113,298,0.9626640257848298
114,59,0.9959544333720363
114,85,0.9963838312647808
114,113,0.991985981197767
114,124,0.9958950397080658
114,155,0.9964524122419256
114,166,0.9958667629763591
114,179,0.995801876168815
114,200,0.9960281680009686
114,201,0.9959850843723431
114,207,0.9961590143482658
114,214,0.9959116407814036
114,215,0.9913156047503547
114,228,0.9907112687272882
115,17,0.995398224646523
115,22,0.9957723767949528
115,29,0.9956867252054981
115,35,0.996403915884435
115,38,0.9949464378423677
115,41,0.9951094868876521
115,44,0.9926806172142681
115,75,0.985107501484674
115,82,0.9887974558269099
115,98,0.9951232997208501
115,124,0.995000047115486
115,132,0.9871267939560205
115,148,0.9867022405063978
115,203,0.9958625516610375
115,212,0.9941012431647479
115,233,0.9961237664962083
116,19,0.9992466114848537
116,36,0.9991787914046207
116,52,0.999461775978017
116,67,0.9976336507300148
116,150,0.9993162269844768
116,156,0.9992080481199346
116,168,0.9990516893130976
116,173,0.9994137419264802
116,190,0.9986898520264941
116,198,0.9981659920679921
116,203,0.9990051237221982
116,204,0.9993139508791505
116,220,0.9991382576895437
116,250,0.9991460549605652
117,10,0.9981130903839432
117,27,0.99880291427767
117,31,0.9968992166421896
117,34,0.9971309549659999
117,41,0.9977023642779537
117,43,0.9962434798928129
117,45,0.9962269842796176
117,46,0.9987676252064811
117,88,0.9958331803319296
117,91,0.9987348917396495
117,99,0.9966305658368059
117,110,0.9973915405702366
117,112,0.9977128598905128
117,118,0.9963331776929275
117,119,0.9986789903178515
117,157,0.998319167042307
117,160,0.9986861436385491
117,162,0.9986208526238821
117,164,0.9985504391121344
117,168,0.9985942763857234
117,178,0.9954605222925039
117,213,0.9947869174538846
117,247,0.997269384907859
117,250,0.9985641453104338
117,252,0.9985368222286266
117,276,0.9952050490747624
118,23,0.9966406622160185
118,38,0.9958850856507386
118,41,0.9961065644920015
118,44,0.9940493754187779
118,66,0.9896442484028488
118,74,0.9934241672830844
118,87,0.9919436113435052
118,117,0.9963331776929275
118,119,0.9959106870122684
118,120,0.9867882713743783
118,123,0.9951673825888484
118,124,0.996085526374434
118,132,0.9864909105576897
118,133,0.9783727883453589
118,149,0.9824247224446373
118,154,0.9959755806251165
118,181,0.9959537201308492
118,219,0.9936151314551794
118,225,0.9908819177554331
118,247,0.995978911635612
118,262,0.9886484337853454
118,277,0.9973842449008716
119,17,0.9988545449462543
119,23,0.9981885733085212
119,27,0.9988557020151858
119,34,0.9971168172853343
119,41,0.9979710673910096
119,42,0.9987537778156214
119,53,0.9957430071229803
119,59,0.9988825032123794
119,68,0.9967405460025338
119,73,0.996590049619327
119,88,0.9953964672845474
119,89,0.9970802585565132
119,90,0.9953113780186353
119,91,0.9989134207839986
119,95,0.9988079226530681
119,96,0.998379969342811
119,98,0.9970189855511762
119,109,0.9952008366319154
119,110,0.9976329804852004
119,112,0.9977847839478017
119,117,0.9986789903178515
119,118,0.9959106870122684
119,124,0.9989400167648802
119,125,0.9965244658993717
119,128,0.9966896993343533
119,135,0.9936523852121589
119,140,0.9969477633017082
119,157,0.9979760280962807
119,160,0.998742403724457
119,173,0.9986236289950431
119,179,0.9983503123714775
119,187,0.9961410533511508
119,191,0.9982179663082681
119,208,0.9979367752949366
119,213,0.9947211757649386
119,233,0.9952844272266274
119,277,0.9968212171195322
120,4,0.8718387866234529
120,15,0.9897022272729923
120,16,0.9884649622994809
120,20,0.9775322980257392
120,75,0.9809167453637154
120,76,0.9298330605965125
120,77,0.9170792594428112
120,82,0.9873306843069266
120,83,0.8929106515614413
120,88,0.987107459203383
120,98,0.9886507500215092
120,106,0.9819045165323239
120,118,0.9867882713743783
120,127,0.9884839755458777
120,136,0.9093384509960902
120,170,0.9871594237933604
120,178,0.9867051799290584
120,194,0.9878497998456046
120,196,0.9822407272254018
120,206,0.9382020154609978
120,248,0.939401270260653
120,263,0.9401806784688161
120,301,0.985529587473311
121,34,0.9891657568588681
121,62,0.9719306343873243
121,89,0.9892988632348406
121,100,0.9907038452553661
121,105,0.9801942735056112
121,109,0.9915874774716354
121,122,0.9892497619723377
121,125,0.990648255864766
121,159,0.9895423728129904
121,163,0.9924842239351345
121,169,0.9905895428073083
121,261,0.9914931334979357
121,283,0.9180950092796664
122,20,0.9790894795690466
122,41,0.9957104764438556
122,55,0.985352594441811
122,60,0.9925964405089363
122,73,0.9952465945278601
122,89,0.9951039247515763
122,101,0.9947282543220418
122,108,0.9952848680090886
122,110,0.99529743647747
122,121,0.9892497619723377
122,125,0.995987135925494
122,141,0.9892448919611024
122,159,0.9956906779988931
122,170,0.9830242004103017
122,187,0.9955642082334624
122,192,0.9924200931647607
122,216,0.9880863746232929
122,223,0.9945539622222125
122,236,0.9870871488009745
122,244,0.9954985539305146
122,247,0.9959869332554113
122,255,0.9904671956820171
122,256,0.9837149555394411
122,275,0.9869251155957659
123,16,0.9946083377319856
123,69,0.995169136370836
123,92,0.99456777211425
123,118,0.9951673825888484
123,166,0.9951420982454295
123,179,0.9950730823712021
123,191,0.9949117818488038
123,247,0.9946948853168227
123,249,0.99468915567409
123,284,0.9949630079328949
124,16,0.9978087488824403
124,17,0.9988957557535508
124,22,0.9985664473498563
124,23,0.9985878882716913
124,27,0.9992591864427319
124,29,0.9981035672518903
124,32,0.9991145589001476
124,35,0.9963240034766097
124,36,0.9993123498172738
124,38,0.9963436952033137
124,41,0.9980724893384598
124,59,0.9992114945844127
124,67,0.9980326269397529
124,96,0.9986733656129718
124,102,0.9993184461943682
124,110,0.997799139428997
124,112,0.9978862077601903
124,114,0.9958950397080658
124,115,0.995000047115486
124,118,0.996085526374434
124,119,0.9989400167648802
124,154,0.9974602562591707
124,160,0.9990398515647202
124,166,0.9991141167786098
124,168,0.9991693401287811
124,173,0.9991239403533011
124,200,0.9984562401584085
124,202,0.9990411171198621
124,203,0.9986447772956174
124,205,0.996771008750223
124,223,0.9947190043555101
124,244,0.9983174543096163
124,247,0.9972209307591328
124,250,0.9991524600940243
124,252,0.9991883484182154
124,277,0.9970261228232831
125,9,0.9959962301914022
125,30,0.9870592184642876
125,38,0.9963562281773737
125,44,0.9930527630788548
125,60,0.9925865312181416
125,74,0.9931620291814682
125,90,0.9954394361325457
125,100,0.9944871107223751
125,108,0.9964742833499226
125,112,0.9970029513629688
125,119,0.9965244658993717
125,121,0.990648255864766
125,122,0.995987135925494
125,128,0.9963356276365989
125,140,0.9964731162536548
125,157,0.996960170181608
125,159,0.9971328971753401
125,165,0.9949584262496168
125,169,0.9954707522312625
125,176,0.9896939935396204
125,179,0.9963645960618879
125,187,0.9959977457646854
125,200,0.996732307021961
125,216,0.9863778451488482
125,223,0.9949625569744998
125,267,0.9923105263729999
125,272,0.9926458629967814
125,299,0.9884401438186987
126,9,0.9865120089525892
126,38,0.98736777397469
126,39,0.9870875029960813
126,89,0.9864062270763091
126,100,0.9862455430859269
126,169,0.9884729721662683
126,174,0.9880320748540398
126,189,0.986517843248428
126,237,0.953668342662161
126,246,0.9874647967297181
126,255,0.9873401713479663
126,257,0.9662038501569767
126,278,0.9524691529090583
126,283,0.925732584957939
126,285,0.9671625137145915
126,286,0.9690418718973733
126,290,0.9787831741437173
126,292,0.9533517890380203
127,15,0.9919680180655013
127,16,0.995892461280685
127,22,0.9959715412390984
127,38,0.9953896233238962
127,41,0.9965477959867685
127,66,0.9923610933376575
127,73,0.9954858605526452
127,82,0.9892466901420802
127,98,0.9956637092835591
127,120,0.9884839755458777
127,132,0.9866195625113119
127,140,0.9974189092004585
127,148,0.9895978018413254
127,157,0.995506907518552
127,171,0.9813334151047663
127,191,0.9953886013447427
127,194,0.9856514719289626
127,238,0.9771111577452017
127,239,0.9875914593427814
127,296,0.9953895292663217
128,16,0.9975984056305143
128,23,0.9965457196037878
128,69,0.9965443305733604
128,108,0.9965384316540433
128,112,0.9967950895201462
128,119,0.9966896993343533
128,125,0.9963356276365989
128,157,0.9975799313176282
128,159,0.9967430565551385
128,164,0.9965777035885031
128,169,0.9951770052677906
128,191,0.998018723942379
128,261,0.995881366472432
128,267,0.9914979740461926
129,1,0.5174940103650025
129,3,0.7337990242576716
129,4,0.769371415106168
129,7,0.7368717754550829
129,136,0.7443327873511068
129,138,0.2650343612115198
129,143,0.7823427562011865
129,145,0.7362194428914038
129,184,0.5871785609200487
129,206,0.78535888501186
129,226,0.7243064328728722
129,232,0.7440860453349559
129,240,0.7520186204825151
130,12,0.998425326451864
130,24,0.9943935545466169
130,54,0.9986727982175648
130,58,0.9987537204610392
130,59,0.9987241904413512
130,70,0.9984314136142564
130,91,0.998473243800232
130,93,0.9962304803943549
130,162,0.9986871487803796
130,164,0.9987053397491803
130,165,0.9952799871936202
130,201,0.9984642290577709
130,207,0.9981842990657237
130,209,0.998559226203205
130,235,0.9980166552071945
130,245,0.9960802905666922
130,261,0.9955896502838246
131,3,0.5624077649854141
131,4,0.5400183294495806
131,6,0.568209787296683
131,134,0.5722488964845914
131,136,0.5899679358886893
131,143,0.5020924574570782
131,144,0.5870499548688217
131,175,0.6062382084847295
131,206,0.5551252536218275
131,295,0.0662704142416866
131,297,0.5303743874766599
132,0,0.9739615723139713
132,34,0.9893551850087409
132,35,0.9858159362485657
132,66,0.9873394846229333
132,76,0.930490505434964
132,115,0.9871267939560205
132,118,0.9864909105576897
132,127,0.9866195625113119
132,133,0.9777856849770272
132,169,0.986163696149611
132,170,0.9861740280320588
132,212,0.9850275090726517
132,219,0.9882227316142344
133,39,0.9796563479325824
133,44,0.9784086226348607
133,60,0.9798048660461727
133,74,0.9807266647467219
133,88,0.9813710562216461
133,90,0.9780368432801901
133,100,0.977663583811761
133,118,0.9783727883453589
133,132,0.9777856849770272
133,255,0.9792680399694806
133,300,0.9657216956569248
134,1,0.5219203146945834
134,7,0.8594797426212181
134,131,0.5722488964845914
134,136,0.8750214945337889
134,143,0.8661208888986139
134,171,0.890849594680661
134,184,0.6019298086207492
134,206,0.8638446378431538
134,240,0.8748124564298132
134,243,0.5136034363485048
134,264,0.7082156231829929
134,266,0.8930083790343352
134,279,0.7436298902246684
134,285,0.877954100735423
134,297,0.7625049549485481
134,298,0.8645926126385336
134,300,0.8815410041842638
135,16,0.9935046146972529
135,23,0.9940047860793185
135,34,0.9933083375140805
135,90,0.9939816648035192
135,98,0.9938007887595082
135,119,0.9936523852121589
135,141,0.9875064719253968
135,179,0.9936893694997405
135,191,0.9947321842361635
135,207,0.9932239121548533
135,256,0.9855026874778295
135,284,0.9934560479154109
136,0,0.9246926589787702
136,4,0.9051416662286149
136,6,0.8184652172792443
136,120,0.9093384509960902
136,129,0.7443327873511068
136,131,0.5899679358886893
136,134,0.8750214945337889
136,171,0.9387212919514522
136,176,0.9158993939843236
136,206,0.9138760269868927
136,230,0.9173435929217028
136,241,0.7265055264468717
136,243,0.5368757628520082
136,259,0.8148300155771087
136,267,0.9029737089904127
136,269,0.9096170180369223
136,297,0.7510386567068182
136,301,0.9071487154613852
137,10,0.9897528359001752
137,45,0.9898662046261496
137,71,0.9896168967308412
137,72,0.9889940612197983
137,107,0.9895589625945528
137,160,0.9891419319332904
137,185,0.9789988720622185
137,189,0.9838023706463659
137,201,0.9895463279816569
137,222,0.9893992804470522
137,238,0.9826040641106812
137,258,0.9895019134356818
137,283,0.9127766302196146
137,291,0.9911905417379918
138,1,0.38222418673829395
138,3,0.2611752096578673
138,129,0.2650343612115198
138,143,0.23125512141599772
138,144,0.2839273420124856
138,145,0.4278942032165405
138,184,0.37896301287478745
138,240,0.23408971459156727
138,264,0.218299961440437
138,279,0.34093795809036387
139,1,0.47542657216871115
139,7,0.8681631186543988
139,8,0.8362735898422786
139,143,0.8477991587769166
139,184,0.6449121321510213
139,257,0.8475292661942179
139,259,0.8278200376378122
139,264,0.7791956182566098
139,266,0.8462258959775808
139,269,0.8451190250016541
139,273,0.6304335522009222
139,274,0.8438948065680106
139,281,0.5487031736812842
139,285,0.8314591808657811
139,286,0.8329593454689579
139,298,0.8360144362335054
140,16,0.9972766770192646
140,22,0.9968094860457118
140,29,0.9972904467970453
140,38,0.9963214192644778
140,41,0.9968100403268623
140,60,0.9931008339353836
140,90,0.9954358009015136
140,96,0.9973320956318151
140,98,0.9967987587008927
140,101,0.9948652407420747
140,109,0.9947006756188013
140,119,0.9969477633017082
140,125,0.9964731162536548
140,127,0.9974189092004585
140,163,0.995408521267719
140,169,0.9951282286213882
140,176,0.9885219617804764
140,191,0.9974069840009127
140,194,0.9846465463031489
140,197,0.9924270555784749
140,207,0.9970347714319188
140,214,0.9968671845588424
140,215,0.9925372530553862
140,219,0.9932405989442356
140,261,0.9955674797850568
140,272,0.9926901214191177
141,9,0.9894886951210384
141,39,0.9878022762130859
141,43,0.9894744550113316
141,53,0.9877417743903727
141,89,0.9898936203243316
141,100,0.988146131007945
141,122,0.9892448919611024
141,135,0.9875064719253968
141,235,0.9881122843023296
141,237,0.9513160363313952
141,238,0.9783717841758395
141,260,0.9883578383966517
141,270,0.9797026120231946
141,283,0.9252080928484324
142,39,0.9914022961234756
142,53,0.9901439049863001
142,98,0.9893259189569544
142,104,0.9888245186237552
142,109,0.990596756698294
142,161,0.9887283722435594
142,224,0.9685286563264559
142,249,0.9892109668207536
142,254,0.9898755846123368
142,257,0.9672964448616478
142,261,0.9888201718527476
142,277,0.9886757211054122
142,283,0.92185159726377
142,285,0.9648407348978302
142,298,0.9591017281582599
142,300,0.9675918260177986
143,0,0.9225362162811609
143,3,0.8576032035200435
143,4,0.9178938070917724
143,7,0.9251314858288416
143,18,0.918840156402094
143,80,0.760656927384709
143,129,0.7823427562011865
143,131,0.5020924574570782
143,134,0.8661208888986139
143,138,0.23125512141599772
143,139,0.8477991587769166
143,144,0.8627164970439267
143,145,0.8426340894321109
143,171,0.9401124341499639
143,184,0.6563664963516443
143,206,0.95196672103768
143,226,0.8679742455596142
143,232,0.943158795322924
143,240,0.9416169241800038
143,266,0.9346285719127216
143,269,0.9491297900690322
143,279,0.704529667122758
143,301,0.938415784141149
144,2,0.3727093122514352
144,7,0.830775593970011
144,131,0.5870499548688217
144,138,0.2839273420124856
144,143,0.8627164970439267
144,145,0.7725554005141121
144,184,0.6728500933530362
144,210,0.8251347631138768
144,232,0.8619063211712233
144,248,0.831870201524683
144,264,0.7626079070705036
144,265,0.5366090543579852
144,269,0.8624453333750078
144,273,0.5806493489781792
144,278,0.8498350418797609
144,279,0.7665918403453208
144,289,0.1155047500378557
144,293,0.827043238797894
144,298,0.8250269802218486
144,300,0.8406992542542205
145,1,0.5039064752873553
145,3,0.7522384145801679
145,7,0.7400525285945724
145,78,0.7465554134290925
145,80,0.7596211840304212
145,129,0.7362194428914038
145,138,0.4278942032165405
145,143,0.8426340894321109
145,144,0.7725554005141121
145,184,0.7006728350227635
145,206,0.7604700274770375
145,232,0.7598901428561703
145,240,0.8161683247507345
145,273,0.48515215722272453
146,21,0.9076478635013961
146,62,0.9115418737010604
146,97,0.9151931916810266
146,105,0.9092848080695123
146,182,0.9184911208805419
146,183,0.908986857642486
146,232,0.9195527241621757
146,268,0.6508287006483426
146,269,0.9109175190586677
146,270,0.9132361122785283
146,286,0.9087067549044839
147,14,0.9998803541299713
147,28,0.9997920659986332
147,32,0.9997140239365595
147,33,0.9998725119939302
147,37,0.9997720225999751
147,40,0.9998573267021265
147,49,0.9995188972893612
147,50,0.9997971493636986
147,51,0.9997410654072488
147,54,0.9996491535077116
147,63,0.9998592115178753
147,111,0.9996424462447617
147,151,0.9998385623689487
147,152,0.999931479136892
147,156,0.9997141845141553
147,167,0.9995096856172487
147,172,0.999906108801723
147,199,0.9999494783743355
147,204,0.9997739911984004
147,209,0.9996006474908402
147,211,0.9998818426162395
147,220,0.9997437941617032
147,253,0.9997869545866909
148,35,0.9863524630537189
148,93,0.9865914347182525
148,110,0.9875945632938776
148,115,0.9867022405063978
148,127,0.9895978018413254
148,198,0.9873679193317368
148,208,0.9871102253319091
148,212,0.9895004693698499
148,233,0.9887321344365572
148,296,0.9872917809362115
149,29,0.9778268733469841
149,35,0.9798090215752424
149,60,0.9816989453964908
149,88,0.9804829740307806
149,109,0.9793190339990095
149,118,0.9824247224446373
149,169,0.9797714907507649
149,176,0.9816345586690959
149,217,0.9777856969164658
149,247,0.9782553540726511
150,14,0.9997739318850523
150,19,0.9998058921117721
150,33,0.9997909932175927
150,36,0.999790081847232
150,40,0.9998554387889872
150,52,0.9997260777495028
150,67,0.997849449818683
150,102,0.9996211639237262
150,116,0.9993162269844768
150,152,0.9998361101715351
150,156,0.9997808157037702
150,168,0.9997722561120924
150,172,0.9997957994233739
150,173,0.9993355809981385
150,181,0.9988620572073993
150,199,0.9997628697914813
150,221,0.9993219828532057
150,250,0.9996871643219137
151,14,0.9998889312786762
151,33,0.9998317386858033
151,37,0.9998480426887789
151,40,0.9999613716494252
151,63,0.999979930864105
151,111,0.9997128515558689
151,147,0.9998385623689487
151,152,0.9999462839338153
151,172,0.9999736914118497
151,199,0.9999053238033668
152,14,0.9999143857270887
152,19,0.9997073852180599
152,33,0.9999117318998595
152,36,0.9996398411286606
152,37,0.9998381326743417
152,40,0.9999537409423622
152,50,0.9997815489092216
152,51,0.9997507499600418
152,63,0.9999399494864158
152,111,0.9997489756434972
152,147,0.999931479136892
152,150,0.9998361101715351
152,151,0.9999462839338153
152,156,0.9997581051682424
152,168,0.9996853066763273
152,172,0.9999622713481047
152,199,0.9999670666984792
152,204,0.9996547462254665
152,211,0.9998670570687803
152,220,0.9996733884485441
152,250,0.9996505422135208
152,253,0.9997465975172897
153,19,0.9980772922243563
153,36,0.9981244690041764
153,46,0.9983041741929086
153,52,0.9981447536116008
153,102,0.9979175183798703
153,156,0.9981373639384596
153,164,0.9979079994077054
153,168,0.9981668558471646
153,181,0.9982916247698632
153,202,0.9981337306454995
154,9,0.9957949618490511
154,17,0.9975409734807905
154,27,0.9978643076376139
154,43,0.996576531616434
154,59,0.9981268226536315
154,68,0.9969638313767868
154,91,0.9974559080991036
154,108,0.9978437948318813
154,109,0.994556722344325
154,118,0.9959755806251165
154,124,0.9974602562591707
154,155,0.9976547541380872
154,160,0.9977056552057436
154,161,0.9941515754019981
154,162,0.9975813783473376
154,183,0.990415019618999
154,187,0.9959202828481859
154,192,0.9903539920285552
154,193,0.9964985200962876
154,213,0.9948798158483252
154,242,0.9927860147687506
154,245,0.9964970708357559
154,261,0.9963140784298187
154,277,0.9973313347732579
154,280,0.9891415608029763
154,284,0.997531613335116
155,9,0.9958262048161672
155,12,0.9982470671382317
155,13,0.9981611703357147
155,25,0.9908274949364211
155,45,0.9961009672286217
155,46,0.9983866886812538
155,59,0.9983035271381163
155,89,0.9965573843496824
155,90,0.9954178744879936
155,91,0.9981955790230792
155,99,0.9964675821787186
155,104,0.9961955247790831
155,108,0.9982136726791309
155,112,0.9977770946715181
155,114,0.9964524122419256
155,154,0.9976547541380872
155,160,0.9985685525118289
155,164,0.9985091901983496
155,165,0.9956942440937481
155,185,0.9753443473133895
155,214,0.9981632018419068
155,222,0.9944282097505109
155,258,0.9983506164756387
155,276,0.9955849455000555
155,291,0.9965593281457702
156,14,0.9997425252947177
156,19,0.999787229100057
156,32,0.9997210128461748
156,33,0.9997866544115941
156,36,0.9996329210911571
156,40,0.999737269647537
156,50,0.9997245107539147
156,52,0.9996388871935219
156,102,0.9995714412577025
156,116,0.9992080481199346
156,147,0.9997141845141553
156,150,0.9997808157037702
156,152,0.9997581051682424
156,153,0.9981373639384596
156,168,0.999697643162802
156,173,0.9994284880467617
156,202,0.9989829100178101
156,209,0.9995822396857378
156,211,0.9997436256407458
156,220,0.9997095338031599
156,221,0.9992837676855232
156,294,0.998644704376649
157,10,0.9979431147906498
157,24,0.9943267534512285
157,31,0.9970483653385389
157,39,0.9922926601309666
157,43,0.9965688893964335
157,45,0.9972220063473239
157,59,0.9980550204999998
157,73,0.996625533725352
157,74,0.9931698780239879
157,96,0.9984849808156556
157,101,0.9952009728941013
157,107,0.9979992553823469
157,108,0.998018016953049
157,113,0.9908190185267193
157,117,0.998319167042307
157,119,0.9979760280962807
157,125,0.996960170181608
157,127,0.995506907518552
157,128,0.9975799313176282
157,160,0.998196712376769
157,161,0.9932693731516784
157,178,0.9957311741908582
157,187,0.996771177905829
157,191,0.9982038228873467
157,201,0.9979675113467666
157,227,0.9904949273623775
157,242,0.9939670471466219
157,260,0.9931632772286069
157,261,0.9966981566216128
158,13,0.9990636520486061
158,49,0.9990165570902994
158,57,0.9977255617080669
158,58,0.999350490567831
158,65,0.9989812666421566
158,70,0.9991539942206368
158,94,0.9989666597078457
158,103,0.9990455552360171
158,111,0.999108011544761
158,162,0.999209933783569
158,180,0.99920637403208
158,214,0.998584708945886
159,13,0.9980371056464941
159,29,0.9979986558011277
159,34,0.9972958980629395
159,60,0.993833988433519
159,98,0.9965088772149575
159,112,0.9979149235243282
159,121,0.9895423728129904
159,122,0.9956906779988931
159,125,0.9971328971753401
159,128,0.9967430565551385
159,160,0.9980066931385069
159,164,0.9985158573922993
159,181,0.9980083485777512
159,185,0.9755781124773814
159,187,0.996041511362825
159,191,0.9980707241619672
159,202,0.997875192424453
159,214,0.9978708120708917
159,249,0.996742310525
159,251,0.9957102234235282
159,252,0.9986799371626672
159,254,0.9947579657460046
160,10,0.9982668767167622
160,13,0.9989889654972024
160,27,0.998941297909921
160,29,0.9982360964225231
160,32,0.9989455966471043
160,41,0.9979620920226071
160,53,0.9949443948104961
160,54,0.9989005568792091
160,64,0.9976852928939586
160,68,0.9966872571750629
160,91,0.9990637975317204
160,107,0.9981112027957194
160,108,0.9988985097253629
160,112,0.998213736014009
160,117,0.9986861436385491
160,119,0.998742403724457
160,124,0.9990398515647202
160,137,0.9891419319332904
160,154,0.9977056552057436
160,155,0.9985685525118289
160,157,0.998196712376769
160,159,0.9980066931385069
160,162,0.9991041471327362
160,166,0.9985917333101453
160,168,0.9990592938538878
160,191,0.9984960334947384
160,193,0.9956430398587197
160,201,0.998717413582265
160,205,0.9971560682674836
160,208,0.9975634774493816
160,244,0.9982652781958732
160,250,0.9991807344537612
160,252,0.9989178640692148
161,0,0.9744258123606024
161,9,0.9943319436106713
161,15,0.9918557572993348
161,18,0.9837082577572954
161,24,0.9932193500166775
161,34,0.9929750395735204
161,53,0.9937556375479839
161,98,0.9929503648862369
161,106,0.9827406859984127
161,142,0.9887283722435594
161,154,0.9941515754019981
161,157,0.9932693731516784
161,163,0.9931971643181922
161,169,0.9931243367898136
161,170,0.9864391950168546
161,171,0.9803743229126338
161,176,0.9876496583308103
161,177,0.9908373731175248
161,195,0.9717863670034035
161,196,0.9797448624278495
161,215,0.9920808150939195
161,230,0.9845150515681217
161,236,0.9875348419409242
161,239,0.9878532744064735
161,255,0.9922550458072557
161,257,0.9663530950956081
161,266,0.9641457905185012
161,271,0.9853469358638948
161,275,0.9856679551991804
161,296,0.9934979030106447
162,10,0.9981622123294998
162,47,0.9989587700024583
162,54,0.9992105296374764
162,57,0.9976058106799702
162,58,0.9993566049434435
162,65,0.9987319268934242
162,70,0.9988458158749155
162,91,0.9994281352445715
162,94,0.9994716115344302
162,103,0.9992125818665103
162,108,0.9992061967741417
162,117,0.9986208526238821
162,130,0.9986871487803796
162,154,0.9975813783473376
162,158,0.999209933783569
162,160,0.9991041471327362
162,164,0.9992649958646617
162,168,0.9992873706291661
162,180,0.9996001533945041
162,201,0.9987544076835073
162,214,0.9987545641998273
162,250,0.9992574860225507
162,258,0.9991773390621791
163,9,0.9944252347964408
163,15,0.9912187224268695
163,18,0.9849899504674601
163,21,0.9880332862201344
163,24,0.9945433164096228
163,53,0.9948139020139807
163,56,0.9944115158457448
163,62,0.9729298316710181
163,90,0.9943562037758047
163,98,0.9956574847135856
163,104,0.9944253069886129
163,106,0.9810487588890464
163,121,0.9924842239351345
163,140,0.995408521267719
163,161,0.9931971643181922
163,177,0.993215773165744
163,178,0.9943492878019204
163,182,0.9881549648733762
163,183,0.9907045782077979
163,195,0.9719009640291504
163,196,0.9801624115633486
163,197,0.9926941137145817
163,215,0.9925092106287771
163,216,0.9870203985427556
163,217,0.9922202011957132
163,238,0.9806721317758016
163,261,0.995508656440121
163,266,0.9617246479231607
163,270,0.9773679044007474
163,301,0.9833210858775501
164,10,0.9982749686222714
164,12,0.9991712887930941
164,13,0.9991161598866761
164,31,0.9970620385885625
164,43,0.9959082711042835
164,46,0.9992849280702336
164,47,0.9988509688012032
164,49,0.9991716271222812
164,57,0.9983659360099404
164,69,0.9972730508101855
164,71,0.9989636761685086
164,72,0.9946800303260186
164,85,0.9983973415682191
164,91,0.9993972842126794
164,94,0.9992599912874343
164,99,0.9965399094861075
164,103,0.9990780995726818
164,112,0.9978481946825334
164,117,0.9985504391121344
164,128,0.9965777035885031
164,130,0.9987053397491803
164,153,0.9979079994077054
164,155,0.9985091901983496
164,159,0.9985158573922993
164,162,0.9992649958646617
164,166,0.9982562908423844
164,168,0.9993272968832455
164,191,0.9983586044419195
164,214,0.9986999339226206
164,244,0.998217896628963
164,250,0.9992152742318623
164,277,0.9967391197427121
165,25,0.9911127566717294
165,57,0.9954382149647941
165,99,0.996386505572791
165,112,0.9950269751918969
165,125,0.9949584262496168
165,130,0.9952799871936202
165,155,0.9956942440937481
165,187,0.9947740584906667
165,200,0.9949427254612695
165,207,0.996743894906368
165,280,0.9911682391455731
165,284,0.9955046756248136
165,287,0.9866998578000123
166,23,0.9981691508586316
166,27,0.9985881905382378
166,30,0.9907601109589168
166,38,0.9962314877445768
166,43,0.9961861070335234
166,46,0.9983075073034574
166,104,0.9962172248282924
166,108,0.9987371232331614
166,114,0.9958667629763591
166,123,0.9951420982454295
166,124,0.9991141167786098
166,160,0.9985917333101453
166,164,0.9982562908423844
166,168,0.998405941674887
166,181,0.9983824359164553
166,221,0.998332994917749
166,223,0.9949654627150726
166,252,0.9984079484897161
166,260,0.9935445202140791
167,11,0.9991883014342933
167,28,0.9996053742100298
167,32,0.99946029656631
167,48,0.998166220701415
167,50,0.9994638443454317
167,54,0.9995473606149999
167,92,0.9984679215641565
167,147,0.9995096856172487
167,190,0.9988357000710949
167,204,0.9995623976258012
167,207,0.9983821901012598
167,209,0.9996911858458214
167,211,0.9995777200008849
167,218,0.9995590169358386
167,253,0.9995201946430448
168,12,0.9994628439851153
168,13,0.9993034823807397
168,14,0.9998228398760232
168,19,0.9996938187102793
168,27,0.9994859870730828
168,32,0.9997428698373402
168,33,0.9997694029629557
168,36,0.9996381983134841
168,46,0.9993319737100443
168,49,0.9995257806632786
168,50,0.9997113245127318
168,52,0.9994923315288621
168,54,0.9996181752972318
168,67,0.997877322965204
168,91,0.9995795619151142
168,94,0.9995631272914198
168,102,0.9995038751581278
168,116,0.9990516893130976
168,117,0.9985942763857234
168,124,0.9991693401287811
168,150,0.9997722561120924
168,152,0.9996853066763273
168,153,0.9981668558471646
168,156,0.999697643162802
168,160,0.9990592938538878
168,162,0.9992873706291661
168,164,0.9993272968832455
168,166,0.998405941674887
168,173,0.9993351531971
168,181,0.9990432388427234
168,186,0.9991191989389412
168,202,0.999168041854552
168,211,0.9997206784985262
168,221,0.9993868170476367
168,231,0.9991509286484883
168,250,0.9997085086322288
168,252,0.9995546774620929
168,258,0.9990808712812025
169,0,0.9713379821195474
169,16,0.9944440418274766
169,18,0.9857980656143551
169,20,0.9773416457313626
169,21,0.9875092483593477
169,26,0.9872090151020632
169,38,0.9945790917452071
169,44,0.9935067435915971
169,74,0.9939028661711924
169,88,0.9944916607717285
169,90,0.9956263022225949
169,98,0.9948815147089292
169,106,0.9813519788825141
169,121,0.9905895428073083
169,125,0.9954707522312625
169,126,0.9884729721662683
169,128,0.9951770052677906
169,132,0.986163696149611
169,140,0.9951282286213882
169,149,0.9797714907507649
169,161,0.9931243367898136
169,170,0.9836425174648473
169,171,0.9798537577723511
169,174,0.9925723526711167
169,176,0.9884575215551021
169,183,0.9895976251615116
169,191,0.9949481840873379
169,215,0.993709810590032
169,217,0.992752447449696
169,219,0.9944252180958382
169,225,0.9920487030375412
169,229,0.9911153948060708
169,230,0.9887464521178966
169,234,0.9893789636103947
169,255,0.9917155486196173
169,256,0.9840001388789003
169,271,0.9770550462740494
169,286,0.9702680867136675
169,287,0.9867340745319741
169,298,0.9567258290614513
169,299,0.9887964002206383
170,0,0.9775813067834218
170,9,0.9829953481548666
170,15,0.986690675441702
170,20,0.9792242867120844
170,34,0.9831832564228964
170,39,0.9859689063701795
170,74,0.9829550146860971
170,120,0.9871594237933604
170,122,0.9830242004103017
170,132,0.9861740280320588
170,161,0.9864391950168546
170,169,0.9836425174648473
170,240,0.9123669948648127
170,282,0.9235974569073254
170,285,0.9651235254674702
170,300,0.966516922539381
171,0,0.9714025496318343
171,3,0.8382776905650432
171,4,0.8810887293443153
171,9,0.9820385612890483
171,21,0.9797329448916227
171,39,0.9826931950523702
171,44,0.9807432996618158
171,83,0.8974421520976792
171,127,0.9813334151047663
171,134,0.890849594680661
171,136,0.9387212919514522
171,143,0.9401124341499639
171,161,0.9803743229126338
171,169,0.9798537577723511
171,176,0.9825332654230824
171,206,0.9402006350925692
171,217,0.9814396796346759
171,230,0.983544116807603
171,232,0.973499667761476
171,266,0.9670551416330276
171,269,0.9772642967419483
171,298,0.9568287041102808
172,14,0.9999152309334487
172,33,0.9998985385580803
172,37,0.9998174542463909
172,40,0.9999692579498672
172,63,0.9999723410198541
172,147,0.999906108801723
172,150,0.9997957994233739
172,151,0.9999736914118497
172,152,0.9999622713481047
172,199,0.9999749498312152
172,211,0.9997682458466539
173,17,0.9991127716458014
173,19,0.9994149638622237
173,32,0.9993937802509812
173,34,0.9970460786011676
173,35,0.995992477182866
173,36,0.999337017776327
173,96,0.9983937087917298
173,102,0.9995402973184092
173,110,0.9979327314304706
173,116,0.9994137419264802
173,119,0.9986236289950431
173,124,0.9991239403533011
173,150,0.9993355809981385
173,156,0.9994284880467617
173,168,0.9993351531971
173,181,0.9989106937705415
173,190,0.9987727621470865
173,198,0.9987396002774532
173,202,0.9990261481479347
173,203,0.9990927484129694
173,204,0.9993941686389975
173,205,0.9973555811038826
173,208,0.9980869934821569
173,252,0.9994253466563984
173,277,0.996920179380871
174,26,0.9873631522062031
174,31,0.9910076693912654
174,38,0.9923760628616479
174,39,0.992042472170237
174,43,0.9926242337840303
174,68,0.9916018334558978
174,90,0.9921937317344499
174,100,0.9911343458748387
174,126,0.9880320748540398
174,169,0.9925723526711167
174,189,0.9846840766764133
174,242,0.9908990661032675
174,261,0.9909883709549548
174,271,0.9772640925958518
174,290,0.9787293639155065
175,0,0.8989778348439036
175,6,0.8530468133320505
175,78,0.8905464576049064
175,79,0.2496624891662474
175,81,0.6228030978823226
175,131,0.6062382084847295
175,210,0.9200683958266302
175,241,0.7114130839453259
175,243,0.4787459816701587
175,257,0.8826910345308143
175,263,0.8979727933892259
175,265,0.47980995924588576
175,269,0.8706682795307954
175,278,0.8745900399582412
175,285,0.9229256891277178
175,286,0.9033254316524
175,300,0.8911966538062774
176,0,0.9732698525875969
176,35,0.9875587762569684
176,74,0.9866206014967968
176,83,0.890046884280201
176,90,0.9885371483612554
176,97,0.9750619925808058
176,125,0.9896939935396204
176,136,0.9158993939843236
176,140,0.9885219617804764
176,149,0.9816345586690959
176,161,0.9876496583308103
176,169,0.9884575215551021
176,171,0.9825332654230824
176,187,0.9868798094904119
176,217,0.989049967006649
176,248,0.9328298767997392
176,257,0.9691759522999127
176,267,0.9873710933140187
176,269,0.9723604935233089
177,24,0.9905221563644675
177,53,0.9897185078513663
177,78,0.935946794800185
177,82,0.9890493688292671
177,97,0.9771191551725428
177,101,0.9892308872640869
177,105,0.9806732770135049
177,161,0.9908373731175248
177,163,0.993215773165744
177,182,0.9868061313414522
177,187,0.9895383659356347
177,194,0.9840122310901946
177,224,0.9700957652900225
177,232,0.9717656982513522
177,238,0.9774373459280764
177,251,0.9889640439348668
177,266,0.9651075017119336
177,270,0.9811771123292736
177,280,0.9910502977658091
177,296,0.9889783899913359
178,16,0.9958449648849051
178,41,0.9957463523427115
178,73,0.9958601768622531
178,96,0.9963211648608634
178,98,0.9954400617152939
178,99,0.9963119775040135
178,117,0.9954605222925039
178,120,0.9867051799290584
178,157,0.9957311741908582
178,163,0.9943492878019204
178,196,0.9799092222484473
178,208,0.995614008190481
178,229,0.9892065515868838
178,296,0.9954049193857828
178,301,0.9823357770353279
179,10,0.9982354112049716
179,23,0.9983093115169586
179,24,0.9946797428986852
179,53,0.9953830307318174
179,59,0.9985578974207062
179,60,0.9928699473787604
179,68,0.9974290623657779
179,89,0.9972263292054342
179,90,0.9957642777714893
179,95,0.9983191960384952
179,96,0.9983475130444018
179,104,0.99607852836761
179,107,0.9982708801419962
179,114,0.995801876168815
179,119,0.9983503123714775
179,123,0.9950730823712021
179,125,0.9963645960618879
179,135,0.9936893694997405
179,193,0.9964831826575359
179,200,0.9982319214386554
179,213,0.995251558912415
179,214,0.9982122159021392
179,249,0.9966341856850723
179,254,0.9944212781287038
179,260,0.9929980736868402
179,261,0.9960152322371156
179,272,0.9943113053531699
179,284,0.9984797497824437
180,49,0.9993715677043834
180,50,0.9992184103867217
180,54,0.9992966019016649
180,58,0.9991304345470435
180,91,0.9992851083608308
180,94,0.9994064719953808
180,103,0.9991847191849121
180,111,0.9994921242320642
180,158,0.99920637403208
180,162,0.9996001533945041
180,253,0.9994731501513661
181,19,0.9991755259090832
181,23,0.9980415142812336
181,32,0.9989605516564136
181,36,0.9990241234504221
181,49,0.9988885278960814
181,67,0.9982026489827327
181,69,0.9974322003777676
181,102,0.9988694537902021
181,112,0.997847539395351
181,118,0.9959537201308492
181,150,0.9988620572073993
181,153,0.9982916247698632
181,159,0.9980083485777512
181,166,0.9983824359164553
181,168,0.9990432388427234
181,173,0.9989106937705415
181,209,0.9988893702576953
181,247,0.9971056786323536
181,252,0.9990932584123099
182,21,0.985833520778047
182,84,0.9054883586170324
182,90,0.9859110252321128
182,97,0.9766725781965166
182,98,0.9871881126140706
182,101,0.9878830898917302
182,146,0.9184911208805419
182,163,0.9881549648733762
182,177,0.9868061313414522
182,187,0.9887415536981286
182,195,0.9713215983690523
182,197,0.9863840821075103
182,213,0.9859945015920453
182,217,0.9874690853333108
182,225,0.9871207195682064
182,232,0.9714295927219412
183,9,0.9906492640590336
183,24,0.9924122586704668
183,56,0.989921874667081
183,62,0.972976765984596
183,68,0.9912792033285286
183,100,0.9890968340974001
183,146,0.908986857642486
183,154,0.990415019618999
183,163,0.9907045782077979
183,169,0.9895976251615116
183,197,0.9896496671632662
183,246,0.9878510321359296
183,249,0.9888825127113905
183,270,0.9770092842280435
183,286,0.9692957662449465
184,1,0.5612707667088022
184,80,0.6309408095674212
184,129,0.5871785609200487
184,134,0.6019298086207492
184,138,0.37896301287478745
184,139,0.6449121321510213
184,143,0.6563664963516443
184,144,0.6728500933530362
184,145,0.7006728350227635
184,232,0.6106140151738856
184,240,0.7216095772231479
184,273,0.5274222789999535
184,279,0.6170148901583189
184,281,0.4651093138263294
185,10,0.9760788947425343
185,45,0.9797561994365351
185,72,0.9756045371091017
185,85,0.9766592485219849
185,137,0.9789988720622185
185,155,0.9753443473133895
185,159,0.9755781124773814
185,187,0.9778096715448992
185,280,0.9783153621325391
185,291,0.9781340551778512
186,12,0.998896249028964
186,13,0.9986434574012834
186,37,0.998721585800471
186,46,0.9986462807473672
186,49,0.9986677332427304
186,50,0.998958692664263
186,92,0.9986339388155561
186,94,0.9986613435885927
186,168,0.9991191989389412
186,209,0.9986953041151435
186,252,0.998676968987515
187,21,0.985672255847194
187,25,0.9900510546687419
187,45,0.9966143214411335
187,60,0.9923213824831674
187,96,0.9965312187844453
187,97,0.9766808908797949
187,105,0.9805462606679494
187,107,0.996959376582032
187,113,0.9915394275922926
187,119,0.9961410533511508
187,122,0.9955642082334624
187,125,0.9959977457646854
187,154,0.9959202828481859
187,157,0.996771177905829
187,159,0.996041511362825
187,165,0.9947740584906667
187,176,0.9868798094904119
187,177,0.9895383659356347
187,182,0.9887415536981286
187,185,0.9778096715448992
187,191,0.9958933266233893
187,200,0.9970722208247563
187,215,0.9924060070950834
187,227,0.9909520711604728
187,236,0.9860778665251577
187,246,0.9877360831174589
187,267,0.9934249070926253
187,280,0.9901698650879126
187,287,0.9906097335426076
188,6,0.8175493426658798
188,8,0.8284914693640681
188,79,0.24341554832551177
188,83,0.886278553506095
188,224,0.9131842270958958
188,229,0.9142675282422096
188,236,0.9218217319028879
188,257,0.9119054595462056
188,259,0.8380273856095501
188,263,0.9132834075486073
188,266,0.916915594505643
188,270,0.913016430164922
188,286,0.9118312263628098
188,298,0.9183601271337971
188,300,0.931722261854914
189,10,0.9833609701902915
189,31,0.9879583447069641
189,62,0.9720364101652281
189,68,0.9851733708872322
189,72,0.9855818542771768
189,89,0.9828548199561759
189,100,0.9853631998050261
189,126,0.986517843248428
189,137,0.9838023706463659
189,174,0.9846840766764133
189,228,0.9842686335056312
190,22,0.998119919628677
190,27,0.998750416701207
190,29,0.998002463231977
190,35,0.99599536070748
190,41,0.9981858709571836
190,54,0.9987995824373924
190,64,0.9976281468523471
190,87,0.9934082982715304
190,95,0.9986862809375925
190,110,0.9979764161330189
190,116,0.9986898520264941
190,167,0.9988357000710949
190,173,0.9987727621470865
190,198,0.9981536560004092
190,202,0.9986976048578795
190,203,0.9987645179242649
190,204,0.9987407684380426
190,205,0.9969942936553727
190,208,0.9979834591548156
190,218,0.9987570525311608
190,233,0.9958152904898734
190,296,0.9964412399695424
191,9,0.9955860537560274
191,16,0.9982446879879452
191,22,0.9981837983909861
191,23,0.998170281988439
191,27,0.998666417746628
191,34,0.9970384770594224
191,53,0.9963472457985342
191,69,0.9975875319851455
191,90,0.9957396647992881
191,92,0.9982273534662074
191,96,0.9983862493346223
191,101,0.9950196817207777
191,104,0.9960819172816101
191,108,0.998439008021991
191,119,0.9982179663082681
191,123,0.9949117818488038
191,127,0.9953886013447427
191,128,0.998018723942379
191,135,0.9947321842361635
191,140,0.9974069840009127
191,157,0.9982038228873467
191,159,0.9980707241619672
191,160,0.9984960334947384
191,164,0.9983586044419195
191,169,0.9949481840873379
191,187,0.9958933266233893
191,193,0.9957029935118448
191,218,0.9982678076299292
191,219,0.9927158358257071
191,242,0.9927639273943192
191,249,0.9969332565960233
191,252,0.9983336287430995
191,261,0.9963442387471463
191,272,0.992788317074762
191,276,0.996392966305001
191,277,0.9970777861647768
192,9,0.9915005801648213
192,38,0.9916795038126337
192,60,0.9920650483751551
192,68,0.9907633456519418
192,97,0.9776542446338522
192,98,0.9903268741359781
192,122,0.9924200931647607
192,154,0.9903539920285552
192,213,0.9905879697781982
192,246,0.9864653739688148
192,261,0.9929434266874083
192,277,0.9909888505111549
192,290,0.9829279756434017
192,300,0.9637779866659635
193,17,0.996176434055888
193,22,0.9956173865964684
193,59,0.9958279266148594
193,96,0.9956306891354387
193,110,0.9962392183760066
193,154,0.9964985200962876
193,160,0.9956430398587197
193,179,0.9964831826575359
193,191,0.9957029935118448
193,200,0.995682249091894
193,216,0.9863218565855086
193,229,0.9890450964835092
194,38,0.9864208183977252
194,76,0.918609649002563
194,86,0.774124867085627
194,98,0.9845465307334041
194,120,0.9878497998456046
194,127,0.9856514719289626
194,140,0.9846465463031489
194,177,0.9840122310901946
194,195,0.9707436897752618
194,206,0.9460548730692061
194,212,0.9846022264184925
194,219,0.9845575420152275
194,240,0.9145117438413629
194,248,0.9338279447894153
194,267,0.9863049912394068
194,296,0.9861451322812329
194,301,0.9795925572308546
195,76,0.9199317725961119
195,77,0.9276677773317872
195,80,0.7660942261822081
195,84,0.9038154442462276
195,100,0.9755087216861116
195,105,0.9741040606920977
195,161,0.9717863670034035
195,163,0.9719009640291504
195,182,0.9713215983690523
195,194,0.9707436897752618
195,196,0.9738540311686193
195,197,0.9741842200275341
195,215,0.9712763299598721
195,263,0.9399846552476347
195,286,0.9721532799105852
196,15,0.9809485673564906
196,80,0.7665966829341463
196,82,0.9804779292239371
196,84,0.8839618941769644
196,86,0.7989044753363908
196,100,0.9804891495891509
196,120,0.9822407272254018
196,161,0.9797448624278495
196,163,0.9801624115633486
196,178,0.9799092222484473
196,195,0.9738540311686193
196,212,0.9852654979430513
196,215,0.9800604708784824
196,226,0.874067021976729
196,276,0.9798506627839445
197,16,0.9912178258275934
197,18,0.9863756761843443
197,56,0.9913464534155422
197,73,0.9906841963276313
197,78,0.9382126852828244
197,84,0.8818968402249806
197,93,0.9919431743530311
197,96,0.9912075071898273
197,97,0.9805364559874055
197,101,0.9924641261935538
197,105,0.9817648192657213
197,109,0.9913421084834738
197,140,0.9924270555784749
197,163,0.9926941137145817
197,182,0.9863840821075103
197,183,0.9896496671632662
197,195,0.9741842200275341
197,215,0.99132768124105
197,224,0.9710645875408175
197,232,0.9734253908414379
197,238,0.9773182847868563
197,286,0.9666767591708023
197,292,0.9531445651326235
198,22,0.9984966849326503
198,27,0.9981939101008117
198,42,0.998629509308194
198,64,0.9978042952757676
198,98,0.9964080456728404
198,102,0.9981864789683483
198,116,0.9981659920679921
198,148,0.9873679193317368
198,173,0.9987396002774532
198,190,0.9981536560004092
198,203,0.998573152478979
198,205,0.996439036367253
198,208,0.997538481059838
198,212,0.9945156308107184
198,218,0.9982882633173785
198,233,0.9958883450217367
198,247,0.9971987589343543
198,252,0.9984236274051282
199,14,0.9999184638117492
199,28,0.9997107729784636
199,32,0.9996880167716451
199,33,0.9999198282706767
199,37,0.9997927364033397
199,40,0.9999450594522381
199,50,0.9997261092543542
199,51,0.9996841008295001
199,63,0.9999196825650997
199,147,0.9999494783743355
199,150,0.9997628697914813
199,151,0.9999053238033668
199,152,0.9999670666984792
199,172,0.9999749498312152
199,204,0.9997297924021726
199,211,0.9998843096293768
199,220,0.9996610170197784
199,253,0.9997085382586296
200,17,0.9985096800478902
200,22,0.9981156353644739
200,27,0.9986475753277486
200,32,0.9985252520958179
200,38,0.9965915519088736
200,53,0.9955148182277187
200,54,0.9986077811166337
200,59,0.9985902412199517
200,70,0.9985373848579489
200,95,0.9986799270737912
200,96,0.9989239549076746
200,112,0.997722328002176
200,114,0.9960281680009686
200,124,0.9984562401584085
200,125,0.996732307021961
200,165,0.9949427254612695
200,179,0.9982319214386554
200,187,0.9970722208247563
200,193,0.995682249091894
200,218,0.998633628000932
200,245,0.996109840742657
200,254,0.9953840204693698
200,276,0.9956314727780874
200,296,0.9962941350843939
201,16,0.9976213091530811
201,45,0.9967312518502529
201,54,0.998699688757114
201,58,0.998727877562967
201,59,0.9991226881565979
201,64,0.9978062854247666
201,70,0.9986836355177081
201,71,0.998749735731646
201,95,0.9986890836707865
201,103,0.998851075626903
201,107,0.9986446847945964
201,114,0.9959850843723431
201,130,0.9984642290577709
201,137,0.9895463279816569
201,157,0.9979675113467666
201,160,0.998717413582265
201,162,0.9987544076835073
201,209,0.9987914892666134
201,222,0.9939789793569436
201,235,0.9985655701805332
201,244,0.9983793198742602
201,245,0.9960754024341656
201,291,0.9967406447373524
202,17,0.9988815937220785
202,22,0.9981638018196969
202,28,0.9989793777984558
202,32,0.9990760189599591
202,52,0.999241926086739
202,87,0.9928563061297088
202,102,0.9991083009488569
202,110,0.9974117128227314
202,124,0.9990411171198621
202,153,0.9981337306454995
202,156,0.9989829100178101
202,159,0.997875192424453
202,168,0.999168041854552
202,173,0.9990261481479347
202,190,0.9986976048578795
202,208,0.9979724567126894
202,221,0.9992253962569233
202,247,0.9971533830742206
202,250,0.9991128705545816
202,284,0.9980610697294261
203,22,0.9983840776259054
203,28,0.9986515088723308
203,29,0.9978539207842669
203,34,0.996952164300709
203,35,0.9960712613529472
203,41,0.998022545753485
203,42,0.9990246261526605
203,87,0.9934031766955047
203,102,0.9987674912682124
203,115,0.9958625516610375
203,116,0.9990051237221982
203,124,0.9986447772956174
203,173,0.9990927484129694
203,190,0.9987645179242649
203,198,0.998573152478979
203,204,0.9988060656395208
203,205,0.9964501881942307
203,208,0.9978390722898354
203,212,0.9948806303956566
203,218,0.9991766844932736
203,233,0.9956607979854971
203,252,0.9989225054963741
203,277,0.9969565549832182
203,296,0.996248839354192
204,14,0.9996863605336948
204,28,0.9997111439811553
204,32,0.9996115295196777
204,33,0.9996297568496252
204,42,0.999468157713467
204,116,0.9993139508791505
204,147,0.9997739911984004
204,152,0.9996547462254665
204,167,0.9995623976258012
204,173,0.9993941686389975
204,190,0.9987407684380426
204,199,0.9997297924021726
204,203,0.9988060656395208
204,209,0.9996714908006159
204,211,0.9997082762963453
204,218,0.9995440946090144
204,220,0.9996092315149057
205,17,0.9972827878846864
205,22,0.9972903424610153
205,23,0.996395583349471
205,41,0.9966003871208783
205,66,0.9888787079966687
205,124,0.996771008750223
205,160,0.9971560682674836
205,173,0.9973555811038826
205,190,0.9969942936553727
205,198,0.996439036367253
205,203,0.9964501881942307
206,3,0.853393573893476
206,4,0.9136752773115218
206,21,0.9478472949219588
206,81,0.5995291583649077
206,86,0.8112631351631778
206,106,0.9450000885812874
206,120,0.9382020154609978
206,129,0.78535888501186
206,131,0.5551252536218275
206,134,0.8638446378431538
206,136,0.9138760269868927
206,143,0.95196672103768
206,145,0.7604700274770375
206,171,0.9402006350925692
206,194,0.9460548730692061
206,226,0.9238284641728751
206,232,0.942716827949291
206,240,0.9362293036729602
206,243,0.5557245303746753
206,269,0.9448219690877825
206,301,0.9492440934331415
207,13,0.9980761488257613
207,45,0.996580649178268
207,58,0.9983789319060079
207,70,0.9984572307728558
207,71,0.9982589361667223
207,92,0.9986487611782267
207,93,0.9963397124397132
207,99,0.9973099663739059
207,103,0.9983876132093109
207,114,0.9961590143482658
207,130,0.9981842990657237
207,135,0.9932239121548533
207,140,0.9970347714319188
207,165,0.996743894906368
207,167,0.9983821901012598
207,209,0.9981138758126128
207,222,0.9933993489140058
207,252,0.9980839313226002
207,280,0.9898751313763569
208,17,0.997688746486042
208,59,0.9977502822152509
208,66,0.9904234184319163
208,73,0.9962089175988955
208,87,0.9923492907969654
208,119,0.9979367752949366
208,148,0.9871102253319091
208,160,0.9975634774493816
208,173,0.9980869934821569
208,178,0.995614008190481
208,190,0.9979834591548156
208,198,0.997538481059838
208,202,0.9979724567126894
208,203,0.9978390722898354
208,221,0.997710118000198
208,267,0.9924100942439019
208,296,0.9966067060367658
209,11,0.9992853792421287
209,12,0.9992249395564546
209,14,0.9996603707544889
209,27,0.9994152710822412
209,28,0.9996214592989302
209,42,0.9994071273441126
209,48,0.9984190425923185
209,50,0.9995785870780173
209,54,0.9996202875285451
209,71,0.998941643268089
209,91,0.9994766507265073
209,92,0.9985040146217017
209,95,0.9991693083627149
209,102,0.9995330604646426
209,108,0.9988434262081508
209,130,0.998559226203205
209,147,0.9996006474908402
209,156,0.9995822396857378
209,167,0.9996911858458214
209,181,0.9988893702576953
209,186,0.9986953041151435
209,201,0.9987914892666134
209,204,0.9996714908006159
209,207,0.9981138758126128
209,211,0.9996832647846579
209,218,0.9995620062652502
209,235,0.9979932995098842
209,252,0.9995173265088815
209,294,0.9987563230077726
210,26,0.9322178346322054
210,39,0.9291409300438133
210,61,0.6684513830342191
210,79,0.2521710309516912
210,144,0.8251347631138768
210,175,0.9200683958266302
210,216,0.9327375637775293
210,229,0.940045384796515
210,230,0.9297398852097862
210,259,0.8176728929360395
210,264,0.7001791588182007
210,267,0.935866706287699
210,268,0.6432755722167748
210,270,0.9357088326420661
210,274,0.9236312137513418
210,278,0.9319874461685485
210,286,0.9436835810576744
210,300,0.9413044893617081
211,14,0.9998584537632055
211,27,0.9993325327291149
211,28,0.9998013447478996
211,32,0.999749022766501
211,33,0.9998891546802432
211,40,0.9998482166625978
211,49,0.9995505169555237
211,50,0.9997602322885
211,51,0.9997014155821358
211,52,0.9993867858294971
211,54,0.9997584235108606
211,147,0.9998818426162395
211,152,0.9998670570687803
211,156,0.9997436256407458
211,167,0.9995777200008849
211,168,0.9997206784985262
211,172,0.9997682458466539
211,199,0.9998843096293768
211,204,0.9997082762963453
211,209,0.9996832647846579
211,218,0.9995416839615457
211,250,0.9997400310765702
211,253,0.9997774351556603
211,294,0.9988487708683993
212,15,0.9907066489251316
212,16,0.9940431464674828
212,29,0.995055997136659
212,34,0.9944046969337871
212,41,0.9961768660878433
212,64,0.9949578393959885
212,82,0.9909127454515105
212,98,0.9948311191666054
212,115,0.9941012431647479
212,132,0.9850275090726517
212,148,0.9895004693698499
212,194,0.9846022264184925
212,196,0.9852654979430513
212,198,0.9945156308107184
212,203,0.9948806303956566
212,296,0.9939268297553434
213,10,0.9947615171553545
213,22,0.995343987300916
213,41,0.9957619117635241
213,68,0.9955741560079386
213,117,0.9947869174538846
213,119,0.9947211757649386
213,154,0.9948798158483252
213,179,0.995251558912415
213,182,0.9859945015920453
213,192,0.9905879697781982
213,214,0.9947500183474771
213,276,0.9948520127303648
214,13,0.9986352141544467
214,23,0.9982125493710262
214,25,0.9903758042962297
214,31,0.9973616511885017
214,47,0.9987478721180892
214,56,0.9966245208327745
214,68,0.9978182541987786
214,70,0.998683379304468
214,72,0.9948520976966676
214,85,0.9983933340116455
214,89,0.9963792135509117
214,91,0.9987623471750801
214,94,0.99893207967663
214,103,0.9987137237184867
214,104,0.9965836967500261
214,108,0.9988642911600186
214,114,0.9959116407814036
214,140,0.9968671845588424
214,155,0.9981632018419068
214,158,0.998584708945886
214,159,0.9978708120708917
214,162,0.9987545641998273
214,164,0.9986999339226206
214,179,0.9982122159021392
214,213,0.9947500183474771
214,242,0.9927275624684535
214,249,0.9966743891279726
214,291,0.9973297364647996
215,9,0.9919199433170629
215,16,0.9927351588938527
215,18,0.9865242096620013
215,105,0.9836402467971246
215,114,0.9913156047503547
215,140,0.9925372530553862
215,161,0.9920808150939195
215,163,0.9925092106287771
215,169,0.993709810590032
215,187,0.9924060070950834
215,195,0.9712763299598721
215,196,0.9800604708784824
215,197,0.99132768124105
215,227,0.9911178820219032
215,239,0.9890549330797439
215,261,0.9913663250216097
215,280,0.990767528410165
216,55,0.9855628439932759
216,60,0.9880492133976417
216,89,0.9887545342368277
216,104,0.9867558812997341
216,122,0.9880863746232929
216,125,0.9863778451488482
216,163,0.9870203985427556
216,193,0.9863218565855086
216,210,0.9327375637775293
216,217,0.986498492357674
216,234,0.986509092201723
216,299,0.9865572542021704
217,0,0.9700636140623013
217,21,0.9869090614001297
217,38,0.9921217125073372
217,44,0.9915438261982691
217,66,0.9895934097190523
217,90,0.9938789120582198
217,98,0.9917412557297859
217,101,0.9921822418445831
217,149,0.9777856969164658
217,163,0.9922202011957132
217,169,0.992752447449696
217,171,0.9814396796346759
217,176,0.989049967006649
217,182,0.9874690853333108
217,216,0.986498492357674
217,219,0.992795250828563
217,225,0.9917984643944157
217,230,0.983033342152911
217,234,0.9920755419534124
217,298,0.9561991094692939
217,301,0.9821807948008597
218,11,0.9991814590528058
218,22,0.9985624673118265
218,28,0.9996541661488257
218,32,0.9995175242279797
218,42,0.9995315515704614
218,48,0.9980867338046983
218,54,0.9995893562252741
218,59,0.9991277438574828
218,107,0.998299512782917
218,167,0.9995590169358386
218,190,0.9987570525311608
218,191,0.9982678076299292
218,198,0.9982882633173785
218,200,0.998633628000932
218,203,0.9991766844932736
218,204,0.9995440946090144
218,209,0.9995620062652502
218,211,0.9995416839615457
218,250,0.999528038754483
218,252,0.999528828666542
218,294,0.9988770725977735
219,34,0.9928511152738089
219,38,0.9944934306100413
219,118,0.9936151314551794
219,132,0.9882227316142344
219,140,0.9932405989442356
219,169,0.9944252180958382
219,191,0.9927158358257071
219,194,0.9845575420152275
219,217,0.992795250828563
219,225,0.9906183097247295
219,247,0.9920332454860105
219,276,0.9921909099380125
219,277,0.9925241344993061
220,11,0.9991219606729672
220,14,0.9997246689731818
220,32,0.999665853443714
220,33,0.9997148746263383
220,37,0.9997115999148668
220,50,0.999662969078258
220,51,0.9997026984514993
220,116,0.9991382576895437
220,147,0.9997437941617032
220,152,0.9996733884485441
220,156,0.9997095338031599
220,199,0.9996610170197784
220,204,0.9996092315149057
221,17,0.9990458166921259
221,19,0.999302355215176
221,28,0.9993374639303341
221,32,0.9993785018730071
221,42,0.9994242982019284
221,48,0.9979614352767254
221,50,0.9992938849578632
221,54,0.9993184600888473
221,69,0.9973991104124424
221,150,0.9993219828532057
221,156,0.9992837676855232
221,166,0.998332994917749
221,168,0.9993868170476367
221,202,0.9992253962569233
221,208,0.997710118000198
221,250,0.9993601310513507
222,31,0.9940090997532284
222,45,0.9947181556090738
222,55,0.9844568589120377
222,99,0.9937550195681745
222,108,0.9938675462028136
222,137,0.9893992804470522
222,155,0.9944282097505109
222,201,0.9939789793569436
222,207,0.9933993489140058
222,228,0.990297786948945
222,244,0.9934796659528223
222,251,0.9939184970409172
222,280,0.9898443440472783
222,291,0.9935134595410614
223,17,0.9946556903479956
223,30,0.9885826821517276
223,31,0.9943988428422302
223,34,0.9952063474662264
223,108,0.9944624064207708
223,122,0.9945539622222125
223,124,0.9947190043555101
223,125,0.9949625569744998
223,166,0.9949654627150726
223,247,0.9947314412493155
223,249,0.9944586180530125
224,4,0.8778565264351317
224,21,0.9681632936296989
224,55,0.9712551809442205
224,83,0.9181346908748019
224,109,0.9680594405806625
224,113,0.9703546624989875
224,142,0.9685286563264559
224,177,0.9700957652900225
224,188,0.9131842270958958
224,197,0.9710645875408175
224,226,0.8747547755039317
224,232,0.9686242286222765
224,236,0.9671528984491935
224,241,0.7052548628389589
224,259,0.8179675284093461
224,282,0.9399097053506349
224,283,0.9254988142238788
224,287,0.9715603941118789
225,38,0.9901107179094524
225,41,0.9902192150474992
225,44,0.9914961101907515
225,84,0.8822213511418767
225,90,0.9902004942067512
225,97,0.975344064808917
225,98,0.9917829078797432
225,113,0.9905934431513844
225,118,0.9908819177554331
225,169,0.9920487030375412
225,182,0.9871207195682064
225,217,0.9917984643944157
225,219,0.9906183097247295
225,230,0.9864561178154445
226,0,0.8910392300718215
226,4,0.8700625155816255
226,21,0.8698298539557284
226,77,0.8686499753670548
226,86,0.8019291319001733
226,129,0.7243064328728722
226,143,0.8679742455596142
226,196,0.874067021976729
226,206,0.9238284641728751
226,224,0.8747547755039317
226,241,0.7559994486814086
226,243,0.6036749854437318
226,248,0.8661759450754923
226,301,0.8712616822876541
227,24,0.9928674619102906
227,73,0.9913067774015064
227,77,0.9187145511752056
227,93,0.9909617077402845
227,105,0.9851455582080043
227,107,0.9900824958309767
227,157,0.9904949273623775
227,187,0.9909520711604728
227,215,0.9911178820219032
227,239,0.9904819415332673
227,251,0.9905956080001068
227,261,0.9903628850207711
228,9,0.9915205854672479
228,31,0.9924337986617626
228,57,0.9907962881992908
228,62,0.9795780348343388
228,68,0.991459489805056
228,89,0.9912826842919242
228,101,0.9903397757990368
228,104,0.9921885143938424
228,114,0.9907112687272882
228,189,0.9842686335056312
228,222,0.990297786948945
228,251,0.9910760519348534
228,270,0.9768675617466456
228,292,0.9512694051536464
229,16,0.9891792618788461
229,20,0.9780881313803046
229,60,0.990363463510056
229,62,0.974953499758744
229,73,0.9901114105382932
229,76,0.9153729606226668
229,77,0.9214199190552128
229,78,0.9415101817670867
229,90,0.9894482176292714
229,101,0.9907094624505017
229,105,0.979368984754942
229,169,0.9911153948060708
229,178,0.9892065515868838
229,188,0.9142675282422096
229,193,0.9890450964835092
229,210,0.940045384796515
229,234,0.9899761081075821
229,248,0.9350165599153045
229,261,0.9899030231489928
229,269,0.9732302384341813
229,271,0.9768406961703382
229,286,0.96586898375636
229,287,0.9865946616826193
229,292,0.9528768342447479
229,301,0.9805034036159473
230,0,0.9792859896233767
230,3,0.8372729628763715
230,7,0.9288767906341161
230,38,0.9852231029979983
230,44,0.9879506273207681
230,74,0.9848637967634892
230,98,0.9827887299647337
230,136,0.9173435929217028
230,161,0.9845150515681217
230,169,0.9887464521178966
230,171,0.983544116807603
230,210,0.9297398852097862
230,217,0.983033342152911
230,225,0.9864561178154445
230,255,0.9842428409546586
230,263,0.9437653001729549
230,274,0.9340679930341786
231,14,0.9991092660517701
231,19,0.9990976914377996
231,32,0.9992430296654369
231,37,0.9990778694979136
231,46,0.9991454217233247
231,50,0.9990736821789741
231,51,0.9990593540201375
231,91,0.9991059999176298
231,111,0.9991991068921945
231,168,0.9991509286484883
232,3,0.8388621753891445
232,4,0.8943928252227388
232,7,0.9217251247980098
232,15,0.9765449178838541
232,77,0.9163316405375532
232,78,0.9432295739089676
232,80,0.7550911807352713
232,84,0.8868483187371464
232,101,0.9714091247568555
232,105,0.9754981710684663
232,106,0.9784662626625417
232,129,0.7440860453349559
232,143,0.943158795322924
232,144,0.8619063211712233
232,145,0.7598901428561703
232,146,0.9195527241621757
232,171,0.973499667761476
232,177,0.9717656982513522
232,182,0.9714295927219412
232,184,0.6106140151738856
232,197,0.9734253908414379
232,206,0.942716827949291
232,224,0.9686242286222765
232,240,0.9255599363529182
232,241,0.7291834538620642
232,248,0.934012485579381
232,263,0.9479644138277525
232,266,0.9627443283897623
232,268,0.6433931337650804
232,269,0.9759304572991031
232,273,0.49950186245021
232,293,0.8902068569915884
232,298,0.9657195101084312
232,301,0.9720187170539774
233,17,0.9961753044561706
233,34,0.9955534261930831
233,41,0.9965425708121276
233,75,0.9800903094434629
233,87,0.992229610126623
233,112,0.9958154433708827
233,115,0.9961237664962083
233,119,0.9952844272266274
233,148,0.9887321344365572
233,190,0.9958152904898734
233,198,0.9958883450217367
233,203,0.9956607979854971
233,296,0.9952613129717448
234,39,0.9892425100993588
234,55,0.9856039061692603
234,60,0.9889344564217523
234,62,0.9738102648344932
234,90,0.9903635072790957
234,169,0.9893789636103947
234,216,0.986509092201723
234,217,0.9920755419534124
234,229,0.9899761081075821
234,237,0.955356985545932
234,248,0.9369813013214701
234,251,0.988506792068616
234,261,0.9889992927948662
234,272,0.9909415626048598
234,274,0.9286108222039013
234,276,0.9893040743334661
234,282,0.9088287497496651
234,286,0.9702568959037186
234,290,0.9789585335369256
234,292,0.9487200210672987
235,12,0.9983090190173931
235,13,0.998129314102345
235,24,0.9945708540808714
235,47,0.9981539355882292
235,53,0.9954606500461227
235,59,0.9986325484264662
235,68,0.9974591251093323
235,85,0.9979811990599985
235,89,0.9962630857439706
235,94,0.9981009802956858
235,103,0.9982004005378418
235,130,0.9980166552071945
235,141,0.9881122843023296
235,201,0.9985655701805332
235,209,0.9979932995098842
235,242,0.9929795776525826
235,251,0.9956673414450831
235,254,0.9946280183918529
235,291,0.9968776059785552
236,9,0.9864233357395465
236,20,0.9784535528996716
236,75,0.9799699511096261
236,78,0.9418127531204136
236,100,0.9881622493434018
236,109,0.9878276657195794
236,122,0.9870871488009745
236,161,0.9875348419409242
236,187,0.9860778665251577
236,188,0.9218217319028879
236,224,0.9671528984491935
236,245,0.9864906721138408
236,248,0.9368182480167094
236,261,0.9863031212751622
236,275,0.9870497492919094
236,277,0.9861783075285596
236,282,0.9106591427708136
237,5,0.9588720406733546
237,25,0.9534276533749533
237,55,0.9500721535002203
237,62,0.9569740569302198
237,126,0.953668342662161
237,141,0.9513160363313952
237,234,0.955356985545932
237,256,0.9490975041429516
237,268,0.6648044946353535
237,282,0.9080045463930151
237,287,0.9570975605280243
237,299,0.9569812656728937
238,15,0.9774823741041221
238,24,0.9767894451313525
238,73,0.9772561092454236
238,101,0.9766152589560839
238,127,0.9771111577452017
238,137,0.9826040641106812
238,141,0.9783717841758395
238,163,0.9806721317758016
238,177,0.9774373459280764
238,197,0.9773182847868563
239,48,0.9894961152473755
239,53,0.9881687029942466
239,99,0.990059846122451
239,105,0.9807515096835926
239,106,0.981392119951144
239,127,0.9875914593427814
239,161,0.9878532744064735
239,215,0.9890549330797439
239,227,0.9904819415332673
239,245,0.9886141772291109
239,254,0.9900186937648963
239,296,0.9874977261211395
240,1,0.5226089367722687
240,4,0.877940851218493
240,18,0.9135167842635786
240,21,0.9124939532185565
240,81,0.6192065726638735
240,106,0.933971114650347
240,129,0.7520186204825151
240,134,0.8748124564298132
240,138,0.23408971459156727
240,143,0.9416169241800038
240,145,0.8161683247507345
240,170,0.9123669948648127
240,184,0.7216095772231479
240,194,0.9145117438413629
240,206,0.9362293036729602
240,232,0.9255599363529182
240,243,0.5220511591863388
240,269,0.9109069107962109
240,279,0.6917339869184914
240,301,0.9323358503026035
241,4,0.7489286489292969
241,78,0.7173576057531499
241,83,0.7600408794215563
241,136,0.7265055264468717
241,175,0.7114130839453259
241,224,0.7052548628389589
241,226,0.7559994486814086
241,232,0.7291834538620642
241,283,0.7240446169831929
241,286,0.7148056704954345
242,9,0.9921363249034717
242,23,0.9927221014838314
242,31,0.9933781668660889
242,43,0.9931458762416359
242,68,0.9924102123614872
242,154,0.9927860147687506
242,157,0.9939670471466219
242,174,0.9908990661032675
242,191,0.9927639273943192
242,214,0.9927275624684535
242,235,0.9929795776525826
242,290,0.9828642080456296
243,3,0.5453789863837921
243,4,0.5591578014963943
243,86,0.5269082726809999
243,134,0.5136034363485048
243,136,0.5368757628520082
243,175,0.4787459816701587
243,206,0.5557245303746753
243,226,0.6036749854437318
243,240,0.5220511591863388
243,259,0.47649549556530807
244,24,0.9956981103495336
244,27,0.9982130455428637
244,29,0.997751068208701
244,31,0.9974415983547704
244,35,0.9959511645225936
244,43,0.9959831824618469
244,54,0.9981541509331494
244,56,0.9965522033671101
244,58,0.9982809814000073
244,59,0.9984674586742434
244,64,0.9974011059363327
244,89,0.9970259274466
244,95,0.998108206090588
244,98,0.9964683078214355
244,101,0.9953924932830377
244,103,0.9982369375785014
244,104,0.9960771490882468
244,122,0.9954985539305146
244,124,0.9983174543096163
244,160,0.9982652781958732
244,164,0.998217896628963
244,201,0.9983793198742602
244,222,0.9934796659528223
245,27,0.9966069353944724
245,48,0.9959462698071643
245,71,0.9965593306589732
245,92,0.9961537701858896
245,95,0.9963607991581244
245,130,0.9960802905666922
245,154,0.9964970708357559
245,200,0.996109840742657
245,201,0.9960754024341656
245,236,0.9864906721138408
245,239,0.9886141772291109
245,284,0.9961998621543504
246,9,0.9868225691921232
246,24,0.9901394738577223
246,25,0.9890829352683899
246,39,0.9863646375836944
246,62,0.9726986491861728
246,113,0.9862305646959019
246,126,0.9874647967297181
246,183,0.9878510321359296
246,187,0.9877360831174589
246,192,0.9864653739688148
246,283,0.9112180296983238
246,290,0.9801092317633
246,292,0.9553268258358923
246,299,0.9880143919082314
247,22,0.9970705925835184
247,30,0.9874461125741443
247,34,0.9969624618562368
247,41,0.9972925116971288
247,44,0.9933108738404912
247,60,0.9926813446518882
247,73,0.9966708411141163
247,88,0.9957943183463723
247,89,0.9973745211012432
247,96,0.9974333050433615
247,101,0.9949982165735896
247,104,0.9960866699690564
247,110,0.9971514158894287
247,117,0.997269384907859
247,118,0.995978911635612
247,122,0.9959869332554113
247,123,0.9946948853168227
247,124,0.9972209307591328
247,149,0.9782553540726511
247,181,0.9971056786323536
247,198,0.9971987589343543
247,202,0.9971533830742206
247,219,0.9920332454860105
247,223,0.9947314412493155
247,267,0.9916232250527772
247,272,0.9934829700123251
248,55,0.9288095841350932
248,61,0.6379988663689098
248,120,0.939401270260653
248,144,0.831870201524683
248,176,0.9328298767997392
248,194,0.9338279447894153
248,226,0.8661759450754923
248,229,0.9350165599153045
248,232,0.934012485579381
248,234,0.9369813013214701
248,236,0.9368182480167094
248,267,0.9341314666854579
248,268,0.6649187292204648
248,279,0.7078550225367757
248,299,0.9341564771442445
249,5,0.9859502257898209
249,23,0.9969431739768341
249,25,0.9896336863410818
249,30,0.9890717442091294
249,31,0.9963396067425965
249,47,0.9967685136258168
249,96,0.9973244401274608
249,108,0.99679507067622
249,109,0.9954004724300413
249,123,0.99468915567409
249,142,0.9892109668207536
249,159,0.996742310525
249,179,0.9966341856850723
249,183,0.9888825127113905
249,191,0.9969332565960233
249,214,0.9966743891279726
249,223,0.9944586180530125
249,256,0.9861806315548571
249,260,0.994712999686986
249,262,0.9877605929766791
249,280,0.9891673792426922
249,284,0.9963939461266855
250,12,0.9992694542351963
250,13,0.9993165556801995
250,14,0.9997167957496551
250,17,0.9990266289083758
250,19,0.9996681508241823
250,27,0.9993453837619204
250,28,0.9997514495340704
250,32,0.9997175653848013
250,33,0.9997295576823811
250,42,0.999430192564521
250,46,0.9993588694878318
250,49,0.9996381777385263
250,50,0.9996390736311355
250,54,0.9996354193361618
250,58,0.9989799610488861
250,59,0.9991576298736302
250,67,0.9977819887774766
250,91,0.9995678586674615
250,94,0.9995754016542011
250,95,0.9991782633412811
250,102,0.9995903257930966
250,103,0.9991916189429931
250,116,0.9991460549605652
250,117,0.9985641453104338
250,124,0.9991524600940243
250,150,0.9996871643219137
250,152,0.9996505422135208
250,160,0.9991807344537612
250,162,0.9992574860225507
250,164,0.9992152742318623
250,168,0.9997085086322288
250,202,0.9991128705545816
250,211,0.9997400310765702
250,218,0.999528038754483
250,221,0.9993601310513507
250,252,0.9995149960406817
250,258,0.9991059693787787
250,294,0.9986896382282622
251,45,0.9956618109260474
251,59,0.9963533767949293
251,92,0.9958545726353242
251,93,0.9964981633949171
251,98,0.9955812720432075
251,99,0.9955632501642622
251,159,0.9957102234235282
251,177,0.9889640439348668
251,222,0.9939184970409172
251,227,0.9905956080001068
251,228,0.9910760519348534
251,234,0.988506792068616
251,235,0.9956673414450831
251,254,0.9947926367498001
251,284,0.9962846035568867
251,291,0.9957105356623761
252,17,0.9988733320218258
252,23,0.9983387424606287
252,27,0.9994562105409803
252,28,0.9994710903255514
252,32,0.9995110913882973
252,36,0.9994555439978079
252,42,0.9994378559837338
252,47,0.9990262788205428
252,54,0.9994825422302149
252,59,0.9992364464589056
252,67,0.9979067711597995
252,69,0.9972704120000772
252,92,0.9983121081596035
252,94,0.9994315228053201
252,117,0.9985368222286266
252,124,0.9991883484182154
252,159,0.9986799371626672
252,160,0.9989178640692148
252,166,0.9984079484897161
252,168,0.9995546774620929
252,173,0.9994253466563984
252,181,0.9990932584123099
252,186,0.998676968987515
252,191,0.9983336287430995
252,198,0.9984236274051282
252,203,0.9989225054963741
252,207,0.9980839313226002
252,209,0.9995173265088815
252,218,0.999528828666542
252,250,0.9995149960406817
252,277,0.996715796603253
252,284,0.9980031191722795
252,294,0.9986519148839562
253,11,0.9990930590139373
253,14,0.9997443280383346
253,28,0.9998071271659946
253,33,0.9997190656831544
253,37,0.9997340982280662
253,50,0.9997210980872488
253,54,0.9996922751858535
253,58,0.998921816982581
253,63,0.999718118842959
253,70,0.9989594649138877
253,91,0.9994642987964674
253,95,0.999164986610201
253,103,0.999191656639046
253,147,0.9997869545866909
253,152,0.9997465975172897
253,167,0.9995201946430448
253,180,0.9994731501513661
253,199,0.9997085382586296
253,211,0.9997774351556603
254,23,0.994513835509488
254,29,0.9956961747337527
254,59,0.9944201411731919
254,68,0.9950548466560823
254,96,0.9945212736151329
254,97,0.9775819055413556
254,142,0.9898755846123368
254,159,0.9947579657460046
254,179,0.9944212781287038
254,200,0.9953840204693698
254,235,0.9946280183918529
254,239,0.9900186937648963
254,251,0.9947926367498001
255,0,0.9696015591458012
255,18,0.9852028781551723
255,20,0.9803056117461103
255,31,0.9905332221090947
255,38,0.991629648175161
255,39,0.9923558600887014
255,98,0.9913816026791523
255,100,0.9905887714986179
255,122,0.9904671956820171
255,126,0.9873401713479663
255,133,0.9792680399694806
255,161,0.9922550458072557
255,169,0.9917155486196173
255,230,0.9842428409546586
255,257,0.9681168530652537
255,261,0.9915152278880264
255,263,0.9462205002617697
255,266,0.9620001079806725
255,270,0.9780066176205
255,271,0.9774442286492103
255,277,0.9923729727177092
255,278,0.9502986913446854
255,285,0.9700217115700086
255,286,0.9705288104499101
255,290,0.9795248919770844
255,300,0.9673092888520821
256,9,0.9835460981642248
256,30,0.9846159693969123
256,38,0.9844039586789252
256,39,0.984628395632661
256,122,0.9837149555394411
256,135,0.9855026874778295
256,169,0.9840001388789003
256,237,0.9490975041429516
256,249,0.9861806315548571
256,261,0.984667109598166
256,271,0.977930247053165
256,272,0.9839002426256181
257,0,0.964883281823533
257,3,0.838685619703721
257,7,0.9361955360996147
257,8,0.8716332205616503
257,39,0.9722746089662736
257,126,0.9662038501569767
257,139,0.8475292661942179
257,142,0.9672964448616478
257,161,0.9663530950956081
257,175,0.8826910345308143
257,176,0.9691759522999127
257,188,0.9119054595462056
257,255,0.9681168530652537
257,259,0.8302373929458072
257,263,0.9400372827857673
257,271,0.9668029872646309
257,278,0.9528356388665601
257,285,0.9669080053130026
257,287,0.9662781607930515
257,293,0.8722203009816082
257,300,0.9648466516612173
258,10,0.9982221507920744
258,12,0.9990713374756091
258,13,0.9992596578547562
258,32,0.9992473710748216
258,49,0.9992478955290315
258,72,0.9944318553758927
258,85,0.9983815312715527
258,94,0.9990349033415994
258,103,0.9990860190987519
258,111,0.9990760233064513
258,137,0.9895019134356818
258,155,0.9983506164756387
258,162,0.9991773390621791
258,168,0.9990808712812025
258,250,0.9991059693787787
259,76,0.8236982263495572
259,136,0.8148300155771087
259,139,0.8278200376378122
259,188,0.8380273856095501
259,210,0.8176728929360395
259,224,0.8179675284093461
259,243,0.47649549556530807
259,257,0.8302373929458072
259,265,0.3872402884208494
259,266,0.8297022340676631
259,286,0.8281750348057292
259,298,0.8189122900947231
260,5,0.9872301442071373
260,10,0.9930772132368799
260,23,0.9943479818902292
260,26,0.9892025725819873
260,43,0.992960651016987
260,68,0.9931642964522358
260,85,0.9929056154617131
260,90,0.9924531316897113
260,141,0.9883578383966517
260,157,0.9931632772286069
260,166,0.9935445202140791
260,179,0.9929980736868402
260,249,0.994712999686986
260,262,0.9891360430303949
261,39,0.9925908377643072
261,92,0.9958058315348186
261,100,0.9944850313436061
261,108,0.9958501794293375
261,121,0.9914931334979357
261,128,0.995881366472432
261,130,0.9955896502838246
261,140,0.9955674797850568
261,142,0.9888201718527476
261,154,0.9963140784298187
261,157,0.9966981566216128
261,163,0.995508656440121
261,174,0.9909883709549548
261,179,0.9960152322371156
261,191,0.9963442387471463
261,192,0.9929434266874083
261,215,0.9913663250216097
261,227,0.9903628850207711
261,229,0.9899030231489928
261,234,0.9889992927948662
261,236,0.9863031212751622
261,255,0.9915152278880264
261,256,0.984667109598166
261,262,0.9870362125504983
261,275,0.9879547626012538
261,277,0.9955773031646005
261,280,0.9894484499482343
261,287,0.9865175793073329
262,5,0.9879921003216685
262,23,0.9873453375991023
262,39,0.987956124879479
262,43,0.9869791951935117
262,74,0.990285519869508
262,100,0.9894368069809678
262,118,0.9886484337853454
262,249,0.9877605929766791
262,260,0.9891360430303949
262,261,0.9870362125504983
262,274,0.929333486405327
262,285,0.965407350975469
262,300,0.9689847979404235
263,6,0.8221239054267615
263,8,0.8410630292441851
263,120,0.9401806784688161
263,175,0.8979727933892259
263,188,0.9132834075486073
263,195,0.9399846552476347
263,230,0.9437653001729549
263,232,0.9479644138277525
263,255,0.9462205002617697
263,257,0.9400372827857673
263,266,0.9408447134561906
263,268,0.6793041004287149
263,270,0.9397752217304893
263,285,0.9440881525014816
263,286,0.9489057507934284
263,293,0.893563872220828
263,297,0.75202563775787
264,1,0.5500433949720755
264,2,0.41809717237919897
264,3,0.7211540401570775
264,6,0.7885870984293328
264,7,0.7259430470116794
264,61,0.709033112390334
264,79,0.24024606625025507
264,134,0.7082156231829929
264,138,0.218299961440437
264,139,0.7791956182566098
264,144,0.7626079070705036
264,210,0.7001791588182007
264,265,0.6415040106712324
264,279,0.6869803060036442
264,281,0.5126813795028039
264,288,0.06938711970244933
264,289,0.24652371780567192
264,293,0.7517209482662938
264,295,0.10723913555993125
264,297,0.7194839460090935
265,3,0.47322896714246476
265,6,0.4639740439524906
265,7,0.44544432057503897
265,61,0.43212258983755725
265,144,0.5366090543579852
265,175,0.47980995924588576
265,259,0.3872402884208494
265,264,0.6415040106712324
265,279,0.48019375365864286
265,288,0.025928803242160313
265,289,0.1249692635781192
265,295,0.05252238620101952
265,297,0.38331367994133425
266,7,0.9288786156115106
266,8,0.8772939903412786
266,21,0.9687540808423392
266,77,0.932034925163006
266,83,0.8925346844983413
266,106,0.9667408129972929
266,134,0.8930083790343352
266,139,0.8462258959775808
266,143,0.9346285719127216
266,161,0.9641457905185012
266,163,0.9617246479231607
266,171,0.9670551416330276
266,177,0.9651075017119336
266,188,0.916915594505643
266,232,0.9627443283897623
266,255,0.9620001079806725
266,259,0.8297022340676631
266,263,0.9408447134561906
266,269,0.9712314428292637
266,270,0.9613861240852397
267,38,0.9928784251241969
267,41,0.9915987354336985
267,53,0.9917832072213254
267,75,0.9787486060513887
267,88,0.9925911172873084
267,98,0.9923246273153532
267,125,0.9923105263729999
267,128,0.9914979740461926
267,136,0.9029737089904127
267,176,0.9873710933140187
267,187,0.9934249070926253
267,194,0.9863049912394068
267,208,0.9924100942439019
267,210,0.935866706287699
267,247,0.9916232250527772
267,248,0.9341314666854579
268,62,0.7203053857202261
268,78,0.6794945890027421
268,79,0.3425513931024105
268,146,0.6508287006483426
268,210,0.6432755722167748
268,232,0.6433931337650804
268,237,0.6648044946353535
268,248,0.6649187292204648
268,263,0.6793041004287149
268,273,0.5139633572982237
268,278,0.7085253121542432
268,288,0.02072796316523949
268,293,0.6983810188218557
269,7,0.928450202435465
269,9,0.9747049039314355
269,18,0.9768031941453267
269,21,0.9728528884701433
269,97,0.9738521768704047
269,106,0.9765072136272901
269,136,0.9096170180369223
269,139,0.8451190250016541
269,143,0.9491297900690322
269,144,0.8624453333750078
269,146,0.9109175190586677
269,171,0.9772642967419483
269,175,0.8706682795307954
269,176,0.9723604935233089
269,206,0.9448219690877825
269,229,0.9732302384341813
269,232,0.9759304572991031
269,240,0.9109069107962109
269,266,0.9712314428292637
269,278,0.9459991707557748
269,287,0.9719124697648475
269,292,0.9619471583441063
270,25,0.9789299335050616
270,53,0.9796773553221589
270,60,0.9791149694964197
270,84,0.88273216394712
270,141,0.9797026120231946
270,146,0.9132361122785283
270,163,0.9773679044007474
270,177,0.9811771123292736
270,183,0.9770092842280435
270,188,0.913016430164922
270,210,0.9357088326420661
270,228,0.9768675617466456
270,255,0.9780066176205
270,263,0.9397752217304893
270,266,0.9613861240852397
270,272,0.9777070064792204
270,278,0.958146431067983
270,283,0.9174976318147081
270,286,0.9750896191231161
271,39,0.9813392674218633
271,161,0.9853469358638948
271,169,0.9770550462740494
271,174,0.9772640925958518
271,229,0.9768406961703382
271,255,0.9774442286492103
271,256,0.977930247053165
271,257,0.9668029872646309
271,272,0.9786736395876877
271,287,0.9776701989032114
271,290,0.9773892721200078
271,300,0.9647331726265809
272,43,0.9940026787662417
272,53,0.9936944096318514
272,68,0.9927959634830861
272,98,0.9925812328007021
272,125,0.9926458629967814
272,140,0.9926901214191177
272,179,0.9943113053531699
272,191,0.992788317074762
272,234,0.9909415626048598
272,247,0.9934829700123251
272,256,0.9839002426256181
272,270,0.9777070064792204
272,271,0.9786736395876877
272,275,0.9860745284575374
272,277,0.9927608550380926
273,2,0.3690852172299369
273,8,0.614598451110252
273,61,0.5060222778861286
273,79,0.27482604011690687
273,139,0.6304335522009222
273,144,0.5806493489781792
273,145,0.48515215722272453
273,184,0.5274222789999535
273,232,0.49950186245021
273,268,0.5139633572982237
273,279,0.5226118610973923
273,288,0.042743253114775705
273,289,0.19124842401553313
273,293,0.5699868993757189
274,5,0.923196947896761
274,6,0.8230959783786181
274,26,0.9342061242682722
274,39,0.928659294205572
274,139,0.8438948065680106
274,210,0.9236312137513418
274,230,0.9340679930341786
274,234,0.9286108222039013
274,262,0.929333486405327
274,285,0.9232333070145802
274,297,0.759602330693227
274,299,0.9365024868903112
274,300,0.9293688697577814
275,39,0.9872318127783557
275,60,0.9855150358518145
275,74,0.9850766704821331
275,100,0.9860319639344434
275,122,0.9869251155957659
275,161,0.9856679551991804
275,236,0.9870497492919094
275,261,0.9879547626012538
275,272,0.9860745284575374
275,277,0.9851830062815067
276,10,0.9959040551219387
276,16,0.9957667728524442
276,22,0.995907328784187
276,96,0.9963208676441401
276,104,0.995133357111812
276,110,0.995833767248789
276,113,0.991631893566481
276,117,0.9952050490747624
276,155,0.9955849455000555
276,191,0.996392966305001
276,196,0.9798506627839445
276,200,0.9956314727780874
276,213,0.9948520127303648
276,219,0.9921909099380125
276,234,0.9893040743334661
277,5,0.9854464174942666
277,27,0.9973079691436673
277,30,0.9895208854486096
277,39,0.9928872510973067
277,74,0.9943624060321725
277,88,0.9951241662642057
277,100,0.9943565942787291
277,118,0.9973842449008716
277,119,0.9968212171195322
277,124,0.9970261228232831
277,142,0.9886757211054122
277,154,0.9973313347732579
277,164,0.9967391197427121
277,173,0.996920179380871
277,191,0.9970777861647768
277,192,0.9909888505111549
277,203,0.9969565549832182
277,219,0.9925241344993061
277,236,0.9861783075285596
277,252,0.996715796603253
277,255,0.9923729727177092
277,261,0.9955773031646005
277,272,0.9927608550380926
277,275,0.9851830062815067
277,299,0.9888463160022289
278,18,0.9538113259045404
278,62,0.953990295471753
278,126,0.9524691529090583
278,144,0.8498350418797609
278,175,0.8745900399582412
278,210,0.9319874461685485
278,255,0.9502986913446854
278,257,0.9528356388665601
278,268,0.7085253121542432
278,269,0.9459991707557748
278,270,0.958146431067983
278,286,0.9614080895967663
278,290,0.9636839793581085
278,292,0.9468078540871988
278,293,0.8755405759226887
279,2,0.5319790942031083
279,3,0.7210409471251966
279,7,0.6707075600821591
279,8,0.7339297739926268
279,134,0.7436298902246684
279,138,0.34093795809036387
279,143,0.704529667122758
279,144,0.7665918403453208
279,184,0.6170148901583189
279,240,0.6917339869184914
279,248,0.7078550225367757
279,264,0.6869803060036442
279,265,0.48019375365864286
279,273,0.5226118610973923
279,289,0.18806566813655803
279,295,0.08168452871874077
279,297,0.7797565205840575
280,9,0.9892540055203894
280,154,0.9891415608029763
280,165,0.9911682391455731
280,177,0.9910502977658091
280,185,0.9783153621325391
280,187,0.9901698650879126
280,207,0.9898751313763569
280,215,0.990767528410165
280,222,0.9898443440472783
280,249,0.9891673792426922
280,261,0.9894484499482343
281,2,0.3351157968776263
281,3,0.5463432405759977
281,7,0.48624291131765757
281,8,0.5110658809651241
281,61,0.6943948956968112
281,77,0.500267665330717
281,139,0.5487031736812842
281,184,0.4651093138263294
281,264,0.5126813795028039
281,282,0.46342683465087947
281,288,0.04898928995084811
281,289,0.08966039555105797
281,293,0.49024375956756666
282,8,0.8915259210037256
282,20,0.9076948821840033
282,170,0.9235974569073254
282,224,0.9399097053506349
282,234,0.9088287497496651
282,236,0.9106591427708136
282,237,0.9080045463930151
282,281,0.46342683465087947
282,285,0.9093765830833149
282,287,0.9177292848977999
282,299,0.910034297474036
282,300,0.9391321943910811
283,25,0.9402028019222278
283,62,0.9154543885430976
283,79,0.249828473749391
283,121,0.9180950092796664
283,126,0.925732584957939
283,137,0.9127766302196146
283,141,0.9252080928484324
283,142,0.92185159726377
283,224,0.9254988142238788
283,241,0.7240446169831929
283,246,0.9112180296983238
283,270,0.9174976318147081
284,13,0.998105900705357
284,42,0.9979334823661603
284,53,0.9951616957495778
284,56,0.9961512056619356
284,59,0.9980740063862193
284,92,0.9980071488485415
284,95,0.9980909329653631
284,99,0.9972773291002742
284,103,0.9979517852532935
284,108,0.9980637997398614
284,123,0.9949630079328949
284,135,0.9934560479154109
284,154,0.997531613335116
284,165,0.9955046756248136
284,179,0.9984797497824437
284,202,0.9980610697294261
284,245,0.9961998621543504
284,249,0.9963939461266855
284,251,0.9962846035568867
284,252,0.9980031191722795
285,0,0.9683394663714485
285,6,0.8293552263895619
285,8,0.8460948249405255
285,26,0.9670424814650915
285,39,0.9646803410169902
285,83,0.88412250091251
285,126,0.9671625137145915
285,134,0.877954100735423
285,139,0.8314591808657811
285,142,0.9648407348978302
285,170,0.9651235254674702
285,175,0.9229256891277178
285,255,0.9700217115700086
285,257,0.9669080053130026
285,262,0.965407350975469
285,263,0.9440881525014816
285,274,0.9232333070145802
285,282,0.9093765830833149
285,297,0.7480028469797319
285,300,0.9705172052306896
286,7,0.92460620968869
286,39,0.9660211940392787
286,78,0.944487690894739
286,83,0.8934890738504258
286,84,0.8977644357568393
286,126,0.9690418718973733
286,139,0.8329593454689579
286,146,0.9087067549044839
286,169,0.9702680867136675
286,175,0.9033254316524
286,183,0.9692957662449465
286,188,0.9118312263628098
286,195,0.9721532799105852
286,197,0.9666767591708023
286,210,0.9436835810576744
286,229,0.96586898375636
286,234,0.9702568959037186
286,241,0.7148056704954345
286,255,0.9705288104499101
286,259,0.8281750348057292
286,263,0.9489057507934284
286,270,0.9750896191231161
286,278,0.9614080895967663
286,293,0.8889714825761595
286,298,0.9655495782834116
287,7,0.9216688298961375
287,16,0.987205672627674
287,18,0.9834188884774052
287,24,0.9878455281152501
287,39,0.9886476920015191
287,98,0.9865105578120844
287,109,0.9861473930283217
287,165,0.9866998578000123
287,169,0.9867340745319741
287,187,0.9906097335426076
287,224,0.9715603941118789
287,229,0.9865946616826193
287,237,0.9570975605280243
287,257,0.9662781607930515
287,261,0.9865175793073329
287,269,0.9719124697648475
287,271,0.9776701989032114
287,282,0.9177292848977999
287,292,0.9576431595919284
287,298,0.9605579211125034
288,2,0.06990051510323395
288,61,0.0931410446622651
288,79,0.03285901303995244
288,264,0.06938711970244933
288,265,0.025928803242160313
288,268,0.02072796316523949
288,273,0.042743253114775705
288,281,0.04898928995084811
288,289,0.06434588037226543
288,295,0.020111872029091288
289,2,0.3058047964517388
289,8,0.11926304589009844
289,61,0.2106375499698342
289,144,0.1155047500378557
289,264,0.24652371780567192
289,265,0.1249692635781192
289,273,0.19124842401553313
289,279,0.18806566813655803
289,281,0.08966039555105797
289,288,0.06434588037226543
289,295,0.08895856466520413
289,297,0.18257567369221575
290,5,0.9814888877765814
290,39,0.9831347288222677
290,126,0.9787831741437173
290,174,0.9787293639155065
290,192,0.9829279756434017
290,234,0.9789585335369256
290,242,0.9828642080456296
290,246,0.9801092317633
290,255,0.9795248919770844
290,271,0.9773892721200078
290,278,0.9636839793581085
290,293,0.868824014188825
291,59,0.9965712261802327
291,65,0.9967286090984985
291,70,0.9969008338346264
291,71,0.9966529692352587
291,82,0.9889146617222252
291,85,0.9969480598765316
291,103,0.9965663551091025
291,137,0.9911905417379918
291,155,0.9965593281457702
291,185,0.9781340551778512
291,201,0.9967406447373524
291,214,0.9973297364647996
291,222,0.9935134595410614
291,235,0.9968776059785552
291,251,0.9957105356623761
292,25,0.9487566725464898
292,62,0.9613115322619658
292,126,0.9533517890380203
292,197,0.9531445651326235
292,228,0.9512694051536464
292,229,0.9528768342447479
292,234,0.9487200210672987
292,246,0.9553268258358923
292,269,0.9619471583441063
292,278,0.9468078540871988
292,287,0.9576431595919284
293,7,0.8671277956641946
293,8,0.8392792341315691
293,61,0.6587201353584964
293,62,0.8973879657041948
293,79,0.25704138759379946
293,144,0.827043238797894
293,232,0.8902068569915884
293,257,0.8722203009816082
293,263,0.893563872220828
293,264,0.7517209482662938
293,268,0.6983810188218557
293,273,0.5699868993757189
293,278,0.8755405759226887
293,281,0.49024375956756666
293,286,0.8889714825761595
293,290,0.868824014188825
293,298,0.9071122674963656
293,300,0.8852723124427065
294,28,0.9987878940090402
294,42,0.9987889215222334
294,54,0.9989842846452404
294,91,0.9986843663692175
294,156,0.998644704376649
294,209,0.9987563230077726
294,211,0.9988487708683993
294,218,0.9988770725977735
294,250,0.9986896382282622
294,252,0.9986519148839562
295,1,0.05964847685707735
295,2,0.18394668625824923
295,6,0.06771647573599944
295,61,0.05623580961367779
295,131,0.0662704142416866
295,264,0.10723913555993125
295,265,0.05252238620101952
295,279,0.08168452871874077
295,288,0.020111872029091288
295,289,0.08895856466520413
295,297,0.14385298029292665
296,16,0.9970087373423299
296,21,0.9856370752303116
296,41,0.9966282914986805
296,42,0.9964373074448029
296,59,0.9971696174717729
296,73,0.9968508985299745
296,82,0.9902819169776413
296,96,0.9962347529819037
296,101,0.995066097887685
296,127,0.9953895292663217
296,148,0.9872917809362115
296,161,0.9934979030106447
296,177,0.9889783899913359
296,178,0.9954049193857828
296,190,0.9964412399695424
296,194,0.9861451322812329
296,200,0.9962941350843939
296,203,0.996248839354192
296,208,0.9966067060367658
296,212,0.9939268297553434
296,233,0.9952613129717448
296,239,0.9874977261211395
297,2,0.528670081895728
297,3,0.8032719150303979
297,7,0.7589772023541143
297,8,0.7352779149947568
297,61,0.6288348651457661
297,131,0.5303743874766599
297,134,0.7625049549485481
297,136,0.7510386567068182
297,263,0.75202563775787
297,264,0.7194839460090935
297,265,0.38331367994133425
297,274,0.759602330693227
297,279,0.7797565205840575
297,285,0.7480028469797319
297,289,0.18257567369221575
297,295,0.14385298029292665
297,300,0.7421319894907767
298,3,0.8433663364216201
298,4,0.9001618131137605
298,6,0.8220656236524952
298,39,0.9579014256992617
298,113,0.9626640257848298
298,134,0.8645926126385336
298,139,0.8360144362335054
298,142,0.9591017281582599
298,144,0.8250269802218486
298,169,0.9567258290614513
298,171,0.9568287041102808
298,188,0.9183601271337971
298,217,0.9561991094692939
298,232,0.9657195101084312
298,259,0.8189122900947231
298,286,0.9655495782834116
298,287,0.9605579211125034
298,293,0.9071122674963656
298,300,0.9569140651447594
299,24,0.9892899142288164
299,38,0.9880485735079354
299,43,0.9883410681720384
299,68,0.9885715567366544
299,90,0.9891506814286629
299,100,0.9896938941409479
299,125,0.9884401438186987
299,169,0.9887964002206383
299,216,0.9865572542021704
299,237,0.9569812656728937
299,246,0.9880143919082314
299,248,0.9341564771442445
299,274,0.9365024868903112
299,277,0.9888463160022289
299,282,0.910034297474036
300,3,0.8399149761426762
300,7,0.9390826431108703
300,8,0.860446610379301
300,39,0.9644845999893911
300,83,0.9061896296080213
300,133,0.9657216956569248
300,134,0.8815410041842638
300,142,0.9675918260177986
300,144,0.8406992542542205
300,170,0.966516922539381
300,175,0.8911966538062774
300,188,0.931722261854914
300,192,0.9637779866659635
300,210,0.9413044893617081
300,255,0.9673092888520821
300,257,0.9648466516612173
300,262,0.9689847979404235
300,271,0.9647331726265809
300,274,0.9293688697577814
300,282,0.9391321943910811
300,285,0.9705172052306896
300,293,0.8852723124427065
300,297,0.7421319894907767
300,298,0.9569140651447594
301,15,0.9831395855589675
301,21,0.9843258705514403
301,75,0.9792193484623678
301,76,0.9266684215240165
301,77,0.9476053347741049
301,78,0.9352644453429396
301,86,0.7795739797951717
301,98,0.9816140904858197
301,106,0.9809397281079956
301,120,0.985529587473311
301,136,0.9071487154613852
301,143,0.938415784141149
301,163,0.9833210858775501
301,178,0.9823357770353279
301,194,0.9795925572308546
301,206,0.9492440934331415
301,217,0.9821807948008597
301,226,0.8712616822876541
301,229,0.9805034036159473
301,232,0.9720187170539774
301,240,0.9323358503026035
