source,target,weight
0,74,0.2979736862130038
0,80,0.08966070509712426
0,83,0.14285417051644464
0,84,0.14278596856051265
0,90,0.2983662105478562
0,100,0.31206148705613956
0,118,0.3053575062843584
0,131,0.11369980202822702
0,136,0.17369502865576342
0,155,0.30239564229460064
0,169,0.3145830274242552
0,175,0.12400257619041005
0,192,0.3133068781891956
0,217,0.2965057324021755
0,219,0.30652296643035004
0,224,0.24696350409345122
0,226,0.13483984342644587
0,233,0.29746320132794085
0,241,0.06716685729410177
0,248,0.21065257084511846
1,2,0.05738224795927193
1,3,0.09140241416557156
1,6,0.07260574590151063
1,8,0.09069853385707162
1,240,0.07281692732965181
1,264,0.074081981230265
1,273,0.06096967137192448
1,274,0.07645352333622751
1,279,0.07352076192873172
1,282,0.08579540088990313
1,289,0.02389642343831629
1,293,0.09851717016325451
1,295,0.07149278240701837
2,1,0.05738224795927193
2,6,0.043288980007569346
2,8,0.049972923156224563
2,184,0.049768653441314106
2,188,0.043210807987799346
2,264,0.04866186235933134
2,273,0.06370121388343007
2,279,0.0533658305004223
2,289,0.03704808526655683
2,293,0.045418399024657885
2,295,0.07054339306147324
3,1,0.09140241416557156
3,8,0.14124602056789204
3,105,0.16283269612174278
3,138,0.06973857310927309
3,143,0.16867620855510138
3,170,0.16633362225954795
3,171,0.15889016675881143
3,184,0.07704794596304605
3,206,0.1688962024141997
3,232,0.16721796439102607
3,240,0.16125585960219221
3,273,0.06729186855110275
3,274,0.16690241408315906
3,279,0.12844039862003281
3,285,0.16729220242470808
3,286,0.16097952725708337
3,288,0.02711683110264214
3,295,0.08623376734781758
3,297,0.10572510818500512
4,18,0.18990963055539575
4,66,0.19876824147144065
4,75,0.19867379901090898
4,80,0.0846238077387612
4,86,0.09012456352132707
4,120,0.20014574869437657
4,129,0.10447541384536223
4,131,0.10453186988599589
4,132,0.2076938413018894
4,136,0.1571719696207484
4,149,0.20396558922181993
4,176,0.20530751329414146
4,226,0.12840557411707149
4,243,0.0483529120251473
4,259,0.11062698841925502
4,270,0.19532154302112797
4,278,0.19759149527189582
4,281,0.05024441488010594
4,297,0.10665229484137104
4,301,0.19563470302489644
5,20,0.31423381150366486
5,68,0.39423678336191703
5,69,0.402137549020509
5,92,0.3900411081221198
5,105,0.3004288770520914
5,106,0.3290534295798222
5,123,0.3945434754300638
5,126,0.34578316613807614
5,141,0.328442593675829
5,154,0.4179732641783739
5,185,0.26020434500403194
5,187,0.39643960988822036
5,193,0.3996811527842125
5,207,0.39871158145531677
5,238,0.2874366404990104
5,257,0.2445100157253596
5,275,0.3935857790737064
5,284,0.4065343426453869
5,285,0.3154827863889533
5,300,0.2977982834076264
6,1,0.07260574590151063
6,2,0.043288980007569346
6,77,0.14878817818304668
6,78,0.16024565990705578
6,106,0.164044464370154
6,139,0.1588372956481894
6,143,0.17058530881670145
6,170,0.16096196232278803
6,171,0.16789628966549222
6,264,0.1417871785366797
6,269,0.1522384389387028
6,286,0.15121497127546765
6,288,0.03245293867692942
6,295,0.1111830404564247
6,300,0.16163022955540154
7,25,0.21813246240898784
7,26,0.22421282068945747
7,129,0.10292133399181945
7,131,0.09957851366452912
7,145,0.14653353905009903
7,171,0.21785884637098346
7,174,0.2249330523414564
7,177,0.21791712647089032
7,230,0.2310162512453705
7,232,0.22123243326075998
7,246,0.2598288621517778
7,281,0.05349671668976678
7,286,0.2281189846784724
7,300,0.2252761445614697
8,1,0.09069853385707162
8,2,0.049972923156224563
8,3,0.14124602056789204
8,20,0.13289715703786747
8,126,0.12065327165150047
8,138,0.06883441353856812
8,184,0.08697178101020292
8,188,0.13511182622310094
8,206,0.12433562459148782
8,271,0.12743315433440508
8,273,0.07544463912087702
8,274,0.143894292511792
8,279,0.1080834074863406
8,282,0.15040321817253344
8,285,0.1272023174288188
8,289,0.023778658372839344
8,293,0.12055748733415719
8,295,0.07317254696624328
9,13,0.5108965311616709
9,16,0.5110994025248347
9,18,0.4064502116937948
9,24,0.4825180602372778
9,26,0.4034870823065964
9,39,0.43674129160438724
9,59,0.5163674129722119
9,94,0.5103292621661665
9,95,0.5132049879233358
9,99,0.5161298574657953
9,101,0.44552305284541416
9,103,0.5077753655807066
9,109,0.4422182598000684
9,130,0.5257893685359774
9,133,0.38746743101466213
9,160,0.5084610443360907
9,174,0.42469510603953453
9,218,0.5123581242776966
9,227,0.47376687669613954
9,234,0.43030050969187666
9,236,0.3988383478158634
9,239,0.4300138624500247
9,256,0.36130981300688936
9,262,0.41848428272625005
9,272,0.46094767405710185
9,292,0.3381725663004739
9,301,0.31163081873542625
10,25,0.4601868605733797
10,58,0.48863104422182113
10,59,0.49958011546905984
10,65,0.48374532460492087
10,85,0.5119521419991496
10,117,0.48840590531123956
10,158,0.4953081144077883
10,162,0.4861163677662054
10,164,0.5144447924197174
10,185,0.257087982733312
10,231,0.5032973114461383
10,238,0.28356576888837187
10,258,0.49246209062626833
10,290,0.3636638703523338
11,14,0.6025288133117546
11,27,0.5930110421186578
11,54,0.5831067564837774
11,87,0.3535315574098604
11,91,0.5828476580878204
11,92,0.5550268682460416
11,94,0.5950572494099371
11,154,0.542750184372187
11,167,0.5862903982239179
11,187,0.45591192065463976
11,209,0.5859276358036776
11,211,0.5897160134056944
11,218,0.5967507451620575
11,235,0.5227594478683495
11,253,0.5946796221424094
11,280,0.35449257007684903
12,32,0.6384921733990857
12,47,0.5609433514119206
12,50,0.6431307887599648
12,54,0.6683288083066468
12,59,0.5920890182635175
12,65,0.6100454162310132
12,69,0.5246136805245132
12,91,0.6497807188537972
12,94,0.6394456372000175
12,107,0.5579153226154475
12,111,0.6397604495827636
12,130,0.5981261279385575
12,147,0.6423859691784604
12,150,0.6432123639163217
12,158,0.6082856034247699
12,162,0.6117035189897934
12,164,0.5973004850816307
12,201,0.5714868324890169
12,235,0.5364714244452424
12,250,0.6382187577558478
12,253,0.6355491944429179
12,258,0.6023372907407505
13,9,0.5108965311616709
13,16,0.5481093084412546
13,42,0.6264440840067774
13,49,0.6363872457524047
13,50,0.6325800445429313
13,53,0.4789694417639184
13,54,0.6221430180930676
13,71,0.5814890565157711
13,85,0.5365736142613216
13,92,0.5196895376466687
13,94,0.645083713220291
13,99,0.5457218568104447
13,107,0.5943587040343042
13,111,0.6221627642230414
13,123,0.5072922466290033
13,165,0.5165071148627692
13,173,0.6254008962219044
13,181,0.6323389593795324
13,191,0.5650459490246975
13,202,0.5701006012518284
13,207,0.524363532619066
13,211,0.6294348530656718
13,235,0.5204493126993419
13,252,0.60169699827478
13,253,0.6225481363379775
13,258,0.5832086503648276
13,284,0.5458866757679468
13,294,0.5531004515568969
14,11,0.6025288133117546
14,27,0.686871940982904
14,40,0.6992599512396994
14,42,0.6379044960070509
14,46,0.6550209050874378
14,51,0.641438056912161
14,54,0.6910058134590815
14,63,0.715417353856793
14,65,0.6036487056064689
14,92,0.5311579074023124
14,94,0.6886624690829215
14,151,0.7087142308455161
14,152,0.7255506415995857
14,167,0.6511228069712616
14,168,0.6559260483707409
14,172,0.7021409275477617
14,180,0.6344403776981437
14,181,0.6179205339450312
14,186,0.580050827760693
14,199,0.7085006090514699
14,204,0.6828170619132435
14,207,0.5387670285941442
14,209,0.6595701558064512
14,211,0.7100430766261052
14,218,0.6594236386434762
14,220,0.6300345413129351
14,235,0.5179191757996002
14,253,0.7087592217647732
14,294,0.5457914024849428
15,20,0.29408188721750944
15,21,0.3619016190046956
15,53,0.36641031967279714
15,92,0.33916688769271186
15,98,0.35279158935449784
15,143,0.23056567878954426
15,154,0.35559161057209526
15,165,0.3413925154175806
15,187,0.34395463263422127
15,188,0.21160742213572162
15,191,0.33932306827163594
15,207,0.34274999968149117
15,240,0.22873163062157084
15,282,0.19078300515307606
15,294,0.34214666645445957
16,9,0.5110994025248347
16,13,0.5481093084412546
16,17,0.545202498136457
16,27,0.5512073287118613
16,32,0.5396571276458701
16,39,0.43702615331821193
16,42,0.5538736333775658
16,45,0.46066257781829223
16,160,0.5558555258665692
16,164,0.5408148760748268
16,174,0.4420779712329749
16,218,0.5530739957920902
16,229,0.40276393543702826
16,234,0.42498522672506117
16,236,0.41551910161079847
16,239,0.4237119683628962
16,250,0.5488756538815996
16,260,0.3804097818275583
16,261,0.47358618039742284
16,262,0.43759549157846034
16,275,0.435288303354652
16,277,0.5034172392861959
16,284,0.543043601054662
17,16,0.545202498136457
17,19,0.5669508543269893
17,22,0.5204825027426712
17,27,0.5706798221238925
17,102,0.5723763460379131
17,103,0.5661951801096674
17,108,0.5671576051019922
17,156,0.5672117655334992
17,160,0.5639348131571215
17,193,0.4741053739366143
17,202,0.5705712956897998
17,203,0.5621380172661747
17,204,0.5652792008191736
17,250,0.5811843975590467
17,261,0.4846908891253671
17,276,0.5060533677914162
17,277,0.49348751314468453
17,284,0.5415626894018852
18,4,0.18990963055539575
18,9,0.4064502116937948
18,34,0.3981992700077958
18,98,0.40374933706695637
18,100,0.3964140189929273
18,101,0.4001192889023371
18,169,0.40415375295746464
18,179,0.3927124777360622
18,222,0.3940428600865492
18,227,0.3992627576913245
18,248,0.20320307621604958
18,251,0.3905675687586099
18,274,0.2715607688869488
18,278,0.3068542325171755
19,17,0.5669508543269893
19,23,0.5543309648042682
19,28,0.6772896197311729
19,32,0.6884985545099668
19,33,0.6890890063499386
19,36,0.6720843857331303
19,52,0.6317168680167142
19,54,0.6980843249196669
19,59,0.5901935618908591
19,67,0.5695396624165875
19,85,0.5375708773345619
19,91,0.665111264583446
19,95,0.6430899096406647
19,102,0.6253711082134873
19,103,0.5964476874354827
19,107,0.5647409068254893
19,111,0.679238512144197
19,116,0.6054530928996859
19,117,0.5765625088695709
19,124,0.5623879609334627
19,130,0.596921305213391
19,150,0.6952972512142792
19,153,0.5600182192266955
19,156,0.6501827856336643
19,159,0.5625575763709509
19,160,0.6353170374722797
19,166,0.5832916408428029
19,173,0.6697519789619626
19,181,0.6133762228503538
19,190,0.611528824791383
19,202,0.5799954668853938
19,203,0.5731856945942976
19,211,0.6738898674943469
19,221,0.6300846020968665
19,231,0.6262254395419533
19,250,0.6953084494149768
19,252,0.6038978860378909
19,258,0.5915911748150675
20,5,0.31423381150366486
20,8,0.13289715703786747
20,15,0.29408188721750944
20,21,0.3259602928326236
20,106,0.29935749512361104
20,135,0.29994732721465966
20,187,0.3506420468344515
20,188,0.19212613074677476
20,236,0.3055270050545298
20,240,0.22087084676091762
20,262,0.30761934397463314
20,271,0.2714870600768341
20,275,0.30996278066954575
20,280,0.31951522572468916
20,282,0.18646532021486711
21,15,0.3619016190046956
21,20,0.3259602928326236
21,78,0.2118865073967359
21,92,0.36148230848286766
21,105,0.30466507842354973
21,106,0.36372143754338004
21,123,0.357181250742454
21,143,0.23235482949979458
21,154,0.35597001659488503
21,187,0.3539416867526643
21,188,0.1922147733874721
21,206,0.26257778640093776
21,233,0.35503894649139045
21,240,0.2598534611267951
21,261,0.35739683611469786
21,275,0.3739673665413381
21,280,0.3493528738472932
21,282,0.17872984248640753
21,301,0.3032652319973232
22,17,0.5204825027426712
22,29,0.5318331407267426
22,88,0.5047294422484478
22,95,0.5382884288907542
22,114,0.48523760208685474
22,115,0.4251946084503752
22,124,0.523864346932297
22,148,0.36522027940789875
22,160,0.5260977278551059
22,164,0.5230502359778689
22,173,0.5352887672636901
22,190,0.5215164263960691
22,193,0.4794489560245113
22,197,0.4506659911917087
22,212,0.5020845488067706
22,213,0.3791801581893935
22,231,0.5224773509625162
22,245,0.5372980943618477
22,291,0.476005717374517
23,19,0.5543309648042682
23,24,0.4859465320087196
23,32,0.5538998209668112
23,39,0.432999974030115
23,46,0.5519338452024866
23,68,0.5068896210443277
23,91,0.5655755657281648
23,94,0.5602407502093588
23,98,0.5424747970805087
23,100,0.48052320911346746
23,103,0.5784877536467355
23,104,0.49754624881618387
23,108,0.562325692764421
23,118,0.47686052073591984
23,130,0.576617075196631
23,157,0.5394262209974963
23,158,0.5657910454013684
23,161,0.4526662309372895
23,166,0.5686902214126442
23,193,0.4862320270806852
23,276,0.5249465556102876
24,9,0.4825180602372778
24,23,0.4859465320087196
24,59,0.4789236334903092
24,75,0.32476172693463246
24,95,0.48597756803606634
24,99,0.4844525712809941
24,103,0.49572509594695713
24,130,0.4932129796395048
24,133,0.36789669697518435
24,179,0.47645929201557546
24,200,0.47866548283351656
24,208,0.49332292797486016
24,229,0.39892045304464135
24,230,0.3549767138443798
24,256,0.40421826866352584
24,272,0.4461173136804073
24,287,0.34782088832499297
24,290,0.3938170927189087
24,292,0.36881509290750847
25,7,0.21813246240898784
25,10,0.4601868605733797
25,47,0.46404560634523895
25,57,0.45966876950485575
25,58,0.45747018893290453
25,70,0.4641122690760565
25,162,0.4641411692093937
25,164,0.46271428269038867
25,185,0.26413287287218884
25,189,0.30532347642433394
25,200,0.4622294594335299
25,221,0.4672911499217909
25,231,0.45875051949717816
25,238,0.2886799518459506
25,246,0.3738663111279131
25,278,0.31007647071987426
25,291,0.44532522887804943
26,7,0.22421282068945747
26,9,0.4034870823065964
26,39,0.4061988102421312
26,77,0.2271144614364279
26,78,0.21187302534935704
26,89,0.40125801515936904
26,104,0.3910764573428736
26,154,0.40345497020714394
26,170,0.3020069782274825
26,178,0.390412986523346
26,189,0.3149127865343423
26,230,0.37186579382671053
26,244,0.4094750286172761
26,246,0.35361558595706544
26,247,0.3890329742150992
26,263,0.25450948417588204
26,266,0.391560903541133
26,272,0.3946623925675666
26,278,0.30949056682576065
26,285,0.278290298323225
27,11,0.5930110421186578
27,14,0.686871940982904
27,16,0.5512073287118613
27,17,0.5706798221238925
27,28,0.6635503507977677
27,32,0.6678514088229552
27,33,0.6814523517043166
27,42,0.6423858303224879
27,46,0.6442137700788009
27,48,0.534151502430047
27,50,0.6704326492680776
27,54,0.6774185141878034
27,64,0.5535222205942727
27,92,0.5233575104151547
27,103,0.5983729278594222
27,147,0.6693799022492402
27,154,0.5483621856129436
27,160,0.6312056543518542
27,165,0.5145269027493897
27,168,0.6395876170401139
27,181,0.6142334799371788
27,186,0.5671847303868024
27,198,0.5564734781679477
27,211,0.6870680450227848
27,221,0.634520729673574
27,250,0.6674910721255544
27,252,0.6113832537918764
27,253,0.6640668296774977
27,266,0.5637109036763385
27,284,0.54300859833058
28,19,0.6772896197311729
28,27,0.6635503507977677
28,32,0.6914558386649329
28,33,0.7096825201957623
28,36,0.6739326575537973
28,46,0.6429979163871387
28,54,0.7203176002908537
28,58,0.5773957107054996
28,64,0.5703992201694137
28,91,0.656467819673039
28,94,0.6587852387833459
28,95,0.6205745280678622
28,102,0.6265934062914127
28,116,0.5982588588452713
28,119,0.5570921990955863
28,147,0.713568496311538
28,150,0.6800908150707609
28,156,0.6559053147713092
28,167,0.6363871011985555
28,173,0.6598949967900637
28,179,0.561014976647944
28,180,0.6539300122768651
28,190,0.6195804422986163
28,198,0.5483184068177336
28,199,0.6792384661068203
28,201,0.584153804551481
28,202,0.5663570484345614
28,203,0.5565000476117316
28,204,0.6591202312957786
28,211,0.6761614912554175
28,221,0.6378637177295016
28,250,0.6747140813882467
28,253,0.676215323687406
28,266,0.5610061303849389
28,294,0.5541286462157987
29,22,0.5318331407267426
29,42,0.5294913423890328
29,45,0.5021485076763068
29,88,0.46517441571691254
29,94,0.5335665483716638
29,114,0.4813324991130207
29,117,0.532796724305363
29,124,0.5299539191953601
29,128,0.48763142699724665
29,159,0.5440009240511742
29,166,0.5389895923609496
29,173,0.5327203561283926
29,190,0.5314618000358271
29,205,0.4687324147308649
29,212,0.5095114475195309
29,213,0.37572289233737116
29,245,0.5302821007165285
29,251,0.4857304813411637
30,35,0.40009368914369187
30,38,0.39245096200501217
30,73,0.3775344194839375
30,82,0.35510673744598237
30,88,0.41254790492808524
30,119,0.37084628112620366
30,140,0.3737120682641017
30,142,0.3369454195713103
30,149,0.30609026148385815
30,247,0.3724212094446472
30,276,0.3889715947063019
30,277,0.3702049460135911
30,296,0.3905677748099001
31,58,0.5493554833044736
31,90,0.5061980126299662
31,104,0.4893293420137156
31,109,0.43557181522637856
31,140,0.4963076670620762
31,157,0.5038090590233383
31,158,0.5347027989355408
31,159,0.5170646410294442
31,163,0.4694171584181365
31,166,0.5244138446907373
31,183,0.372344492772625
31,214,0.5495473955958088
31,215,0.3931493526016626
31,216,0.4261809801894357
31,225,0.4051687686635071
31,228,0.46026035465834036
31,242,0.505146674825759
31,254,0.4409148356415723
31,255,0.42815397395896915
31,276,0.5030343197306079
31,296,0.4975698442959132
32,12,0.6384921733990857
32,16,0.5396571276458701
32,19,0.6884985545099668
32,23,0.5538998209668112
32,27,0.6678514088229552
32,28,0.6914558386649329
32,33,0.6887498220326179
32,42,0.6444795348231537
32,46,0.6441114853013169
32,48,0.5256055026607022
32,54,0.6861308647048301
32,63,0.683554268517937
32,64,0.5556615938759641
32,67,0.5741419856584217
32,69,0.5181987793726721
32,85,0.5464848301709697
32,91,0.6846946184466409
32,94,0.6812252223180786
32,95,0.6062513032478729
32,102,0.6115772426351666
32,116,0.6020029636035198
32,117,0.581618557865768
32,119,0.5706346441709252
32,147,0.6844011973013017
32,153,0.5627454826587146
32,154,0.5400942772570078
32,156,0.654625847438307
32,160,0.6487499092237418
32,167,0.6480086433723982
32,173,0.6464367088137137
32,181,0.636902690990861
32,204,0.6615836355425452
32,211,0.6894936992074626
32,218,0.6490278578576981
32,220,0.6311956619874718
32,231,0.6241910252286436
32,250,0.6875592717969575
32,252,0.6372970553670194
32,253,0.6911925404821571
32,258,0.5942832528747017
32,266,0.5672929181948229
33,19,0.6890890063499386
33,27,0.6814523517043166
33,28,0.7096825201957623
33,32,0.6887498220326179
33,36,0.7035355004150162
33,37,0.7079608660736517
33,40,0.7176125321844674
33,42,0.645565066409834
33,49,0.659695830351039
33,50,0.7003931511816829
33,51,0.634168504277188
33,52,0.6164900033869996
33,54,0.7080956727838005
33,63,0.7278116613064589
33,91,0.6549273514848288
33,111,0.7090742303880342
33,147,0.7541335862010957
33,150,0.6977409020802459
33,151,0.7284241387785919
33,152,0.7141350998370583
33,156,0.6466624597262342
33,160,0.6411528821309109
33,167,0.6348735298332085
33,172,0.7334134724129722
33,173,0.6749068157001399
33,180,0.6541481105845178
33,190,0.6026625057681061
33,199,0.7529851388563205
33,204,0.6888374964744322
33,209,0.660869852875407
33,211,0.7283548571043783
33,221,0.6251925542571442
33,250,0.67990716691123
33,253,0.7346369442050897
34,18,0.3981992700077958
34,35,0.47883295283981986
34,53,0.48333810470669863
34,64,0.5211771262903276
34,91,0.5043614044469443
34,95,0.5111235695867563
34,117,0.5128303753800895
34,124,0.5016780868847185
34,128,0.5012957776041587
34,173,0.5265490099839268
34,190,0.5164328658569236
34,203,0.5018696192960581
34,247,0.5092772177648531
34,262,0.4240753223209858
34,301,0.30463620165111294
35,30,0.40009368914369187
35,34,0.47883295283981986
35,38,0.49751448855901653
35,41,0.5399313496173814
35,44,0.40473120053263034
35,60,0.43392235034614574
35,66,0.43199119815753045
35,74,0.459850948463668
35,112,0.4829933270060255
35,113,0.39488197799596264
35,115,0.42517411487654044
35,120,0.39510746415263825
35,121,0.4146422733907989
35,124,0.4876545022545555
35,125,0.4963234356827463
35,127,0.4663347753410052
35,132,0.4143661298449819
35,149,0.30523154093829635
35,155,0.4912050669582977
35,159,0.4875385581633816
35,182,0.3977575063769401
35,194,0.39338664739065804
35,196,0.3549038922984069
35,215,0.3816743395219071
35,219,0.43118262069051316
35,225,0.4056322571005334
35,247,0.47785314197116346
35,254,0.4596468972529618
35,296,0.48600839237652427
36,19,0.6720843857331303
36,28,0.6739326575537973
36,33,0.7035355004150162
36,37,0.6707414408983686
36,52,0.6181658127659855
36,54,0.6776229492943233
36,63,0.6824484055282136
36,91,0.6575317659057452
36,116,0.6027965966997312
36,117,0.5950387537763069
36,147,0.6954296363847864
36,150,0.7002708888836131
36,160,0.6393438213722697
36,199,0.687319124130762
36,221,0.6282267390126703
36,253,0.6777951734137827
37,33,0.7079608660736517
37,36,0.6707414408983686
37,40,0.7095022105684452
37,51,0.655436897674875
37,52,0.6245674847740368
37,63,0.7311699268288911
37,94,0.6694436796431208
37,111,0.6931703785529165
37,147,0.7149744751496199
37,151,0.7152696779308441
37,152,0.7218399557666786
37,153,0.5713054345125917
37,172,0.7249979602003058
37,181,0.6206634633010621
37,199,0.7018288203644035
37,211,0.7090294298822317
37,231,0.6174597096697457
37,253,0.7010940148075208
38,30,0.39245096200501217
38,35,0.49751448855901653
38,41,0.5255719397221944
38,44,0.409995604392896
38,60,0.42702733562548273
38,66,0.4026685170717942
38,74,0.4598805200221811
38,82,0.3591714737180849
38,88,0.4652406133551393
38,89,0.490301276615882
38,110,0.5101022364380032
38,117,0.502666718718238
38,119,0.49930261330459524
38,120,0.3971264515677865
38,121,0.4110383386643154
38,122,0.49893840467320416
38,124,0.5076383527320227
38,125,0.4845290460391142
38,132,0.4123319101980889
38,140,0.4985504605890025
38,148,0.3569320660878252
38,149,0.3038968845133036
38,155,0.4948363388311772
38,169,0.4877243635533738
38,194,0.3902454832934433
38,217,0.47234754435274684
38,219,0.426722582037709
38,242,0.45285337260856035
38,247,0.5082832790559219
38,270,0.3620853383355254
39,9,0.43674129160438724
39,16,0.43702615331821193
39,23,0.432999974030115
39,26,0.4061988102421312
39,68,0.44271005838972466
39,77,0.22356945883039903
39,78,0.21747527427469085
39,85,0.4354195011623637
39,99,0.438137402739347
39,106,0.35280836656659975
39,126,0.35782833437664946
39,160,0.42935864941474666
39,166,0.43756799424914283
39,170,0.3046408267509155
39,171,0.3438728040410023
39,193,0.4285410698420173
39,230,0.36780315710657274
39,246,0.35814663146735265
39,256,0.36788482527990346
39,269,0.3579476416395399
39,274,0.27915722330352716
39,284,0.44684023069513873
39,285,0.2801962518637404
39,287,0.36846383565240004
40,14,0.6992599512396994
40,33,0.7176125321844674
40,37,0.7095022105684452
40,50,0.6905782554314083
40,63,0.806883393540964
40,147,0.750717513893228
40,151,0.8010508844675485
40,152,0.7964355070613361
40,172,0.8125519740421092
40,199,0.7850504695907331
40,209,0.6655441855008429
40,211,0.7402209156459147
40,218,0.6472787641728653
40,253,0.7651674637896475
41,35,0.5399313496173814
41,38,0.5255719397221944
41,44,0.4016595235811928
41,60,0.41843101086459583
41,74,0.46834544087484975
41,89,0.49487584026306136
41,90,0.5133189491004159
41,96,0.5300378252705734
41,100,0.47251214608134406
41,115,0.42635687239487446
41,117,0.5260730763551996
41,118,0.4672763208011767
41,120,0.39286830437120224
41,121,0.40922775328773286
41,124,0.5472663175119064
41,125,0.5265240634184953
41,127,0.48613948887888825
41,132,0.4024187883120004
41,133,0.3679899047094547
41,166,0.5322639408118889
41,169,0.5239803372374314
41,183,0.3793486100751383
41,194,0.39706315504160916
41,196,0.36705069670273893
41,205,0.4643550003924522
41,219,0.425437017226913
41,222,0.44770674242985664
41,247,0.5479964973787448
41,255,0.4004113276207577
41,296,0.5187010760899903
42,13,0.6264440840067774
42,14,0.6379044960070509
42,16,0.5538736333775658
42,27,0.6423858303224879
42,29,0.5294913423890328
42,32,0.6444795348231537
42,33,0.645565066409834
42,48,0.5352293642425898
42,53,0.49300149019302536
42,98,0.5331435461052181
42,102,0.6331525498062136
42,116,0.5997801095287244
42,117,0.5865231732767515
42,119,0.5700007343863983
42,122,0.49549658313118117
42,123,0.4950566972908696
42,124,0.5601161462639105
42,147,0.6361851845390682
42,159,0.5610057604234469
42,160,0.6425795471114301
42,173,0.6505442678429724
42,178,0.5112538322363884
42,191,0.5421217025052667
42,198,0.6159030606200179
42,203,0.5713687744902781
42,207,0.5261983541893894
42,211,0.634470625592721
42,235,0.5233077406500085
42,245,0.5368886798041508
42,250,0.6423756444950345
42,258,0.5884441458129198
42,261,0.4888640133876717
42,277,0.5019331830026263
43,45,0.46303788359002196
43,55,0.3278337324441015
43,59,0.5019571410034644
43,90,0.49354989950033157
43,95,0.48725203175157844
43,109,0.4330625005493212
43,110,0.4898890404171396
43,157,0.48606276706255797
43,166,0.4989778898805262
43,180,0.48343826046149607
43,192,0.4438148563309909
43,200,0.4870744078488713
43,201,0.48290883938674367
43,223,0.46325114538698664
43,247,0.4830778754226972
43,255,0.39569772090779665
44,35,0.40473120053263034
44,38,0.409995604392896
44,41,0.4016595235811928
44,88,0.38069990393361636
44,114,0.3832529306737322
44,125,0.38932341396936315
44,127,0.37800821167419435
44,136,0.166352078104328
44,140,0.3870005431646896
44,149,0.3353872523075812
44,219,0.383180204525229
44,247,0.3765946314273294
45,16,0.46066257781829223
45,29,0.5021485076763068
45,43,0.46303788359002196
45,85,0.47575650198154573
45,98,0.4687247522825649
45,103,0.4763836790382166
45,110,0.48225001081093527
45,190,0.46178960034142086
45,208,0.4869118616441428
45,213,0.38002389028939804
45,251,0.4601504719581467
46,14,0.6550209050874378
46,23,0.5519338452024866
46,27,0.6442137700788009
46,28,0.6429979163871387
46,32,0.6441114853013169
46,47,0.5552295249563498
46,48,0.5357224371629586
46,50,0.6691673115036834
46,54,0.675517892862816
46,70,0.5499749138364453
46,71,0.5828105979147644
46,92,0.527025686983034
46,94,0.6487189473016947
46,103,0.5986389234536721
46,108,0.6173617903714027
46,111,0.6412752354005858
46,147,0.6477413236549242
46,158,0.6026911259938822
46,179,0.5564028893674908
46,207,0.5321033246263965
46,211,0.6407969118088926
46,235,0.526825013432579
47,12,0.5609433514119206
47,25,0.46404560634523895
47,46,0.5552295249563498
47,58,0.5754739843589576
47,62,0.2991965753267988
47,65,0.5536277840882956
47,95,0.5536803644488048
47,101,0.44394855901996744
47,108,0.55595240521654
47,158,0.5591387972305237
47,162,0.5569243845404842
47,168,0.552012777625966
47,177,0.4052008924689737
47,180,0.5509883515414519
47,200,0.5389638194416365
47,251,0.49939007522375295
48,27,0.534151502430047
48,32,0.5256055026607022
48,42,0.5352293642425898
48,46,0.5357224371629586
48,74,0.4440966651270275
48,95,0.528332523798735
48,103,0.5422163153408477
48,160,0.5398286627228803
48,173,0.5341768925774852
48,190,0.5627187634703322
48,204,0.5336090965659956
48,227,0.48553015165982605
48,233,0.48077535475423977
48,239,0.422033791706429
49,13,0.6363872457524047
49,33,0.659695830351039
49,54,0.6602822758765405
49,58,0.5801153009821726
49,69,0.510831678891916
49,94,0.6522607701782736
49,108,0.5995612183799887
49,111,0.6618775896409431
49,150,0.6575003246434489
49,151,0.6627818441583946
49,152,0.6711674173295534
49,162,0.6236757954273566
49,164,0.6296444334354497
49,191,0.5397089071202139
49,211,0.6602721642935836
49,231,0.6235766870289098
49,250,0.654044147845653
49,253,0.6739539511328352
49,294,0.5548683438647475
50,12,0.6431307887599648
50,13,0.6325800445429313
50,27,0.6704326492680776
50,33,0.7003931511816829
50,40,0.6905782554314083
50,46,0.6691673115036834
50,51,0.6370036093048335
50,54,0.7063443837554
50,59,0.5909999707505371
50,63,0.6936876947213194
50,65,0.6059915051034335
50,71,0.5836624215353342
50,95,0.6068773117231202
50,111,0.6879741186150141
50,147,0.7130703204147049
50,151,0.7002819439803714
50,152,0.691521787821727
50,162,0.6137267032964207
50,164,0.6090873628516917
50,168,0.6524056958254083
50,199,0.7048434700089223
50,204,0.66672873203177
50,211,0.7054591095667905
50,218,0.6683075284072296
50,220,0.6254405592521942
50,221,0.6378029115475383
50,253,0.7122783974876068
51,14,0.641438056912161
51,33,0.634168504277188
51,37,0.655436897674875
51,50,0.6370036093048335
51,54,0.6470835086320056
51,70,0.5435867545189992
51,87,0.3590233446775328
51,111,0.6756785982371676
51,147,0.6575001608406253
51,152,0.6325497384632264
51,187,0.4351157230566495
51,211,0.6349945359035032
51,253,0.6653012021951192
52,19,0.6317168680167142
52,33,0.6164900033869996
52,36,0.6181658127659855
52,37,0.6245674847740368
52,54,0.6198362537001112
52,67,0.5715323773395646
52,111,0.6179008907614668
52,150,0.6439375787623736
52,152,0.6205154473217193
52,153,0.5760865785906083
52,199,0.6220245134531497
52,211,0.6204269424449981
52,284,0.5489459795670788
53,13,0.4789694417639184
53,15,0.36641031967279714
53,34,0.48333810470669863
53,42,0.49300149019302536
53,59,0.48869252657962814
53,75,0.32530874298385737
53,96,0.47884792064832654
53,119,0.4787790922487988
53,130,0.4833843316754414
53,142,0.32970195596969565
53,160,0.4821961898446765
53,161,0.4579644124963916
53,179,0.4802175252148322
53,197,0.44628784973262897
53,236,0.40772385886676593
53,245,0.4845214768357471
54,11,0.5831067564837774
54,12,0.6683288083066468
54,13,0.6221430180930676
54,14,0.6910058134590815
54,19,0.6980843249196669
54,27,0.6774185141878034
54,28,0.7203176002908537
54,32,0.6861308647048301
54,33,0.7080956727838005
54,36,0.6776229492943233
54,46,0.675517892862816
54,49,0.6602822758765405
54,50,0.7063443837554
54,51,0.6470835086320056
54,52,0.6198362537001112
54,58,0.5825885723681267
54,59,0.5981826364438771
54,63,0.7089844062256719
54,64,0.5531707956798281
54,65,0.6040705154035375
54,91,0.6646363679908115
54,94,0.6728849090459573
54,95,0.6287057452371504
54,102,0.6083142856523236
54,103,0.6113347796345966
54,108,0.6004377289344881
54,111,0.7178060150891741
54,130,0.6139703309047498
54,147,0.71160036939277
54,150,0.7010829366167443
54,152,0.7180340501893242
54,156,0.663876952600935
54,158,0.6045790156764189
54,160,0.6513191942614601
54,164,0.6183029091545488
54,167,0.6389481389416638
54,168,0.653556280838651
54,173,0.6460261917818988
54,179,0.5577117387240775
54,180,0.6686577914802219
54,181,0.6224000061008309
54,199,0.7080283193970274
54,201,0.5877067845396342
54,202,0.5690605205162964
54,209,0.6601988526916982
54,221,0.6458931802817323
54,231,0.6158542777434839
54,250,0.6779565720644698
54,252,0.6090196697148635
54,253,0.7194946345395861
54,258,0.5845617478076807
54,284,0.5385018537188976
54,294,0.5493726797248822
55,43,0.3278337324441015
55,56,0.3488486497999655
55,57,0.33191240938523237
55,89,0.34017543883168405
55,129,0.10303905917023624
55,161,0.32276258216730674
55,197,0.32267016204279203
55,200,0.32202030912010193
55,227,0.3349241521743001
55,248,0.20381050446355253
55,251,0.32268050845155066
55,299,0.3339155449541109
56,55,0.3488486497999655
56,57,0.5312848457570046
56,58,0.5252716978316896
56,59,0.5251465905936937
56,101,0.45356571534485624
56,103,0.5272433579248481
56,109,0.43454970505635443
56,120,0.4017675497756783
56,158,0.5253467903381012
56,159,0.5172948033442669
56,163,0.4636480664129148
56,166,0.5208300402740453
56,180,0.5136855210955641
56,182,0.38188039702495014
56,201,0.5145754829787497
56,214,0.5141513290454828
56,242,0.44676962591520303
56,254,0.4398310823510699
57,25,0.45966876950485575
57,55,0.33191240938523237
57,56,0.5312848457570046
57,58,0.5312678729556104
57,59,0.543837009186456
57,62,0.3018584312198222
57,91,0.5321200862778955
57,103,0.5389209173335957
57,108,0.5370252215809072
57,130,0.5338122584197891
57,158,0.5515048729016137
57,160,0.5327370162068705
57,164,0.5430519492013494
57,177,0.39164218787641003
57,182,0.3869267656509462
57,216,0.4136957993040571
57,225,0.4096897609579282
58,10,0.48863104422182113
58,25,0.45747018893290453
58,28,0.5773957107054996
58,31,0.5493554833044736
58,47,0.5754739843589576
58,49,0.5801153009821726
58,54,0.5825885723681267
58,56,0.5252716978316896
58,57,0.5312678729556104
58,73,0.4925166532445393
58,94,0.5815350405640971
58,95,0.5795721751368075
58,104,0.4944284772034649
58,108,0.5867374119040218
58,118,0.46198033100927555
58,155,0.5406349977657118
58,158,0.6235372290067657
58,162,0.5960123907262926
58,163,0.4593548169007773
58,166,0.5751818246792771
58,168,0.5818030662840634
58,180,0.6175871123730006
58,200,0.5361562659030287
58,245,0.5384507266247703
58,291,0.4484181194088616
59,9,0.5163674129722119
59,10,0.49958011546905984
59,12,0.5920890182635175
59,19,0.5901935618908591
59,24,0.4789236334903092
59,43,0.5019571410034644
59,50,0.5909999707505371
59,53,0.48869252657962814
59,54,0.5981826364438771
59,56,0.5251465905936937
59,57,0.543837009186456
59,68,0.5145509000930963
59,91,0.6036490240727334
59,94,0.5966843509602152
59,99,0.5540321658627394
59,107,0.5595117733377516
59,157,0.5518903959328895
59,160,0.6078028663916515
59,168,0.588360210994017
59,178,0.5017182227049161
59,180,0.5912535952276061
59,192,0.4405157170008891
59,193,0.48991987592490155
59,200,0.5481098626750863
59,208,0.5519075827350493
59,214,0.5675088213778202
59,231,0.6063956967572198
59,234,0.4216522215542871
59,239,0.42571417514843307
59,244,0.5288107495151824
59,245,0.53654797259296
59,291,0.44885229994824755
60,35,0.43392235034614574
60,38,0.42702733562548273
60,41,0.41843101086459583
60,82,0.3594509187291267
60,88,0.4244997307192143
60,97,0.278958170834049
60,118,0.4094295336225245
60,134,0.17781873719619615
60,149,0.3270797155369335
60,155,0.40577368449142714
60,159,0.42628234500855877
60,192,0.41578948758692963
60,195,0.30905868638629186
60,210,0.2501869621102094
60,247,0.4352468353612675
60,296,0.4238397577584624
61,79,0.02510102984477126
61,80,0.06186274264787073
61,81,0.04695732188722571
61,83,0.060066603483574156
61,84,0.061945143873558865
61,129,0.05643017445629529
61,145,0.06210881579234074
61,146,0.06128313028999835
61,226,0.06053281662819381
61,241,0.05759764558900217
61,248,0.05617277290031428
61,265,0.04016018206534265
61,297,0.051190357087988685
62,47,0.2991965753267988
62,57,0.3018584312198222
62,80,0.08787951009128768
62,83,0.13810443670534217
62,84,0.1411386327601895
62,86,0.08880503661715466
62,90,0.3074782108069712
62,100,0.3030010826920815
62,101,0.30800119751287264
62,129,0.11179906536932536
62,145,0.1339116562917539
62,146,0.16154811071120873
62,228,0.3280419929374277
62,242,0.2986743527623445
62,254,0.30516370091213335
62,291,0.30381985739682954
62,296,0.3026791659807956
63,14,0.715417353856793
63,32,0.683554268517937
63,33,0.7278116613064589
63,36,0.6824484055282136
63,37,0.7311699268288911
63,40,0.806883393540964
63,50,0.6936876947213194
63,54,0.7089844062256719
63,111,0.6971098112518206
63,147,0.7542173757343753
63,150,0.712244432339612
63,151,0.8184421524726416
63,152,0.809937693996252
63,172,0.8239433698530968
63,199,0.8042363304036427
63,211,0.7426691959020822
63,220,0.6268121470804896
63,253,0.741526276809382
64,27,0.5535222205942727
64,28,0.5703992201694137
64,32,0.5556615938759641
64,34,0.5211771262903276
64,54,0.5531707956798281
64,110,0.5168187213065725
64,111,0.5547182845391059
64,123,0.4965916007320822
64,128,0.49528466610288047
64,130,0.5560671719000793
64,140,0.484598431179067
64,160,0.5679867191941855
64,161,0.4488096055444764
64,168,0.5555116069875868
64,180,0.5715050399434158
64,250,0.5586685527303099
64,267,0.422925822837078
64,272,0.44383619636227395
64,277,0.4949781365755836
65,10,0.48374532460492087
65,12,0.6100454162310132
65,14,0.6036487056064689
65,47,0.5536277840882956
65,50,0.6059915051034335
65,54,0.6040705154035375
65,70,0.5683203714839418
65,71,0.5777073364715969
65,72,0.4688439104824972
65,111,0.6327906744726944
65,162,0.6066748249667313
65,168,0.6123834909729298
65,180,0.6038406473746334
65,181,0.6021368658740226
65,253,0.6068000268398532
66,4,0.19876824147144065
66,35,0.43199119815753045
66,38,0.4026685170717942
66,73,0.3977509487928049
66,89,0.3983573379945102
66,90,0.4087999457123635
66,120,0.39926257045710567
66,140,0.40326259356984634
66,169,0.400456284146498
66,216,0.3935050601543514
66,217,0.4062764172657303
66,226,0.12548565561368355
66,248,0.1995396511533115
67,19,0.5695396624165875
67,32,0.5741419856584217
67,52,0.5715323773395646
67,87,0.35444761039678657
67,91,0.5675178658221002
67,92,0.5194341330980267
67,150,0.5687625503490255
67,153,0.5655572902495173
67,209,0.5660871539490443
67,211,0.5729493104784467
67,218,0.5646692548182913
67,237,0.2728179963861753
67,250,0.5767544951145696
68,5,0.39423678336191703
68,23,0.5068896210443277
68,39,0.44271005838972466
68,59,0.5145509000930963
68,88,0.4690081641706797
68,95,0.5033614284937484
68,103,0.4988826919737703
68,108,0.5028267797445335
68,126,0.34730170776806546
68,133,0.37145868277159694
68,158,0.4994059747121528
68,160,0.49624469576524655
68,164,0.49683597388776285
68,171,0.34900364216869617
68,189,0.32768265759429194
68,192,0.4388825749437785
68,194,0.39251931576417365
68,231,0.49821817300716087
68,236,0.3952395485640845
68,244,0.5456963937371769
68,246,0.36288525656430504
68,278,0.30736104116962387
68,292,0.33384121227424923
69,5,0.402137549020509
69,12,0.5246136805245132
69,32,0.5181987793726721
69,49,0.510831678891916
69,72,0.4680259873700397
69,94,0.5233406298087419
69,135,0.36648618963834867
69,164,0.5210365201561358
69,167,0.5102804733581543
69,181,0.5080091949385791
69,186,0.5070344343193928
69,189,0.3068687307127968
69,237,0.29829986579302914
69,246,0.3572100305198096
69,252,0.5326864169290348
69,258,0.519013614432616
69,280,0.3822015043022483
69,287,0.3548755167472053
69,290,0.3701928262312316
70,25,0.4641122690760565
70,46,0.5499749138364453
70,51,0.5435867545189992
70,65,0.5683203714839418
70,72,0.4629641834517521
70,87,0.35051408947565055
70,94,0.5445193016934426
70,111,0.5502368099632042
70,130,0.5481881437924577
70,141,0.3266799728151545
70,156,0.5454797217968448
70,158,0.5532849638239089
70,162,0.5481273735397838
70,209,0.5546127589750475
70,238,0.2822185322016262
70,246,0.3633403291267705
70,287,0.36401043443354
71,13,0.5814890565157711
71,46,0.5828105979147644
71,50,0.5836624215353342
71,65,0.5777073364715969
71,94,0.5773590987248842
71,103,0.5803545756878864
71,104,0.4922980855271689
71,111,0.5731219726222213
71,128,0.48868513940795194
71,137,0.4103858224814182
71,168,0.5709788573990568
71,181,0.5724674259519393
71,227,0.45418528682100845
71,234,0.41970898580160404
71,250,0.5715687203451433
72,65,0.4688439104824972
72,69,0.4680259873700397
72,70,0.4629641834517521
72,154,0.4673654327170129
72,162,0.4835767140781343
72,181,0.4705291484423631
72,185,0.2576190647519944
72,189,0.32044475241980064
72,220,0.4940828697354436
72,237,0.271896977679165
72,244,0.4786808803318345
72,252,0.46654223649206455
72,258,0.4643112702660466
72,287,0.3527742701111601
73,30,0.3775344194839375
73,58,0.4925166532445393
73,66,0.3977509487928049
73,75,0.32953425240606193
73,95,0.5208874062472074
73,116,0.4924623107410891
73,119,0.5037929935145707
73,127,0.46135761720015245
73,128,0.5008826506005689
73,155,0.4964650957072302
73,159,0.4959768888555363
73,169,0.47929631561130903
73,183,0.36881475240087347
73,190,0.505499339816642
73,197,0.44620966838622034
73,201,0.5096407615696565
73,227,0.4543943182119131
73,247,0.5204907977238545
74,0,0.2979736862130038
74,35,0.459850948463668
74,38,0.4598805200221811
74,41,0.46834544087484975
74,48,0.4440966651270275
74,98,0.46161414869724426
74,122,0.4421059139480466
74,124,0.4498367048231663
74,125,0.450365407765183
74,132,0.40207371305346745
74,134,0.17168865643359044
74,155,0.4491725848016623
74,159,0.4408728510158775
74,269,0.33942545116753314
74,286,0.3314179608147667
75,4,0.19867379901090898
75,24,0.32476172693463246
75,53,0.32530874298385737
75,73,0.32953425240606193
75,76,0.21703380273323503
75,85,0.3312548601606634
75,86,0.08728299646192406
75,110,0.323254927727772
75,161,0.3356587632672207
75,179,0.32719931462616675
75,197,0.3346692972002664
75,261,0.32324434973378385
75,267,0.33060316291851943
75,301,0.3087402378627797
76,75,0.21703380273323503
76,81,0.05252217283316013
76,82,0.18590984564692783
76,86,0.09858444822939405
76,115,0.17410646985258943
76,131,0.10221654385646213
76,142,0.17334772437794094
76,148,0.17472681812684623
76,192,0.1723986736101917
76,196,0.16950331940133492
76,205,0.16762479137260425
76,213,0.16999893846404474
76,267,0.16963790722437877
76,297,0.10969128585107407
77,6,0.14878817818304668
77,26,0.2271144614364279
77,39,0.22356945883039903
77,105,0.23501466272857183
77,229,0.22592813914758797
77,239,0.22184436697567406
77,246,0.22116209104860923
77,274,0.2212782617357807
77,286,0.22850710390229326
77,292,0.22146766826507056
77,298,0.22015316883764027
78,6,0.16024565990705578
78,21,0.2118865073967359
78,26,0.21187302534935704
78,39,0.21747527427469085
78,126,0.21849950482603459
78,133,0.21155718504146379
78,230,0.22894611772783555
78,286,0.2134729094018749
78,290,0.2142200003571203
78,297,0.10282819764076119
78,298,0.21616073708647995
78,300,0.2190865410343241
79,61,0.02510102984477126
79,80,0.020127033992956928
79,81,0.023329733063183297
79,83,0.01936816840458955
79,84,0.022826709542370746
79,86,0.019946666558299322
79,145,0.021755803238146076
79,146,0.020108150964255236
79,248,0.01916506115303498
79,265,0.02481219018666937
80,0,0.08966070509712426
80,4,0.0846238077387612
80,61,0.06186274264787073
80,62,0.08787951009128768
80,79,0.020127033992956928
80,81,0.056500906194076064
80,82,0.08277052822578031
80,83,0.11321187199337938
80,84,0.10798614421244587
80,149,0.08833268038826216
80,196,0.08216968610081057
80,224,0.08819825701526976
80,226,0.1026162457572822
80,265,0.039641382263911396
80,281,0.05706638337098715
81,61,0.04695732188722571
81,76,0.05252217283316013
81,79,0.023329733063183297
81,80,0.056500906194076064
81,83,0.06268414727706452
81,84,0.07595028645764366
81,86,0.0666812855258063
81,145,0.045296073746361624
81,175,0.0453355737700497
81,226,0.0683803355339976
81,297,0.04965206453857111
82,30,0.35510673744598237
82,38,0.3591714737180849
82,60,0.3594509187291267
82,76,0.18590984564692783
82,80,0.08277052822578031
82,83,0.1471231556723669
82,84,0.14309000114505377
82,85,0.3563205509274826
82,86,0.08969480331464288
82,120,0.3547853187847807
82,127,0.36075413515718596
82,149,0.3057598739157234
82,155,0.36252819240705686
82,192,0.35810663992642233
82,205,0.35995904122163186
82,291,0.36485472065370467
83,0,0.14285417051644464
83,61,0.060066603483574156
83,62,0.13810443670534217
83,79,0.01936816840458955
83,80,0.11321187199337938
83,81,0.06268414727706452
83,82,0.1471231556723669
83,97,0.14120358124311055
83,149,0.14621518498022795
83,176,0.1395500691452529
83,177,0.1390790209282627
83,195,0.15581044216925222
83,210,0.14595525365076134
83,224,0.1432673043594782
83,241,0.0690151130859268
83,265,0.04545303367881893
83,281,0.05187823961816489
84,0,0.14278596856051265
84,61,0.061945143873558865
84,62,0.1411386327601895
84,79,0.022826709542370746
84,80,0.10798614421244587
84,81,0.07595028645764366
84,82,0.14309000114505377
84,86,0.10541828971226101
84,97,0.14009396362913537
84,142,0.1397561999367531
84,149,0.14717917819745988
84,182,0.14396707460493638
84,195,0.14924262120618792
84,213,0.13983400574468738
84,263,0.14386438123676218
84,265,0.05018695178022307
84,281,0.05646077058618494
85,10,0.5119521419991496
85,13,0.5365736142613216
85,19,0.5375708773345619
85,32,0.5464848301709697
85,39,0.4354195011623637
85,45,0.47575650198154573
85,75,0.3312548601606634
85,82,0.3563205509274826
85,91,0.5635586945263293
85,95,0.541132523200189
85,103,0.5401286171967055
85,118,0.47011092496178525
85,150,0.5388526202277956
85,189,0.30509096451709394
85,190,0.5314194289005362
85,223,0.45755739724387273
85,231,0.5405919784744653
85,258,0.5318921005591736
85,272,0.4550586130360717
85,291,0.44724494186996727
85,299,0.38701288426648994
86,4,0.09012456352132707
86,62,0.08880503661715466
86,75,0.08728299646192406
86,76,0.09858444822939405
86,79,0.019946666558299322
86,81,0.0666812855258063
86,82,0.08969480331464288
86,84,0.10541828971226101
86,148,0.0916318762967739
86,149,0.0880134399217566
86,195,0.0911893169385855
86,196,0.08913120789216292
86,243,0.055476166742816135
87,11,0.3535315574098604
87,51,0.3590233446775328
87,67,0.35444761039678657
87,70,0.35051408947565055
87,92,0.35038599909349166
87,153,0.3435674896435733
87,156,0.3453388683930413
87,167,0.351193651339511
87,186,0.35116010976071604
87,207,0.35225418460156865
88,22,0.5047294422484478
88,29,0.46517441571691254
88,30,0.41254790492808524
88,38,0.4652406133551393
88,44,0.38069990393361636
88,60,0.4244997307192143
88,68,0.4690081641706797
88,133,0.37499024444195933
88,149,0.30673717479316526
88,155,0.4736992194444483
88,166,0.4720930801832383
88,169,0.4650630804026622
88,212,0.45858989179234816
88,228,0.44074704384550684
88,247,0.49423201301108993
88,296,0.45991710970767186
89,26,0.40125801515936904
89,38,0.490301276615882
89,41,0.49487584026306136
89,55,0.34017543883168405
89,66,0.3983573379945102
89,91,0.5109288162495298
89,95,0.49299414625632465
89,108,0.4869738306242688
89,109,0.46537344608807135
89,117,0.4971831537584364
89,155,0.5054192737934522
89,166,0.5078076766855548
89,179,0.4871824808524074
89,182,0.3900849632048564
89,197,0.44812618026000905
89,216,0.4147220588134607
89,225,0.40682507182999983
89,230,0.3539190881307665
89,247,0.5010893294077107
89,248,0.20314189600183633
89,299,0.38079042342526265
90,0,0.2983662105478562
90,31,0.5061980126299662
90,41,0.5133189491004159
90,43,0.49354989950033157
90,62,0.3074782108069712
90,66,0.4087999457123635
90,93,0.5036574759414977
90,96,0.50861476630549
90,112,0.5055475603624884
90,121,0.4320116088028267
90,127,0.4795021119798757
90,155,0.5028666095185577
90,159,0.505130507442739
90,163,0.4685091148447616
90,166,0.4984394786585656
90,169,0.5155158445814517
90,176,0.3638890050647576
90,177,0.3959741488824806
90,195,0.317684392794246
90,196,0.3684519996515475
90,216,0.40846891842094374
90,217,0.45332090433647293
90,219,0.4097286559075272
90,222,0.4461034735639556
90,225,0.4202418701901406
90,254,0.47135914111048766
90,269,0.3402242770091047
90,270,0.37675038424377644
90,296,0.5151642317389837
91,11,0.5828476580878204
91,12,0.6497807188537972
91,19,0.665111264583446
91,23,0.5655755657281648
91,28,0.656467819673039
91,32,0.6846946184466409
91,33,0.6549273514848288
91,34,0.5043614044469443
91,36,0.6575317659057452
91,54,0.6646363679908115
91,57,0.5321200862778955
91,59,0.6036490240727334
91,67,0.5675178658221002
91,85,0.5635586945263293
91,89,0.5109288162495298
91,94,0.6586181104119587
91,107,0.5763243436323937
91,111,0.6834568073925533
91,117,0.6087684829880631
91,130,0.5985626614011126
91,150,0.6580329066948274
91,155,0.5346518993381946
91,159,0.5635765791900331
91,160,0.6371655936817264
91,166,0.5784875713792905
91,179,0.5613535455438956
91,180,0.6417030644735057
91,191,0.5371871541936847
91,202,0.5649022455624022
91,214,0.5899501182721811
91,231,0.6165685811624254
91,244,0.5309220379081476
91,250,0.6553745435363862
91,258,0.5887527699736022
91,276,0.5162195293908238
91,294,0.549704154096416
92,5,0.3900411081221198
92,11,0.5550268682460416
92,13,0.5196895376466687
92,14,0.5311579074023124
92,15,0.33916688769271186
92,21,0.36148230848286766
92,27,0.5233575104151547
92,46,0.527025686983034
92,67,0.5194341330980267
92,87,0.35038599909349166
92,135,0.3728412099663396
92,181,0.5189972656317481
92,187,0.4557595368730426
92,209,0.5266409397526758
92,218,0.5458348235379992
92,220,0.5241138803452922
92,246,0.3562415413127155
92,275,0.43408074368917865
92,280,0.3593538386881632
93,90,0.5036574759414977
93,96,0.5318924552186973
93,103,0.531723118560178
93,110,0.5058122514779692
93,112,0.506021535382265
93,113,0.38057910345855683
93,121,0.4149651315769659
93,157,0.5063510281604513
93,166,0.5045135505769254
93,180,0.5236317718988739
93,208,0.5060535494847638
93,217,0.46022368370979116
93,227,0.4704991058937865
93,247,0.5198053501180857
93,254,0.4380194370391695
93,292,0.3415822819161601
94,9,0.5103292621661665
94,11,0.5950572494099371
94,12,0.6394456372000175
94,13,0.645083713220291
94,14,0.6886624690829215
94,23,0.5602407502093588
94,28,0.6587852387833459
94,29,0.5335665483716638
94,32,0.6812252223180786
94,37,0.6694436796431208
94,46,0.6487189473016947
94,49,0.6522607701782736
94,54,0.6728849090459573
94,58,0.5815350405640971
94,59,0.5966843509602152
94,69,0.5233406298087419
94,70,0.5445193016934426
94,71,0.5773590987248842
94,91,0.6586181104119587
94,98,0.5259057195562921
94,99,0.5495467070266901
94,107,0.5644541568799243
94,111,0.6704006574384005
94,130,0.6064340122809289
94,150,0.6695392479704898
94,154,0.5621648777655396
94,157,0.540171413587493
94,158,0.6063668250790736
94,162,0.6272900816106989
94,165,0.5209370985071357
94,166,0.5762144397843504
94,179,0.5609880888803354
94,186,0.5718860471086142
94,191,0.5513911932791563
94,201,0.5841443023726248
94,202,0.5659525949894981
94,207,0.547448550591741
94,211,0.6766554833924908
94,220,0.643396031299723
94,235,0.5300212379519057
94,250,0.6625925748232113
94,252,0.6119949244115813
94,253,0.6853144974672555
94,266,0.563165297080977
94,275,0.4407187510606094
94,294,0.5525038713217391
95,9,0.5132049879233358
95,19,0.6430899096406647
95,22,0.5382884288907542
95,24,0.48597756803606634
95,28,0.6205745280678622
95,32,0.6062513032478729
95,34,0.5111235695867563
95,43,0.48725203175157844
95,47,0.5536803644488048
95,48,0.528332523798735
95,50,0.6068773117231202
95,54,0.6287057452371504
95,58,0.5795721751368075
95,68,0.5033614284937484
95,73,0.5208874062472074
95,85,0.541132523200189
95,89,0.49299414625632465
95,96,0.5576497451886515
95,103,0.598325230959515
95,109,0.44747234311976863
95,110,0.5459993925621668
95,112,0.5174672723961513
95,119,0.5543399921690866
95,127,0.45946456346714587
95,128,0.4898580704545259
95,156,0.6123447187876359
95,159,0.5724582732650971
95,165,0.5281065632932347
95,166,0.5769012305368612
95,173,0.6127239803515816
95,179,0.568076763442713
95,180,0.6285557675787625
95,190,0.6057031291198435
95,197,0.4664829837124921
95,200,0.5328978822439995
95,201,0.5831438953097097
95,208,0.5484055339209493
95,212,0.5030495906677762
95,214,0.5778173049051535
95,245,0.5361904183201465
95,250,0.6208706144244576
95,272,0.4441741865886429
95,291,0.45137464840990377
95,296,0.5189974063380023
96,41,0.5300378252705734
96,53,0.47884792064832654
96,90,0.50861476630549
96,93,0.5318924552186973
96,95,0.5576497451886515
96,103,0.552731963953445
96,110,0.5302820463187041
96,114,0.4905583805806652
96,124,0.547257784280831
96,130,0.5551503278227589
96,159,0.5533553192495061
96,160,0.554401593387819
96,166,0.5560850592214991
96,178,0.5212514386505663
96,179,0.5443378203345987
96,180,0.5631922850739519
96,197,0.4816838207175678
96,212,0.5325177171414504
96,247,0.5541288979538924
96,254,0.43980343165284913
97,60,0.278958170834049
97,83,0.14120358124311055
97,84,0.14009396362913537
97,109,0.2862977417977311
97,121,0.2826847554393322
97,129,0.10174056100250685
97,136,0.16105898734889657
97,140,0.2881992668616101
97,145,0.14105133021621905
97,146,0.168783330078646
97,175,0.15754670747978053
97,183,0.3043458182170621
97,196,0.2900166559353875
97,215,0.2928851780702625
97,226,0.13724341802790782
97,228,0.3009012164630257
97,241,0.0701907003683619
97,254,0.2793084498312593
97,255,0.2870576493215231
97,265,0.04546313687377723
98,15,0.35279158935449784
98,18,0.40374933706695637
98,23,0.5424747970805087
98,42,0.5331435461052181
98,45,0.4687247522825649
98,74,0.46161414869724426
98,94,0.5259057195562921
98,102,0.5488670392526775
98,112,0.519359706880698
98,114,0.4792813478343271
98,117,0.5373661767200025
98,118,0.47214511615888455
98,122,0.5117979401194
98,130,0.5380407964769977
98,132,0.3931305994293428
98,140,0.4993581972681787
98,159,0.5288696184188499
98,161,0.4668008265051915
98,163,0.45755773921738113
98,166,0.5570656177074667
98,169,0.4757110916192107
98,190,0.5365224343633355
98,198,0.5255887883190046
98,217,0.4512817669749299
98,242,0.44794810144065145
98,249,0.46767711558891817
98,260,0.3809177104860348
98,261,0.47756521107713995
98,262,0.42304012035259975
98,267,0.4169067664016563
99,9,0.5161298574657953
99,13,0.5457218568104447
99,24,0.4844525712809941
99,39,0.438137402739347
99,59,0.5540321658627394
99,94,0.5495467070266901
99,103,0.5525738561477622
99,108,0.5555821274946564
99,123,0.5266071486330005
99,128,0.49279075582852333
99,160,0.544242490368496
99,174,0.4247757364586011
99,178,0.5008505158924772
99,179,0.5374600068636659
99,213,0.38248706810550137
99,218,0.5431810434810549
99,220,0.5370415322719735
99,221,0.5504201834230741
99,229,0.4168864340217574
99,239,0.42178602205391824
99,267,0.42310693786144443
100,0,0.31206148705613956
100,18,0.3964140189929273
100,23,0.48052320911346746
100,41,0.47251214608134406
100,62,0.3030010826920815
100,103,0.4792887579142033
100,118,0.4708801891500108
100,125,0.47518281383414973
100,157,0.46795852247003084
100,159,0.46987190538078716
100,166,0.47740550945350996
100,176,0.3478865414393424
100,183,0.38123192416911755
100,189,0.3076101972463776
100,195,0.3191352693911
100,196,0.3693011160785034
100,214,0.4756732942057407
100,216,0.42084946448672533
100,255,0.4437656695485707
100,276,0.4714188612738004
100,278,0.3097760894569464
101,9,0.44552305284541416
101,18,0.4001192889023371
101,47,0.44394855901996744
101,56,0.45356571534485624
101,62,0.30800119751287264
101,103,0.4467410872811952
101,108,0.44867434681577795
101,166,0.4563171077394962
101,179,0.47651233997072373
101,189,0.30653748041984263
101,195,0.3255051290955094
101,197,0.44488698198421434
101,245,0.4633905404294535
101,263,0.2621325741125877
101,276,0.4623030900340496
101,286,0.3384464461721819
101,292,0.3364690191003485
101,301,0.305828097456855
102,17,0.5723763460379131
102,19,0.6253711082134873
102,28,0.6265934062914127
102,32,0.6115772426351666
102,42,0.6331525498062136
102,54,0.6083142856523236
102,98,0.5488670392526775
102,116,0.5915631467157427
102,119,0.5565353409385848
102,122,0.4968044227816499
102,124,0.5649114181766993
102,150,0.6207422159765863
102,156,0.6190692314370995
102,160,0.6136877516368319
102,161,0.4514823262974465
102,166,0.575474190977076
102,173,0.6230522355565236
102,179,0.5560322545729354
102,190,0.607195154253865
102,198,0.5826348440167147
102,202,0.564328826711229
102,212,0.5043694868528475
102,223,0.45768113793041115
102,245,0.5625488376873596
102,247,0.5297518822459576
102,250,0.6124809325729385
102,261,0.47243787954291994
102,277,0.499445460326153
102,296,0.521797656549127
103,9,0.5077753655807066
103,17,0.5661951801096674
103,19,0.5964476874354827
103,23,0.5784877536467355
103,24,0.49572509594695713
103,27,0.5983729278594222
103,45,0.4763836790382166
103,46,0.5986389234536721
103,48,0.5422163153408477
103,54,0.6113347796345966
103,56,0.5272433579248481
103,57,0.5389209173335957
103,68,0.4988826919737703
103,71,0.5803545756878864
103,85,0.5401286171967055
103,93,0.531723118560178
103,95,0.598325230959515
103,96,0.552731963953445
103,99,0.5525738561477622
103,100,0.4792887579142033
103,101,0.4467410872811952
103,104,0.49710390956207895
103,108,0.6004092377136697
103,110,0.5424487621158028
103,112,0.5360288058071785
103,140,0.48728310117062107
103,157,0.5516451076227825
103,159,0.5649473194662219
103,160,0.5948684177977834
103,165,0.5162529338862007
103,178,0.5292307173874049
103,179,0.5819230244116771
103,180,0.590165638926029
103,193,0.48066836494651427
103,200,0.5532496739308916
103,201,0.5855649433768405
103,208,0.5664197401819075
103,212,0.512260921624343
103,214,0.5910184837560072
103,221,0.5943115056558406
103,223,0.4562593408106776
103,227,0.45343612002340206
103,235,0.5216152477081485
103,236,0.39804771628080843
103,251,0.5253969311184411
103,276,0.5184704400362963
103,296,0.5212598795670963
104,23,0.49754624881618387
104,26,0.3910764573428736
104,31,0.4893293420137156
104,58,0.4944284772034649
104,71,0.4922980855271689
104,103,0.49710390956207895
104,108,0.5003498244634814
104,126,0.36319072693525645
104,158,0.49105712496876147
104,162,0.4981069949616546
104,170,0.2990633165791985
104,174,0.4262215719442816
104,181,0.505250531507215
104,185,0.2557814894406822
104,244,0.5141671672850643
104,246,0.35621311623486657
104,256,0.37146456191767674
104,263,0.2547721310784126
104,269,0.3468390307897906
104,286,0.34498825991448356
104,290,0.36958224072187335
105,3,0.16283269612174278
105,5,0.3004288770520914
105,21,0.30466507842354973
105,77,0.23501466272857183
105,137,0.30760041068356875
105,139,0.19166013228971418
105,143,0.24168876787618992
105,145,0.12633117323620416
105,161,0.3019063342029849
105,171,0.3291942189783953
105,187,0.30387292110094655
105,230,0.3062117661550864
105,232,0.2967885310434869
105,236,0.300243000125344
105,240,0.2326943261256483
105,244,0.3017771002713649
105,259,0.11945035252722928
105,286,0.33418594775654614
105,293,0.1667886254731435
105,300,0.29875504013862736
106,5,0.3290534295798222
106,6,0.164044464370154
106,20,0.29935749512361104
106,21,0.36372143754338004
106,39,0.35280836656659975
106,123,0.33843549505198867
106,139,0.20010742296263423
106,143,0.21869399369696418
106,165,0.3313543522067988
106,187,0.3425762465843264
106,188,0.2121858544971597
106,206,0.28024996595519974
106,232,0.32255765917579315
106,236,0.3668297127104747
106,240,0.2292845113553583
106,260,0.32958119578038936
106,262,0.33214974906330946
106,267,0.35349794018524267
106,274,0.2713927050844886
106,282,0.17470180830027152
106,283,0.23887397756629827
106,300,0.3001142758882096
107,12,0.5579153226154475
107,13,0.5943587040343042
107,19,0.5647409068254893
107,59,0.5595117733377516
107,91,0.5763243436323937
107,94,0.5644541568799243
107,137,0.3859145841292357
107,168,0.5616384754776903
107,190,0.5648395355276321
107,218,0.5595028154886323
107,252,0.5776340710809744
107,291,0.4438782160032625
108,17,0.5671576051019922
108,23,0.562325692764421
108,46,0.6173617903714027
108,47,0.55595240521654
108,49,0.5995612183799887
108,54,0.6004377289344881
108,57,0.5370252215809072
108,58,0.5867374119040218
108,68,0.5028267797445335
108,89,0.4869738306242688
108,99,0.5555821274946564
108,101,0.44867434681577795
108,103,0.6004092377136697
108,104,0.5003498244634814
108,111,0.5970348742163254
108,117,0.5789561671324885
108,123,0.5035695396876554
108,128,0.5166712347037808
108,157,0.549486265294835
108,158,0.5996850181015689
108,160,0.5987245659106406
108,173,0.5991806779839179
108,180,0.6209982272078738
108,200,0.5435348001473393
108,218,0.5945193145954336
108,223,0.45971986045759167
108,227,0.4616654220458553
108,244,0.526858343693842
108,245,0.5431899708605468
108,276,0.5095679140661414
109,9,0.4422182598000684
109,31,0.43557181522637856
109,43,0.4330625005493212
109,56,0.43454970505635443
109,89,0.46537344608807135
109,95,0.44747234311976863
109,97,0.2862977417977311
109,114,0.43687367000914745
109,166,0.4337710199131838
109,176,0.3752638265084058
109,177,0.4002207483037871
109,194,0.389669738127772
109,214,0.4405159558588907
109,224,0.2665508080928234
109,247,0.4409775551189173
110,38,0.5101022364380032
110,43,0.4898890404171396
110,45,0.48225001081093527
110,64,0.5168187213065725
110,75,0.323254927727772
110,93,0.5058122514779692
110,95,0.5459993925621668
110,96,0.5302820463187041
110,103,0.5424487621158028
110,114,0.4922275546647127
110,118,0.4632949148514222
110,148,0.36211430099140884
110,158,0.5172124332116166
110,159,0.5165150247896483
110,160,0.5194423961467077
110,161,0.479890016081847
110,163,0.4720174476343715
110,166,0.520342080195252
110,190,0.5238642931928238
110,201,0.5306436819546494
110,217,0.4666164412651968
110,222,0.47318048802145823
111,12,0.6397604495827636
111,13,0.6221627642230414
111,19,0.679238512144197
111,33,0.7090742303880342
111,37,0.6931703785529165
111,46,0.6412752354005858
111,49,0.6618775896409431
111,50,0.6879741186150141
111,51,0.6756785982371676
111,52,0.6179008907614668
111,54,0.7178060150891741
111,63,0.6971098112518206
111,64,0.5547182845391059
111,65,0.6327906744726944
111,70,0.5502368099632042
111,71,0.5731219726222213
111,91,0.6834568073925533
111,94,0.6704006574384005
111,108,0.5970348742163254
111,130,0.6179892707603287
111,147,0.6995152255803134
111,151,0.7097724666099189
111,152,0.6980843428225297
111,156,0.6545944444033923
111,158,0.6025766841521213
111,162,0.6107818590867649
111,164,0.600656689215108
111,168,0.6569682193712778
111,173,0.6456572921115166
111,180,0.6512465283800051
111,181,0.6180873235499085
111,207,0.5225023297661864
111,211,0.688443817374136
111,252,0.6003423352946583
111,253,0.6956503742804887
111,258,0.5906528997412507
112,35,0.4829933270060255
112,90,0.5055475603624884
112,93,0.506021535382265
112,95,0.5174672723961513
112,98,0.519359706880698
112,103,0.5360288058071785
112,114,0.48396037880733983
112,130,0.5165562113519365
112,155,0.5306103766057672
112,166,0.5365480276335607
112,169,0.4922903372427315
112,173,0.523473668504099
112,180,0.51784512032465
112,214,0.5247049148490637
112,228,0.4395100160028835
112,233,0.47400769700642664
112,254,0.4402572710891655
112,296,0.5228589874454436
113,35,0.39488197799596264
113,93,0.38057910345855683
113,114,0.3885704409159491
113,120,0.3961065578555057
113,121,0.3764096455057106
113,140,0.4010033080566152
113,142,0.34618980604653304
113,146,0.1472515674344824
113,192,0.3769000649822785
113,197,0.3843923175277183
113,224,0.24984585560155836
113,227,0.3938737244543252
113,254,0.3769418901275712
114,22,0.48523760208685474
114,29,0.4813324991130207
114,44,0.3832529306737322
114,96,0.4905583805806652
114,98,0.4792813478343271
114,109,0.43687367000914745
114,110,0.4922275546647127
114,112,0.48396037880733983
114,113,0.3885704409159491
114,142,0.35733474001295495
114,148,0.38785563474550894
114,155,0.4862630278965466
114,166,0.488995346295982
114,190,0.4883904383377512
114,197,0.44726632884880374
114,208,0.4804699188393768
115,22,0.4251946084503752
115,35,0.42517411487654044
115,41,0.42635687239487446
115,76,0.17410646985258943
115,120,0.40104147236968446
115,124,0.4276177807036348
115,125,0.46095512493068574
115,127,0.42141785475327326
115,155,0.4211503631050366
115,166,0.428691574584434
115,208,0.4222416883796118
115,276,0.4236045599429372
116,19,0.6054530928996859
116,28,0.5982588588452713
116,32,0.6020029636035198
116,36,0.6027965966997312
116,42,0.5997801095287244
116,73,0.4924623107410891
116,102,0.5915631467157427
116,117,0.5835236699684717
116,124,0.5779182914294715
116,150,0.6168913117571803
116,173,0.6285060239864465
116,190,0.6045886420519987
116,200,0.5367522789340665
116,203,0.5685279320346881
116,247,0.5336343807734119
116,250,0.6040610079317207
116,266,0.5568181965440939
117,10,0.48840590531123956
117,19,0.5765625088695709
117,29,0.532796724305363
117,32,0.581618557865768
117,34,0.5128303753800895
117,36,0.5950387537763069
117,38,0.502666718718238
117,41,0.5260730763551996
117,42,0.5865231732767515
117,89,0.4971831537584364
117,91,0.6087684829880631
117,98,0.5373661767200025
117,108,0.5789561671324885
117,116,0.5835236699684717
117,118,0.481156525442921
117,119,0.5585889551041902
117,122,0.49229053203051065
117,124,0.5837923769641571
117,125,0.4963470313626424
117,128,0.49205556579844156
117,137,0.3849539806456882
117,155,0.5231583217495183
117,160,0.5957947349163332
117,190,0.5854535733631995
117,193,0.48852227760409084
118,0,0.3053575062843584
118,23,0.47686052073591984
118,41,0.4672763208011767
118,58,0.46198033100927555
118,60,0.4094295336225245
118,85,0.47011092496178525
118,98,0.47214511615888455
118,100,0.4708801891500108
118,110,0.4632949148514222
118,117,0.481156525442921
118,155,0.47827061337015586
118,166,0.48604699678014607
119,28,0.5570921990955863
119,30,0.37084628112620366
119,32,0.5706346441709252
119,38,0.49930261330459524
119,42,0.5700007343863983
119,53,0.4787790922487988
119,73,0.5037929935145707
119,95,0.5543399921690866
119,102,0.5565353409385848
119,117,0.5585889551041902
119,122,0.48731369409477265
119,124,0.5576234722410794
119,160,0.5625931260755801
119,161,0.45759321868127867
119,178,0.5027785166237597
119,190,0.5598404307837096
119,233,0.4570927037998289
119,258,0.5599471951351839
119,261,0.4783846268153897
120,4,0.20014574869437657
120,35,0.39510746415263825
120,38,0.3971264515677865
120,41,0.39286830437120224
120,56,0.4017675497756783
120,66,0.39926257045710567
120,82,0.3547853187847807
120,113,0.3961065578555057
120,115,0.40104147236968446
120,140,0.40141683260770405
120,148,0.35523615273282483
120,155,0.392500857235389
120,226,0.128108279677791
120,296,0.4001193416749468
121,35,0.4146422733907989
121,38,0.4110383386643154
121,41,0.40922775328773286
121,90,0.4320116088028267
121,93,0.4149651315769659
121,97,0.2826847554393322
121,113,0.3764096455057106
121,125,0.4136038583346477
121,128,0.4161660145615139
121,140,0.41643642481724324
121,148,0.36657914208627895
121,163,0.4261201591296831
121,224,0.24965944210272337
121,296,0.46001881318468024
122,38,0.49893840467320416
122,42,0.49549658313118117
122,74,0.4421059139480466
122,98,0.5117979401194
122,102,0.4968044227816499
122,117,0.49229053203051065
122,119,0.48731369409477265
122,124,0.49449899733134955
122,130,0.4899121004555482
122,133,0.3697880398470931
122,148,0.36242501779762276
122,155,0.5142162824926028
122,159,0.5075095802327566
122,171,0.3515952409484349
122,206,0.2452406483050488
122,233,0.45258730363816274
122,234,0.43144969358152285
122,270,0.3605829118967081
123,5,0.3945434754300638
123,13,0.5072922466290033
123,21,0.357181250742454
123,42,0.4950566972908696
123,64,0.4965916007320822
123,99,0.5266071486330005
123,106,0.33843549505198867
123,108,0.5035695396876554
123,126,0.3436163263571025
123,141,0.3424510519552925
123,165,0.4948207697371371
123,174,0.43745673363838916
123,180,0.48865426345662644
123,201,0.4935420374884202
123,218,0.5039613708750009
123,229,0.40932531381864545
123,230,0.3832532339622445
123,233,0.4614600314507333
123,256,0.366904723185727
123,284,0.49092465916880906
123,290,0.3607079478762968
124,19,0.5623879609334627
124,22,0.523864346932297
124,29,0.5299539191953601
124,34,0.5016780868847185
124,35,0.4876545022545555
124,38,0.5076383527320227
124,41,0.5472663175119064
124,42,0.5601161462639105
124,74,0.4498367048231663
124,96,0.547257784280831
124,102,0.5649114181766993
124,115,0.4276177807036348
124,116,0.5779182914294715
124,117,0.5837923769641571
124,119,0.5576234722410794
124,122,0.49449899733134955
124,125,0.49282175231501146
124,156,0.5770476565762874
124,166,0.5716410111827581
124,168,0.57615962659328
124,173,0.5698469020600399
124,178,0.5022441226867983
124,190,0.565530711049572
124,193,0.4764893590139381
124,198,0.5544630511305624
124,200,0.5339054210642721
124,203,0.5569860280769615
124,205,0.4552751018556304
124,212,0.5045457502452302
124,223,0.4591074060282697
124,247,0.5448476680348712
124,249,0.4594500938132475
124,272,0.45140331766484487
124,276,0.5231745102822467
124,296,0.5163923021019432
124,299,0.38722781637071185
125,35,0.4963234356827463
125,38,0.4845290460391142
125,41,0.5265240634184953
125,44,0.38932341396936315
125,74,0.450365407765183
125,100,0.47518281383414973
125,115,0.46095512493068574
125,117,0.4963470313626424
125,121,0.4136038583346477
125,124,0.49282175231501146
125,133,0.3719249536880546
125,166,0.49641794880553636
125,203,0.485507141349598
125,208,0.49125189514962997
125,247,0.49708842210134924
125,277,0.48439073147710743
126,5,0.34578316613807614
126,8,0.12065327165150047
126,39,0.35782833437664946
126,68,0.34730170776806546
126,78,0.21849950482603459
126,104,0.36319072693525645
126,123,0.3436163263571025
126,174,0.37800836124320786
126,207,0.35148350573987625
126,234,0.35511195187028266
126,237,0.27813517204528465
126,244,0.3522991706650185
126,257,0.27594149232482457
126,274,0.27366793831723807
126,277,0.34670659277703136
126,282,0.193067985943314
126,285,0.30802028186331565
126,300,0.31123984937733645
127,35,0.4663347753410052
127,41,0.48613948887888825
127,44,0.37800821167419435
127,73,0.46135761720015245
127,82,0.36075413515718596
127,90,0.4795021119798757
127,95,0.45946456346714587
127,115,0.42141785475327326
127,132,0.3970818514025574
127,140,0.48596958450879163
127,155,0.5058606686706968
127,159,0.4575501890382169
127,169,0.48090434903483226
127,176,0.3469433967301828
127,178,0.4624792915120138
127,182,0.4055420071638628
127,183,0.37470434173984063
127,216,0.39938303286007043
127,219,0.43022546318595706
127,225,0.40717356851830083
127,255,0.3977695784434153
128,29,0.48763142699724665
128,34,0.5012957776041587
128,64,0.49528466610288047
128,71,0.48868513940795194
128,73,0.5008826506005689
128,95,0.4898580704545259
128,99,0.49279075582852333
128,108,0.5166712347037808
128,117,0.49205556579844156
128,121,0.4161660145615139
128,141,0.33491344754243274
128,163,0.4601649906436415
128,171,0.34472539319555273
128,201,0.49784667525425874
128,222,0.44466118456909504
128,223,0.4557813109765926
128,233,0.45229288216147057
128,248,0.2005620997407003
128,249,0.45831348739190886
129,4,0.10447541384536223
129,7,0.10292133399181945
129,55,0.10303905917023624
129,61,0.05643017445629529
129,62,0.11179906536932536
129,97,0.10174056100250685
129,136,0.10360000423367234
129,145,0.10644245276690147
129,146,0.11433879582587107
129,196,0.10886389874986079
129,241,0.06858900632913424
129,248,0.12155253137930655
129,265,0.04336140371702591
129,281,0.05318678338369378
130,9,0.5257893685359774
130,12,0.5981261279385575
130,19,0.596921305213391
130,23,0.576617075196631
130,24,0.4932129796395048
130,53,0.4833843316754414
130,54,0.6139703309047498
130,57,0.5338122584197891
130,64,0.5560671719000793
130,70,0.5481881437924577
130,91,0.5985626614011126
130,94,0.6064340122809289
130,96,0.5551503278227589
130,98,0.5380407964769977
130,111,0.6179892707603287
130,112,0.5165562113519365
130,122,0.4899121004555482
130,155,0.5211275142330744
130,158,0.6074073835699442
130,165,0.5127572335139535
130,168,0.6002754887131212
130,173,0.5962391520241207
130,180,0.6127628753291208
130,214,0.5727492677653869
130,235,0.5245384352952591
131,0,0.11369980202822702
131,4,0.10453186988599589
131,7,0.09957851366452912
131,76,0.10221654385646213
131,132,0.10000937973291067
131,133,0.09908337353241903
131,136,0.13707973886239694
131,145,0.09988575904017406
131,175,0.10977668973690341
131,210,0.10100649788328633
131,243,0.057680889322554135
132,4,0.2076938413018894
132,35,0.4143661298449819
132,38,0.4123319101980889
132,41,0.4024187883120004
132,74,0.40207371305346745
132,98,0.3931305994293428
132,127,0.3970818514025574
132,131,0.10000937973291067
132,134,0.17419784431003763
132,140,0.3957415682619912
132,166,0.4013977615483308
132,169,0.3958419233931389
132,247,0.3960056017259027
133,9,0.38746743101466213
133,24,0.36789669697518435
133,41,0.3679899047094547
133,68,0.37145868277159694
133,78,0.21155718504146379
133,88,0.37499024444195933
133,122,0.3697880398470931
133,125,0.3719249536880546
133,131,0.09908337353241903
133,134,0.17871290734834924
133,170,0.2974300817416591
133,194,0.3891074555505596
133,247,0.3866261359575746
133,263,0.25999765946162035
133,274,0.2731344344865012
133,277,0.3907972803867516
133,286,0.3316073048359605
133,298,0.28085079428160814
134,60,0.17781873719619615
134,74,0.17168865643359044
134,132,0.17419784431003763
134,133,0.17871290734834924
134,170,0.18009980016426114
134,171,0.17894590228623922
134,269,0.17876677744360478
134,286,0.17095454931357992
134,298,0.1739822190654773
134,301,0.1780136906918092
135,20,0.29994732721465966
135,69,0.36648618963834867
135,92,0.3728412099663396
135,154,0.3778762594703036
135,165,0.3628218719003233
135,186,0.39790235454095585
135,187,0.37642142821964847
135,191,0.37660085677138366
135,193,0.3675751859689363
135,266,0.3784584773055792
135,284,0.37365903630979186
136,0,0.17369502865576342
136,4,0.1571719696207484
136,44,0.166352078104328
136,97,0.16105898734889657
136,129,0.10360000423367234
136,131,0.13707973886239694
136,149,0.16989917200713486
136,175,0.16642609512712783
136,176,0.1786361117387481
136,210,0.20639561886797453
136,215,0.17036870734731166
136,219,0.15933486271139455
136,226,0.1261667588007759
136,243,0.051517135254476494
137,71,0.4103858224814182
137,105,0.30760041068356875
137,107,0.3859145841292357
137,117,0.3849539806456882
137,168,0.3835693095434052
137,179,0.39005351188814785
137,185,0.27183230392709823
137,186,0.3905555550116034
137,207,0.3859208334602701
137,223,0.38768914918421776
137,235,0.3929622066510531
137,238,0.366596709282558
137,283,0.22697775641830958
137,294,0.3849357960865676
138,3,0.06973857310927309
138,8,0.06883441353856812
138,139,0.05580830080281548
138,143,0.06178704974670269
138,144,0.05754648527573964
138,184,0.05538729247792478
138,206,0.05545243425959922
138,279,0.07198714792112504
138,282,0.05891074499533971
138,289,0.02722834448910058
138,293,0.06063854168978796
139,6,0.1588372956481894
139,105,0.19166013228971418
139,106,0.20010742296263423
139,138,0.05580830080281548
139,206,0.19450505559365708
139,246,0.19324882083104775
139,259,0.12219095785712719
139,263,0.2065035307546284
139,264,0.14660259862416813
139,269,0.21076988660814566
139,273,0.05884625934197006
139,274,0.19890381846400143
139,279,0.1041376836017514
139,281,0.05262486279178496
139,286,0.19701852729641292
139,288,0.03032366487730298
139,293,0.15604057759869694
139,295,0.08210169544104307
139,298,0.198689783801678
139,300,0.21630459526343596
140,30,0.3737120682641017
140,31,0.4963076670620762
140,38,0.4985504605890025
140,44,0.3870005431646896
140,64,0.484598431179067
140,66,0.40326259356984634
140,97,0.2881992668616101
140,98,0.4993581972681787
140,103,0.48728310117062107
140,113,0.4010033080566152
140,120,0.40141683260770405
140,121,0.41643642481724324
140,127,0.48596958450879163
140,132,0.3957415682619912
140,155,0.5164002518928096
140,159,0.48447554581020164
140,166,0.4902937896824494
140,169,0.478551830246317
140,176,0.3482678383287469
140,182,0.41307882824499503
140,196,0.35143881438925784
140,210,0.2569045311544571
140,215,0.4034999432362451
140,216,0.4197217302533327
140,217,0.48092779664782787
140,219,0.42799743592070516
140,225,0.45874963880529745
140,228,0.4490239012371453
140,242,0.46978285943612313
140,254,0.4383256936390281
140,255,0.39683638413051286
140,296,0.49122043590328784
141,5,0.328442593675829
141,70,0.3266799728151545
141,123,0.3424510519552925
141,128,0.33491344754243274
141,154,0.3291109776256704
141,187,0.35141659701747635
141,188,0.1950515901402504
141,191,0.3417666094630975
141,235,0.33459988647742084
141,236,0.3425544740285247
141,263,0.2593548010916339
141,266,0.3308392754965
141,271,0.2725533651311822
141,274,0.2731215701128688
141,283,0.2120578307755848
141,285,0.2732471337251977
142,30,0.3369454195713103
142,53,0.32970195596969565
142,76,0.17334772437794094
142,84,0.1397561999367531
142,113,0.34618980604653304
142,114,0.35733474001295495
142,192,0.33183889707223707
142,228,0.33477045254264226
142,234,0.34309838371621204
142,242,0.3365287271066458
142,249,0.3331056485991367
142,277,0.34948600516977113
143,3,0.16867620855510138
143,6,0.17058530881670145
143,15,0.23056567878954426
143,21,0.23235482949979458
143,105,0.24168876787618992
143,106,0.21869399369696418
143,138,0.06178704974670269
143,144,0.15238355025867237
143,145,0.1271922367206628
143,171,0.2224050824378332
143,184,0.08559256118647791
143,230,0.21608153206077424
143,238,0.21550247821060486
143,240,0.2247613530840067
143,269,0.21894741020550523
143,279,0.10599725424462722
143,286,0.21894759630471775
143,295,0.07429274424094426
144,138,0.05754648527573964
144,143,0.15238355025867237
144,230,0.15904414956853
144,232,0.1505824574862326
144,263,0.15347599277556911
144,264,0.1525336370797561
144,269,0.15559040479820913
144,279,0.09560092804506141
144,286,0.15436525662348866
144,288,0.029933907120939303
144,293,0.15818053883322733
144,298,0.15374189157283297
144,301,0.15012171706539104
145,7,0.14653353905009903
145,61,0.06210881579234074
145,62,0.1339116562917539
145,79,0.021755803238146076
145,81,0.045296073746361624
145,97,0.14105133021621905
145,105,0.12633117323620416
145,129,0.10644245276690147
145,131,0.09988575904017406
145,143,0.1271922367206628
145,176,0.1256152693892163
145,210,0.13015228517601962
145,224,0.12900235911765565
145,232,0.12594257523619057
145,238,0.1275421056034108
145,265,0.04100220372113285
145,281,0.05775898996198246
146,61,0.06128313028999835
146,62,0.16154811071120873
146,79,0.020108150964255236
146,97,0.168783330078646
146,113,0.1472515674344824
146,129,0.11433879582587107
146,176,0.14844154962519934
146,182,0.15391493217642532
146,195,0.16541986474375805
146,210,0.14890166995542717
146,224,0.15260139164541417
146,241,0.06577597884639073
146,265,0.046084534785469464
146,278,0.15028640594382006
146,281,0.05929558103046564
146,298,0.14813311016429762
147,12,0.6423859691784604
147,27,0.6693799022492402
147,28,0.713568496311538
147,32,0.6844011973013017
147,33,0.7541335862010957
147,36,0.6954296363847864
147,37,0.7149744751496199
147,40,0.750717513893228
147,42,0.6361851845390682
147,46,0.6477413236549242
147,50,0.7130703204147049
147,51,0.6575001608406253
147,54,0.71160036939277
147,63,0.7542173757343753
147,111,0.6995152255803134
147,150,0.7077360092979175
147,151,0.7717793649296613
147,152,0.7482427618935913
147,156,0.6519502205706895
147,167,0.6531103797193859
147,172,0.7840540920008776
147,173,0.6742214324673528
147,180,0.6556241181894228
147,199,0.779350984249987
147,204,0.6711888300953236
147,209,0.6660938534513415
147,211,0.7383900623365376
147,218,0.6596855078136158
147,231,0.6206141987832744
147,250,0.6839126352314874
147,253,0.7734964660470465
148,22,0.36522027940789875
148,38,0.3569320660878252
148,76,0.17472681812684623
148,86,0.0916318762967739
148,110,0.36211430099140884
148,114,0.38785563474550894
148,120,0.35523615273282483
148,121,0.36657914208627895
148,122,0.36242501779762276
148,226,0.12370558813989382
148,245,0.3555072896032336
148,251,0.36225810319372503
148,296,0.3682067096448653
149,4,0.20396558922181993
149,30,0.30609026148385815
149,35,0.30523154093829635
149,38,0.3038968845133036
149,44,0.3353872523075812
149,60,0.3270797155369335
149,80,0.08833268038826216
149,82,0.3057598739157234
149,83,0.14621518498022795
149,84,0.14717917819745988
149,86,0.0880134399217566
149,88,0.30673717479316526
149,136,0.16989917200713486
149,175,0.12765346221312646
149,176,0.3039888456683268
149,219,0.3177596822055685
149,228,0.2985227289348812
150,12,0.6432123639163217
150,19,0.6952972512142792
150,28,0.6800908150707609
150,33,0.6977409020802459
150,36,0.7002708888836131
150,49,0.6575003246434489
150,52,0.6439375787623736
150,54,0.7010829366167443
150,63,0.712244432339612
150,67,0.5687625503490255
150,85,0.5388526202277956
150,91,0.6580329066948274
150,94,0.6695392479704898
150,102,0.6207422159765863
150,116,0.6168913117571803
150,147,0.7077360092979175
150,151,0.7015280950278123
150,152,0.6984944874197425
150,153,0.568266230113215
150,156,0.6525921341813465
150,164,0.596144573944161
150,168,0.648955773340074
150,180,0.6512985012927806
150,199,0.6982949186400009
150,211,0.6997930645642568
150,214,0.5684103061945515
150,231,0.6226072714784945
150,250,0.6942605693036044
150,266,0.5656380134751304
151,14,0.7087142308455161
151,33,0.7284241387785919
151,37,0.7152696779308441
151,40,0.8010508844675485
151,49,0.6627818441583946
151,50,0.7002819439803714
151,63,0.8184421524726416
151,111,0.7097724666099189
151,147,0.7717793649296613
151,150,0.7015280950278123
151,152,0.8045810588124501
151,168,0.6367610878771041
151,172,0.7997548533476428
151,199,0.7826612708985313
151,204,0.6619198376356079
151,211,0.7435891941636577
151,218,0.6554993622126497
151,250,0.6693374993475497
151,253,0.7464750146210384
152,14,0.7255506415995857
152,33,0.7141350998370583
152,37,0.7218399557666786
152,40,0.7964355070613361
152,49,0.6711674173295534
152,50,0.691521787821727
152,51,0.6325497384632264
152,52,0.6205154473217193
152,54,0.7180340501893242
152,63,0.809937693996252
152,111,0.6980843428225297
152,147,0.7482427618935913
152,150,0.6984944874197425
152,151,0.8045810588124501
152,172,0.7960941709643847
152,199,0.7827855329778942
152,209,0.6637715506733819
152,211,0.7431762337645985
152,253,0.743801630130068
153,19,0.5600182192266955
153,32,0.5627454826587146
153,37,0.5713054345125917
153,52,0.5760865785906083
153,67,0.5655572902495173
153,87,0.3435674896435733
153,150,0.568266230113215
153,167,0.5673557779731397
153,204,0.5604006185320225
153,220,0.5606855351865643
153,250,0.560516506772929
154,5,0.4179732641783739
154,11,0.542750184372187
154,15,0.35559161057209526
154,21,0.35597001659488503
154,26,0.40345497020714394
154,27,0.5483621856129436
154,32,0.5400942772570078
154,72,0.4673654327170129
154,94,0.5621648777655396
154,135,0.3778762594703036
154,141,0.3291109776256704
154,167,0.5514434763682866
154,181,0.5526264052501143
154,187,0.4732783135360802
154,209,0.5428448631387393
154,218,0.5572605297062881
154,220,0.5459820056878192
154,234,0.4305738698014821
154,239,0.43719260545939115
154,252,0.558163464406525
154,275,0.44266802607605654
155,0,0.30239564229460064
155,35,0.4912050669582977
155,38,0.4948363388311772
155,58,0.5406349977657118
155,60,0.40577368449142714
155,73,0.4964650957072302
155,74,0.4491725848016623
155,82,0.36252819240705686
155,88,0.4736992194444483
155,89,0.5054192737934522
155,90,0.5028666095185577
155,91,0.5346518993381946
155,112,0.5306103766057672
155,114,0.4862630278965466
155,115,0.4211503631050366
155,117,0.5231583217495183
155,118,0.47827061337015586
155,120,0.392500857235389
155,122,0.5142162824926028
155,127,0.5058606686706968
155,130,0.5211275142330744
155,140,0.5164002518928096
155,158,0.5206560994472418
155,159,0.5412874485229885
155,161,0.4492091026138201
155,166,0.527017616095553
155,173,0.5279553061056402
155,192,0.42270382780990867
155,194,0.3892925831397298
155,205,0.4588449347658706
155,222,0.4643554188987355
155,228,0.4317650774255278
155,233,0.4463798472490372
155,234,0.42091621356786435
155,242,0.45407014029071274
155,245,0.534957647924212
155,251,0.49388693732999633
155,270,0.3642822251790902
156,17,0.5672117655334992
156,19,0.6501827856336643
156,28,0.6559053147713092
156,32,0.654625847438307
156,33,0.6466624597262342
156,54,0.663876952600935
156,70,0.5454797217968448
156,87,0.3453388683930413
156,95,0.6123447187876359
156,102,0.6190692314370995
156,111,0.6545944444033923
156,124,0.5770476565762874
156,147,0.6519502205706895
156,150,0.6525921341813465
156,203,0.556941899507546
156,204,0.6469912664682224
156,221,0.6239628732159838
156,250,0.6494401514333055
156,284,0.5338459955330245
157,23,0.5394262209974963
157,31,0.5038090590233383
157,43,0.48606276706255797
157,59,0.5518903959328895
157,93,0.5063510281604513
157,94,0.540171413587493
157,100,0.46795852247003084
157,103,0.5516451076227825
157,108,0.549486265294835
157,160,0.5530474683500669
157,166,0.5537509649144321
157,180,0.5374260019790899
157,214,0.5513386404373513
157,231,0.5374599596058193
157,234,0.41670817105285024
157,242,0.45121729761193546
157,299,0.37630197983974434
158,10,0.4953081144077883
158,12,0.6082856034247699
158,23,0.5657910454013684
158,31,0.5347027989355408
158,46,0.6026911259938822
158,47,0.5591387972305237
158,54,0.6045790156764189
158,56,0.5253467903381012
158,57,0.5515048729016137
158,58,0.6235372290067657
158,68,0.4994059747121528
158,70,0.5532849638239089
158,94,0.6063668250790736
158,104,0.49105712496876147
158,108,0.5996850181015689
158,110,0.5172124332116166
158,111,0.6025766841521213
158,130,0.6074073835699442
158,155,0.5206560994472418
158,159,0.5677251790428165
158,164,0.6011338165899099
158,173,0.603035854515084
158,180,0.6199249695702921
158,251,0.48869301357111716
159,19,0.5625575763709509
159,29,0.5440009240511742
159,31,0.5170646410294442
159,35,0.4875385581633816
159,42,0.5610057604234469
159,56,0.5172948033442669
159,60,0.42628234500855877
159,73,0.4959768888555363
159,74,0.4408728510158775
159,90,0.505130507442739
159,91,0.5635765791900331
159,95,0.5724582732650971
159,96,0.5533553192495061
159,98,0.5288696184188499
159,100,0.46987190538078716
159,103,0.5649473194662219
159,110,0.5165150247896483
159,122,0.5075095802327566
159,127,0.4575501890382169
159,140,0.48447554581020164
159,155,0.5412874485229885
159,158,0.5677251790428165
159,160,0.5578619435795262
159,163,0.45794994310809334
159,173,0.56771633928721
159,178,0.5022282984407859
159,180,0.561549673936055
159,212,0.5176561922298825
159,249,0.4581534826967288
159,250,0.5685006592000308
159,251,0.4866720095831536
159,254,0.43920365923291765
159,291,0.44682590978447534
159,296,0.5264157027142514
160,9,0.5084610443360907
160,16,0.5558555258665692
160,17,0.5639348131571215
160,19,0.6353170374722797
160,22,0.5260977278551059
160,27,0.6312056543518542
160,32,0.6487499092237418
160,33,0.6411528821309109
160,36,0.6393438213722697
160,39,0.42935864941474666
160,42,0.6425795471114301
160,48,0.5398286627228803
160,53,0.4821961898446765
160,54,0.6513191942614601
160,57,0.5327370162068705
160,59,0.6078028663916515
160,64,0.5679867191941855
160,68,0.49624469576524655
160,91,0.6371655936817264
160,96,0.554401593387819
160,99,0.544242490368496
160,102,0.6136877516368319
160,103,0.5948684177977834
160,108,0.5987245659106406
160,110,0.5194423961467077
160,117,0.5957947349163332
160,119,0.5625931260755801
160,157,0.5530474683500669
160,159,0.5578619435795262
160,165,0.5145104464591195
160,173,0.6652695527219495
160,190,0.6154143279559771
160,193,0.4861391504784606
160,198,0.5471272239939778
160,208,0.5570479355823719
160,244,0.5267747942623913
160,247,0.5471189294584324
160,250,0.6340276577210864
160,277,0.4919544466388048
161,23,0.4526662309372895
161,53,0.4579644124963916
161,55,0.32276258216730674
161,64,0.4488096055444764
161,75,0.3356587632672207
161,98,0.4668008265051915
161,102,0.4514823262974465
161,105,0.3019063342029849
161,110,0.479890016081847
161,119,0.45759321868127867
161,155,0.4492091026138201
161,166,0.45557160815718073
161,196,0.3506977788315053
161,239,0.42019536367321636
161,245,0.4717105037892703
161,292,0.333756331210108
162,10,0.4861163677662054
162,12,0.6117035189897934
162,25,0.4641411692093937
162,47,0.5569243845404842
162,49,0.6236757954273566
162,50,0.6137267032964207
162,58,0.5960123907262926
162,65,0.6066748249667313
162,70,0.5481273735397838
162,72,0.4835767140781343
162,94,0.6272900816106989
162,104,0.4981069949616546
162,111,0.6107818590867649
162,164,0.606588218635326
162,209,0.6042045919998916
162,211,0.6198559652220675
162,253,0.6148774060298089
163,31,0.4694171584181365
163,56,0.4636480664129148
163,58,0.4593548169007773
163,90,0.4685091148447616
163,98,0.45755773921738113
163,110,0.4720174476343715
163,121,0.4261201591296831
163,128,0.4601649906436415
163,159,0.45794994310809334
163,179,0.45825527298167024
163,185,0.25533524633287635
163,214,0.4799133790737713
163,228,0.4397470721512467
163,238,0.2875730838010028
164,10,0.5144447924197174
164,12,0.5973004850816307
164,16,0.5408148760748268
164,22,0.5230502359778689
164,25,0.46271428269038867
164,49,0.6296444334354497
164,50,0.6090873628516917
164,54,0.6183029091545488
164,57,0.5430519492013494
164,68,0.49683597388776285
164,69,0.5210365201561358
164,111,0.600656689215108
164,150,0.596144573944161
164,158,0.6011338165899099
164,162,0.606588218635326
164,201,0.5871753267881848
164,231,0.6131327546133588
164,244,0.533761201109799
164,250,0.6080053064174635
165,13,0.5165071148627692
165,15,0.3413925154175806
165,27,0.5145269027493897
165,94,0.5209370985071357
165,95,0.5281065632932347
165,103,0.5162529338862007
165,106,0.3313543522067988
165,123,0.4948207697371371
165,130,0.5127572335139535
165,135,0.3628218719003233
165,160,0.5145104464591195
165,167,0.5264072053081053
165,171,0.3435999308682589
165,181,0.5103130560468705
165,185,0.27527153560958434
165,187,0.43581390031212885
165,201,0.5127980152239493
165,229,0.41099250133386905
165,238,0.2893265220808981
165,256,0.3622229236230099
165,280,0.3452180621403526
166,19,0.5832916408428029
166,23,0.5686902214126442
166,29,0.5389895923609496
166,31,0.5244138446907373
166,39,0.43756799424914283
166,41,0.5322639408118889
166,43,0.4989778898805262
166,56,0.5208300402740453
166,58,0.5751818246792771
166,88,0.4720930801832383
166,89,0.5078076766855548
166,90,0.4984394786585656
166,91,0.5784875713792905
166,93,0.5045135505769254
166,94,0.5762144397843504
166,95,0.5769012305368612
166,96,0.5560850592214991
166,98,0.5570656177074667
166,100,0.47740550945350996
166,101,0.4563171077394962
166,102,0.575474190977076
166,109,0.4337710199131838
166,110,0.520342080195252
166,112,0.5365480276335607
166,114,0.488995346295982
166,115,0.428691574584434
166,118,0.48604699678014607
166,124,0.5716410111827581
166,125,0.49641794880553636
166,132,0.4013977615483308
166,140,0.4902937896824494
166,155,0.527017616095553
166,157,0.5537509649144321
166,161,0.45557160815718073
166,173,0.5755746794236128
166,205,0.4635156650254196
166,214,0.6045217168838547
166,217,0.45295400525483587
166,223,0.4699992002222416
166,228,0.432643086463533
166,233,0.44920174944204866
166,250,0.5771851833400151
166,251,0.5068895764744774
166,272,0.44869565748698254
166,296,0.5213259220438854
167,11,0.5862903982239179
167,14,0.6511228069712616
167,28,0.6363871011985555
167,32,0.6480086433723982
167,33,0.6348735298332085
167,54,0.6389481389416638
167,69,0.5102804733581543
167,87,0.351193651339511
167,147,0.6531103797193859
167,153,0.5673557779731397
167,154,0.5514434763682866
167,165,0.5264072053081053
167,186,0.5606675122084505
167,187,0.436922342600887
167,199,0.6445104053873043
167,207,0.5294491089524729
167,209,0.6407358494862782
167,211,0.6491516592339469
167,253,0.6710287820227623
168,14,0.6559260483707409
168,27,0.6395876170401139
168,47,0.552012777625966
168,50,0.6524056958254083
168,54,0.653556280838651
168,58,0.5818030662840634
168,59,0.588360210994017
168,64,0.5555116069875868
168,65,0.6123834909729298
168,71,0.5709788573990568
168,107,0.5616384754776903
168,111,0.6569682193712778
168,124,0.57615962659328
168,130,0.6002754887131212
168,137,0.3835693095434052
168,150,0.648955773340074
168,151,0.6367610878771041
168,186,0.5538737348381336
168,204,0.638015909315322
168,207,0.5268333284289135
168,211,0.6425387171548343
168,253,0.6503273567903245
168,266,0.5645794693772905
168,294,0.5480401300017256
169,0,0.3145830274242552
169,18,0.40415375295746464
169,38,0.4877243635533738
169,41,0.5239803372374314
169,66,0.400456284146498
169,73,0.47929631561130903
169,88,0.4650630804026622
169,90,0.5155158445814517
169,98,0.4757110916192107
169,112,0.4922903372427315
169,127,0.48090434903483226
169,132,0.3958419233931389
169,140,0.478551830246317
169,182,0.39900912415817913
169,196,0.37230316138259745
169,217,0.4729853343302202
169,219,0.44910173982694335
169,247,0.5034732960595881
169,248,0.20321934203373265
169,270,0.36062868679946025
169,278,0.3219540219310869
169,296,0.4898036085589808
170,3,0.16633362225954795
170,6,0.16096196232278803
170,26,0.3020069782274825
170,39,0.3046408267509155
170,104,0.2990633165791985
170,133,0.2974300817416591
170,134,0.18009980016426114
170,171,0.31470282103512637
170,174,0.30744886014401424
170,188,0.19894169793263342
170,262,0.3027511476943017
170,267,0.3058033498756593
170,271,0.27626932660846604
170,274,0.2987309787315834
170,277,0.3007346056884598
170,282,0.20206421001063732
170,285,0.2934250339706098
170,297,0.10955551762511354
171,3,0.15889016675881143
171,6,0.16789628966549222
171,7,0.21785884637098346
171,39,0.3438728040410023
171,68,0.34900364216869617
171,105,0.3291942189783953
171,122,0.3515952409484349
171,128,0.34472539319555273
171,134,0.17894590228623922
171,143,0.2224050824378332
171,165,0.3435999308682589
171,170,0.31470282103512637
171,174,0.3765170605716192
171,206,0.2634713610669131
171,223,0.3466241196375395
171,232,0.28422806591811595
171,256,0.34422789847689383
171,259,0.11155097242504863
171,269,0.35372797302658104
171,274,0.2799251611362557
171,276,0.3617977054637556
171,283,0.22719376849256318
171,285,0.29432996204326395
171,298,0.293336612426314
171,300,0.3220715910176172
172,14,0.7021409275477617
172,33,0.7334134724129722
172,37,0.7249979602003058
172,40,0.8125519740421092
172,63,0.8239433698530968
172,147,0.7840540920008776
172,151,0.7997548533476428
172,152,0.7960941709643847
172,199,0.824715365182467
172,209,0.6707945763966375
172,211,0.7325524659423739
172,253,0.7421740259906828
173,13,0.6254008962219044
173,19,0.6697519789619626
173,22,0.5352887672636901
173,28,0.6598949967900637
173,29,0.5327203561283926
173,32,0.6464367088137137
173,33,0.6749068157001399
173,34,0.5265490099839268
173,42,0.6505442678429724
173,48,0.5341768925774852
173,54,0.6460261917818988
173,95,0.6127239803515816
173,102,0.6230522355565236
173,108,0.5991806779839179
173,111,0.6456572921115166
173,112,0.523473668504099
173,116,0.6285060239864465
173,124,0.5698469020600399
173,130,0.5962391520241207
173,147,0.6742214324673528
173,155,0.5279553061056402
173,158,0.603035854515084
173,159,0.56771633928721
173,160,0.6652695527219495
173,166,0.5755746794236128
173,190,0.6278977722626121
173,198,0.5577560141149663
173,202,0.5671127496178715
173,203,0.5671844602496406
173,204,0.6491311183668229
173,245,0.5516799475239597
173,247,0.5423368220309198
173,249,0.4651817849365272
173,266,0.5845989921545709
174,7,0.2249330523414564
174,9,0.42469510603953453
174,16,0.4420779712329749
174,99,0.4247757364586011
174,104,0.4262215719442816
174,123,0.43745673363838916
174,126,0.37800836124320786
174,170,0.30744886014401424
174,171,0.3765170605716192
174,198,0.427156146828555
174,207,0.4362084457526789
174,208,0.4344115118416386
174,230,0.3738427745413091
174,238,0.2952094813955031
174,258,0.43880590950313686
174,263,0.2528745230931557
174,269,0.34498793129446903
174,271,0.26911876608726437
174,280,0.3471855927405818
174,284,0.42564002832353887
174,285,0.2787678310323496
174,286,0.3447965557442486
175,0,0.12400257619041005
175,81,0.0453355737700497
175,97,0.15754670747978053
175,131,0.10977668973690341
175,136,0.16642609512712783
175,149,0.12765346221312646
175,176,0.13457893539334634
175,182,0.13023463968668378
175,196,0.12879959352898046
175,210,0.1636778096890599
175,224,0.13061153054063127
175,241,0.07536891139170626
175,243,0.05407105924594202
175,265,0.04694609683400692
175,278,0.13880794933861995
176,4,0.20530751329414146
176,83,0.1395500691452529
176,90,0.3638890050647576
176,100,0.3478865414393424
176,109,0.3752638265084058
176,127,0.3469433967301828
176,136,0.1786361117387481
176,140,0.3482678383287469
176,145,0.1256152693892163
176,146,0.14844154962519934
176,149,0.3039888456683268
176,175,0.13457893539334634
176,195,0.32641064943225956
176,197,0.3511822826112123
176,215,0.3474617004884193
176,217,0.3607313500320852
176,224,0.25865596294882987
176,226,0.12505206046633732
176,247,0.3440422182553499
176,255,0.35664304423323
177,7,0.21791712647089032
177,47,0.4052008924689737
177,57,0.39164218787641003
177,83,0.1390790209282627
177,90,0.3959741488824806
177,109,0.4002207483037871
177,195,0.3362027600895897
177,197,0.393955246431032
177,200,0.38860739918769366
177,214,0.38441675490513083
177,227,0.4029750834606145
177,228,0.3837400796673931
177,251,0.4040195657982146
178,26,0.390412986523346
178,42,0.5112538322363884
178,59,0.5017182227049161
178,96,0.5212514386505663
178,99,0.5008505158924772
178,103,0.5292307173874049
178,119,0.5027785166237597
178,124,0.5022441226867983
178,127,0.4624792915120138
178,159,0.5022282984407859
178,190,0.5127244496854377
178,194,0.3933364551022933
178,204,0.49898584031244486
178,301,0.30421069849192406
179,18,0.3927124777360622
179,24,0.47645929201557546
179,28,0.561014976647944
179,46,0.5564028893674908
179,53,0.4802175252148322
179,54,0.5577117387240775
179,75,0.32719931462616675
179,89,0.4871824808524074
179,91,0.5613535455438956
179,94,0.5609880888803354
179,95,0.568076763442713
179,96,0.5443378203345987
179,99,0.5374600068636659
179,101,0.47651233997072373
179,102,0.5560322545729354
179,103,0.5819230244116771
179,137,0.39005351188814785
179,163,0.45825527298167024
179,201,0.5583051590699574
179,229,0.4194422530641545
179,250,0.5605787779287181
179,267,0.41928242997301557
179,299,0.3761945820292556
180,14,0.6344403776981437
180,28,0.6539300122768651
180,33,0.6541481105845178
180,43,0.48343826046149607
180,47,0.5509883515414519
180,54,0.6686577914802219
180,56,0.5136855210955641
180,58,0.6175871123730006
180,59,0.5912535952276061
180,64,0.5715050399434158
180,65,0.6038406473746334
180,91,0.6417030644735057
180,93,0.5236317718988739
180,95,0.6285557675787625
180,96,0.5631922850739519
180,103,0.590165638926029
180,108,0.6209982272078738
180,111,0.6512465283800051
180,112,0.51784512032465
180,123,0.48865426345662644
180,130,0.6127628753291208
180,147,0.6556241181894228
180,150,0.6512985012927806
180,157,0.5374260019790899
180,158,0.6199249695702921
180,159,0.561549673936055
180,201,0.5923619863711099
180,211,0.6401972034048653
180,214,0.5905874695935551
180,227,0.45800085644159644
180,247,0.5367866187787312
180,250,0.6387152341344062
180,258,0.6105201418211685
181,13,0.6323389593795324
181,14,0.6179205339450312
181,19,0.6133762228503538
181,27,0.6142334799371788
181,32,0.636902690990861
181,37,0.6206634633010621
181,54,0.6224000061008309
181,65,0.6021368658740226
181,69,0.5080091949385791
181,71,0.5724674259519393
181,72,0.4705291484423631
181,92,0.5189972656317481
181,104,0.505250531507215
181,111,0.6180873235499085
181,154,0.5526264052501143
181,165,0.5103130560468705
181,186,0.5633082986512361
181,187,0.4415239586809283
181,207,0.5235985651895835
181,211,0.6331626566589942
181,253,0.6162161323923254
182,35,0.3977575063769401
182,56,0.38188039702495014
182,57,0.3869267656509462
182,84,0.14396707460493638
182,89,0.3900849632048564
182,127,0.4055420071638628
182,140,0.41307882824499503
182,146,0.15391493217642532
182,169,0.39900912415817913
182,175,0.13023463968668378
182,210,0.2607338749010051
182,217,0.40687060536288294
182,219,0.4106139636804447
182,296,0.3851743226492741
183,31,0.372344492772625
183,41,0.3793486100751383
183,73,0.36881475240087347
183,97,0.3043458182170621
183,100,0.38123192416911755
183,127,0.37470434173984063
183,215,0.37791216181435827
183,228,0.3956283208434688
183,242,0.3833686301902382
183,254,0.37216734301616844
183,255,0.38186205826679076
184,2,0.049768653441314106
184,3,0.07704794596304605
184,8,0.08697178101020292
184,138,0.05538729247792478
184,143,0.08559256118647791
184,188,0.08455283480480527
184,206,0.09327548504600502
184,232,0.07840519772593589
184,240,0.07532711957149817
184,279,0.08392141197436269
184,282,0.08245576656254262
184,289,0.025947312379536715
184,293,0.10147107274669845
185,5,0.26020434500403194
185,10,0.257087982733312
185,25,0.26413287287218884
185,72,0.2576190647519944
185,104,0.2557814894406822
185,137,0.27183230392709823
185,163,0.25533524633287635
185,165,0.27527153560958434
185,268,0.07608574571116705
185,280,0.26870887857920794
185,294,0.2630700768961826
186,14,0.580050827760693
186,27,0.5671847303868024
186,69,0.5070344343193928
186,87,0.35116010976071604
186,94,0.5718860471086142
186,135,0.39790235454095585
186,137,0.3905555550116034
186,167,0.5606675122084505
186,168,0.5538737348381336
186,181,0.5633082986512361
186,187,0.4408098234338006
186,207,0.5270009070481292
186,209,0.5719315944395408
186,211,0.567968665446213
186,218,0.5603918086466025
186,252,0.5574105721971742
186,275,0.4374080399766351
187,5,0.39643960988822036
187,11,0.45591192065463976
187,15,0.34395463263422127
187,20,0.3506420468344515
187,21,0.3539416867526643
187,51,0.4351157230566495
187,92,0.4557595368730426
187,105,0.30387292110094655
187,106,0.3425762465843264
187,135,0.37642142821964847
187,141,0.35141659701747635
187,154,0.4732783135360802
187,165,0.43581390031212885
187,167,0.436922342600887
187,181,0.4415239586809283
187,186,0.4408098234338006
187,218,0.44412502832202033
187,232,0.2794279388726484
187,235,0.43609104414730426
187,236,0.3967734013081674
187,240,0.21827406297753232
187,257,0.24446332010814448
187,280,0.37887332661836776
187,300,0.3162502988558375
187,301,0.3184772036222731
188,2,0.043210807987799346
188,8,0.13511182622310094
188,15,0.21160742213572162
188,20,0.19212613074677476
188,21,0.1922147733874721
188,106,0.2121858544971597
188,141,0.1950515901402504
188,170,0.19894169793263342
188,184,0.08455283480480527
188,206,0.18962065666289346
188,232,0.188989165146112
188,271,0.19380785490606522
188,273,0.06632650888730242
188,279,0.10096011848359293
188,295,0.07197925733422461
188,300,0.20251036651869864
189,25,0.30532347642433394
189,26,0.3149127865343423
189,68,0.32768265759429194
189,69,0.3068687307127968
189,72,0.32044475241980064
189,85,0.30509096451709394
189,100,0.3076101972463776
189,101,0.30653748041984263
189,193,0.31185840867182973
189,283,0.2130299625809415
189,291,0.3316178697773344
190,19,0.611528824791383
190,22,0.5215164263960691
190,28,0.6195804422986163
190,29,0.5314618000358271
190,33,0.6026625057681061
190,34,0.5164328658569236
190,45,0.46178960034142086
190,48,0.5627187634703322
190,73,0.505499339816642
190,85,0.5314194289005362
190,95,0.6057031291198435
190,98,0.5365224343633355
190,102,0.607195154253865
190,107,0.5648395355276321
190,110,0.5238642931928238
190,114,0.4883904383377512
190,116,0.6045886420519987
190,117,0.5854535733631995
190,119,0.5598404307837096
190,124,0.565530711049572
190,160,0.6154143279559771
190,173,0.6278977722626121
190,178,0.5127244496854377
190,198,0.5507786748913973
190,201,0.5777993916964171
190,202,0.5684645071107574
190,203,0.5823020509076638
190,204,0.6012100978606658
190,205,0.4659647454818922
190,208,0.5830418247676522
190,212,0.5030741511994427
190,213,0.37352838879885786
190,239,0.4348048705249499
190,245,0.5376393488097335
190,247,0.529255815461592
190,249,0.46463553181555434
190,250,0.604204848778391
190,261,0.4884835267106834
190,291,0.4454734613151651
191,13,0.5650459490246975
191,15,0.33932306827163594
191,42,0.5421217025052667
191,49,0.5397089071202139
191,91,0.5371871541936847
191,94,0.5513911932791563
191,135,0.37660085677138366
191,141,0.3417666094630975
191,209,0.5536719502818871
191,218,0.5608903238007554
191,220,0.5396574993457919
191,237,0.26637323588064027
191,250,0.5498002916747519
191,252,0.5417345801025596
191,261,0.4736692278555492
191,275,0.4460821748754586
192,0,0.3133068781891956
192,43,0.4438148563309909
192,59,0.4405157170008891
192,60,0.41578948758692963
192,68,0.4388825749437785
192,76,0.1723986736101917
192,82,0.35810663992642233
192,113,0.3769000649822785
192,142,0.33183889707223707
192,155,0.42270382780990867
192,200,0.4210428574354456
192,247,0.4248906833605367
192,251,0.421043141267099
192,276,0.4388752300189943
192,277,0.431285276248119
192,291,0.4359383888018283
193,5,0.3996811527842125
193,17,0.4741053739366143
193,22,0.4794489560245113
193,23,0.4862320270806852
193,39,0.4285410698420173
193,59,0.48991987592490155
193,103,0.48066836494651427
193,117,0.48852227760409084
193,124,0.4764893590139381
193,135,0.3675751859689363
193,160,0.4861391504784606
193,189,0.31185840867182973
193,194,0.3963645150307077
193,208,0.475122707362824
193,213,0.3720548168256991
193,234,0.42508630091124505
193,252,0.4740677353676426
193,260,0.38107512280643935
193,299,0.3826875075158746
194,35,0.39338664739065804
194,38,0.3902454832934433
194,41,0.39706315504160916
194,68,0.39251931576417365
194,109,0.389669738127772
194,133,0.3891074555505596
194,155,0.3892925831397298
194,178,0.3933364551022933
194,193,0.3963645150307077
194,203,0.3913125870043034
195,60,0.30905868638629186
195,83,0.15581044216925222
195,84,0.14924262120618792
195,86,0.0911893169385855
195,90,0.317684392794246
195,100,0.3191352693911
195,101,0.3255051290955094
195,146,0.16541986474375805
195,176,0.32641064943225956
195,177,0.3362027600895897
195,196,0.3395335870290655
195,225,0.3284168824429468
195,242,0.30832848532954915
195,254,0.3284636762708506
195,259,0.11335937434266079
196,35,0.3549038922984069
196,41,0.36705069670273893
196,76,0.16950331940133492
196,80,0.08216968610081057
196,86,0.08913120789216292
196,90,0.3684519996515475
196,97,0.2900166559353875
196,100,0.3693011160785034
196,129,0.10886389874986079
196,140,0.35143881438925784
196,161,0.3506977788315053
196,169,0.37230316138259745
196,175,0.12879959352898046
196,195,0.3395335870290655
196,197,0.3512381056220888
196,226,0.13128912146040622
196,254,0.35767495282636996
196,296,0.35769791183450406
197,22,0.4506659911917087
197,53,0.44628784973262897
197,55,0.32267016204279203
197,73,0.44620966838622034
197,75,0.3346692972002664
197,89,0.44812618026000905
197,95,0.4664829837124921
197,96,0.4816838207175678
197,101,0.44488698198421434
197,113,0.3843923175277183
197,114,0.44726632884880374
197,176,0.3511822826112123
197,177,0.393955246431032
197,196,0.3512381056220888
197,201,0.45132457088431094
197,224,0.255213358214273
197,247,0.4512387687421688
197,263,0.2546388351632511
197,270,0.366404584954417
197,292,0.3344670487935123
198,27,0.5564734781679477
198,28,0.5483184068177336
198,42,0.6159030606200179
198,98,0.5255887883190046
198,102,0.5826348440167147
198,124,0.5544630511305624
198,160,0.5471272239939778
198,173,0.5577560141149663
198,174,0.427156146828555
198,190,0.5507786748913973
198,205,0.4592020091484767
198,208,0.5459039556058195
198,249,0.4612333860869247
198,250,0.5500972617541381
198,262,0.42239571273515586
198,275,0.43565449787250693
199,14,0.7085006090514699
199,28,0.6792384661068203
199,33,0.7529851388563205
199,36,0.687319124130762
199,37,0.7018288203644035
199,40,0.7850504695907331
199,50,0.7048434700089223
199,52,0.6220245134531497
199,54,0.7080283193970274
199,63,0.8042363304036427
199,147,0.779350984249987
199,150,0.6982949186400009
199,151,0.7826612708985313
199,152,0.7827855329778942
199,167,0.6445104053873043
199,172,0.824715365182467
199,204,0.6738258516662358
199,209,0.6659987183507943
199,211,0.727476588059471
199,218,0.6515778223306327
199,220,0.6281569958473306
199,250,0.6768595567984089
199,253,0.7568799664368338
200,24,0.47866548283351656
200,25,0.4622294594335299
200,43,0.4870744078488713
200,47,0.5389638194416365
200,55,0.32202030912010193
200,58,0.5361562659030287
200,59,0.5481098626750863
200,95,0.5328978822439995
200,103,0.5532496739308916
200,108,0.5435348001473393
200,116,0.5367522789340665
200,124,0.5339054210642721
200,177,0.38860739918769366
200,192,0.4210428574354456
200,201,0.5404373947654869
200,222,0.45030113530195864
200,227,0.4703575035554454
200,233,0.46652736960631774
200,236,0.39666014926146476
200,258,0.5306104738048878
200,267,0.41807971037559183
201,12,0.5714868324890169
201,28,0.584153804551481
201,43,0.48290883938674367
201,54,0.5877067845396342
201,56,0.5145754829787497
201,73,0.5096407615696565
201,94,0.5841443023726248
201,95,0.5831438953097097
201,103,0.5855649433768405
201,110,0.5306436819546494
201,123,0.4935420374884202
201,128,0.49784667525425874
201,164,0.5871753267881848
201,165,0.5127980152239493
201,179,0.5583051590699574
201,180,0.5923619863711099
201,190,0.5777993916964171
201,197,0.45132457088431094
201,200,0.5404373947654869
201,208,0.5520391907183797
201,222,0.44553006178296295
201,227,0.46560301285876327
201,229,0.3955594459674329
201,244,0.5266576335280047
201,247,0.5292391556676684
201,258,0.5730581716548345
202,13,0.5701006012518284
202,17,0.5705712956897998
202,19,0.5799954668853938
202,28,0.5663570484345614
202,54,0.5690605205162964
202,91,0.5649022455624022
202,94,0.5659525949894981
202,102,0.564328826711229
202,173,0.5671127496178715
202,190,0.5684645071107574
202,284,0.5341939544012239
203,17,0.5621380172661747
203,19,0.5731856945942976
203,28,0.5565000476117316
203,34,0.5018696192960581
203,42,0.5713687744902781
203,116,0.5685279320346881
203,124,0.5569860280769615
203,125,0.485507141349598
203,156,0.556941899507546
203,173,0.5671844602496406
203,190,0.5823020509076638
203,194,0.3913125870043034
203,208,0.5550531083276234
203,249,0.481691818546654
203,250,0.5630759116854755
203,262,0.4152750653483555
204,14,0.6828170619132435
204,17,0.5652792008191736
204,28,0.6591202312957786
204,32,0.6615836355425452
204,33,0.6888374964744322
204,48,0.5336090965659956
204,50,0.66672873203177
204,147,0.6711888300953236
204,151,0.6619198376356079
204,153,0.5604006185320225
204,156,0.6469912664682224
204,168,0.638015909315322
204,173,0.6491311183668229
204,178,0.49898584031244486
204,190,0.6012100978606658
204,199,0.6738258516662358
204,211,0.6637610962709721
204,253,0.6612056462136197
205,29,0.4687324147308649
205,41,0.4643550003924522
205,76,0.16762479137260425
205,82,0.35995904122163186
205,124,0.4552751018556304
205,155,0.4588449347658706
205,166,0.4635156650254196
205,190,0.4659647454818922
205,198,0.4592020091484767
205,213,0.38122625357428186
205,245,0.4573106126817944
205,247,0.4622299606970746
205,277,0.470663477331528
206,3,0.1688962024141997
206,8,0.12433562459148782
206,21,0.26257778640093776
206,106,0.28024996595519974
206,122,0.2452406483050488
206,138,0.05545243425959922
206,139,0.19450505559365708
206,171,0.2634713610669131
206,184,0.09327548504600502
206,188,0.18962065666289346
206,232,0.254376307037663
206,240,0.2280217972754495
206,246,0.2545182716346216
206,262,0.25068441242705053
206,264,0.13317407745710141
206,267,0.245084800570592
206,269,0.2751488440933738
206,279,0.11390796513779987
206,286,0.24297721000077255
206,297,0.14029188842181672
207,5,0.39871158145531677
207,13,0.524363532619066
207,14,0.5387670285941442
207,15,0.34274999968149117
207,42,0.5261983541893894
207,46,0.5321033246263965
207,87,0.35225418460156865
207,94,0.547448550591741
207,111,0.5225023297661864
207,126,0.35148350573987625
207,137,0.3859208334602701
207,167,0.5294491089524729
207,168,0.5268333284289135
207,174,0.4362084457526789
207,181,0.5235985651895835
207,186,0.5270009070481292
207,230,0.3578455294139698
207,237,0.2802759930675147
207,260,0.39773824778844447
207,280,0.36987004576377025
208,24,0.49332292797486016
208,45,0.4869118616441428
208,59,0.5519075827350493
208,93,0.5060535494847638
208,95,0.5484055339209493
208,103,0.5664197401819075
208,114,0.4804699188393768
208,115,0.4222416883796118
208,125,0.49125189514962997
208,160,0.5570479355823719
208,174,0.4344115118416386
208,190,0.5830418247676522
208,193,0.475122707362824
208,198,0.5459039556058195
208,201,0.5520391907183797
208,203,0.5550531083276234
208,220,0.5474487912724073
208,221,0.5662493648097701
208,222,0.4476498096735134
208,239,0.4261062087931378
208,245,0.5364541365799359
208,250,0.5522670267675176
208,261,0.48320802565601223
208,277,0.5096572338900611
209,11,0.5859276358036776
209,14,0.6595701558064512
209,33,0.660869852875407
209,40,0.6655441855008429
209,54,0.6601988526916982
209,67,0.5660871539490443
209,70,0.5546127589750475
209,92,0.5266409397526758
209,147,0.6660938534513415
209,152,0.6637715506733819
209,154,0.5428448631387393
209,162,0.6042045919998916
209,167,0.6407358494862782
209,172,0.6707945763966375
209,186,0.5719315944395408
209,191,0.5536719502818871
209,199,0.6659987183507943
209,211,0.681387395303999
209,220,0.6415093251813376
209,252,0.6038884830557423
209,253,0.681787799904788
210,60,0.2501869621102094
210,83,0.14595525365076134
210,131,0.10100649788328633
210,136,0.20639561886797453
210,140,0.2569045311544571
210,145,0.13015228517601962
210,146,0.14890166995542717
210,175,0.1636778096890599
210,182,0.2607338749010051
210,215,0.25484938736025675
210,216,0.2652508814796968
210,217,0.26404531862752106
210,219,0.2591534008617304
210,225,0.2617414894109797
210,228,0.2531558827892893
210,241,0.0708983608280649
210,242,0.2764319354573366
210,243,0.05455303067307742
211,11,0.5897160134056944
211,13,0.6294348530656718
211,14,0.7100430766261052
211,19,0.6738898674943469
211,27,0.6870680450227848
211,28,0.6761614912554175
211,32,0.6894936992074626
211,33,0.7283548571043783
211,37,0.7090294298822317
211,40,0.7402209156459147
211,42,0.634470625592721
211,46,0.6407969118088926
211,49,0.6602721642935836
211,50,0.7054591095667905
211,51,0.6349945359035032
211,52,0.6204269424449981
211,63,0.7426691959020822
211,67,0.5729493104784467
211,94,0.6766554833924908
211,111,0.688443817374136
211,147,0.7383900623365376
211,150,0.6997930645642568
211,151,0.7435891941636577
211,152,0.7431762337645985
211,162,0.6198559652220675
211,167,0.6491516592339469
211,168,0.6425387171548343
211,172,0.7325524659423739
211,180,0.6401972034048653
211,181,0.6331626566589942
211,186,0.567968665446213
211,199,0.727476588059471
211,204,0.6637610962709721
211,209,0.681387395303999
211,218,0.6892970013225095
211,220,0.6329215372780415
211,231,0.6291649379266546
211,250,0.6747354144892097
211,253,0.7308565649128681
211,266,0.5593963387613798
211,294,0.5514698420163315
212,22,0.5020845488067706
212,29,0.5095114475195309
212,88,0.45858989179234816
212,95,0.5030495906677762
212,96,0.5325177171414504
212,102,0.5043694868528475
212,103,0.512260921624343
212,124,0.5045457502452302
212,159,0.5176561922298825
212,190,0.5030741511994427
212,215,0.38841630190191073
212,296,0.505194943168424
213,22,0.3791801581893935
213,29,0.37572289233737116
213,45,0.38002389028939804
213,76,0.16999893846404474
213,84,0.13983400574468738
213,99,0.38248706810550137
213,190,0.37352838879885786
213,193,0.3720548168256991
213,205,0.38122625357428186
213,245,0.3744369346214555
213,251,0.37272873129184025
213,291,0.38780619930885973
214,31,0.5495473955958088
214,56,0.5141513290454828
214,59,0.5675088213778202
214,91,0.5899501182721811
214,95,0.5778173049051535
214,100,0.4756732942057407
214,103,0.5910184837560072
214,109,0.4405159558588907
214,112,0.5247049148490637
214,130,0.5727492677653869
214,150,0.5684103061945515
214,157,0.5513386404373513
214,163,0.4799133790737713
214,166,0.6045217168838547
214,177,0.38441675490513083
214,180,0.5905874695935551
214,221,0.561228467922746
214,228,0.4593915061364995
214,242,0.4603479734306764
214,250,0.5692590579695873
214,251,0.4940126406183648
214,276,0.5140037449339633
214,296,0.5273185893362645
215,31,0.3931493526016626
215,35,0.3816743395219071
215,97,0.2928851780702625
215,136,0.17036870734731166
215,140,0.4034999432362451
215,176,0.3474617004884193
215,183,0.37791216181435827
215,210,0.25484938736025675
215,212,0.38841630190191073
215,216,0.37895155507295275
215,224,0.24157012300279732
215,228,0.38248076788085533
215,242,0.38635588275396676
215,251,0.3812024715154388
215,255,0.4025783247779038
215,270,0.35847663231996524
216,31,0.4261809801894357
216,57,0.4136957993040571
216,66,0.3935050601543514
216,89,0.4147220588134607
216,90,0.40846891842094374
216,100,0.42084946448672533
216,127,0.39938303286007043
216,140,0.4197217302533327
216,210,0.2652508814796968
216,215,0.37895155507295275
216,217,0.4242373080998
216,225,0.40086335827368746
216,242,0.42414285653110273
216,255,0.39818638546397506
216,263,0.25663135175772384
217,0,0.2965057324021755
217,38,0.47234754435274684
217,66,0.4062764172657303
217,90,0.45332090433647293
217,93,0.46022368370979116
217,98,0.4512817669749299
217,110,0.4666164412651968
217,140,0.48092779664782787
217,166,0.45295400525483587
217,169,0.4729853343302202
217,176,0.3607313500320852
217,182,0.40687060536288294
217,210,0.26404531862752106
217,216,0.4242373080998
217,219,0.4505224416809815
217,225,0.42750229024442493
217,247,0.4552028607660789
218,9,0.5123581242776966
218,11,0.5967507451620575
218,14,0.6594236386434762
218,16,0.5530739957920902
218,32,0.6490278578576981
218,40,0.6472787641728653
218,50,0.6683075284072296
218,67,0.5646692548182913
218,92,0.5458348235379992
218,99,0.5431810434810549
218,107,0.5595028154886323
218,108,0.5945193145954336
218,123,0.5039613708750009
218,147,0.6596855078136158
218,151,0.6554993622126497
218,154,0.5572605297062881
218,186,0.5603918086466025
218,187,0.44412502832202033
218,191,0.5608903238007554
218,199,0.6515778223306327
218,211,0.6892970013225095
218,220,0.6338666800957753
218,250,0.6558116805034545
218,253,0.6795295431482548
219,0,0.30652296643035004
219,35,0.43118262069051316
219,38,0.426722582037709
219,41,0.425437017226913
219,44,0.383180204525229
219,90,0.4097286559075272
219,127,0.43022546318595706
219,136,0.15933486271139455
219,140,0.42799743592070516
219,149,0.3177596822055685
219,169,0.44910173982694335
219,182,0.4106139636804447
219,210,0.2591534008617304
219,217,0.4505224416809815
219,296,0.4275703764668313
220,14,0.6300345413129351
220,32,0.6311956619874718
220,50,0.6254405592521942
220,63,0.6268121470804896
220,72,0.4940828697354436
220,92,0.5241138803452922
220,94,0.643396031299723
220,99,0.5370415322719735
220,153,0.5606855351865643
220,154,0.5459820056878192
220,191,0.5396574993457919
220,199,0.6281569958473306
220,208,0.5474487912724073
220,209,0.6415093251813376
220,211,0.6329215372780415
220,218,0.6338666800957753
220,253,0.6293249174706314
220,275,0.43632597487745095
220,284,0.5361476623356323
221,19,0.6300846020968665
221,25,0.4672911499217909
221,27,0.634520729673574
221,28,0.6378637177295016
221,33,0.6251925542571442
221,36,0.6282267390126703
221,50,0.6378029115475383
221,54,0.6458931802817323
221,99,0.5504201834230741
221,103,0.5943115056558406
221,156,0.6239628732159838
221,208,0.5662493648097701
221,214,0.561228467922746
221,223,0.4576591255154154
221,250,0.621767885501499
221,253,0.6191679001895195
222,18,0.3940428600865492
222,41,0.44770674242985664
222,90,0.4461034735639556
222,110,0.47318048802145823
222,128,0.44466118456909504
222,155,0.4643554188987355
222,200,0.45030113530195864
222,201,0.44553006178296295
222,208,0.4476498096735134
222,224,0.26038634846869524
222,245,0.44624505919854834
222,296,0.45569457474061004
223,43,0.46325114538698664
223,85,0.45755739724387273
223,102,0.45768113793041115
223,103,0.4562593408106776
223,108,0.45971986045759167
223,124,0.4591074060282697
223,128,0.4557813109765926
223,137,0.38768914918421776
223,166,0.4699992002222416
223,171,0.3466241196375395
223,221,0.4576591255154154
223,284,0.46068412708610446
223,287,0.35724950833669433
224,0,0.24696350409345122
224,80,0.08819825701526976
224,83,0.1432673043594782
224,109,0.2665508080928234
224,113,0.24984585560155836
224,121,0.24965944210272337
224,145,0.12900235911765565
224,146,0.15260139164541417
224,175,0.13061153054063127
224,176,0.25865596294882987
224,197,0.255213358214273
224,215,0.24157012300279732
224,222,0.26038634846869524
224,226,0.1460340430917846
224,228,0.25273826801435767
224,233,0.24400555395880136
224,241,0.07110680609533161
224,243,0.04780870867439892
225,31,0.4051687686635071
225,35,0.4056322571005334
225,57,0.4096897609579282
225,89,0.40682507182999983
225,90,0.4202418701901406
225,127,0.40717356851830083
225,140,0.45874963880529745
225,195,0.3284168824429468
225,210,0.2617414894109797
225,216,0.40086335827368746
225,217,0.42750229024442493
225,276,0.40998904932757074
225,296,0.4075294347804416
226,0,0.13483984342644587
226,4,0.12840557411707149
226,61,0.06053281662819381
226,66,0.12548565561368355
226,80,0.1026162457572822
226,81,0.0683803355339976
226,97,0.13724341802790782
226,120,0.128108279677791
226,136,0.1261667588007759
226,148,0.12370558813989382
226,176,0.12505206046633732
226,196,0.13128912146040622
226,224,0.1460340430917846
226,241,0.09103467739179517
226,243,0.05465536917445477
227,9,0.47376687669613954
227,18,0.3992627576913245
227,48,0.48553015165982605
227,55,0.3349241521743001
227,71,0.45418528682100845
227,73,0.4543943182119131
227,93,0.4704991058937865
227,103,0.45343612002340206
227,108,0.4616654220458553
227,113,0.3938737244543252
227,177,0.4029750834606145
227,180,0.45800085644159644
227,200,0.4703575035554454
227,201,0.46560301285876327
227,269,0.344123814839128
227,292,0.3471964911852177
227,301,0.3178459819926841
228,31,0.46026035465834036
228,62,0.3280419929374277
228,88,0.44074704384550684
228,97,0.3009012164630257
228,112,0.4395100160028835
228,140,0.4490239012371453
228,142,0.33477045254264226
228,149,0.2985227289348812
228,155,0.4317650774255278
228,163,0.4397470721512467
228,166,0.432643086463533
228,177,0.3837400796673931
228,183,0.3956283208434688
228,210,0.2531558827892893
228,214,0.4593915061364995
228,215,0.38248076788085533
228,224,0.25273826801435767
228,242,0.4489523658634033
228,296,0.45598393347509336
229,16,0.40276393543702826
229,24,0.39892045304464135
229,77,0.22592813914758797
229,99,0.4168864340217574
229,123,0.40932531381864545
229,165,0.41099250133386905
229,179,0.4194422530641545
229,201,0.3955594459674329
229,230,0.3568075232720183
229,233,0.40048138477052125
229,248,0.21353464123674418
229,252,0.396678832459438
229,261,0.4014106735329629
229,286,0.34283742927655775
230,7,0.2310162512453705
230,24,0.3549767138443798
230,26,0.37186579382671053
230,39,0.36780315710657274
230,78,0.22894611772783555
230,89,0.3539190881307665
230,105,0.3062117661550864
230,123,0.3832532339622445
230,143,0.21608153206077424
230,144,0.15904414956853
230,174,0.3738427745413091
230,207,0.3578455294139698
230,229,0.3568075232720183
230,232,0.3238301322741537
230,244,0.36305799341546946
230,268,0.074732965482368
230,276,0.35785079978755047
230,286,0.3346213839216211
230,297,0.10403180744943609
231,10,0.5032973114461383
231,19,0.6262254395419533
231,22,0.5224773509625162
231,25,0.45875051949717816
231,32,0.6241910252286436
231,37,0.6174597096697457
231,49,0.6235766870289098
231,54,0.6158542777434839
231,59,0.6063956967572198
231,68,0.49821817300716087
231,85,0.5405919784744653
231,91,0.6165685811624254
231,147,0.6206141987832744
231,150,0.6226072714784945
231,157,0.5374599596058193
231,164,0.6131327546133588
231,211,0.6291649379266546
231,244,0.5449256349737623
231,251,0.5012405435719158
231,253,0.6174596802615406
232,3,0.16721796439102607
232,7,0.22123243326075998
232,105,0.2967885310434869
232,106,0.32255765917579315
232,144,0.1505824574862326
232,145,0.12594257523619057
232,171,0.28422806591811595
232,184,0.07840519772593589
232,187,0.2794279388726484
232,188,0.188989165146112
232,206,0.254376307037663
232,230,0.3238301322741537
232,234,0.28041437532184776
232,240,0.21758196402512764
232,246,0.28594354164923774
232,264,0.16260518670548438
232,268,0.07687100733751918
232,269,0.2970902764747033
232,279,0.10726992789989025
232,283,0.21193018245171433
232,286,0.2801651533191188
232,297,0.10746802314976442
232,300,0.3128694109101987
233,0,0.29746320132794085
233,21,0.35503894649139045
233,48,0.48077535475423977
233,112,0.47400769700642664
233,119,0.4570927037998289
233,122,0.45258730363816274
233,123,0.4614600314507333
233,128,0.45229288216147057
233,155,0.4463798472490372
233,166,0.44920174944204866
233,200,0.46652736960631774
233,224,0.24400555395880136
233,229,0.40048138477052125
233,245,0.4482263864523065
233,267,0.4107449717539127
233,270,0.36106393883701554
234,9,0.43030050969187666
234,16,0.42498522672506117
234,59,0.4216522215542871
234,71,0.41970898580160404
234,122,0.43144969358152285
234,126,0.35511195187028266
234,142,0.34309838371621204
234,154,0.4305738698014821
234,155,0.42091621356786435
234,157,0.41670817105285024
234,193,0.42508630091124505
234,232,0.28041437532184776
234,244,0.4163045836712415
234,246,0.3812446064943594
234,256,0.37200114234293724
234,257,0.24064358203562272
234,269,0.34620634541011175
234,283,0.21200761724112016
234,286,0.3498578215704133
234,290,0.4041210133397697
234,298,0.2821914479884353
235,11,0.5227594478683495
235,12,0.5364714244452424
235,13,0.5204493126993419
235,14,0.5179191757996002
235,42,0.5233077406500085
235,46,0.526825013432579
235,94,0.5300212379519057
235,103,0.5216152477081485
235,130,0.5245384352952591
235,137,0.3929622066510531
235,141,0.33459988647742084
235,187,0.43609104414730426
235,236,0.42342941847130516
235,238,0.2819362752291293
235,239,0.42027548469861553
235,252,0.5445973413571096
235,280,0.34564064099663033
235,287,0.35056416021543346
236,9,0.3988383478158634
236,16,0.41551910161079847
236,20,0.3055270050545298
236,53,0.40772385886676593
236,68,0.3952395485640845
236,103,0.39804771628080843
236,105,0.300243000125344
236,106,0.3668297127104747
236,141,0.3425544740285247
236,187,0.3967734013081674
236,200,0.39666014926146476
236,235,0.42342941847130516
236,245,0.3947820571516921
236,261,0.3953712599600986
236,280,0.36189008925996113
236,301,0.31226429955856505
237,67,0.2728179963861753
237,69,0.29829986579302914
237,72,0.271896977679165
237,126,0.27813517204528465
237,191,0.26637323588064027
237,207,0.2802759930675147
237,256,0.2797915756547072
237,257,0.262299116339995
237,268,0.07733008477748113
237,275,0.27024904290730206
237,280,0.2798493952651718
237,287,0.28085090129192053
237,293,0.15977072091965483
238,5,0.2874366404990104
238,10,0.28356576888837187
238,25,0.2886799518459506
238,70,0.2822185322016262
238,137,0.366596709282558
238,143,0.21550247821060486
238,145,0.1275421056034108
238,163,0.2875730838010028
238,165,0.2893265220808981
238,174,0.2952094813955031
238,235,0.2819362752291293
238,246,0.2860844245083794
238,283,0.2374823554760253
239,9,0.4300138624500247
239,16,0.4237119683628962
239,48,0.422033791706429
239,59,0.42571417514843307
239,77,0.22184436697567406
239,99,0.42178602205391824
239,154,0.43719260545939115
239,161,0.42019536367321636
239,190,0.4348048705249499
239,208,0.4261062087931378
239,235,0.42027548469861553
240,1,0.07281692732965181
240,3,0.16125585960219221
240,15,0.22873163062157084
240,20,0.22087084676091762
240,21,0.2598534611267951
240,105,0.2326943261256483
240,106,0.2292845113553583
240,143,0.2247613530840067
240,184,0.07532711957149817
240,187,0.21827406297753232
240,206,0.2280217972754495
240,232,0.21758196402512764
240,279,0.10252058195912145
240,282,0.173441626140724
240,286,0.2345680065773823
241,0,0.06716685729410177
241,61,0.05759764558900217
241,83,0.0690151130859268
241,97,0.0701907003683619
241,129,0.06858900632913424
241,146,0.06577597884639073
241,175,0.07536891139170626
241,210,0.0708983608280649
241,224,0.07110680609533161
241,226,0.09103467739179517
241,243,0.06959485488992888
242,31,0.505146674825759
242,38,0.45285337260856035
242,56,0.44676962591520303
242,62,0.2986743527623445
242,98,0.44794810144065145
242,140,0.46978285943612313
242,142,0.3365287271066458
242,155,0.45407014029071274
242,157,0.45121729761193546
242,183,0.3833686301902382
242,195,0.30832848532954915
242,210,0.2764319354573366
242,214,0.4603479734306764
242,215,0.38635588275396676
242,216,0.42414285653110273
242,228,0.4489523658634033
242,247,0.4500227294687973
242,255,0.4388821890427444
242,278,0.3580275621925273
242,292,0.3337668765765306
243,4,0.0483529120251473
243,86,0.055476166742816135
243,131,0.057680889322554135
243,136,0.051517135254476494
243,175,0.05407105924594202
243,210,0.05455303067307742
243,224,0.04780870867439892
243,226,0.05465536917445477
243,241,0.06959485488992888
243,248,0.04831528034645813
244,26,0.4094750286172761
244,59,0.5288107495151824
244,68,0.5456963937371769
244,72,0.4786808803318345
244,91,0.5309220379081476
244,104,0.5141671672850643
244,105,0.3017771002713649
244,108,0.526858343693842
244,126,0.3522991706650185
244,160,0.5267747942623913
244,164,0.533761201109799
244,201,0.5266576335280047
244,230,0.36305799341546946
244,231,0.5449256349737623
244,234,0.4163045836712415
244,250,0.5312253148727852
244,252,0.5309053373356308
244,256,0.365585363291642
244,277,0.49427112576191473
245,22,0.5372980943618477
245,29,0.5302821007165285
245,42,0.5368886798041508
245,53,0.4845214768357471
245,58,0.5384507266247703
245,59,0.53654797259296
245,95,0.5361904183201465
245,101,0.4633905404294535
245,102,0.5625488376873596
245,108,0.5431899708605468
245,148,0.3555072896032336
245,155,0.534957647924212
245,161,0.4717105037892703
245,173,0.5516799475239597
245,190,0.5376393488097335
245,205,0.4573106126817944
245,208,0.5364541365799359
245,213,0.3744369346214555
245,222,0.44624505919854834
245,233,0.4482263864523065
245,236,0.3947820571516921
245,251,0.4926807744781873
246,7,0.2598288621517778
246,25,0.3738663111279131
246,26,0.35361558595706544
246,39,0.35814663146735265
246,68,0.36288525656430504
246,69,0.3572100305198096
246,70,0.3633403291267705
246,77,0.22116209104860923
246,92,0.3562415413127155
246,104,0.35621311623486657
246,139,0.19324882083104775
246,206,0.2545182716346216
246,232,0.28594354164923774
246,234,0.3812446064943594
246,238,0.2860844245083794
246,257,0.24207694271855296
246,268,0.07332855126368866
246,283,0.23204892731530552
246,290,0.3633921468812657
246,298,0.28701677954558236
247,26,0.3890329742150992
247,30,0.3724212094446472
247,34,0.5092772177648531
247,35,0.47785314197116346
247,38,0.5082832790559219
247,41,0.5479964973787448
247,43,0.4830778754226972
247,44,0.3765946314273294
247,60,0.4352468353612675
247,73,0.5204907977238545
247,88,0.49423201301108993
247,89,0.5010893294077107
247,93,0.5198053501180857
247,96,0.5541288979538924
247,102,0.5297518822459576
247,109,0.4409775551189173
247,116,0.5336343807734119
247,124,0.5448476680348712
247,125,0.49708842210134924
247,132,0.3960056017259027
247,133,0.3866261359575746
247,160,0.5471189294584324
247,169,0.5034732960595881
247,173,0.5423368220309198
247,176,0.3440422182553499
247,180,0.5367866187787312
247,190,0.529255815461592
247,192,0.4248906833605367
247,197,0.4512387687421688
247,201,0.5292391556676684
247,205,0.4622299606970746
247,217,0.4552028607660789
247,242,0.4500227294687973
247,249,0.457441161177126
247,262,0.41241093678562396
247,267,0.4218126450731257
247,276,0.5097459269356792
247,277,0.504874045314366
247,299,0.38319837072932245
248,0,0.21065257084511846
248,18,0.20320307621604958
248,55,0.20381050446355253
248,61,0.05617277290031428
248,66,0.1995396511533115
248,79,0.01916506115303498
248,89,0.20314189600183633
248,128,0.2005620997407003
248,129,0.12155253137930655
248,169,0.20321934203373265
248,229,0.21353464123674418
248,243,0.04831528034645813
248,259,0.10942379801781937
248,267,0.20133751778700992
248,281,0.0529870656929162
248,286,0.19923908375893754
248,295,0.07465094150465765
249,98,0.46767711558891817
249,124,0.4594500938132475
249,128,0.45831348739190886
249,142,0.3331056485991367
249,159,0.4581534826967288
249,173,0.4651817849365272
249,190,0.46463553181555434
249,198,0.4612333860869247
249,203,0.481691818546654
249,247,0.457441161177126
249,260,0.382505263109104
249,277,0.46389850887879797
250,12,0.6382187577558478
250,16,0.5488756538815996
250,17,0.5811843975590467
250,19,0.6953084494149768
250,27,0.6674910721255544
250,28,0.6747140813882467
250,32,0.6875592717969575
250,33,0.67990716691123
250,42,0.6423756444950345
250,49,0.654044147845653
250,54,0.6779565720644698
250,64,0.5586685527303099
250,67,0.5767544951145696
250,71,0.5715687203451433
250,91,0.6553745435363862
250,94,0.6625925748232113
250,95,0.6208706144244576
250,102,0.6124809325729385
250,116,0.6040610079317207
250,147,0.6839126352314874
250,150,0.6942605693036044
250,151,0.6693374993475497
250,153,0.560516506772929
250,156,0.6494401514333055
250,159,0.5685006592000308
250,160,0.6340276577210864
250,164,0.6080053064174635
250,166,0.5771851833400151
250,179,0.5605787779287181
250,180,0.6387152341344062
250,190,0.604204848778391
250,191,0.5498002916747519
250,198,0.5500972617541381
250,199,0.6768595567984089
250,203,0.5630759116854755
250,208,0.5522670267675176
250,211,0.6747354144892097
250,214,0.5692590579695873
250,218,0.6558116805034545
250,221,0.621767885501499
250,244,0.5312253148727852
250,252,0.5984772482098442
250,258,0.5957567903933271
250,266,0.5696570377710894
250,284,0.5346691839721506
251,18,0.3905675687586099
251,29,0.4857304813411637
251,45,0.4601504719581467
251,47,0.49939007522375295
251,55,0.32268050845155066
251,103,0.5253969311184411
251,148,0.36225810319372503
251,155,0.49388693732999633
251,158,0.48869301357111716
251,159,0.4866720095831536
251,166,0.5068895764744774
251,177,0.4040195657982146
251,192,0.421043141267099
251,213,0.37272873129184025
251,214,0.4940126406183648
251,215,0.3812024715154388
251,231,0.5012405435719158
251,245,0.4926807744781873
251,270,0.36310443372011286
251,299,0.3835025452590876
252,13,0.60169699827478
252,19,0.6038978860378909
252,27,0.6113832537918764
252,32,0.6372970553670194
252,54,0.6090196697148635
252,69,0.5326864169290348
252,72,0.46654223649206455
252,94,0.6119949244115813
252,107,0.5776340710809744
252,111,0.6003423352946583
252,154,0.558163464406525
252,186,0.5574105721971742
252,191,0.5417345801025596
252,193,0.4740677353676426
252,209,0.6038884830557423
252,229,0.396678832459438
252,235,0.5445973413571096
252,244,0.5309053373356308
252,250,0.5984772482098442
252,253,0.6029114690684002
253,11,0.5946796221424094
253,12,0.6355491944429179
253,13,0.6225481363379775
253,14,0.7087592217647732
253,27,0.6640668296774977
253,28,0.676215323687406
253,32,0.6911925404821571
253,33,0.7346369442050897
253,36,0.6777951734137827
253,37,0.7010940148075208
253,40,0.7651674637896475
253,49,0.6739539511328352
253,50,0.7122783974876068
253,51,0.6653012021951192
253,54,0.7194946345395861
253,63,0.741526276809382
253,65,0.6068000268398532
253,94,0.6853144974672555
253,111,0.6956503742804887
253,147,0.7734964660470465
253,151,0.7464750146210384
253,152,0.743801630130068
253,162,0.6148774060298089
253,167,0.6710287820227623
253,168,0.6503273567903245
253,172,0.7421740259906828
253,181,0.6162161323923254
253,199,0.7568799664368338
253,204,0.6612056462136197
253,209,0.681787799904788
253,211,0.7308565649128681
253,218,0.6795295431482548
253,220,0.6293249174706314
253,221,0.6191679001895195
253,231,0.6174596802615406
253,252,0.6029114690684002
253,294,0.5514435693024567
254,31,0.4409148356415723
254,35,0.4596468972529618
254,56,0.4398310823510699
254,62,0.30516370091213335
254,90,0.47135914111048766
254,93,0.4380194370391695
254,96,0.43980343165284913
254,97,0.2793084498312593
254,112,0.4402572710891655
254,113,0.3769418901275712
254,140,0.4383256936390281
254,159,0.43920365923291765
254,183,0.37216734301616844
254,195,0.3284636762708506
254,196,0.35767495282636996
254,296,0.44012449949771215
255,31,0.42815397395896915
255,41,0.4004113276207577
255,43,0.39569772090779665
255,97,0.2870576493215231
255,100,0.4437656695485707
255,127,0.3977695784434153
255,140,0.39683638413051286
255,176,0.35664304423323
255,183,0.38186205826679076
255,215,0.4025783247779038
255,216,0.39818638546397506
255,242,0.4388821890427444
255,276,0.40036073189314214
255,278,0.3455254560252631
256,9,0.36130981300688936
256,24,0.40421826866352584
256,39,0.36788482527990346
256,104,0.37146456191767674
256,123,0.366904723185727
256,165,0.3622229236230099
256,171,0.34422789847689383
256,234,0.37200114234293724
256,237,0.2797915756547072
256,244,0.365585363291642
256,261,0.3790417643975214
256,286,0.3430816006647239
256,287,0.36133908430127104
256,290,0.3611382254523063
256,298,0.27991132060300594
256,300,0.30006622630478585
257,5,0.2445100157253596
257,126,0.27594149232482457
257,187,0.24446332010814448
257,234,0.24064358203562272
257,237,0.262299116339995
257,246,0.24207694271855296
257,264,0.13684069223175527
257,273,0.058652231976461904
257,286,0.2719278279320789
257,287,0.2653771201008621
257,290,0.25407396056332193
257,293,0.1923976173518145
257,300,0.2559031201188526
258,10,0.49246209062626833
258,12,0.6023372907407505
258,13,0.5832086503648276
258,19,0.5915911748150675
258,32,0.5942832528747017
258,42,0.5884441458129198
258,54,0.5845617478076807
258,69,0.519013614432616
258,72,0.4643112702660466
258,85,0.5318921005591736
258,91,0.5887527699736022
258,111,0.5906528997412507
258,119,0.5599471951351839
258,174,0.43880590950313686
258,180,0.6105201418211685
258,200,0.5306104738048878
258,201,0.5730581716548345
258,250,0.5957567903933271
258,276,0.5033292527748905
258,291,0.4468617194703626
259,4,0.11062698841925502
259,105,0.11945035252722928
259,139,0.12219095785712719
259,171,0.11155097242504863
259,195,0.11335937434266079
259,248,0.10942379801781937
259,285,0.12238697484160517
259,286,0.11191789138317444
259,288,0.02730957079120494
259,300,0.11297317930051311
259,301,0.10972281007247328
260,16,0.3804097818275583
260,98,0.3809177104860348
260,106,0.32958119578038936
260,193,0.38107512280643935
260,207,0.39773824778844447
260,249,0.382505263109104
260,261,0.3838253765227273
260,262,0.38203808400041867
260,266,0.39922474509455413
260,277,0.4007804009137495
260,284,0.3999605803873758
261,16,0.47358618039742284
261,17,0.4846908891253671
261,21,0.35739683611469786
261,42,0.4888640133876717
261,75,0.32324434973378385
261,98,0.47756521107713995
261,102,0.47243787954291994
261,119,0.4783846268153897
261,190,0.4884835267106834
261,191,0.4736692278555492
261,208,0.48320802565601223
261,229,0.4014106735329629
261,236,0.3953712599600986
261,256,0.3790417643975214
261,260,0.3838253765227273
261,267,0.41646332048483575
261,271,0.26256107124161415
261,284,0.4717029551051048
261,301,0.3107609536741661
262,9,0.41848428272625005
262,16,0.43759549157846034
262,20,0.30761934397463314
262,34,0.4240753223209858
262,98,0.42304012035259975
262,106,0.33214974906330946
262,170,0.3027511476943017
262,198,0.42239571273515586
262,203,0.4152750653483555
262,206,0.25068441242705053
262,247,0.41241093678562396
262,260,0.38203808400041867
262,266,0.4140965784449458
262,271,0.26468281342324435
262,277,0.42229519165862534
262,284,0.41434037757181613
262,285,0.2856621766002084
262,290,0.36534782827893697
263,26,0.25450948417588204
263,84,0.14386438123676218
263,101,0.2621325741125877
263,104,0.2547721310784126
263,133,0.25999765946162035
263,139,0.2065035307546284
263,141,0.2593548010916339
263,144,0.15347599277556911
263,174,0.2528745230931557
263,197,0.2546388351632511
263,216,0.25663135175772384
263,268,0.07348386296343477
263,270,0.26702907656941155
263,286,0.2677554420332196
264,1,0.074081981230265
264,2,0.04866186235933134
264,6,0.1417871785366797
264,139,0.14660259862416813
264,144,0.1525336370797561
264,206,0.13317407745710141
264,232,0.16260518670548438
264,257,0.13684069223175527
264,269,0.13310662298704223
264,273,0.06123062379946663
264,288,0.03693074925439831
264,289,0.022229651049520415
264,293,0.1362211520312671
264,297,0.10329941647763878
264,298,0.13878776353431901
264,300,0.13019311630598426
265,61,0.04016018206534265
265,79,0.02481219018666937
265,80,0.039641382263911396
265,83,0.04545303367881893
265,84,0.05018695178022307
265,97,0.04546313687377723
265,129,0.04336140371702591
265,145,0.04100220372113285
265,146,0.046084534785469464
265,175,0.04694609683400692
265,281,0.040392273830667416
266,26,0.391560903541133
266,27,0.5637109036763385
266,28,0.5610061303849389
266,32,0.5672929181948229
266,94,0.563165297080977
266,116,0.5568181965440939
266,135,0.3784584773055792
266,141,0.3308392754965
266,150,0.5656380134751304
266,168,0.5645794693772905
266,173,0.5845989921545709
266,211,0.5593963387613798
266,250,0.5696570377710894
266,260,0.39922474509455413
266,262,0.4140965784449458
266,272,0.45450262654015516
266,275,0.4366309706497574
266,277,0.49434223922305875
267,64,0.422925822837078
267,75,0.33060316291851943
267,76,0.16963790722437877
267,98,0.4169067664016563
267,99,0.42310693786144443
267,106,0.35349794018524267
267,170,0.3058033498756593
267,179,0.41928242997301557
267,200,0.41807971037559183
267,206,0.245084800570592
267,233,0.4107449717539127
267,247,0.4218126450731257
267,248,0.20133751778700992
267,261,0.41646332048483575
267,270,0.3586868809981179
267,277,0.4252080865200214
267,278,0.30640632245495975
267,284,0.4196091778990688
268,185,0.07608574571116705
268,230,0.074732965482368
268,232,0.07687100733751918
268,237,0.07733008477748113
268,246,0.07332855126368866
268,263,0.07348386296343477
268,271,0.07247678284609971
268,283,0.07875366981866608
268,286,0.0734813280245646
268,298,0.07306481950382308
269,6,0.1522384389387028
269,39,0.3579476416395399
269,74,0.33942545116753314
269,90,0.3402242770091047
269,104,0.3468390307897906
269,134,0.17876677744360478
269,139,0.21076988660814566
269,143,0.21894741020550523
269,144,0.15559040479820913
269,171,0.35372797302658104
269,174,0.34498793129446903
269,206,0.2751488440933738
269,227,0.344123814839128
269,232,0.2970902764747033
269,234,0.34620634541011175
269,264,0.13310662298704223
269,276,0.3434256210885387
269,285,0.2847652433748713
269,292,0.33914543122132096
269,298,0.28814414740243
269,300,0.30843141489247
270,4,0.19532154302112797
270,38,0.3620853383355254
270,90,0.37675038424377644
270,122,0.3605829118967081
270,155,0.3642822251790902
270,169,0.36062868679946025
270,197,0.366404584954417
270,215,0.35847663231996524
270,233,0.36106393883701554
270,251,0.36310443372011286
270,263,0.26702907656941155
270,267,0.3586868809981179
271,8,0.12743315433440508
271,20,0.2714870600768341
271,141,0.2725533651311822
271,170,0.27626932660846604
271,174,0.26911876608726437
271,188,0.19380785490606522
271,261,0.26256107124161415
271,262,0.26468281342324435
271,268,0.07247678284609971
271,272,0.26373886183046175
271,275,0.27832561827170127
271,280,0.2634668204638367
271,282,0.17642959359856117
271,285,0.265334702076281
272,9,0.46094767405710185
272,24,0.4461173136804073
272,26,0.3946623925675666
272,64,0.44383619636227395
272,85,0.4550586130360717
272,95,0.4441741865886429
272,124,0.45140331766484487
272,166,0.44869565748698254
272,266,0.45450262654015516
272,271,0.26373886183046175
272,277,0.4578263679263662
272,284,0.4613715722213692
272,290,0.3848437864194731
272,299,0.4023744841756784
273,1,0.06096967137192448
273,2,0.06370121388343007
273,3,0.06729186855110275
273,8,0.07544463912087702
273,139,0.05884625934197006
273,188,0.06632650888730242
273,257,0.058652231976461904
273,264,0.06123062379946663
273,279,0.08482392653216371
273,288,0.02793625185769653
273,289,0.03127944743404653
273,293,0.08933506260923872
274,1,0.07645352333622751
274,3,0.16690241408315906
274,8,0.143894292511792
274,18,0.2715607688869488
274,39,0.27915722330352716
274,77,0.2212782617357807
274,106,0.2713927050844886
274,126,0.27366793831723807
274,133,0.2731344344865012
274,139,0.19890381846400143
274,141,0.2731215701128688
274,170,0.2987309787315834
274,171,0.2799251611362557
274,282,0.18779601930706577
274,285,0.27095814132163215
274,293,0.15673089849603125
274,300,0.2982244321383039
275,5,0.3935857790737064
275,16,0.435288303354652
275,20,0.30996278066954575
275,21,0.3739673665413381
275,92,0.43408074368917865
275,94,0.4407187510606094
275,154,0.44266802607605654
275,186,0.4374080399766351
275,191,0.4460821748754586
275,198,0.43565449787250693
275,220,0.43632597487745095
275,237,0.27024904290730206
275,266,0.4366309706497574
275,271,0.27832561827170127
275,284,0.4598005369799369
276,17,0.5060533677914162
276,23,0.5249465556102876
276,30,0.3889715947063019
276,31,0.5030343197306079
276,91,0.5162195293908238
276,100,0.4714188612738004
276,101,0.4623030900340496
276,103,0.5184704400362963
276,108,0.5095679140661414
276,115,0.4236045599429372
276,124,0.5231745102822467
276,171,0.3617977054637556
276,192,0.4388752300189943
276,214,0.5140037449339633
276,225,0.40998904932757074
276,230,0.35785079978755047
276,247,0.5097459269356792
276,255,0.40036073189314214
276,258,0.5033292527748905
276,269,0.3434256210885387
276,299,0.3867121026545335
277,16,0.5034172392861959
277,17,0.49348751314468453
277,30,0.3702049460135911
277,42,0.5019331830026263
277,64,0.4949781365755836
277,102,0.499445460326153
277,125,0.48439073147710743
277,126,0.34670659277703136
277,133,0.3907972803867516
277,142,0.34948600516977113
277,160,0.4919544466388048
277,170,0.3007346056884598
277,192,0.431285276248119
277,205,0.470663477331528
277,208,0.5096572338900611
277,244,0.49427112576191473
277,247,0.504874045314366
277,249,0.46389850887879797
277,260,0.4007804009137495
277,262,0.42229519165862534
277,266,0.49434223922305875
277,267,0.4252080865200214
277,272,0.4578263679263662
277,278,0.3057406607837169
277,287,0.3534030220707581
278,4,0.19759149527189582
278,18,0.3068542325171755
278,25,0.31007647071987426
278,26,0.30949056682576065
278,68,0.30736104116962387
278,100,0.3097760894569464
278,146,0.15028640594382006
278,169,0.3219540219310869
278,175,0.13880794933861995
278,242,0.3580275621925273
278,255,0.3455254560252631
278,267,0.30640632245495975
278,277,0.3057406607837169
279,1,0.07352076192873172
279,2,0.0533658305004223
279,3,0.12844039862003281
279,8,0.1080834074863406
279,138,0.07198714792112504
279,139,0.1041376836017514
279,143,0.10599725424462722
279,144,0.09560092804506141
279,184,0.08392141197436269
279,188,0.10096011848359293
279,206,0.11390796513779987
279,232,0.10726992789989025
279,240,0.10252058195912145
279,273,0.08482392653216371
279,282,0.10506885774267745
279,289,0.029949020554638557
279,295,0.07082401622754173
280,11,0.35449257007684903
280,20,0.31951522572468916
280,21,0.3493528738472932
280,69,0.3822015043022483
280,92,0.3593538386881632
280,165,0.3452180621403526
280,174,0.3471855927405818
280,185,0.26870887857920794
280,187,0.37887332661836776
280,207,0.36987004576377025
280,235,0.34564064099663033
280,236,0.36189008925996113
280,237,0.2798493952651718
280,271,0.2634668204638367
280,298,0.2813190826442352
281,4,0.05024441488010594
281,7,0.05349671668976678
281,80,0.05706638337098715
281,83,0.05187823961816489
281,84,0.05646077058618494
281,129,0.05318678338369378
281,139,0.05262486279178496
281,145,0.05775898996198246
281,146,0.05929558103046564
281,248,0.0529870656929162
281,265,0.040392273830667416
282,1,0.08579540088990313
282,8,0.15040321817253344
282,15,0.19078300515307606
282,20,0.18646532021486711
282,21,0.17872984248640753
282,106,0.17470180830027152
282,126,0.193067985943314
282,138,0.05891074499533971
282,170,0.20206421001063732
282,184,0.08245576656254262
282,240,0.173441626140724
282,271,0.17642959359856117
282,274,0.18779601930706577
282,279,0.10506885774267745
282,285,0.18424375072064755
282,293,0.16178159018326607
282,295,0.07548638551843694
283,106,0.23887397756629827
283,137,0.22697775641830958
283,141,0.2120578307755848
283,171,0.22719376849256318
283,189,0.2130299625809415
283,232,0.21193018245171433
283,234,0.21200761724112016
283,238,0.2374823554760253
283,246,0.23204892731530552
283,268,0.07875366981866608
283,286,0.2237332244062256
284,5,0.4065343426453869
284,13,0.5458866757679468
284,16,0.543043601054662
284,17,0.5415626894018852
284,27,0.54300859833058
284,39,0.44684023069513873
284,52,0.5489459795670788
284,54,0.5385018537188976
284,123,0.49092465916880906
284,135,0.37365903630979186
284,156,0.5338459955330245
284,174,0.42564002832353887
284,202,0.5341939544012239
284,220,0.5361476623356323
284,223,0.46068412708610446
284,250,0.5346691839721506
284,260,0.3999605803873758
284,261,0.4717029551051048
284,262,0.41434037757181613
284,267,0.4196091778990688
284,272,0.4613715722213692
284,275,0.4598005369799369
284,287,0.34998033353079855
285,3,0.16729220242470808
285,5,0.3154827863889533
285,8,0.1272023174288188
285,26,0.278290298323225
285,39,0.2801962518637404
285,126,0.30802028186331565
285,141,0.2732471337251977
285,170,0.2934250339706098
285,171,0.29432996204326395
285,174,0.2787678310323496
285,259,0.12238697484160517
285,262,0.2856621766002084
285,269,0.2847652433748713
285,271,0.265334702076281
285,274,0.27095814132163215
285,282,0.18424375072064755
286,3,0.16097952725708337
286,6,0.15121497127546765
286,7,0.2281189846784724
286,74,0.3314179608147667
286,77,0.22850710390229326
286,78,0.2134729094018749
286,101,0.3384464461721819
286,104,0.34498825991448356
286,105,0.33418594775654614
286,133,0.3316073048359605
286,134,0.17095454931357992
286,139,0.19701852729641292
286,143,0.21894759630471775
286,144,0.15436525662348866
286,174,0.3447965557442486
286,206,0.24297721000077255
286,229,0.34283742927655775
286,230,0.3346213839216211
286,232,0.2801651533191188
286,234,0.3498578215704133
286,240,0.2345680065773823
286,248,0.19923908375893754
286,256,0.3430816006647239
286,257,0.2719278279320789
286,259,0.11191789138317444
286,263,0.2677554420332196
286,268,0.0734813280245646
286,283,0.2237332244062256
286,293,0.15887008251107423
286,298,0.2802943658772251
287,24,0.34782088832499297
287,39,0.36846383565240004
287,69,0.3548755167472053
287,70,0.36401043443354
287,72,0.3527742701111601
287,223,0.35724950833669433
287,235,0.35056416021543346
287,237,0.28085090129192053
287,256,0.36133908430127104
287,257,0.2653771201008621
287,277,0.3534030220707581
287,284,0.34998033353079855
287,298,0.2766380959613659
288,3,0.02711683110264214
288,6,0.03245293867692942
288,139,0.03032366487730298
288,144,0.029933907120939303
288,259,0.02730957079120494
288,264,0.03693074925439831
288,273,0.02793625185769653
288,293,0.038573179893549074
288,295,0.02994335409763572
288,297,0.028230747967210056
289,1,0.02389642343831629
289,2,0.03704808526655683
289,8,0.023778658372839344
289,138,0.02722834448910058
289,184,0.025947312379536715
289,264,0.022229651049520415
289,273,0.03127944743404653
289,279,0.029949020554638557
289,293,0.026935275469527963
289,295,0.03568977029084975
290,10,0.3636638703523338
290,24,0.3938170927189087
290,69,0.3701928262312316
290,78,0.2142200003571203
290,104,0.36958224072187335
290,123,0.3607079478762968
290,234,0.4041210133397697
290,246,0.3633921468812657
290,256,0.3611382254523063
290,257,0.25407396056332193
290,262,0.36534782827893697
290,272,0.3848437864194731
290,298,0.30454825776016214
291,22,0.476005717374517
291,25,0.44532522887804943
291,58,0.4484181194088616
291,59,0.44885229994824755
291,62,0.30381985739682954
291,82,0.36485472065370467
291,85,0.44724494186996727
291,95,0.45137464840990377
291,107,0.4438782160032625
291,159,0.44682590978447534
291,189,0.3316178697773344
291,190,0.4454734613151651
291,192,0.4359383888018283
291,213,0.38780619930885973
291,258,0.4468617194703626
292,9,0.3381725663004739
292,24,0.36881509290750847
292,68,0.33384121227424923
292,77,0.22146766826507056
292,93,0.3415822819161601
292,101,0.3364690191003485
292,161,0.333756331210108
292,197,0.3344670487935123
292,227,0.3471964911852177
292,242,0.3337668765765306
292,269,0.33914543122132096
293,1,0.09851717016325451
293,2,0.045418399024657885
293,8,0.12055748733415719
293,105,0.1667886254731435
293,138,0.06063854168978796
293,139,0.15604057759869694
293,144,0.15818053883322733
293,184,0.10147107274669845
293,237,0.15977072091965483
293,257,0.1923976173518145
293,264,0.1362211520312671
293,273,0.08933506260923872
293,274,0.15673089849603125
293,282,0.16178159018326607
293,286,0.15887008251107423
293,288,0.038573179893549074
293,289,0.026935275469527963
293,298,0.17285096962729202
293,300,0.16412272427533728
294,13,0.5531004515568969
294,14,0.5457914024849428
294,15,0.34214666645445957
294,28,0.5541286462157987
294,49,0.5548683438647475
294,54,0.5493726797248822
294,91,0.549704154096416
294,94,0.5525038713217391
294,137,0.3849357960865676
294,168,0.5480401300017256
294,185,0.2630700768961826
294,211,0.5514698420163315
294,253,0.5514435693024567
295,1,0.07149278240701837
295,2,0.07054339306147324
295,3,0.08623376734781758
295,6,0.1111830404564247
295,8,0.07317254696624328
295,139,0.08210169544104307
295,143,0.07429274424094426
295,188,0.07197925733422461
295,248,0.07465094150465765
295,279,0.07082401622754173
295,282,0.07548638551843694
295,288,0.02994335409763572
295,289,0.03568977029084975
296,30,0.3905677748099001
296,31,0.4975698442959132
296,35,0.48600839237652427
296,41,0.5187010760899903
296,60,0.4238397577584624
296,62,0.3026791659807956
296,88,0.45991710970767186
296,90,0.5151642317389837
296,95,0.5189974063380023
296,102,0.521797656549127
296,103,0.5212598795670963
296,112,0.5228589874454436
296,120,0.4001193416749468
296,121,0.46001881318468024
296,124,0.5163923021019432
296,140,0.49122043590328784
296,148,0.3682067096448653
296,159,0.5264157027142514
296,166,0.5213259220438854
296,169,0.4898036085589808
296,182,0.3851743226492741
296,196,0.35769791183450406
296,212,0.505194943168424
296,214,0.5273185893362645
296,219,0.4275703764668313
296,222,0.45569457474061004
296,225,0.4075294347804416
296,228,0.45598393347509336
296,254,0.44012449949771215
297,3,0.10572510818500512
297,4,0.10665229484137104
297,61,0.051190357087988685
297,76,0.10969128585107407
297,78,0.10282819764076119
297,81,0.04965206453857111
297,170,0.10955551762511354
297,206,0.14029188842181672
297,230,0.10403180744943609
297,232,0.10746802314976442
297,264,0.10329941647763878
297,288,0.028230747967210056
297,300,0.10759264555232874
298,77,0.22015316883764027
298,78,0.21616073708647995
298,133,0.28085079428160814
298,134,0.1739822190654773
298,139,0.198689783801678
298,144,0.15374189157283297
298,146,0.14813311016429762
298,171,0.293336612426314
298,234,0.2821914479884353
298,246,0.28701677954558236
298,256,0.27991132060300594
298,264,0.13878776353431901
298,268,0.07306481950382308
298,269,0.28814414740243
298,280,0.2813190826442352
298,286,0.2802943658772251
298,287,0.2766380959613659
298,290,0.30454825776016214
298,293,0.17285096962729202
299,55,0.3339155449541109
299,85,0.38701288426648994
299,89,0.38079042342526265
299,124,0.38722781637071185
299,157,0.37630197983974434
299,179,0.3761945820292556
299,193,0.3826875075158746
299,247,0.38319837072932245
299,251,0.3835025452590876
299,272,0.4023744841756784
299,276,0.3867121026545335
300,5,0.2977982834076264
300,6,0.16163022955540154
300,7,0.2252761445614697
300,78,0.2190865410343241
300,105,0.29875504013862736
300,106,0.3001142758882096
300,126,0.31123984937733645
300,139,0.21630459526343596
300,171,0.3220715910176172
300,187,0.3162502988558375
300,188,0.20251036651869864
300,232,0.3128694109101987
300,256,0.30006622630478585
300,257,0.2559031201188526
300,259,0.11297317930051311
300,264,0.13019311630598426
300,269,0.30843141489247
300,274,0.2982244321383039
300,293,0.16412272427533728
300,297,0.10759264555232874
301,4,0.19563470302489644
301,9,0.31163081873542625
301,21,0.3032652319973232
301,34,0.30463620165111294
301,75,0.3087402378627797
301,101,0.305828097456855
301,134,0.1780136906918092
301,144,0.15012171706539104
301,178,0.30421069849192406
301,187,0.3184772036222731
301,227,0.3178459819926841
301,236,0.31226429955856505
301,259,0.10972281007247328
301,261,0.3107609536741661
