source,target,weight
0,9,0.3785571798002544
0,16,0.37457603952082674
0,39,0.3746088826533564
0,87,0.39079750143432923
0,104,0.380496127800325
0,129,0.18822020276466045
0,133,0.38425056342144825
0,169,0.3842031338240525
0,177,0.3781445213147758
0,236,0.3855343157350145
0,238,0.4183842078000504
0,243,0.20816838867537757
0,278,0.3245092335180591
1,2,0.08129744163774008
1,3,0.1015037996570719
1,6,0.08599706364887788
1,131,0.09203369547709188
1,138,0.08518677332936052
1,139,0.0861495091888258
1,144,0.08714945233385367
1,184,0.1440093543108575
1,240,0.10220864145966722
1,264,0.09125138112581775
1,273,0.09053622913435358
1,279,0.10029526335091489
1,288,0.03032815923053533
1,295,0.029428426068524288
2,1,0.08129744163774008
2,3,0.09999792634495731
2,6,0.08803225258298754
2,138,0.06697470282160124
2,143,0.0755974061832344
2,184,0.08965943772194945
2,240,0.07558675384690529
2,264,0.0835086472323069
2,273,0.09847673977400669
2,279,0.11844695515586946
2,288,0.029512687171563298
2,289,0.07501473380401044
2,295,0.04457463217833002
3,1,0.1015037996570719
3,2,0.09999792634495731
3,6,0.21653974219452035
3,131,0.1818962992197272
3,138,0.03773759491181857
3,139,0.18895836079458667
3,143,0.2174198462666518
3,144,0.19588509861482056
3,184,0.12163216521764034
3,206,0.2139459562659334
3,232,0.19671239075851316
3,240,0.1900535055212289
3,264,0.202375594090367
3,269,0.1886237088968086
3,273,0.15312243133837594
3,279,0.15647189028295938
3,288,0.031998667913225656
3,289,0.06311096364662769
3,293,0.20316941795430182
3,295,0.029837103229578076
4,18,0.23147942377557634
4,61,0.13346902017049644
4,62,0.23759136728193206
4,76,0.2664018671827415
4,86,0.2314065473897108
4,120,0.23249428109829745
4,129,0.18346167723957352
4,146,0.26120368775330227
4,175,0.23224903640355127
4,210,0.2378590968785212
4,226,0.22960474655611332
4,234,0.22982660790019432
4,265,0.1323252935359932
4,281,0.10451028274300819
5,39,0.399576756861636
5,53,0.4083734984109713
5,123,0.4167930107245068
5,126,0.3845473461782871
5,154,0.3889147909624662
5,163,0.388907911979604
5,165,0.40196264379114244
5,174,0.44988955313983153
5,235,0.3918422286106309
5,237,0.2921529779237002
5,274,0.27852980259595234
5,284,0.38588704036970495
6,1,0.08599706364887788
6,2,0.08803225258298754
6,3,0.21653974219452035
6,8,0.16722684050953632
6,20,0.21980420179327229
6,131,0.1724762179385265
6,139,0.23700790734930852
6,143,0.23774630428599552
6,144,0.18713917180267467
6,171,0.22181646604807875
6,184,0.10445152501052284
6,206,0.23554296590627938
6,257,0.2388888253477678
6,264,0.1921073203003766
6,269,0.252250421750824
6,273,0.1405511351765476
6,279,0.11990393844411881
6,289,0.05695095907551759
6,293,0.22908494375793628
6,298,0.23692898057085326
6,300,0.22265958720964876
7,18,0.26523033994790657
7,106,0.28319100396038865
7,139,0.2325920246068428
7,143,0.2417756861515851
7,170,0.26439782074724705
7,171,0.2684584704771416
7,206,0.25476565646261334
7,240,0.24158906702016447
7,257,0.2664619516511064
7,266,0.182734924645099
7,268,0.13335211904405037
7,285,0.28368897365227447
7,286,0.25759088784277295
7,287,0.27044148280591007
7,297,0.15066076665163852
7,298,0.2827533949209723
7,300,0.29200893804446276
8,6,0.16722684050953632
8,188,0.17210703707359817
8,237,0.17823430236170856
8,240,0.18067075467109434
8,271,0.18279923584426627
8,274,0.19798482988966712
8,279,0.12459262182781879
8,282,0.1821902791326839
8,285,0.16692697905583653
8,288,0.030377691586299205
8,289,0.05621706198179033
8,292,0.1684582379473056
8,293,0.1810767052939363
8,297,0.1493070124242839
9,0,0.3785571798002544
9,18,0.40385927090898727
9,23,0.4589710549670464
9,27,0.457916253843477
9,39,0.4942001981840155
9,65,0.45802112540284873
9,92,0.4620604151501221
9,135,0.3952839284470053
9,163,0.4597211445514333
9,187,0.46734076789851936
9,191,0.4769759188378449
9,235,0.4836728277672948
9,236,0.43208724258178344
9,259,0.2765216058700782
9,260,0.4204465418479444
9,263,0.2675409950367282
9,267,0.3919659801842092
9,275,0.40319982979670055
9,277,0.46037565899084887
9,278,0.30238368004568134
9,287,0.37907625124172756
9,292,0.31840117580013827
9,301,0.43006602602394445
10,32,0.6104806524480678
10,49,0.6230667904567749
10,55,0.492623434199302
10,56,0.5592290533519855
10,58,0.6107271695321445
10,59,0.6203586219817037
10,60,0.48050661113452553
10,64,0.5875810591743348
10,82,0.5506239774934338
10,88,0.4935231987700373
10,91,0.610502295953218
10,99,0.49038767251372756
10,115,0.5124962874958607
10,125,0.5288820540256971
10,156,0.6151294584009634
10,157,0.5396806799987821
10,164,0.6131126943753686
10,176,0.4695288473899362
10,177,0.4894671113572353
10,178,0.5301649087489569
10,196,0.42650036690954896
10,203,0.6173697550540261
10,211,0.6217110249972889
10,253,0.6330153234998784
10,254,0.550121324177202
10,296,0.5470768236342693
11,14,0.6757746401735003
11,28,0.6518896555119987
11,51,0.6506316274989493
11,65,0.6289703456182858
11,92,0.55926849391943
11,101,0.5254470035838592
11,154,0.5563883671038897
11,156,0.6488058032921424
11,160,0.632559565680299
11,167,0.6601965660924992
11,187,0.5181982389029214
11,191,0.5358469004260024
11,204,0.6620191061890213
11,209,0.6680456651614882
11,211,0.6609853001208372
11,220,0.6442642150095134
11,253,0.6445697206101108
11,284,0.5854280159254382
12,14,0.6144061582685212
12,17,0.6185636451106112
12,28,0.6241400780592762
12,68,0.5458010314855477
12,91,0.6223010517017485
12,94,0.6395407227340849
12,156,0.6169363438939004
12,164,0.6158972063962093
12,185,0.5024789812993591
12,190,0.6393051050827275
12,252,0.614643702617576
12,253,0.6276354372249452
13,28,0.6395408264193627
13,32,0.6375556784274894
13,38,0.5546707839325096
13,69,0.5728875645739689
13,72,0.4989441314661075
13,91,0.6384743750555313
13,92,0.56042853634729
13,94,0.6466446389252107
13,108,0.633927310617048
13,137,0.5065726622971198
13,141,0.43730830630167233
13,153,0.5737834522096859
13,154,0.5532504206378347
13,160,0.6429191476145446
13,167,0.6394736263318285
13,179,0.6064623933918427
13,201,0.6314383693500115
13,213,0.5744792590548766
13,220,0.6458613785580957
13,222,0.5218513833216754
13,250,0.6422647517433284
13,252,0.6420841638192779
13,258,0.6596518803597055
13,261,0.5011395676289622
14,11,0.6757746401735003
14,12,0.6144061582685212
14,28,0.7247881496423478
14,33,0.7439388264162715
14,40,0.7701003947116378
14,46,0.6665457100827318
14,49,0.6961319141667337
14,51,0.7514232823688244
14,52,0.6834009493284661
14,54,0.6934721080194798
14,63,0.7547562515097851
14,94,0.6524164950655461
14,147,0.7389516639721179
14,151,0.7357274130017616
14,152,0.7751343788063609
14,160,0.6354989360327299
14,164,0.6608575646893065
14,167,0.7223611323979707
14,168,0.7062172654597054
14,172,0.7636626400443063
14,199,0.7493279642786473
14,202,0.6762022334352109
14,204,0.7326972525674479
14,208,0.603900982147283
14,209,0.650688548819356
14,211,0.736593617310475
14,218,0.6638588448089728
14,220,0.7397958200078856
14,253,0.7348881345961185
14,258,0.6737956282171428
15,20,0.3756164890570746
15,21,0.41267778778375247
15,77,0.3266362045162535
15,105,0.4293859508134365
15,134,0.2530578530732935
15,135,0.40940762747413073
15,170,0.4217627043101536
15,171,0.4047107859239342
15,188,0.2976626210813607
15,229,0.4152214497529393
15,230,0.4492571719961822
15,232,0.34548786957978705
15,257,0.42796293225121174
15,269,0.3354371962955233
15,271,0.3857582096514456
15,280,0.4070271181396535
15,285,0.4450403979297643
15,286,0.3734460329067686
15,292,0.3121719286454372
15,293,0.23255524626972224
15,298,0.39267555557196815
15,300,0.33888292332556574
16,0,0.37457603952082674
16,18,0.39474288132500424
16,21,0.3808581357072528
16,26,0.4602136852579658
16,39,0.4888050196630044
16,64,0.5617588564735044
16,70,0.5393685425999015
16,98,0.5064123247807436
16,101,0.5263059130115528
16,105,0.5000844521491494
16,106,0.4088541288154229
16,117,0.5360067853777853
16,126,0.4533234496400261
16,133,0.4174960585559779
16,141,0.4306548388451871
16,161,0.4760889475426102
16,162,0.539283360508213
16,187,0.5301747762178451
16,191,0.5224932777731127
16,192,0.45969727999361804
16,207,0.5293833839741366
16,218,0.530053572935619
16,229,0.4939830752170717
16,238,0.43823913547885407
16,239,0.4419174132459962
16,246,0.3985324902460295
16,252,0.5352733139642296
16,267,0.3836501649291728
16,272,0.4995843095720433
16,276,0.45736203914670814
16,277,0.5436005941043478
16,280,0.4032491991872343
16,287,0.38006230927358226
17,12,0.6185636451106112
17,19,0.6504257855217478
17,29,0.567171368009862
17,33,0.656243012313267
17,37,0.6767484529473032
17,38,0.5422750698784321
17,40,0.6548155651282808
17,43,0.5271474454839001
17,51,0.6566926719141409
17,100,0.5077480335803641
17,101,0.5243689807851001
17,118,0.5763486939511069
17,152,0.659362209139482
17,205,0.612854217759437
17,211,0.666569122438538
17,220,0.6527030408189555
17,221,0.6588991551737701
17,223,0.5299882021351521
17,233,0.5916711707556971
17,253,0.6508259516202132
17,261,0.492891115132091
18,4,0.23147942377557634
18,7,0.26523033994790657
18,9,0.40385927090898727
18,16,0.39474288132500424
18,39,0.4259537572744247
18,77,0.3301133660993371
18,101,0.3966054618873022
18,105,0.42769308159772124
18,126,0.4114257934623669
18,134,0.26169029865881693
18,171,0.39286871646371363
18,174,0.39502735677374656
18,229,0.43840822998494794
18,230,0.3939260760112567
18,232,0.3454757151733359
18,240,0.2486486388876138
18,246,0.39445880259308785
18,257,0.3564137449604667
18,268,0.1232777401865198
18,269,0.3535774310033532
18,271,0.3605571517262343
18,283,0.35467238701203824
18,285,0.3772564862559106
18,286,0.38533833867289374
18,292,0.34290046147705017
18,298,0.3514176695972217
18,301,0.41249660811018246
19,17,0.6504257855217478
19,28,0.7075825903386689
19,33,0.7209161465937168
19,37,0.7086895607028485
19,40,0.7460191627467601
19,46,0.6582743377361209
19,47,0.6376565019349131
19,58,0.6472126067152236
19,63,0.7109209772331578
19,71,0.6610897377031956
19,95,0.6764041590882257
19,110,0.5830167307542342
19,112,0.5780620408513535
19,116,0.6491248518831061
19,147,0.7165489752760126
19,150,0.7128964311957311
19,151,0.7101347607753996
19,172,0.7148017570758516
19,173,0.6519697291544497
19,199,0.7242027877896088
19,231,0.6559319739427013
20,6,0.21980420179327229
20,15,0.3756164890570746
20,141,0.3314668688897682
20,170,0.3565772633331731
20,171,0.38043000425283857
20,230,0.332498571149299
20,282,0.2744168283281589
20,285,0.3501354911670881
20,286,0.32991602382160756
20,293,0.27008564138710717
20,298,0.3687414371911838
20,300,0.3383721462349601
20,301,0.3412060743999279
21,15,0.41267778778375247
21,16,0.3808581357072528
21,78,0.31370516862587994
21,105,0.3945416668158405
21,106,0.3828226596566716
21,141,0.3951033967047513
21,145,0.1948560829197064
21,188,0.3014979915937385
21,191,0.37992250653289994
21,206,0.26754063936220407
21,229,0.39026273433135483
21,230,0.41248205618444633
21,232,0.34562122645387117
21,237,0.29192156757598153
21,240,0.26711822393256324
21,269,0.38115228590337896
21,274,0.28195529910408723
21,282,0.2719606647979421
21,285,0.37627757972316106
21,301,0.40383094719502055
22,28,0.5854796457311029
22,30,0.4737115702338133
22,47,0.583498707507318
22,71,0.5795255806166111
22,90,0.5410475127759226
22,116,0.5810645371437589
22,132,0.4602542983338862
22,148,0.49102503975416273
22,149,0.4602948403687289
22,156,0.5819735422483661
22,159,0.5535909736130453
22,164,0.5963339991510039
22,168,0.5870340090649984
22,204,0.5831707192623421
22,205,0.5804120312526776
22,212,0.4923029389327956
22,221,0.596512193240208
22,222,0.5403638043874842
22,296,0.5527460238753547
23,9,0.4589710549670464
23,24,0.5416088774519306
23,26,0.43362982278775897
23,48,0.5633691240631209
23,54,0.5862304221451325
23,59,0.5878490046381735
23,64,0.5947129907995204
23,70,0.6013611427451026
23,82,0.5368359032999547
23,83,0.37771402080803596
23,98,0.5173616027281627
23,99,0.5297184261414324
23,108,0.5870960077968923
23,117,0.6013927028410788
23,123,0.4937056603983479
23,140,0.5051335795238673
23,157,0.5608818436935615
23,162,0.5862306740074394
23,163,0.5478747161459361
23,176,0.4594388589535216
23,177,0.4665454177400192
23,190,0.5945249483786376
23,192,0.46188984353389473
23,196,0.4228832593964835
23,198,0.6170011456064972
23,217,0.4860915594537142
23,219,0.5021263244246578
23,227,0.49590408673413927
23,252,0.6020265902957124
23,276,0.46127397664696507
24,23,0.5416088774519306
24,25,0.42822646178212387
24,26,0.448162259352452
24,39,0.48731360668523227
24,42,0.5423326272185455
24,55,0.4840300940779473
24,70,0.5368359816308249
24,72,0.49361034779446616
24,92,0.5688575873919647
24,98,0.527341872463555
24,101,0.527202944165856
24,108,0.5385450037984053
24,117,0.5408105618462301
24,141,0.4390552779767245
24,161,0.47683327494132066
24,163,0.5173435694807286
24,165,0.5088640391977495
24,169,0.49601765421123467
24,174,0.46094989508474843
24,194,0.4029590184390637
24,201,0.5574050983023284
24,207,0.5498315834904616
24,227,0.47600476080402204
24,235,0.5373170267593481
24,236,0.43022379915179015
24,252,0.5507592510625232
24,256,0.3993801942435584
24,262,0.42741487779456167
24,272,0.4920606022465977
24,275,0.39771468463897036
24,276,0.4623121933484159
24,287,0.3837109445041999
24,301,0.40254908811002826
25,24,0.42822646178212387
25,68,0.4265674716525957
25,92,0.4544074848721924
25,123,0.4363110818000024
25,142,0.42664227849938774
25,163,0.4287154444893116
25,169,0.4329827187535417
25,193,0.4254824102785976
25,227,0.4355303240288342
25,259,0.2808283548793347
25,275,0.3931936120396995
25,277,0.42866284609732314
25,283,0.33911618522543374
26,16,0.4602136852579658
26,23,0.43362982278775897
26,24,0.448162259352452
26,39,0.43786176320194725
26,53,0.43392715472363924
26,92,0.4310329878634238
26,98,0.4399428267449939
26,157,0.4304806389408774
26,191,0.4546070213449766
26,237,0.29347385309823953
26,259,0.2894103026384145
26,274,0.27676431051435635
26,277,0.4517022144633537
26,278,0.3025321115866474
26,283,0.3429485746816909
26,292,0.3128202767782239
27,9,0.457916253843477
27,28,0.6520501614865811
27,49,0.6527030249460749
27,51,0.6406873497938537
27,69,0.6088101024752789
27,92,0.5889133299681467
27,99,0.48986242531576635
27,101,0.528658993161429
27,118,0.5768448089812929
27,128,0.5475286430034305
27,150,0.637802302197776
27,154,0.5485677233438018
27,156,0.6402935316925237
27,157,0.549146603730488
27,163,0.5201763066246649
27,164,0.6417687370389463
27,191,0.5237334936922453
27,193,0.5607534477344306
27,204,0.6404622745535291
27,207,0.6127254574040569
27,211,0.640046294834282
27,220,0.6410925000824832
27,235,0.5606544079493272
27,244,0.6131343690672844
27,252,0.6540800987559033
28,11,0.6518896555119987
28,12,0.6241400780592762
28,13,0.6395408264193627
28,14,0.7247881496423478
28,19,0.7075825903386689
28,22,0.5854796457311029
28,27,0.6520501614865811
28,32,0.7147389693962058
28,37,0.7256033412706718
28,40,0.7322212965632746
28,42,0.6515461512357333
28,46,0.6589685408506553
28,50,0.730628467383449
28,54,0.7019882926070855
28,59,0.6609039531230348
28,63,0.7206250704773844
28,65,0.62457835254281
28,70,0.6468263731689328
28,71,0.6586329240783894
28,91,0.6855408178610453
28,94,0.6710206401151848
28,95,0.6731452229987755
28,102,0.6907613940374728
28,103,0.6230116541642945
28,108,0.6409914450511157
28,116,0.649056550043849
28,117,0.6383510985280412
28,119,0.6409801126243396
28,147,0.7232241957266766
28,153,0.5663351031828159
28,156,0.6959366315296316
28,158,0.6214708097591028
28,166,0.5988737382246726
28,167,0.6795114392151257
28,172,0.7299102413355997
28,180,0.6454531647825009
28,198,0.643676074226549
28,199,0.7313089906154993
28,204,0.7185399659666304
28,205,0.6039117030799271
28,218,0.69354522718057
28,220,0.7233514228574086
28,221,0.687807907971817
28,231,0.6738549857506596
28,250,0.7093621361224106
28,252,0.6882308190977243
28,253,0.7147014494882602
28,291,0.6097198665273031
29,17,0.567171368009862
29,54,0.5771491963360239
29,55,0.49609559211176074
29,59,0.5786206335915653
29,70,0.5679189598868997
29,133,0.41960536611860594
29,140,0.5064034989051001
29,142,0.4931856945782668
29,164,0.5731189918552232
29,169,0.4941392851829097
29,196,0.42570005318445536
29,198,0.581136278559842
29,200,0.562864700457212
29,208,0.5710596252829567
29,215,0.4366023738979682
29,218,0.5561540838975286
29,221,0.560861802477497
29,224,0.3729285038975185
30,22,0.4737115702338133
30,43,0.48430220564381493
30,48,0.48488934452946153
30,96,0.47396935907850096
30,110,0.48063312494278887
30,113,0.4025841620283265
30,124,0.4708914588228209
30,159,0.47881355121039726
30,166,0.47515266496075037
30,291,0.4989091392005264
30,299,0.47403650844608025
31,45,0.5220895751755665
31,86,0.3780986300382121
31,96,0.5334899833178101
31,103,0.5335087869748033
31,110,0.5281021206637831
31,113,0.42475121130608867
31,120,0.4418866066800335
31,124,0.5426275301888138
31,149,0.4640854459947202
31,166,0.5343998914050841
31,173,0.5223281086249024
31,180,0.5299789310044095
31,201,0.5262873930851814
31,216,0.399344771447753
31,217,0.4708910313017735
31,224,0.38320607785010624
31,226,0.3758940428464479
31,291,0.535950529351939
32,10,0.6104806524480678
32,13,0.6375556784274894
32,28,0.7147389693962058
32,33,0.7166998904473771
32,37,0.7121079809922296
32,40,0.7202580224586028
32,42,0.6647453909147745
32,49,0.718199243625232
32,56,0.5640128210731737
32,63,0.7124833103552523
32,71,0.6461450269275387
32,85,0.6664403322435861
32,91,0.6964867915783512
32,96,0.6005169088248323
32,102,0.6789626979292683
32,103,0.6254235851429195
32,108,0.6454305987368384
32,119,0.6361239011246153
32,147,0.7256542186067894
32,155,0.5995368366691854
32,162,0.647530892851988
32,172,0.7194995006361146
32,173,0.658748820573001
32,180,0.6646524309684277
32,198,0.6422191952364869
32,199,0.7313859006539299
32,200,0.6055792459585404
32,220,0.712157891865125
32,252,0.6646636377383435
33,14,0.7439388264162715
33,17,0.656243012313267
33,19,0.7209161465937168
33,32,0.7166998904473771
33,37,0.7502761517362491
33,40,0.7673193406336299
33,46,0.6574658810993801
33,51,0.7427117746093655
33,58,0.6470193798264103
33,63,0.747750620103301
33,71,0.6418472319063262
33,85,0.6718814076174331
33,111,0.7171403657719836
33,147,0.7325171472009242
33,150,0.7237957837153143
33,151,0.7623494968624893
33,152,0.7341527608262647
33,156,0.688230913939992
33,168,0.6976007358920151
33,172,0.76178742920286
33,186,0.6067714258491187
33,199,0.7605308685752792
33,258,0.6713388443101425
34,59,0.5568873118272742
34,71,0.5653319388340365
34,75,0.4419173416003281
34,86,0.38419679287951497
34,98,0.5132350252251011
34,120,0.44239094376035054
34,132,0.4587775392120782
34,164,0.5860346723255548
34,176,0.4586567634299898
34,179,0.5581208964443328
34,198,0.5692172479190216
34,201,0.5646468358573945
34,203,0.5629438507909778
34,213,0.5733102555704691
34,221,0.5701173874745487
34,225,0.44783196107544404
34,252,0.562202826231147
35,44,0.46031081788133554
35,45,0.5449670880641807
35,54,0.5260472178413018
35,56,0.5501887902586988
35,57,0.5506046777269166
35,109,0.46679096701816014
35,117,0.5261858799709339
35,118,0.5274166688619859
35,149,0.45247262723741133
35,173,0.5251701520645781
35,183,0.4572572035905113
35,203,0.5257794095390154
35,205,0.5622721340450438
35,291,0.5580811567968673
36,37,0.7234147472090784
36,40,0.7211441521602896
36,50,0.7292568821720588
36,58,0.6651188757739607
36,85,0.6715982913363202
36,102,0.694934979619066
36,110,0.5786915572589926
36,111,0.7098854524703259
36,116,0.6616008087085353
36,147,0.7316044415047344
36,150,0.7293593390214915
36,151,0.7096113267924609
36,156,0.6913197803705847
36,158,0.6296000188156893
36,172,0.711233237289892
36,190,0.6614377158683552
36,199,0.7300769697221716
36,200,0.6019843149078422
36,202,0.6747430174268456
36,205,0.6006750253189421
36,220,0.7132093638137516
36,221,0.6830890685841657
36,231,0.6675177978144052
37,17,0.6767484529473032
37,19,0.7086895607028485
37,28,0.7256033412706718
37,32,0.7121079809922296
37,33,0.7502761517362491
37,36,0.7234147472090784
37,40,0.7612391031683969
37,46,0.6597559628582962
37,49,0.7073466262457174
37,50,0.7288728170955088
37,52,0.6849990431378963
37,57,0.6048035353648828
37,58,0.6497635383266234
37,63,0.7584368456372166
37,91,0.6793444956407
37,94,0.6519239995161652
37,102,0.6825014675922916
37,111,0.7311803164459172
37,116,0.647940355022377
37,117,0.631604653084522
37,147,0.7456130330523895
37,150,0.729923051362174
37,151,0.7459536117882812
37,152,0.7445270815922627
37,156,0.6969762666232875
37,158,0.6255112612665346
37,172,0.757731207433432
37,180,0.6505628823395309
37,190,0.6562198270019238
37,199,0.7621888626954328
37,201,0.6370969150342054
37,220,0.7383809669523995
37,250,0.7252974907190637
37,258,0.6719166496311967
37,294,0.6376005242352754
38,13,0.5546707839325096
38,17,0.5422750698784321
38,45,0.5754082333896142
38,60,0.47653184439998314
38,85,0.5398423827830376
38,96,0.5509041412917067
38,103,0.553853170563017
38,119,0.5414852752999795
38,120,0.44902906503348533
38,124,0.5479227098318484
38,125,0.5391128006916271
38,158,0.5498214304000217
38,165,0.5030529715870301
38,166,0.551204723921301
38,169,0.523991424826457
38,192,0.46357176839309666
38,227,0.4743526485956991
38,228,0.4776296384533256
38,249,0.4235965184717231
38,261,0.4933504345825151
38,270,0.3708582626985926
38,299,0.48041369090622804
39,0,0.3746088826533564
39,5,0.399576756861636
39,9,0.4942001981840155
39,16,0.4888050196630044
39,18,0.4259537572744247
39,24,0.48731360668523227
39,26,0.43786176320194725
39,77,0.32239025880802835
39,126,0.45801275677384096
39,141,0.44921009351234453
39,154,0.4783259809972046
39,170,0.4050447523393638
39,174,0.4863730384626416
39,191,0.48354572550410535
39,194,0.39823166739813143
39,229,0.4809877950584279
39,235,0.5000228463064822
39,238,0.4253107921902864
39,246,0.3949649319631271
39,259,0.2755475440418139
39,262,0.4435039245920206
39,263,0.27320997481951365
39,272,0.47889771451923974
39,277,0.4918532067283564
39,283,0.33703710765957073
39,286,0.3733811345420118
39,287,0.4123581849804628
39,290,0.40052477372875755
39,301,0.4019132755282028
40,14,0.7701003947116378
40,17,0.6548155651282808
40,19,0.7460191627467601
40,28,0.7322212965632746
40,32,0.7202580224586028
40,33,0.7673193406336299
40,36,0.7211441521602896
40,37,0.7612391031683969
40,47,0.6221914301800159
40,49,0.69411786968396
40,50,0.7481577609902745
40,51,0.7570527333728773
40,52,0.6907978503486409
40,54,0.6932773073916999
40,63,0.7925335328543608
40,71,0.6411600963783475
40,91,0.6748497340750427
40,102,0.683101058276969
40,111,0.7303333928705225
40,116,0.6467921745012095
40,147,0.7696001278004656
40,150,0.7400166698168005
40,151,0.7838543913590993
40,152,0.7830426749539258
40,156,0.7052999896366233
40,164,0.6617867824737798
40,167,0.7094864904667018
40,168,0.7028764888976334
40,172,0.8083332086018254
40,199,0.81008116262471
40,204,0.7628048430791465
40,211,0.7446055356626144
40,218,0.6649323456331965
40,220,0.7441479209928155
40,221,0.681160335143465
40,250,0.7188680720051508
40,253,0.739029687793372
40,258,0.6776405119756022
41,49,0.5625288939518144
41,54,0.5583853203740292
41,58,0.578214012950832
41,59,0.5531048281384923
41,70,0.5501310279375616
41,89,0.5350851712035941
41,95,0.5535327823160254
41,109,0.4654978755910427
41,115,0.5139835773171912
41,116,0.5528621799344983
41,122,0.5194920334227504
41,125,0.5342119776949913
41,127,0.4890371187899077
41,140,0.5058435306092938
41,148,0.4962087046701531
41,149,0.4634339821409999
41,166,0.5664148241732417
41,203,0.5491659147119722
41,212,0.48501698868879917
41,221,0.5557047687264142
42,24,0.5423326272185455
42,28,0.6515461512357333
42,32,0.6647453909147745
42,49,0.6505284360203776
42,54,0.660393372242483
42,67,0.5852533417200465
42,92,0.5778589356078271
42,96,0.610748428183102
42,98,0.5043798852034078
42,137,0.49814750939203417
42,162,0.6666743855366535
42,167,0.6574194515345041
42,178,0.5201584409083191
42,185,0.4958518587676364
42,207,0.6040391009286501
42,211,0.6676821787570547
42,235,0.5630123828146141
42,250,0.6552066926747437
42,252,0.6593388548334761
42,253,0.6525425619171734
42,254,0.5330403764010646
43,17,0.5271474454839001
43,30,0.48430220564381493
43,44,0.4711972739431296
43,46,0.5298670973435451
43,85,0.5422080775401968
43,86,0.3785906113798213
43,94,0.5325351386180547
43,96,0.5766622480203876
43,103,0.5317879931463685
43,113,0.40448393813133593
43,121,0.4014334566256882
43,124,0.5355081339868091
43,166,0.5395387984467507
43,201,0.5299880904338163
43,210,0.27896490460944273
43,270,0.35716009332952253
43,291,0.5272493919979927
44,35,0.46031081788133554
44,43,0.4711972739431296
44,57,0.48586954670916727
44,110,0.4885910116232547
44,113,0.4040997161632572
44,124,0.4619791884229623
44,166,0.45976937680098207
44,205,0.4615409499530233
44,210,0.27842664355658037
44,212,0.4600364041148707
44,214,0.46973525232436136
44,241,0.21517110197890418
44,291,0.4610387965463658
45,31,0.5220895751755665
45,35,0.5449670880641807
45,38,0.5754082333896142
45,53,0.508176657154298
45,54,0.5899072417176401
45,60,0.49812992378684806
45,73,0.541894408076178
45,85,0.6325037944439819
45,88,0.4838854190172051
45,89,0.5364213537342052
45,90,0.5239909575912791
45,95,0.5883759281776046
45,100,0.5114534873171342
45,103,0.591868467455118
45,111,0.5893688565106653
45,114,0.5512626436643221
45,121,0.4052372832726622
45,124,0.5903422079226754
45,125,0.5407628316771055
45,148,0.500242964592567
45,159,0.5400699828395559
45,183,0.4495497241104884
45,189,0.5296627356451954
45,203,0.5979910401304268
45,213,0.5871270191370321
45,219,0.4890889738872791
45,222,0.5390942103015247
45,228,0.4866041011484227
45,231,0.6098164759055037
45,242,0.47605528804025643
45,253,0.5905811171565273
45,261,0.4964008588430315
45,291,0.5986320032947982
45,299,0.49252767574782946
46,14,0.6665457100827318
46,19,0.6582743377361209
46,28,0.6589685408506553
46,33,0.6574658810993801
46,37,0.6597559628582962
46,43,0.5298670973435451
46,47,0.6532305086046667
46,51,0.6534828170672532
46,93,0.5832831551128802
46,96,0.6044314999680477
46,110,0.6018364988319854
46,112,0.5997790244968736
46,151,0.6573043084265308
46,153,0.5656393114056778
46,166,0.5966481142848087
46,172,0.6533222881107621
46,213,0.587199252021888
46,250,0.6551261736793605
46,291,0.6054090270154502
47,19,0.6376565019349131
47,22,0.583498707507318
47,40,0.6221914301800159
47,46,0.6532305086046667
47,50,0.625335452415552
47,51,0.6246110551549541
47,149,0.45595029288511346
47,150,0.6359566698940871
47,164,0.6461908802510571
47,166,0.598054215464869
47,173,0.637757266424441
47,204,0.6378916929703915
47,221,0.6218748857504559
48,23,0.5633691240631209
48,30,0.48488934452946153
48,71,0.5605072895831547
48,91,0.5553241959236238
48,95,0.5603992350085043
48,103,0.5579146646890084
48,108,0.5538339731071551
48,112,0.557650047758249
48,121,0.41457358622001345
48,124,0.5591997421987179
48,158,0.5508365785609394
48,159,0.535555313525904
48,180,0.5610488437794716
48,245,0.5410097343401847
48,299,0.48793038187959453
49,10,0.6230667904567749
49,14,0.6961319141667337
49,27,0.6527030249460749
49,32,0.718199243625232
49,37,0.7073466262457174
49,40,0.69411786968396
49,41,0.5625288939518144
49,42,0.6505284360203776
49,50,0.7041488166087612
49,65,0.626258879272663
49,70,0.6685737873531561
49,71,0.6419714516013064
49,91,0.6873974207274405
49,107,0.6267428862877493
49,128,0.5552268351751041
49,147,0.715932562673987
49,152,0.701421174064177
49,164,0.6591537867165613
49,180,0.6470308583638236
49,181,0.6354321142903213
49,190,0.6423999383059024
49,198,0.6531157444465616
49,199,0.6967435839485645
49,203,0.6530356041639426
49,204,0.7112829210855476
49,205,0.6277012508057006
49,220,0.7080425551676822
49,221,0.693398872908494
49,252,0.6675766131300976
49,277,0.590933779855643
49,294,0.6371639712437401
50,28,0.730628467383449
50,36,0.7292568821720588
50,37,0.7288728170955088
50,40,0.7481577609902745
50,47,0.625335452415552
50,49,0.7041488166087612
50,57,0.599410631340673
50,58,0.6640105770329535
50,63,0.7326715353664401
50,85,0.675774621000557
50,91,0.6775097885898551
50,95,0.6880131012891415
50,102,0.6913804378862064
50,108,0.6341610336586133
50,110,0.587890253990463
50,111,0.7276832796892884
50,116,0.6640920372436857
50,117,0.6336155519366877
50,124,0.6146976025528476
50,147,0.7513308630912745
50,150,0.732568645896818
50,152,0.7353399938504477
50,168,0.6887385406971905
50,172,0.7406147732602391
50,173,0.6717635164877889
50,180,0.6531732431374251
50,190,0.6544472491792255
50,199,0.7475665690189892
50,200,0.6127467334587353
50,202,0.6561163129981565
50,203,0.6627406840831959
50,205,0.6160052732945668
50,231,0.668456425115156
50,250,0.7147767375249163
51,11,0.6506316274989493
51,14,0.7514232823688244
51,17,0.6566926719141409
51,27,0.6406873497938537
51,33,0.7427117746093655
51,40,0.7570527333728773
51,46,0.6534828170672532
51,47,0.6246110551549541
51,63,0.7459667275661531
51,147,0.7457440476216132
51,151,0.7276449416617257
51,152,0.7573188030446819
51,156,0.7043963586202017
51,168,0.6881704351212702
51,172,0.7539745804400364
51,181,0.6172071889483209
51,199,0.7502234705591636
51,202,0.6554139148549463
51,203,0.6522217066126941
51,204,0.7266616143869449
51,218,0.6678462645292708
51,221,0.6912466997149747
51,252,0.6643370890692649
51,294,0.6435516029434637
52,14,0.6834009493284661
52,37,0.6849990431378963
52,40,0.6907978503486409
52,147,0.683761256215499
52,150,0.6783192423924127
52,152,0.6895131596669576
52,172,0.6800010064667155
52,181,0.623920370848743
52,186,0.6059407763046724
52,199,0.6915990951283109
52,204,0.6886176024308013
52,211,0.7088263978081402
52,218,0.6672951485187609
52,294,0.6430431395055537
53,5,0.4083734984109713
53,26,0.43392715472363924
53,45,0.508176657154298
53,55,0.49021509198390956
53,67,0.5198115199098734
53,96,0.5130098804598089
53,103,0.5067413440809196
53,124,0.5064654392748809
53,133,0.42475853146468306
53,160,0.5011219738911419
53,166,0.5163176586246438
53,179,0.5000232111035826
53,235,0.5092842251123437
53,262,0.4408013816059215
53,270,0.3511709700727903
53,277,0.5136945057215577
53,290,0.42291993360752045
54,14,0.6934721080194798
54,23,0.5862304221451325
54,28,0.7019882926070855
54,29,0.5771491963360239
54,35,0.5260472178413018
54,40,0.6932773073916999
54,41,0.5583853203740292
54,42,0.660393372242483
54,45,0.5899072417176401
54,58,0.6480542439179681
54,59,0.6493074884445494
54,63,0.6968904987161836
54,65,0.6403051063131346
54,69,0.5790477517355048
54,93,0.5827505887022862
54,95,0.6835689590091042
54,107,0.6191180447778306
54,108,0.6301201660437439
54,110,0.5847189953909606
54,119,0.6464401605054243
54,130,0.5676795176803314
54,152,0.6964624511977376
54,153,0.5652521594811426
54,158,0.6191069033361678
54,160,0.6396080698623884
54,162,0.6697611121995352
54,173,0.6529667214506255
54,190,0.6506315325639163
54,198,0.6449321233962872
54,199,0.6923281430256327
54,203,0.6587487591633636
54,204,0.6975027686071342
54,209,0.6575928863328715
54,211,0.6938376825022059
54,220,0.6989127454465921
54,244,0.6189006723178427
54,250,0.7013104573863204
54,252,0.6645937897772183
55,10,0.492623434199302
55,24,0.4840300940779473
55,29,0.49609559211176074
55,53,0.49021509198390956
55,69,0.4987251425994989
55,87,0.4365793980241095
55,133,0.42405769118978326
55,164,0.48021128222519827
55,166,0.4816472474136456
55,191,0.4837918924567563
55,208,0.48883110857276896
55,213,0.48887393797950973
55,256,0.3870217240912683
55,260,0.40454734929724623
55,275,0.3960274837852552
56,10,0.5592290533519855
56,32,0.5640128210731737
56,35,0.5501887902586988
56,60,0.4821806024288037
56,70,0.5874776240002075
56,84,0.4390860508830225
56,86,0.378404427628318
56,90,0.5216952936439424
56,94,0.5752870093141812
56,102,0.5604778160224507
56,109,0.5041588947211932
56,115,0.5341087758491557
56,140,0.5058882770635401
56,146,0.3896804289579903
56,149,0.4776630298095254
56,164,0.5664744431935232
56,198,0.5703576406508922
56,203,0.5649346475495153
56,205,0.5664947217025768
56,212,0.5149139157457993
56,216,0.409860701777214
56,224,0.3708581544731779
56,254,0.5299883052440981
56,258,0.5628747704484569
57,35,0.5506046777269166
57,37,0.6048035353648828
57,44,0.48586954670916727
57,50,0.599410631340673
57,60,0.4872710245744785
57,73,0.5151948949091065
57,85,0.6097839003500054
57,111,0.6087992896488131
57,125,0.5336119853543653
57,148,0.49125808947395244
57,150,0.6048563125220545
57,158,0.5964175658734577
57,159,0.5246171544760058
57,213,0.5763084833257074
57,214,0.5522411737441038
57,220,0.6001583421502444
57,250,0.6060153188902407
57,258,0.6087992797786804
57,291,0.6040280202978472
58,10,0.6107271695321445
58,19,0.6472126067152236
58,33,0.6470193798264103
58,36,0.6651188757739607
58,37,0.6497635383266234
58,41,0.578214012950832
58,50,0.6640105770329535
58,54,0.6480542439179681
58,85,0.6857937648896657
58,91,0.6537695317287473
58,93,0.5978440446687896
58,99,0.49117151501274386
58,114,0.5497352213699506
58,115,0.5199849599072008
58,130,0.5751154587841284
58,155,0.6222683237506532
58,211,0.6528404244761317
58,253,0.6643368628880266
58,284,0.5873435254401006
59,10,0.6203586219817037
59,23,0.5878490046381735
59,28,0.6609039531230348
59,29,0.5786206335915653
59,34,0.5568873118272742
59,41,0.5531048281384923
59,54,0.6493074884445494
59,64,0.5805038039060951
59,66,0.4685817099974348
59,89,0.523475910180402
59,112,0.5815240474220228
59,114,0.5405158576689985
59,117,0.6410136324548634
59,118,0.5927319272617514
59,128,0.5499959131265597
59,132,0.46497487002581167
59,142,0.47635551355613265
59,147,0.6441057143529131
59,150,0.6397428191041629
59,164,0.6477696314064724
59,166,0.6113061304294467
59,181,0.6215582164306312
59,187,0.5162725672114166
59,193,0.5559487591667669
59,197,0.5035922804938417
59,198,0.650928546550276
59,200,0.6024074758724599
59,204,0.6509744200782012
59,211,0.640034950581832
59,214,0.5395201846198903
59,219,0.48585292622910137
59,222,0.5294116215001253
59,223,0.5305097687946632
59,233,0.603360296892332
59,252,0.6555980684600761
59,254,0.5274531047403851
59,296,0.5609605151168476
60,10,0.48050661113452553
60,38,0.47653184439998314
60,45,0.49812992378684806
60,56,0.4821806024288037
60,57,0.4872710245744785
60,62,0.3770837416182067
60,66,0.4815373370882216
60,86,0.3780590941983547
60,125,0.4769084381402152
60,245,0.48431115669764924
60,254,0.48076792629138343
60,296,0.4758206715667487
61,4,0.13346902017049644
61,62,0.13947192451909815
61,81,0.16191763462503703
61,136,0.15121197863589855
61,175,0.1343772393054454
61,210,0.1651107072369837
61,243,0.14016944694000527
61,248,0.1348854072659042
61,263,0.14212490512582335
61,270,0.1395455499639685
61,281,0.12197880756136067
62,4,0.23759136728193206
62,60,0.3770837416182067
62,61,0.13947192451909815
62,66,0.3734330160058637
62,73,0.3596967494117832
62,120,0.3632202657872202
62,121,0.3940156122804605
62,125,0.35955138613011683
62,169,0.3652922246338753
62,197,0.36382636412764674
62,210,0.2780458926078862
62,228,0.38193594818900234
62,296,0.3641778909544421
63,14,0.7547562515097851
63,19,0.7109209772331578
63,28,0.7206250704773844
63,32,0.7124833103552523
63,33,0.747750620103301
63,37,0.7584368456372166
63,40,0.7925335328543608
63,50,0.7326715353664401
63,51,0.7459667275661531
63,54,0.6968904987161836
63,95,0.6721410452539189
63,111,0.7296922923352016
63,147,0.7571724787806234
63,151,0.7826989463486608
63,152,0.7771381681450854
63,172,0.8214996233232326
63,199,0.805159546432138
63,204,0.7360117437700443
63,220,0.7461895465885503
63,250,0.7145761173809483
63,253,0.7222976485050493
63,258,0.6745060822224717
64,10,0.5875810591743348
64,16,0.5617588564735044
64,23,0.5947129907995204
64,59,0.5805038039060951
64,82,0.5488570827697383
64,87,0.43691690247731807
64,88,0.4877330298299039
64,101,0.5422937831467343
64,137,0.49820882360291197
64,157,0.5418939775897791
64,162,0.6103947120218254
64,167,0.5865086819020356
64,177,0.47359497102839837
64,187,0.5265369698378564
64,190,0.5798211267052474
64,198,0.5951830145472081
64,203,0.5802999042404213
64,218,0.5876118150999529
64,239,0.4653420966420243
64,252,0.6041767811299692
64,276,0.4778894897395774
65,9,0.45802112540284873
65,11,0.6289703456182858
65,28,0.62457835254281
65,49,0.626258879272663
65,54,0.6403051063131346
65,70,0.6267321461577801
65,91,0.6381160070905608
65,160,0.630762479388813
65,178,0.5271846704503863
65,207,0.5985057749664446
65,242,0.490258304943253
65,250,0.6419148245243872
65,252,0.6309729852494733
65,253,0.636068359599497
65,284,0.5811668290544234
66,59,0.4685817099974348
66,60,0.4815373370882216
66,62,0.3734330160058637
66,93,0.4716525036586639
66,119,0.4697765457214926
66,140,0.4839705366029063
66,160,0.46835940262163483
66,166,0.4715951649437399
66,210,0.2835238885986167
66,213,0.47077614145605606
66,214,0.49569503910413387
66,216,0.39932385333770287
66,291,0.4842084964730868
67,42,0.5852533417200465
67,53,0.5198115199098734
67,71,0.5884998101600419
67,91,0.6157022710839625
67,94,0.6152590730619151
67,103,0.5884377585835019
67,111,0.5867972387445795
67,123,0.4947907855151771
67,165,0.5094276650383562
67,201,0.6080515684580408
67,221,0.5877353456264006
67,252,0.5900314078532234
67,258,0.5966168031770052
68,12,0.5458010314855477
68,25,0.4265674716525957
68,75,0.440770266957282
68,91,0.5470671382698021
68,94,0.5589445969949294
68,108,0.539473066867509
68,117,0.5633295495724888
68,119,0.541104917890925
68,178,0.5285382349448282
68,179,0.5442881596645848
68,201,0.5429513419688944
68,202,0.5406964469285893
68,235,0.5443640446694532
68,249,0.4341793351533837
68,251,0.48680064124753686
68,260,0.3982802605824198
68,261,0.4935147655519826
68,267,0.3860091051791235
68,272,0.5032385975057272
69,13,0.5728875645739689
69,27,0.6088101024752789
69,54,0.5790477517355048
69,55,0.4987251425994989
69,87,0.44420512161452425
69,94,0.576257746350753
69,98,0.5102510657290448
69,104,0.5114084641838885
69,105,0.46274250651077786
69,120,0.4367866634693192
69,123,0.5062166973654939
69,133,0.41383156563396695
69,162,0.5717517165469015
69,163,0.521402239905317
69,169,0.4951906078285944
69,187,0.5265644494144269
69,198,0.5834263528503602
69,209,0.5792408108988799
69,239,0.43599672780252174
69,252,0.6098910404375709
69,260,0.39698183740661647
69,272,0.4910939526053054
69,277,0.5796579412213843
69,294,0.5760758288250296
70,16,0.5393685425999015
70,23,0.6013611427451026
70,24,0.5368359816308249
70,28,0.6468263731689328
70,29,0.5679189598868997
70,41,0.5501310279375616
70,49,0.6685737873531561
70,56,0.5874776240002075
70,65,0.6267321461577801
70,91,0.6514091613960948
70,93,0.6263798358182967
70,99,0.490008664979981
70,107,0.61134954116443
70,110,0.5816874187516076
70,115,0.5195010621453254
70,124,0.6062069169779905
70,130,0.5904774027657312
70,150,0.648782975405471
70,164,0.6470532076105554
70,167,0.6640103213584713
70,168,0.6493415279716468
70,193,0.563151494198722
70,204,0.6700432394615556
70,211,0.6569119593214277
70,223,0.5271846106216753
70,233,0.5839186532118418
70,244,0.6149568391849733
70,247,0.5735821176228038
70,252,0.6623331464692819
70,277,0.6012341878608106
70,296,0.5422370870505316
71,19,0.6610897377031956
71,22,0.5795255806166111
71,28,0.6586329240783894
71,32,0.6461450269275387
71,33,0.6418472319063262
71,34,0.5653319388340365
71,40,0.6411600963783475
71,48,0.5605072895831547
71,49,0.6419714516013064
71,67,0.5884998101600419
71,90,0.5298674409615738
71,94,0.6416217413945042
71,96,0.6100840072941852
71,108,0.6361910818345715
71,112,0.5826176399851148
71,118,0.5726662205924106
71,123,0.4956519255060306
71,153,0.57761541026744
71,167,0.6453739804280255
71,168,0.6700196154650095
71,185,0.49397438587598014
71,193,0.557424460211006
71,200,0.6081476078497561
71,251,0.4877254309246526
71,253,0.6549076390055387
72,13,0.4989441314661075
72,24,0.49361034779446616
72,108,0.4985236507225936
72,117,0.49078365834437493
72,119,0.4913962691029295
72,137,0.5118753466942972
72,154,0.5174888682227446
72,187,0.4907057434960046
72,218,0.4901549522747396
72,237,0.29719791774279497
72,249,0.41663929161759045
72,280,0.4369471642236971
72,284,0.5250505440446049
73,45,0.541894408076178
73,57,0.5151948949091065
73,62,0.3596967494117832
73,93,0.525271946114963
73,96,0.5141104286026815
73,103,0.5125953964264491
73,124,0.5450436862801734
73,155,0.5099199370956118
73,159,0.5174797654062462
73,180,0.5096602193090641
73,183,0.4478005098812595
73,277,0.513469292585984
74,114,0.42889658578313417
74,125,0.428617599130179
74,157,0.4263875352520812
74,189,0.42736983877100404
74,192,0.43869321239533254
74,197,0.44640289059589405
74,210,0.27971083967595456
74,242,0.45015797264977575
74,247,0.4354000536298408
74,296,0.4347816672208148
74,299,0.4238868814174796
75,34,0.4419173416003281
75,68,0.440770266957282
75,96,0.44368291979694424
75,118,0.45217035830158975
75,122,0.45517448272881006
75,133,0.42674035786181036
75,142,0.45038723724838436
75,157,0.4382310572439533
75,161,0.4548223513345162
75,182,0.4045192396564888
75,191,0.4398887296454295
75,200,0.4423446134871478
75,275,0.39271041862705564
76,4,0.2664018671827415
76,81,0.3073413845987984
76,101,0.38402115668830494
76,129,0.18268673571217306
76,137,0.37814479106356347
76,142,0.38282273413463325
76,157,0.3728236069406404
76,163,0.3724116920903587
76,175,0.26783265104737386
76,178,0.375049561372187
76,197,0.3753006899893503
76,225,0.38010223331060783
76,229,0.37256157817796176
76,234,0.37458937562310957
76,248,0.2571704559926101
76,263,0.2649548937878847
77,15,0.3266362045162535
77,18,0.3301133660993371
77,39,0.32239025880802835
77,78,0.30813026921205783
77,105,0.34440925193290917
77,106,0.34755686969597066
77,145,0.20959555165358318
77,170,0.32415612238625896
77,229,0.33567881821692747
77,230,0.33189274378858324
77,286,0.3224468066233124
77,301,0.3308448126271479
78,21,0.31370516862587994
78,77,0.30813026921205783
78,105,0.3269173139514801
78,106,0.3043229008930965
78,126,0.30586606396845606
78,230,0.32864382251981883
78,232,0.3091874683559185
78,268,0.13205171827376397
78,269,0.31449329647753155
78,286,0.34040468629686793
78,293,0.23643886694772262
78,298,0.30514137601832775
79,80,0.34521447085093904
79,81,0.30000905388405774
79,83,0.3033039114302188
79,84,0.30468639513242757
79,132,0.30075751631521713
79,133,0.30107403883749057
79,136,0.2173894636648788
79,215,0.2927429282105903
79,216,0.3030373043869902
79,224,0.3139089670518092
79,243,0.2173930867962571
79,255,0.3051952743945464
79,265,0.1128823213084739
80,79,0.34521447085093904
80,81,0.33054264650449244
80,84,0.34140994852050377
80,140,0.35546460651194783
80,182,0.3501233208407003
80,195,0.33683025284292584
80,196,0.3394907774262476
80,215,0.33999798442268003
80,216,0.3589836382750709
80,225,0.3420409671284112
80,276,0.3396820725863671
81,61,0.16191763462503703
81,76,0.3073413845987984
81,79,0.30000905388405774
81,80,0.33054264650449244
81,83,0.3188374004684975
81,127,0.3065543557022142
81,129,0.18773120565229
81,136,0.2223157611732265
81,182,0.30500259219638853
81,196,0.31199117917824853
81,215,0.32198342596972207
81,216,0.3113394412343642
81,226,0.3050988241030026
81,243,0.2177369243669769
81,255,0.32668189793885816
82,10,0.5506239774934338
82,23,0.5368359032999547
82,64,0.5488570827697383
82,83,0.3813933469403644
82,87,0.43573685123917794
82,107,0.5334431327463764
82,117,0.5476051928711516
82,164,0.5393874572627912
82,176,0.46833491500789
82,177,0.4636782020395289
82,178,0.5192641438474339
82,182,0.4019412692476507
82,190,0.5555482354743252
82,201,0.5578459392137182
82,209,0.5470000771467728
82,239,0.4447514581238392
82,252,0.5438484529799041
82,255,0.39727425762990043
83,23,0.37771402080803596
83,79,0.3033039114302188
83,81,0.3188374004684975
83,82,0.3813933469403644
83,86,0.3729743118704299
83,88,0.39438295065710743
83,97,0.36659083266532355
83,132,0.3981478990781682
83,136,0.22123303360299668
83,140,0.38304461862930744
83,142,0.39925412127158283
83,177,0.3878433594032822
83,212,0.39701629752068224
83,215,0.3782978922788551
83,241,0.22357644630681323
83,248,0.2508759035426697
83,255,0.38296393315788885
83,263,0.2655418797558892
83,265,0.11629516630762178
84,56,0.4390860508830225
84,79,0.30468639513242757
84,80,0.34140994852050377
84,86,0.3845338924541263
84,88,0.45292542925370916
84,89,0.4826463806794481
84,110,0.4391942750303952
84,114,0.4458385654363847
84,122,0.43938676787630837
84,128,0.45221789366076665
84,142,0.44570544299609766
84,148,0.45666319431980607
84,177,0.4379463182557519
84,210,0.2856331968097442
84,216,0.40732734723679986
84,226,0.37588083702007447
85,32,0.6664403322435861
85,33,0.6718814076174331
85,36,0.6715982913363202
85,38,0.5398423827830376
85,43,0.5422080775401968
85,45,0.6325037944439819
85,50,0.675774621000557
85,57,0.6097839003500054
85,58,0.6857937648896657
85,95,0.6669321840059251
85,103,0.6181510223580773
85,111,0.6863237336396294
85,114,0.5786512207024241
85,124,0.6279217549562811
85,125,0.5339026007543434
85,130,0.5704980027311717
85,147,0.6685974335390821
85,151,0.6766653716844591
85,155,0.6341833342098611
85,158,0.6346063706318071
85,199,0.6726607224395964
85,214,0.5494648585516473
85,245,0.5402215330429906
86,4,0.2314065473897108
86,31,0.3780986300382121
86,34,0.38419679287951497
86,43,0.3785906113798213
86,56,0.378404427628318
86,60,0.3780590941983547
86,83,0.3729743118704299
86,84,0.3845338924541263
86,169,0.37989596011198307
86,183,0.37599284835965024
86,254,0.3736499791782722
87,0,0.39079750143432923
87,55,0.4365793980241095
87,64,0.43691690247731807
87,69,0.44420512161452425
87,82,0.43573685123917794
87,101,0.44026016863700534
87,104,0.4435579557118555
87,194,0.4009546005760708
87,208,0.4446891492249845
87,218,0.44128925887631515
87,233,0.4453141617973605
87,277,0.44798125368489955
88,10,0.4935231987700373
88,45,0.4838854190172051
88,64,0.4877330298299039
88,83,0.39438295065710743
88,84,0.45292542925370916
88,89,0.5033449823294889
88,97,0.32708960836446316
88,109,0.47307160370568696
88,118,0.49584336566084203
88,124,0.48391122966315414
88,132,0.4874598520280954
88,133,0.41959832524420687
88,177,0.46232824838179615
88,182,0.4045334713116823
88,195,0.37361036336788267
88,196,0.4235142395914317
88,224,0.37739535079201486
88,247,0.5108069939766232
88,254,0.5181072359685266
88,255,0.39792353640788314
88,291,0.5009636174341139
89,41,0.5350851712035941
89,45,0.5364213537342052
89,59,0.523475910180402
89,84,0.4826463806794481
89,88,0.5033449823294889
89,93,0.5231266748133271
89,102,0.5455511063729461
89,112,0.5372225704889128
89,116,0.5250872293405534
89,121,0.40013807832851994
89,127,0.501914661956881
89,148,0.49556460885594805
89,155,0.5276849646298236
89,216,0.39387033849673186
89,245,0.5316563232783156
89,291,0.5253731849584727
90,22,0.5410475127759226
90,45,0.5239909575912791
90,56,0.5216952936439424
90,71,0.5298674409615738
90,96,0.5284825314367317
90,100,0.5149142329706611
90,110,0.5162906133485412
90,164,0.5167625896690924
90,168,0.5149593768960288
90,208,0.5265649274812618
90,221,0.5164717709056897
90,226,0.37861702975552675
90,234,0.4126122058160507
91,10,0.610502295953218
91,12,0.6223010517017485
91,13,0.6384743750555313
91,28,0.6855408178610453
91,32,0.6964867915783512
91,37,0.6793444956407
91,40,0.6748497340750427
91,48,0.5553241959236238
91,49,0.6873974207274405
91,50,0.6775097885898551
91,58,0.6537695317287473
91,65,0.6381160070905608
91,67,0.6157022710839625
91,68,0.5470671382698021
91,70,0.6514091613960948
91,94,0.6515921712868409
91,103,0.6233730960496517
91,107,0.6088744356069198
91,111,0.679165343300673
91,119,0.6320262665334204
91,130,0.5800042410540358
91,142,0.4799583309884024
91,155,0.6061538671937777
91,160,0.6401924728633896
91,167,0.6754900284738832
91,185,0.4994702453354373
91,186,0.6104055086516542
91,222,0.5218145011036323
91,231,0.6532767217639606
91,250,0.674707624435485
91,253,0.7069742549978757
91,284,0.5835189947187839
91,291,0.6255883102927812
91,296,0.547730529428366
92,9,0.4620604151501221
92,11,0.55926849391943
92,13,0.56042853634729
92,24,0.5688575873919647
92,25,0.4544074848721924
92,26,0.4310329878634238
92,27,0.5889133299681467
92,42,0.5778589356078271
92,141,0.44056118976780284
92,165,0.510152740901526
92,174,0.4678496866700691
92,185,0.5088372688572242
92,186,0.5692270393468659
92,190,0.5644587186063087
92,207,0.5908609678355794
92,209,0.5687174675547236
92,227,0.47806539633023787
92,235,0.5513494318951261
92,252,0.5610490666310425
92,262,0.4175696807448885
92,267,0.39203486517551644
92,275,0.39452820883019135
93,46,0.5832831551128802
93,54,0.5827505887022862
93,58,0.5978440446687896
93,66,0.4716525036586639
93,70,0.6263798358182967
93,73,0.525271946114963
93,89,0.5231266748133271
93,94,0.5921180403493843
93,95,0.5825256700929026
93,102,0.5860039894478921
93,109,0.47790654287055884
93,115,0.5050185225716598
93,117,0.5908194908857157
93,119,0.5895134145013405
93,127,0.4898104326268747
93,201,0.5930439046596134
93,219,0.4879733776169208
93,251,0.5004625306797119
93,254,0.5277310784729904
94,12,0.6395407227340849
94,13,0.6466446389252107
94,14,0.6524164950655461
94,28,0.6710206401151848
94,37,0.6519239995161652
94,43,0.5325351386180547
94,56,0.5752870093141812
94,67,0.6152590730619151
94,68,0.5589445969949294
94,69,0.576257746350753
94,71,0.6416217413945042
94,91,0.6515921712868409
94,93,0.5921180403493843
94,96,0.6168172059256841
94,103,0.6244028691685183
94,108,0.632815026623837
94,124,0.6247538295269088
94,137,0.5007260081224517
94,155,0.6065903391543052
94,162,0.6543786711027662
94,198,0.6406085449903915
94,201,0.6469852234002402
94,204,0.6653995491912189
94,211,0.6526686134486682
94,213,0.5724047129772064
94,222,0.5217318967624449
94,235,0.5511848006148037
94,250,0.6616009910535382
94,253,0.6682452553360448
94,258,0.6744467438772104
94,277,0.598096045164076
95,19,0.6764041590882257
95,28,0.6731452229987755
95,41,0.5535327823160254
95,45,0.5883759281776046
95,48,0.5603992350085043
95,50,0.6880131012891415
95,54,0.6835689590091042
95,63,0.6721410452539189
95,85,0.6669321840059251
95,93,0.5825256700929026
95,96,0.6064838428156498
95,112,0.5923468979458684
95,119,0.6363924576078315
95,124,0.610394721917824
95,147,0.6706551789247754
95,155,0.6022806272030736
95,158,0.6441170028339874
95,186,0.6062388935577914
95,200,0.6054729565815851
95,201,0.638452316946619
95,220,0.6770577405921346
95,245,0.5346626161706179
95,253,0.6675649838559574
95,258,0.6776407042344476
96,30,0.47396935907850096
96,31,0.5334899833178101
96,32,0.6005169088248323
96,38,0.5509041412917067
96,42,0.610748428183102
96,43,0.5766622480203876
96,46,0.6044314999680477
96,53,0.5130098804598089
96,71,0.6100840072941852
96,73,0.5141104286026815
96,75,0.44368291979694424
96,90,0.5284825314367317
96,94,0.6168172059256841
96,95,0.6064838428156498
96,98,0.5120109580526342
96,100,0.5604973937088914
96,104,0.5120463794571918
96,110,0.5878802844963762
96,115,0.5152123520875962
96,120,0.4689603537167619
96,127,0.4861084245274647
96,132,0.45715360015100115
96,142,0.4764734026670352
96,162,0.6024712691823242
96,164,0.6171314648145634
96,173,0.5994105195846088
96,176,0.4693806076532182
96,179,0.5859837393436497
96,189,0.5279445037144574
96,191,0.5229338570525998
96,201,0.6096551821418911
96,227,0.47469430322910106
96,251,0.4888566916383279
96,254,0.5330495066408864
97,83,0.36659083266532355
97,88,0.32708960836446316
97,109,0.332061388516772
97,132,0.3452327615962604
97,136,0.24226008303362337
97,142,0.33271502101919825
97,177,0.32966178878595603
97,182,0.33403246280259297
97,183,0.34023115335353576
97,196,0.32845416407995237
97,217,0.3312695660545307
97,241,0.23683755458197578
97,248,0.25797562578559574
98,16,0.5064123247807436
98,23,0.5173616027281627
98,24,0.527341872463555
98,26,0.4399428267449939
98,34,0.5132350252251011
98,42,0.5043798852034078
98,69,0.5102510657290448
98,96,0.5120109580526342
98,101,0.5079895062570883
98,107,0.5088549478486771
98,123,0.49591264922068085
98,141,0.43334772917832054
98,194,0.3982733773712745
98,195,0.36830084387652295
98,209,0.5053820473116247
98,217,0.46999882472059284
98,236,0.42182237526116745
98,246,0.3946736228824715
98,256,0.400469115391725
98,267,0.39173199256735186
98,272,0.48914887574677474
98,276,0.4631574061468488
99,10,0.49038767251372756
99,23,0.5297184261414324
99,27,0.48986242531576635
99,58,0.49117151501274386
99,70,0.490008664979981
99,108,0.5114262822575556
99,117,0.49157724304712
99,119,0.4902150125080013
99,194,0.3972399361313418
99,222,0.4895097425309119
99,227,0.4746693535781359
99,245,0.4899140105025044
100,17,0.5077480335803641
100,45,0.5114534873171342
100,90,0.5149142329706611
100,96,0.5604973937088914
100,102,0.5044327129245261
100,110,0.5068037735749307
100,118,0.5055239743017093
100,164,0.5000581598998478
100,166,0.5168616772970597
100,210,0.28022697648920314
100,219,0.4931248506571692
100,234,0.41089138903276384
100,261,0.4924500748290119
100,270,0.3430938114122874
100,276,0.4673896555977021
100,291,0.5034063200783193
101,11,0.5254470035838592
101,16,0.5263059130115528
101,17,0.5243689807851001
101,18,0.3966054618873022
101,24,0.527202944165856
101,27,0.528658993161429
101,64,0.5422937831467343
101,76,0.38402115668830494
101,87,0.44026016863700534
101,98,0.5079895062570883
101,105,0.4676940533299341
101,137,0.49697648684291773
101,193,0.5347943412846619
101,194,0.40206178961433703
101,209,0.5446131434267173
101,218,0.5256687986754432
101,225,0.45846335045834613
101,229,0.500146170993801
101,238,0.42077188152574413
101,239,0.4366100894194624
101,252,0.5304908945273172
101,276,0.5040786194755517
102,28,0.6907613940374728
102,32,0.6789626979292683
102,36,0.694934979619066
102,37,0.6825014675922916
102,40,0.683101058276969
102,50,0.6913804378862064
102,56,0.5604778160224507
102,89,0.5455511063729461
102,93,0.5860039894478921
102,100,0.5044327129245261
102,111,0.6911133375586711
102,112,0.5929712796687098
102,116,0.6505517603876876
102,124,0.6095700571168343
102,147,0.6887868917999594
102,153,0.566852791810667
102,173,0.6571656870705209
102,179,0.5892236700504279
102,205,0.6040600239466485
102,220,0.6776642096625581
102,231,0.6709853009593343
102,247,0.5797700146881478
102,250,0.6888352853840863
102,291,0.6108023108404494
103,28,0.6230116541642945
103,31,0.5335087869748033
103,32,0.6254235851429195
103,38,0.553853170563017
103,43,0.5317879931463685
103,45,0.591868467455118
103,48,0.5579146646890084
103,53,0.5067413440809196
103,67,0.5884377585835019
103,73,0.5125953964264491
103,85,0.6181510223580773
103,91,0.6233730960496517
103,94,0.6244028691685183
103,108,0.6205332454131324
103,111,0.6197597736164769
103,112,0.5816771206464545
103,114,0.5553631314974645
103,122,0.5143086813011679
103,125,0.5487800998848011
103,130,0.5675800735844501
103,155,0.603657149466849
103,157,0.5451393409243652
103,166,0.5951936916813718
103,168,0.617738694882261
103,201,0.6314606253452146
103,214,0.5392072396335662
103,228,0.47303807700396955
103,245,0.5342965189920587
103,254,0.5276475118616794
103,258,0.6429869286924087
104,0,0.380496127800325
104,69,0.5114084641838885
104,87,0.4435579557118555
104,96,0.5120463794571918
104,162,0.5133069802363134
104,164,0.5102061153579144
104,170,0.4143409750355211
104,179,0.5104480784377241
104,181,0.5087031991055431
104,193,0.5137762456743138
104,208,0.540174082555858
104,229,0.48879696027829195
104,236,0.43388895621568013
104,238,0.4307155234510554
104,252,0.5144441241339045
104,256,0.39518635148922054
104,294,0.5230715797996344
105,15,0.4293859508134365
105,16,0.5000844521491494
105,18,0.42769308159772124
105,21,0.3945416668158405
105,69,0.46274250651077786
105,77,0.34440925193290917
105,78,0.3269173139514801
105,101,0.4676940533299341
105,106,0.45053735979084764
105,123,0.4727973090762974
105,126,0.42977848167865385
105,135,0.40209701012493826
105,141,0.43693215351215076
105,154,0.46402830499337966
105,187,0.5070621754973887
105,207,0.4817066595580862
105,229,0.48788741366021976
105,230,0.4110289066235817
105,234,0.40326349076656914
105,237,0.29363322524022695
105,239,0.43609693641730934
105,246,0.43213984079575074
105,269,0.32742900723101337
105,271,0.3432379744427621
105,277,0.47426065699516073
105,280,0.41422460422568264
105,284,0.46885270759438935
105,286,0.36149530137030994
105,287,0.38714277326305047
105,301,0.4202771116899458
106,7,0.28319100396038865
106,16,0.4088541288154229
106,21,0.3828226596566716
106,77,0.34755686969597066
106,78,0.3043229008930965
106,105,0.45053735979084764
106,143,0.24261315920037052
106,145,0.19595746574943046
106,170,0.41943628173491593
106,171,0.3853184353479523
106,187,0.40541484065118977
106,229,0.42894175788845734
106,230,0.40419997232783994
106,232,0.3642161286818563
106,246,0.3949991657679173
106,257,0.3476297628439065
106,269,0.35139825358484295
106,274,0.27537324929098006
106,285,0.4097884985603232
106,287,0.39417481966064327
106,298,0.39246850379389325
106,300,0.34012343774037196
106,301,0.39495087045184685
107,49,0.6267428862877493
107,54,0.6191180447778306
107,70,0.61134954116443
107,82,0.5334431327463764
107,91,0.6088744356069198
107,98,0.5088549478486771
107,123,0.4945299220178536
107,157,0.5406774995120155
107,162,0.6140718299633002
107,178,0.5313861633870537
107,185,0.4943913180838614
107,203,0.6126068247218164
107,211,0.6099872146088224
107,218,0.624731703565891
107,238,0.42953726961082905
107,252,0.6192266090482205
107,294,0.6122519875990109
108,13,0.633927310617048
108,23,0.5870960077968923
108,24,0.5385450037984053
108,28,0.6409914450511157
108,32,0.6454305987368384
108,48,0.5538339731071551
108,50,0.6341610336586133
108,54,0.6301201660437439
108,68,0.539473066867509
108,71,0.6361910818345715
108,72,0.4985236507225936
108,94,0.632815026623837
108,99,0.5114262822575556
108,103,0.6205332454131324
108,119,0.6468032924745409
108,122,0.5258994777478023
108,125,0.5308823084872342
108,137,0.5095617274545016
108,154,0.5539313231082322
108,165,0.5031854624732683
108,189,0.5326190475579323
108,201,0.632225939630495
108,245,0.5425895182750152
108,247,0.576905909303997
108,253,0.6418924342178663
108,277,0.5891100556557031
108,284,0.5769564461150528
108,296,0.5585222516842034
109,35,0.46679096701816014
109,41,0.4654978755910427
109,56,0.5041588947211932
109,88,0.47307160370568696
109,93,0.47790654287055884
109,97,0.332061388516772
109,110,0.4803128535754386
109,118,0.48746822919767097
109,130,0.4792262955845567
109,205,0.4760801561703301
109,296,0.4793859141475422
110,19,0.5830167307542342
110,30,0.48063312494278887
110,31,0.5281021206637831
110,36,0.5786915572589926
110,44,0.4885910116232547
110,46,0.6018364988319854
110,50,0.587890253990463
110,54,0.5847189953909606
110,70,0.5816874187516076
110,84,0.4391942750303952
110,90,0.5162906133485412
110,96,0.5878802844963762
110,100,0.5068037735749307
110,109,0.4803128535754386
110,113,0.4078217085972088
110,120,0.44587781595831283
110,149,0.44954179450359294
110,159,0.5434669246022765
110,164,0.5951938846724547
110,173,0.5920036087192092
110,185,0.49155149370068213
110,212,0.49423482011219494
110,219,0.4982438071388533
110,221,0.5908505408503025
111,33,0.7171403657719836
111,36,0.7098854524703259
111,37,0.7311803164459172
111,40,0.7303333928705225
111,45,0.5893688565106653
111,50,0.7276832796892884
111,57,0.6087992896488131
111,63,0.7296922923352016
111,67,0.5867972387445795
111,85,0.6863237336396294
111,91,0.679165343300673
111,102,0.6911133375586711
111,103,0.6197597736164769
111,147,0.7322469994445765
111,151,0.7295385585663593
111,152,0.714450416325974
111,158,0.6295118384726797
111,172,0.72562867214427
111,180,0.6494101651272813
111,199,0.7225891131957506
111,258,0.6840855409459478
111,291,0.6048667022880434
112,19,0.5780620408513535
112,46,0.5997790244968736
112,48,0.557650047758249
112,59,0.5815240474220228
112,71,0.5826176399851148
112,89,0.5372225704889128
112,95,0.5923468979458684
112,102,0.5929712796687098
112,103,0.5816771206464545
112,114,0.5389044886391535
112,159,0.5429514211920815
112,189,0.5261764535585527
112,197,0.4990670282791536
112,213,0.5782655831111261
112,219,0.512892397521689
112,228,0.46985880823308346
112,231,0.5925859843896009
112,258,0.5899487215770445
112,299,0.48329933121186097
113,30,0.4025841620283265
113,31,0.42475121130608867
113,43,0.40448393813133593
113,44,0.4040997161632572
113,110,0.4078217085972088
113,114,0.41251859747190983
113,146,0.3905709359993965
113,155,0.40412864184835023
113,166,0.4112954446011196
113,197,0.4087396303615842
113,214,0.40593541598492594
114,45,0.5512626436643221
114,58,0.5497352213699506
114,59,0.5405158576689985
114,74,0.42889658578313417
114,84,0.4458385654363847
114,85,0.5786512207024241
114,103,0.5553631314974645
114,112,0.5389044886391535
114,113,0.41251859747190983
114,121,0.41118046911720535
114,124,0.5547877537161013
114,149,0.4494078359023913
114,155,0.5691770457680523
114,179,0.5465294617090514
114,201,0.5399464648904889
114,214,0.5363645672334322
114,215,0.42625326162912053
114,228,0.47641450467013796
114,251,0.4846167302216337
115,10,0.5124962874958607
115,41,0.5139835773171912
115,56,0.5341087758491557
115,58,0.5199849599072008
115,70,0.5195010621453254
115,93,0.5050185225716598
115,96,0.5152123520875962
115,127,0.48508517630705505
115,148,0.49130926405827835
115,182,0.3983015695887111
115,195,0.3645105270411879
115,198,0.5214937116795644
115,205,0.520953837784035
115,224,0.3738859195363088
115,291,0.5130275048055435
116,19,0.6491248518831061
116,22,0.5810645371437589
116,28,0.649056550043849
116,36,0.6616008087085353
116,37,0.647940355022377
116,40,0.6467921745012095
116,41,0.5528621799344983
116,50,0.6640920372436857
116,89,0.5250872293405534
116,102,0.6505517603876876
116,147,0.6601848406121344
116,150,0.663497394439956
116,179,0.5889340059457853
116,205,0.617565188265709
116,212,0.4833675594645696
116,223,0.5297834329865551
116,231,0.6676116645224234
116,233,0.5870646554552406
116,245,0.5333404425937741
117,16,0.5360067853777853
117,23,0.6013927028410788
117,24,0.5408105618462301
117,28,0.6383510985280412
117,35,0.5261858799709339
117,37,0.631604653084522
117,50,0.6336155519366877
117,59,0.6410136324548634
117,68,0.5633295495724888
117,72,0.49078365834437493
117,82,0.5476051928711516
117,93,0.5908194908857157
117,99,0.49157724304712
117,118,0.5742371905856248
117,119,0.6327038235578587
117,122,0.5206066226223218
117,142,0.486057452812475
117,155,0.5966275060322548
117,156,0.6354433074209739
117,157,0.534437121633438
117,163,0.5125141102341197
117,178,0.5216587734384197
117,179,0.5933775179555039
117,187,0.5256962542498708
117,189,0.5354330928755483
117,191,0.527499685789114
117,204,0.6311610235015409
117,218,0.6303856079008977
117,220,0.6338382775775366
117,222,0.5215210633344006
117,227,0.4877419335885598
117,245,0.5441539682094819
117,247,0.5688770842593562
117,250,0.6471556484757933
117,277,0.5957372771136392
118,17,0.5763486939511069
118,27,0.5768448089812929
118,35,0.5274166688619859
118,59,0.5927319272617514
118,71,0.5726662205924106
118,75,0.45217035830158975
118,88,0.49584336566084203
118,100,0.5055239743017093
118,109,0.48746822919767097
118,117,0.5742371905856248
118,132,0.46069928453952524
118,140,0.504548462589724
118,164,0.5699569468821347
118,177,0.46222252926953517
118,190,0.5680285196481806
118,200,0.5748223112658174
118,205,0.5780818695908571
118,215,0.424616998627748
118,219,0.4919660778128268
118,224,0.37432643355117723
118,236,0.42671752047132305
118,251,0.49694176147977487
118,252,0.5836013143954683
118,276,0.47705933375048054
119,28,0.6409801126243396
119,32,0.6361239011246153
119,38,0.5414852752999795
119,54,0.6464401605054243
119,66,0.4697765457214926
119,68,0.541104917890925
119,72,0.4913962691029295
119,91,0.6320262665334204
119,93,0.5895134145013405
119,95,0.6363924576078315
119,99,0.4902150125080013
119,108,0.6468032924745409
119,117,0.6327038235578587
119,137,0.5091501779232479
119,165,0.5086139460931436
119,167,0.6307620959060527
119,178,0.5334525077206476
119,197,0.5044772118968882
119,223,0.5372887160090157
119,229,0.48454026574516423
119,242,0.48550331117254986
119,244,0.6011816707115001
119,245,0.5445843290583735
119,250,0.638351051956462
119,252,0.6292465248026748
119,291,0.6163732253312696
119,296,0.5434190040420607
120,4,0.23249428109829745
120,31,0.4418866066800335
120,34,0.44239094376035054
120,38,0.44902906503348533
120,62,0.3632202657872202
120,69,0.4367866634693192
120,96,0.4689603537167619
120,110,0.44587781595831283
120,128,0.4429821592736605
120,166,0.4494786833182232
120,175,0.2721139259561724
120,179,0.4345751629636329
120,223,0.4419176568413547
121,43,0.4014334566256882
121,45,0.4052372832726622
121,48,0.41457358622001345
121,62,0.3940156122804605
121,89,0.40013807832851994
121,114,0.41118046911720535
121,159,0.42493757374378704
121,183,0.4046684411443699
121,222,0.40752083763023694
121,228,0.4311089832060582
121,241,0.21454867334423397
121,270,0.3440289092168915
121,296,0.40791484632437225
122,41,0.5194920334227504
122,75,0.45517448272881006
122,84,0.43938676787630837
122,103,0.5143086813011679
122,108,0.5258994777478023
122,117,0.5206066226223218
122,125,0.5151220321935905
122,179,0.5183072568089073
122,201,0.5305840854922631
122,245,0.5128018774237773
122,247,0.5483563269018454
122,277,0.5114987051450458
123,5,0.4167930107245068
123,23,0.4937056603983479
123,25,0.4363110818000024
123,67,0.4947907855151771
123,69,0.5062166973654939
123,71,0.4956519255060306
123,98,0.49591264922068085
123,105,0.4727973090762974
123,107,0.4945299220178536
123,161,0.5014653115900688
123,162,0.5045305855806141
123,174,0.47597131560357836
123,181,0.5032739423847572
123,207,0.4938009113491364
123,234,0.3985814173886153
123,246,0.40071474038859217
123,280,0.4115994827080336
123,290,0.3765951166294936
124,30,0.4708914588228209
124,31,0.5426275301888138
124,38,0.5479227098318484
124,43,0.5355081339868091
124,44,0.4619791884229623
124,45,0.5903422079226754
124,48,0.5591997421987179
124,50,0.6146976025528476
124,53,0.5064654392748809
124,70,0.6062069169779905
124,73,0.5450436862801734
124,85,0.6279217549562811
124,88,0.48391122966315414
124,94,0.6247538295269088
124,95,0.610394721917824
124,102,0.6095700571168343
124,114,0.5547877537161013
124,125,0.5310594681865192
124,142,0.4821295344991207
124,148,0.4916636020636254
124,155,0.6135332734349775
124,158,0.6028729905779361
124,159,0.5294671654178782
124,183,0.44880008433257124
124,197,0.5092309470981367
124,242,0.5011925109971107
124,245,0.5380346400912405
124,247,0.58329356676112
124,251,0.5024086418927539
124,258,0.6081584633303495
124,291,0.6103410186957603
124,299,0.4991546464340558
125,10,0.5288820540256971
125,38,0.5391128006916271
125,41,0.5342119776949913
125,45,0.5407628316771055
125,57,0.5336119853543653
125,60,0.4769084381402152
125,62,0.35955138613011683
125,74,0.428617599130179
125,85,0.5339026007543434
125,103,0.5487800998848011
125,108,0.5308823084872342
125,122,0.5151220321935905
125,124,0.5310594681865192
125,155,0.5357059268923066
125,196,0.42703993759283426
125,249,0.4275879202835124
125,255,0.40685582009714805
125,299,0.48119890968791895
126,5,0.3845473461782871
126,16,0.4533234496400261
126,18,0.4114257934623669
126,39,0.45801275677384096
126,78,0.30586606396845606
126,105,0.42977848167865385
126,154,0.4183842145830868
126,165,0.42573701309312934
126,169,0.42520647859249106
126,174,0.4671103099271244
126,229,0.43173778265475665
126,235,0.4302997704221896
126,260,0.4061412296973386
126,271,0.379528787452651
126,284,0.4240281227708388
126,286,0.3795426567809154
127,41,0.4890371187899077
127,81,0.3065543557022142
127,89,0.501914661956881
127,93,0.4898104326268747
127,96,0.4861084245274647
127,115,0.48508517630705505
127,128,0.4869801516494304
127,140,0.487519388376936
127,146,0.3890036359821677
127,148,0.4808273001283429
127,175,0.26515083130765676
127,182,0.39788189532574797
127,183,0.4563345543181933
127,192,0.4645422399417063
127,254,0.5022142354176572
127,255,0.39895941581796074
127,291,0.4815791839104352
128,27,0.5475286430034305
128,49,0.5552268351751041
128,59,0.5499959131265597
128,84,0.45221789366076665
128,120,0.4429821592736605
128,127,0.4869801516494304
128,160,0.5420273656656388
128,164,0.5486933602671925
128,173,0.556466534558686
128,197,0.541856219113343
128,198,0.5447853418223075
128,203,0.5469904596514575
128,212,0.485886482854262
128,219,0.4844044930667462
128,225,0.46470520974251656
128,242,0.4766745140450197
128,252,0.5464620633889345
128,255,0.402492365419502
129,0,0.18822020276466045
129,4,0.18346167723957352
129,76,0.18268673571217306
129,81,0.18773120565229
129,146,0.18501498080687703
129,175,0.18430165128456458
129,195,0.2177408003971315
129,224,0.20192080725646996
129,225,0.1917433649434429
129,243,0.1903478061646591
129,265,0.12111227284116466
130,54,0.5676795176803314
130,58,0.5751154587841284
130,70,0.5904774027657312
130,85,0.5704980027311717
130,91,0.5800042410540358
130,103,0.5675800735844501
130,109,0.4792262955845567
130,192,0.46552204127887337
130,197,0.5081499147372369
130,198,0.5776762925157046
130,201,0.5840313279505571
130,244,0.5736929187044558
130,253,0.5672810180738335
131,1,0.09203369547709188
131,3,0.1818962992197272
131,6,0.1724762179385265
131,134,0.18879593144355578
131,138,0.03314027051071214
131,139,0.17291279649429722
131,143,0.20953988524800488
131,171,0.17056618646547347
131,184,0.10192016528744888
131,206,0.19829424134170848
131,240,0.17413799436426292
131,264,0.19402722965377386
131,269,0.17666694854942178
132,22,0.4602542983338862
132,34,0.4587775392120782
132,59,0.46497487002581167
132,79,0.30075751631521713
132,83,0.3981478990781682
132,88,0.4874598520280954
132,96,0.45715360015100115
132,97,0.3452327615962604
132,118,0.46069928453952524
132,179,0.46156590547603893
132,195,0.36304128184951817
132,215,0.4261784608073828
132,223,0.47648139018226454
132,224,0.37489181230661156
132,225,0.4604964245225528
132,241,0.2175227345293109
132,248,0.255729050065821
132,254,0.45805284144413433
133,0,0.38425056342144825
133,16,0.4174960585559779
133,29,0.41960536611860594
133,53,0.42475853146468306
133,55,0.42405769118978326
133,69,0.41383156563396695
133,75,0.42674035786181036
133,79,0.30107403883749057
133,88,0.41959832524420687
133,146,0.38879149844934086
133,157,0.42421417482615553
133,235,0.41450759545263244
133,248,0.25461776580576356
133,277,0.4239609982205392
134,15,0.2530578530732935
134,18,0.26169029865881693
134,131,0.18879593144355578
134,139,0.23420720304475268
134,144,0.185714715346919
134,171,0.270564742236894
134,230,0.2626159030092576
134,232,0.27287012321630655
134,264,0.1821256388741881
134,268,0.12384797446463139
134,269,0.3063980642214448
134,285,0.2679782941390406
134,286,0.2575956570860676
134,297,0.17545803256594208
134,298,0.2618510593310802
134,300,0.25757736572237194
135,9,0.3952839284470053
135,15,0.40940762747413073
135,105,0.40209701012493826
135,154,0.39490284993912494
135,174,0.4182296238355129
135,187,0.38783731678414385
135,191,0.387435539943278
135,207,0.3947709900377825
135,246,0.3979100017718029
135,271,0.3444096595447431
135,301,0.3975956027083745
136,61,0.15121197863589855
136,79,0.2173894636648788
136,81,0.2223157611732265
136,83,0.22123303360299668
136,97,0.24226008303362337
136,175,0.21467319305893806
136,215,0.21139171824993278
136,216,0.21201652351538228
136,224,0.21192693180624614
136,226,0.2205931267506044
136,243,0.21268403192849572
136,265,0.12125910011552311
137,13,0.5065726622971198
137,42,0.49814750939203417
137,64,0.49820882360291197
137,72,0.5118753466942972
137,76,0.37814479106356347
137,94,0.5007260081224517
137,101,0.49697648684291773
137,108,0.5095617274545016
137,119,0.5091501779232479
137,154,0.5296904212910969
137,235,0.5049828832436203
137,249,0.4413591520056079
137,262,0.43192716848180196
138,1,0.08518677332936052
138,2,0.06697470282160124
138,3,0.03773759491181857
138,131,0.03314027051071214
138,184,0.056257744109790626
138,240,0.02830961327740191
138,264,0.029791433210008714
138,273,0.030021366423488384
138,279,0.05149127965809493
138,289,0.039065505413429145
139,1,0.0861495091888258
139,3,0.18895836079458667
139,6,0.23700790734930852
139,7,0.2325920246068428
139,131,0.17291279649429722
139,134,0.23420720304475268
139,143,0.22352871379186265
139,171,0.22058899967352372
139,240,0.21318111517637175
139,257,0.2155188325133091
139,269,0.21691238002416047
139,273,0.11521762423003724
139,274,0.21057261637290445
139,300,0.212434175524837
140,23,0.5051335795238673
140,29,0.5064034989051001
140,41,0.5058435306092938
140,56,0.5058882770635401
140,66,0.4839705366029063
140,80,0.35546460651194783
140,83,0.38304461862930744
140,118,0.504548462589724
140,127,0.487519388376936
140,142,0.4814607886751634
140,146,0.42115597779088504
140,166,0.5064034989051001
140,175,0.2676681182306555
140,215,0.41815657678398327
140,216,0.39563114087655943
140,228,0.5160822339517437
140,247,0.5183804440031008
140,254,0.5064120702649664
140,277,0.5172250689403045
140,278,0.29454271360394646
140,299,0.48404665220098336
141,13,0.43730830630167233
141,16,0.4306548388451871
141,20,0.3314668688897682
141,21,0.3951033967047513
141,24,0.4390552779767245
141,39,0.44921009351234453
141,92,0.44056118976780284
141,98,0.43334772917832054
141,105,0.43693215351215076
141,187,0.42995971662201327
141,189,0.43966490185961765
141,229,0.4504664550525628
141,280,0.3970305934887674
141,283,0.3409072895411924
141,292,0.3176863725297534
142,25,0.42664227849938774
142,29,0.4931856945782668
142,59,0.47635551355613265
142,75,0.45038723724838436
142,76,0.38282273413463325
142,83,0.39925412127158283
142,84,0.44570544299609766
142,91,0.4799583309884024
142,96,0.4764734026670352
142,97,0.33271502101919825
142,117,0.486057452812475
142,124,0.4821295344991207
142,140,0.4814607886751634
142,182,0.40955869837772113
142,183,0.4527986181195109
142,190,0.47602979608211365
142,201,0.4869886153185647
142,203,0.47431086837154596
143,2,0.0755974061832344
143,3,0.2174198462666518
143,6,0.23774630428599552
143,7,0.2417756861515851
143,106,0.24261315920037052
143,131,0.20953988524800488
143,139,0.22352871379186265
143,144,0.22597294069268267
143,171,0.26227460190699775
143,184,0.1217905532452738
143,206,0.267118128658436
143,230,0.24608954646525097
143,232,0.270945057324117
143,257,0.2589973677472256
143,264,0.19514690497169176
143,269,0.2678977402315431
143,273,0.12734627406070234
143,279,0.10751501894878698
143,285,0.2634146239617157
143,298,0.24738525464520691
144,1,0.08714945233385367
144,3,0.19588509861482056
144,6,0.18713917180267467
144,134,0.185714715346919
144,143,0.22597294069268267
144,145,0.19400233022075805
144,184,0.11686227552717414
144,206,0.21118025060529416
144,232,0.21811965662251517
144,240,0.20969051492921803
144,257,0.19476372652820667
144,268,0.12142951456940898
144,269,0.2210775604197905
144,273,0.12322755668028065
144,297,0.1606570359737965
145,21,0.1948560829197064
145,77,0.20959555165358318
145,106,0.19595746574943046
145,144,0.19400233022075805
145,230,0.1976511039511953
145,257,0.20046840558144943
145,268,0.12714966997387397
145,269,0.20058490298401915
145,285,0.20351617654417084
145,286,0.19460295747189946
145,287,0.19611967495511193
146,4,0.26120368775330227
146,56,0.3896804289579903
146,113,0.3905709359993965
146,127,0.3890036359821677
146,129,0.18501498080687703
146,133,0.38879149844934086
146,140,0.42115597779088504
146,148,0.40161648353371326
146,149,0.4329144925089656
146,189,0.394140210001358
146,210,0.2815193165975374
146,217,0.3909209801023795
146,226,0.375775243663148
146,254,0.3967167156113753
147,14,0.7389516639721179
147,19,0.7165489752760126
147,28,0.7232241957266766
147,32,0.7256542186067894
147,33,0.7325171472009242
147,36,0.7316044415047344
147,37,0.7456130330523895
147,40,0.7696001278004656
147,49,0.715932562673987
147,50,0.7513308630912745
147,51,0.7457440476216132
147,52,0.683761256215499
147,59,0.6441057143529131
147,63,0.7571724787806234
147,85,0.6685974335390821
147,95,0.6706551789247754
147,102,0.6887868917999594
147,111,0.7322469994445765
147,116,0.6601848406121344
147,150,0.7438866731331055
147,151,0.7507374482484915
147,152,0.7704656162320279
147,156,0.7045448227944474
147,164,0.6594313869943428
147,167,0.6879890417049648
147,172,0.7612925270142672
147,173,0.6593736661200102
147,199,0.7760605181961459
147,202,0.6780574765493587
147,204,0.7335986073952675
147,211,0.7130967127130546
147,220,0.7358307610331316
147,221,0.6832449523910155
147,231,0.6550569456651255
147,250,0.7168889176159314
148,22,0.49102503975416273
148,41,0.4962087046701531
148,45,0.500242964592567
148,57,0.49125808947395244
148,84,0.45666319431980607
148,89,0.49556460885594805
148,115,0.49130926405827835
148,124,0.4916636020636254
148,127,0.4808273001283429
148,146,0.40161648353371326
148,149,0.4659965374357691
148,183,0.4576914784779762
148,189,0.489715983171206
148,214,0.5022409097343152
148,215,0.42280856326909033
148,254,0.48671523897437435
149,22,0.4602948403687289
149,31,0.4640854459947202
149,35,0.45247262723741133
149,41,0.4634339821409999
149,47,0.45595029288511346
149,56,0.4776630298095254
149,110,0.44954179450359294
149,114,0.4494078359023913
149,146,0.4329144925089656
149,148,0.4659965374357691
149,205,0.4509175126134749
150,19,0.7128964311957311
150,27,0.637802302197776
150,33,0.7237957837153143
150,36,0.7293593390214915
150,37,0.729923051362174
150,40,0.7400166698168005
150,47,0.6359566698940871
150,50,0.732568645896818
150,52,0.6783192423924127
150,57,0.6048563125220545
150,59,0.6397428191041629
150,70,0.648782975405471
150,116,0.663497394439956
150,147,0.7438866731331055
150,151,0.7323756535423823
150,152,0.7345267706062665
150,164,0.6579278078047996
150,168,0.6926078694041569
150,172,0.7276321332762998
150,173,0.6757152723918844
150,190,0.6455777291093733
150,198,0.6519584457432589
150,199,0.7431031484154857
150,202,0.6557936685834942
150,203,0.6686563900543929
150,205,0.6161351024667101
150,221,0.6967928232174663
150,231,0.6527374170928479
150,233,0.6025239869020379
150,252,0.6825015035536277
151,14,0.7357274130017616
151,19,0.7101347607753996
151,33,0.7623494968624893
151,36,0.7096113267924609
151,37,0.7459536117882812
151,40,0.7838543913590993
151,46,0.6573043084265308
151,51,0.7276449416617257
151,63,0.7826989463486608
151,85,0.6766653716844591
151,111,0.7295385585663593
151,147,0.7507374482484915
151,150,0.7323756535423823
151,152,0.7418645588869063
151,158,0.6260276448678418
151,172,0.7965660801037429
151,173,0.6514203956966275
151,180,0.6597909165063452
151,186,0.6058448374069576
151,199,0.7880366537085516
151,250,0.7162218014430829
151,253,0.7233130404085149
152,14,0.7751343788063609
152,17,0.659362209139482
152,33,0.7341527608262647
152,37,0.7445270815922627
152,40,0.7830426749539258
152,49,0.701421174064177
152,50,0.7353399938504477
152,51,0.7573188030446819
152,52,0.6895131596669576
152,54,0.6964624511977376
152,63,0.7771381681450854
152,111,0.714450416325974
152,147,0.7704656162320279
152,150,0.7345267706062665
152,151,0.7418645588869063
152,156,0.6886298287161099
152,167,0.6879649676259392
152,172,0.7776704668794714
152,199,0.7801053070847768
152,202,0.656185429562925
152,203,0.6684918126160179
152,204,0.7555784319383485
152,211,0.7369170252088533
152,218,0.6770695187688095
152,220,0.7347332689271105
152,250,0.7155807197644556
152,253,0.7167504064066131
152,294,0.6466786961178828
153,13,0.5737834522096859
153,28,0.5663351031828159
153,46,0.5656393114056778
153,54,0.5652521594811426
153,71,0.57761541026744
153,102,0.566852791810667
153,186,0.5787830907195146
153,202,0.5756304645506164
153,221,0.5787219698513948
153,258,0.5880141624122454
154,5,0.3889147909624662
154,11,0.5563883671038897
154,13,0.5532504206378347
154,27,0.5485677233438018
154,39,0.4783259809972046
154,72,0.5174888682227446
154,105,0.46402830499337966
154,108,0.5539313231082322
154,126,0.4183842145830868
154,135,0.39490284993912494
154,137,0.5296904212910969
154,160,0.5673309554892835
154,161,0.4826804670780048
154,162,0.5507883117839603
154,165,0.5200672117766831
154,174,0.45928517467079527
154,187,0.5345025949022673
154,191,0.5160911197412636
154,207,0.5754791271684834
154,229,0.5040699159944003
154,235,0.550391836005272
154,236,0.4286855026472518
154,239,0.44144428224015336
154,249,0.4184283609129211
154,258,0.5572389750156268
154,261,0.4889598855043122
154,262,0.45176555728761764
154,272,0.4892262419944461
154,277,0.547913267099481
154,280,0.41901630758523684
155,32,0.5995368366691854
155,58,0.6222683237506532
155,73,0.5099199370956118
155,85,0.6341833342098611
155,89,0.5276849646298236
155,91,0.6061538671937777
155,94,0.6065903391543052
155,95,0.6022806272030736
155,103,0.603657149466849
155,113,0.40412864184835023
155,114,0.5691770457680523
155,117,0.5966275060322548
155,124,0.6135332734349775
155,125,0.5357059268923066
155,159,0.5310504968723775
155,214,0.5490984494277569
155,222,0.5249855647113557
155,231,0.6039010311008808
156,10,0.6151294584009634
156,11,0.6488058032921424
156,12,0.6169363438939004
156,22,0.5819735422483661
156,27,0.6402935316925237
156,28,0.6959366315296316
156,33,0.688230913939992
156,36,0.6913197803705847
156,37,0.6969762666232875
156,40,0.7052999896366233
156,51,0.7043963586202017
156,117,0.6354433074209739
156,147,0.7045448227944474
156,152,0.6886298287161099
156,164,0.6636605324801532
156,172,0.6978703929580129
156,208,0.6198143809495817
156,209,0.6403722276659004
156,220,0.6938862818933704
157,10,0.5396806799987821
157,23,0.5608818436935615
157,26,0.4304806389408774
157,27,0.549146603730488
157,64,0.5418939775897791
157,74,0.4263875352520812
157,75,0.4382310572439533
157,76,0.3728236069406404
157,103,0.5451393409243652
157,107,0.5406774995120155
157,117,0.534437121633438
157,133,0.42421417482615553
157,161,0.47859552208511896
157,164,0.5343620573373775
157,176,0.4589551016356006
157,177,0.46171953699630786
157,192,0.4675868494913683
157,212,0.48585246149399114
157,215,0.42060160426932514
157,225,0.44698329279151755
157,227,0.4814950567538661
157,244,0.5511557368449803
157,252,0.5420938742704954
157,255,0.4149742792601035
157,270,0.34398612088249997
157,272,0.4854085668895172
158,28,0.6214708097591028
158,36,0.6296000188156893
158,37,0.6255112612665346
158,38,0.5498214304000217
158,48,0.5508365785609394
158,54,0.6191069033361678
158,57,0.5964175658734577
158,85,0.6346063706318071
158,95,0.6441170028339874
158,111,0.6295118384726797
158,124,0.6028729905779361
158,151,0.6260276448678418
158,166,0.5996106060264708
158,214,0.5387059601842406
158,222,0.523034653741721
158,250,0.6191939373817981
158,258,0.6390914101824119
159,22,0.5535909736130453
159,30,0.47881355121039726
159,45,0.5400699828395559
159,48,0.535555313525904
159,57,0.5246171544760058
159,73,0.5174797654062462
159,110,0.5434669246022765
159,112,0.5429514211920815
159,121,0.42493757374378704
159,124,0.5294671654178782
159,155,0.5310504968723775
159,183,0.4454784893896054
159,231,0.5384598295510008
159,291,0.5328251805040972
160,11,0.632559565680299
160,13,0.6429191476145446
160,14,0.6354989360327299
160,53,0.5011219738911419
160,54,0.6396080698623884
160,65,0.630762479388813
160,66,0.46835940262163483
160,91,0.6401924728633896
160,128,0.5420273656656388
160,154,0.5673309554892835
160,164,0.6297440969263354
160,250,0.6330926989814842
160,252,0.6448075268304004
160,253,0.6329706206082533
161,16,0.4760889475426102
161,24,0.47683327494132066
161,75,0.4548223513345162
161,123,0.5014653115900688
161,154,0.4826804670780048
161,157,0.47859552208511896
161,163,0.4819773633553031
161,179,0.4788474134991184
161,187,0.47407764962541227
161,189,0.4768583692568708
161,191,0.48698027007662187
161,256,0.38431133219354413
161,260,0.40120741811453237
161,267,0.3903036476213778
161,270,0.3406079048728862
161,301,0.4001452921840671
162,16,0.539283360508213
162,23,0.5862306740074394
162,32,0.647530892851988
162,42,0.6666743855366535
162,54,0.6697611121995352
162,64,0.6103947120218254
162,69,0.5717517165469015
162,94,0.6543786711027662
162,96,0.6024712691823242
162,104,0.5133069802363134
162,107,0.6140718299633002
162,123,0.5045305855806141
162,154,0.5507883117839603
162,167,0.6630783134032482
162,187,0.5314422677217505
162,193,0.5532996656537728
162,204,0.6618451719616962
162,207,0.6295006783826798
162,209,0.6594203031896096
162,211,0.6963278612167135
162,252,0.6502888177515593
162,253,0.6500377003311476
163,5,0.388907911979604
163,9,0.4597211445514333
163,23,0.5478747161459361
163,24,0.5173435694807286
163,25,0.4287154444893116
163,27,0.5201763066246649
163,69,0.521402239905317
163,76,0.3724116920903587
163,117,0.5125141102341197
163,161,0.4819773633553031
163,169,0.48625396920379527
163,179,0.5190721691005352
163,192,0.46107114015392464
163,194,0.39902934224333636
163,198,0.5136042229286679
163,203,0.5160003111684452
163,227,0.4850850268830424
163,236,0.42990652647209315
163,244,0.542246177016449
163,276,0.4627179374798561
163,277,0.5137308681500405
163,290,0.38623961180732247
164,10,0.6131126943753686
164,12,0.6158972063962093
164,14,0.6608575646893065
164,22,0.5963339991510039
164,27,0.6417687370389463
164,29,0.5731189918552232
164,34,0.5860346723255548
164,40,0.6617867824737798
164,47,0.6461908802510571
164,49,0.6591537867165613
164,55,0.48021128222519827
164,56,0.5664744431935232
164,59,0.6477696314064724
164,70,0.6470532076105554
164,82,0.5393874572627912
164,90,0.5167625896690924
164,96,0.6171314648145634
164,100,0.5000581598998478
164,104,0.5102061153579144
164,110,0.5951938846724547
164,118,0.5699569468821347
164,128,0.5486933602671925
164,147,0.6594313869943428
164,150,0.6579278078047996
164,156,0.6636605324801532
164,157,0.5343620573373775
164,160,0.6297440969263354
164,166,0.618661064003624
164,168,0.6724361260670075
164,189,0.527286295042055
164,193,0.558287305276213
164,200,0.6049624936485716
164,201,0.6354765119496176
164,208,0.6073680780663001
164,217,0.48825616004985883
164,219,0.505808603897229
164,220,0.6582979051427716
164,221,0.6748853355719691
164,244,0.616232471072207
164,247,0.5774224575380535
164,258,0.6568194186350719
165,5,0.40196264379114244
165,24,0.5088640391977495
165,38,0.5030529715870301
165,67,0.5094276650383562
165,92,0.510152740901526
165,108,0.5031854624732683
165,119,0.5086139460931436
165,126,0.42573701309312934
165,154,0.5200672117766831
165,169,0.4864930044744661
165,174,0.4800761232602884
165,207,0.5142903959365908
165,235,0.5207986835992088
165,284,0.5057457271336613
166,28,0.5988737382246726
166,30,0.47515266496075037
166,31,0.5343998914050841
166,38,0.551204723921301
166,41,0.5664148241732417
166,43,0.5395387984467507
166,44,0.45976937680098207
166,46,0.5966481142848087
166,47,0.598054215464869
166,53,0.5163176586246438
166,55,0.4816472474136456
166,59,0.6113061304294467
166,66,0.4715951649437399
166,100,0.5168616772970597
166,103,0.5951936916813718
166,113,0.4112954446011196
166,120,0.4494786833182232
166,140,0.5064034989051001
166,158,0.5996106060264708
166,164,0.618661064003624
166,169,0.4976840424786414
166,173,0.6109198413311547
166,201,0.6110918375821585
166,214,0.5480000255476927
166,222,0.5218877562507949
166,228,0.47738618135085026
166,242,0.4820030097091521
166,250,0.5970150370776707
166,254,0.5287978850738235
167,11,0.6601965660924992
167,13,0.6394736263318285
167,14,0.7223611323979707
167,28,0.6795114392151257
167,40,0.7094864904667018
167,42,0.6574194515345041
167,64,0.5865086819020356
167,70,0.6640103213584713
167,71,0.6453739804280255
167,91,0.6754900284738832
167,119,0.6307620959060527
167,147,0.6879890417049648
167,152,0.6879649676259392
167,162,0.6630783134032482
167,181,0.6200646042397981
167,186,0.6077846031540092
167,199,0.6872524835634335
167,201,0.6284843789825549
167,204,0.681016783449761
167,207,0.6132850842802473
167,209,0.6428287318495246
167,211,0.714902348216491
167,220,0.6958388274347287
167,247,0.5723345319802021
167,253,0.7000306804277062
167,284,0.5868384380797114
167,294,0.6505400058145343
168,14,0.7062172654597054
168,22,0.5870340090649984
168,33,0.6976007358920151
168,40,0.7028764888976334
168,50,0.6887385406971905
168,51,0.6881704351212702
168,70,0.6493415279716468
168,71,0.6700196154650095
168,90,0.5149593768960288
168,103,0.617738694882261
168,150,0.6926078694041569
168,164,0.6724361260670075
168,172,0.6899856188651491
168,173,0.6534828276618159
168,179,0.5877768061772516
168,190,0.6440715890470563
168,202,0.661194068511801
168,208,0.6096338923584899
168,220,0.7002767122745353
168,221,0.6899249480997325
168,231,0.6622749541738179
168,233,0.5840827682942167
168,247,0.5732902907557952
168,253,0.7026790493688185
169,0,0.3842031338240525
169,24,0.49601765421123467
169,25,0.4329827187535417
169,29,0.4941392851829097
169,38,0.523991424826457
169,62,0.3652922246338753
169,69,0.4951906078285944
169,86,0.37989596011198307
169,126,0.42520647859249106
169,163,0.48625396920379527
169,165,0.4864930044744661
169,166,0.4976840424786414
169,201,0.49285651142361153
169,217,0.46908359933153443
169,244,0.4892347050419323
169,249,0.41934763829074
169,259,0.2773042762491155
169,277,0.5100358626552234
169,290,0.38010927082673535
170,7,0.26439782074724705
170,15,0.4217627043101536
170,20,0.3565772633331731
170,39,0.4050447523393638
170,77,0.32415612238625896
170,104,0.4143409750355211
170,106,0.41943628173491593
170,187,0.41135353460934376
170,188,0.2892470652712441
170,229,0.39740021440143874
170,237,0.29763142846882346
170,238,0.4138900809372866
170,257,0.37703742893319964
170,263,0.27178373906031555
170,274,0.29660301916970616
170,282,0.2605165050741112
170,283,0.36792574183990473
170,285,0.38867558606797886
170,286,0.3950344784910818
170,287,0.37926258723140105
170,298,0.4046036269157803
170,301,0.41389693879341344
171,6,0.22181646604807875
171,7,0.2684584704771416
171,15,0.4047107859239342
171,18,0.39286871646371363
171,20,0.38043000425283857
171,106,0.3853184353479523
171,131,0.17056618646547347
171,134,0.270564742236894
171,139,0.22058899967352372
171,143,0.26227460190699775
171,188,0.2887498533656595
171,194,0.38392668364605304
171,206,0.2800253324129396
171,229,0.39990657745656766
171,230,0.4257523225441133
171,232,0.3942166160251104
171,240,0.26846834183744017
171,257,0.37732273111139375
171,269,0.3653118753032389
171,285,0.3812862544484685
171,293,0.24890174996279762
171,300,0.4049737848968726
172,14,0.7636626400443063
172,19,0.7148017570758516
172,28,0.7299102413355997
172,32,0.7194995006361146
172,33,0.76178742920286
172,36,0.711233237289892
172,37,0.757731207433432
172,40,0.8083332086018254
172,46,0.6533222881107621
172,50,0.7406147732602391
172,51,0.7539745804400364
172,52,0.6800010064667155
172,63,0.8214996233232326
172,111,0.72562867214427
172,147,0.7612925270142672
172,150,0.7276321332762998
172,151,0.7965660801037429
172,152,0.7776704668794714
172,156,0.6978703929580129
172,168,0.6899856188651491
172,199,0.8099674123269176
172,204,0.748880675046936
172,211,0.7140489929600349
172,220,0.7282713706441414
172,250,0.7155934001219582
172,253,0.7303975741566843
173,19,0.6519697291544497
173,31,0.5223281086249024
173,32,0.658748820573001
173,35,0.5251701520645781
173,47,0.637757266424441
173,50,0.6717635164877889
173,54,0.6529667214506255
173,96,0.5994105195846088
173,102,0.6571656870705209
173,110,0.5920036087192092
173,128,0.556466534558686
173,147,0.6593736661200102
173,150,0.6757152723918844
173,151,0.6514203956966275
173,166,0.6109198413311547
173,168,0.6534828276618159
173,179,0.5935757108406116
173,200,0.6094200276296801
173,201,0.6285837017074799
173,233,0.5886754294439026
173,250,0.6585867697879314
173,291,0.6068887317101213
174,5,0.44988955313983153
174,18,0.39502735677374656
174,24,0.46094989508474843
174,39,0.4863730384626416
174,92,0.4678496866700691
174,123,0.47597131560357836
174,126,0.4671103099271244
174,135,0.4182296238355129
174,154,0.45928517467079527
174,165,0.4800761232602884
174,187,0.46367787127566334
174,207,0.48181667883405077
174,234,0.3921520400420709
174,235,0.4761967882045998
174,246,0.41987780599482577
174,256,0.393186192034776
174,260,0.415258206790547
174,274,0.2858185914737959
174,280,0.4079218697117863
174,290,0.38725827247172884
175,4,0.23224903640355127
175,61,0.1343772393054454
175,76,0.26783265104737386
175,120,0.2721139259561724
175,127,0.26515083130765676
175,129,0.18430165128456458
175,136,0.21467319305893806
175,140,0.2676681182306555
175,183,0.262399295073098
175,210,0.2605667878132318
175,216,0.2645552092552822
175,225,0.26503934956089287
175,226,0.28351917250667813
175,241,0.22782097884461375
175,242,0.2732195867978225
175,243,0.24172014143768233
175,265,0.1124216103613397
175,281,0.10186067067133475
176,10,0.4695288473899362
176,23,0.4594388589535216
176,34,0.4586567634299898
176,82,0.46833491500789
176,96,0.4693806076532182
176,157,0.4589551016356006
176,200,0.4767076376842301
176,216,0.3964657058489845
176,217,0.4594308219487121
176,226,0.40099678427679986
176,233,0.4703541576333696
176,244,0.45612643569162875
177,0,0.3781445213147758
177,10,0.4894671113572353
177,23,0.4665454177400192
177,64,0.47359497102839837
177,82,0.4636782020395289
177,83,0.3878433594032822
177,84,0.4379463182557519
177,88,0.46232824838179615
177,97,0.32966178878595603
177,118,0.46222252926953517
177,157,0.46171953699630786
177,195,0.3873809343232018
177,215,0.42386442350544007
177,224,0.40599241985355566
177,226,0.3887920405305728
177,244,0.4651297945736379
177,254,0.4632624978926748
177,296,0.48672358756554035
178,10,0.5301649087489569
178,42,0.5201584409083191
178,65,0.5271846704503863
178,68,0.5285382349448282
178,76,0.375049561372187
178,82,0.5192641438474339
178,107,0.5313861633870537
178,117,0.5216587734384197
178,119,0.5334525077206476
178,180,0.5215854405022164
178,194,0.39888934643911317
178,207,0.539378117901129
178,246,0.3962924019686614
178,249,0.420417286568846
179,13,0.6064623933918427
179,34,0.5581208964443328
179,53,0.5000232111035826
179,68,0.5442881596645848
179,96,0.5859837393436497
179,102,0.5892236700504279
179,104,0.5104480784377241
179,114,0.5465294617090514
179,116,0.5889340059457853
179,117,0.5933775179555039
179,120,0.4345751629636329
179,122,0.5183072568089073
179,132,0.46156590547603893
179,161,0.4788474134991184
179,163,0.5190721691005352
179,168,0.5877768061772516
179,173,0.5935757108406116
179,227,0.4777134542518713
179,231,0.595956890862996
179,235,0.5488857272165603
179,252,0.6066223310416782
179,258,0.5859938239315965
179,261,0.492657218830629
179,290,0.37495147789396893
179,296,0.5409811764006054
180,28,0.6454531647825009
180,31,0.5299789310044095
180,32,0.6646524309684277
180,37,0.6505628823395309
180,48,0.5610488437794716
180,49,0.6470308583638236
180,50,0.6531732431374251
180,73,0.5096602193090641
180,111,0.6494101651272813
180,151,0.6597909165063452
180,178,0.5215854405022164
180,204,0.6451699953320648
180,213,0.5784684115993696
180,250,0.6640222654988809
180,253,0.674399538820991
181,49,0.6354321142903213
181,51,0.6172071889483209
181,52,0.623920370848743
181,59,0.6215582164306312
181,104,0.5087031991055431
181,123,0.5032739423847572
181,167,0.6200646042397981
181,185,0.5038312295157251
181,198,0.6235590362402195
181,202,0.643822872489756
181,211,0.6202060955429701
181,218,0.6237452644793284
181,233,0.5866733394603647
181,252,0.629965262531933
182,75,0.4045192396564888
182,80,0.3501233208407003
182,81,0.30500259219638853
182,82,0.4019412692476507
182,88,0.4045334713116823
182,97,0.33403246280259297
182,115,0.3983015695887111
182,127,0.39788189532574797
182,142,0.40955869837772113
182,195,0.37310543019257764
182,197,0.4211782990277426
182,219,0.402294381579048
182,225,0.4084455913700936
182,254,0.41818617645547795
183,35,0.4572572035905113
183,45,0.4495497241104884
183,73,0.4478005098812595
183,86,0.37599284835965024
183,97,0.34023115335353576
183,121,0.4046684411443699
183,124,0.44880008433257124
183,127,0.4563345543181933
183,142,0.4527986181195109
183,148,0.4576914784779762
183,159,0.4454784893896054
183,175,0.262399295073098
183,195,0.36607588346667336
183,196,0.4205722291045929
183,215,0.43023882353218107
183,216,0.3935175768780587
183,247,0.44864283057840026
183,251,0.4469595097622406
184,1,0.1440093543108575
184,2,0.08965943772194945
184,3,0.12163216521764034
184,6,0.10445152501052284
184,131,0.10192016528744888
184,138,0.056257744109790626
184,143,0.1217905532452738
184,144,0.11686227552717414
184,206,0.09897248605095278
184,240,0.1245943993988029
184,264,0.1155924149372702
184,273,0.114561989469169
184,289,0.05762014175777359
184,295,0.029071403117391516
185,12,0.5024789812993591
185,42,0.4958518587676364
185,71,0.49397438587598014
185,91,0.4994702453354373
185,92,0.5088372688572242
185,107,0.4943913180838614
185,110,0.49155149370068213
185,181,0.5038312295157251
185,190,0.5180525730081127
185,235,0.4954338996714058
186,33,0.6067714258491187
186,52,0.6059407763046724
186,91,0.6104055086516542
186,92,0.5692270393468659
186,95,0.6062388935577914
186,151,0.6058448374069576
186,153,0.5787830907195146
186,167,0.6077846031540092
186,202,0.6113385890786682
186,221,0.6068139537975766
186,235,0.5552749237598578
186,252,0.6134467814438113
186,258,0.6059086582769997
187,9,0.46734076789851936
187,11,0.5181982389029214
187,16,0.5301747762178451
187,59,0.5162725672114166
187,64,0.5265369698378564
187,69,0.5265644494144269
187,72,0.4907057434960046
187,105,0.5070621754973887
187,106,0.40541484065118977
187,117,0.5256962542498708
187,135,0.38783731678414385
187,141,0.42995971662201327
187,154,0.5345025949022673
187,161,0.47407764962541227
187,162,0.5314422677217505
187,170,0.41135353460934376
187,174,0.46367787127566334
187,194,0.4057569004189916
187,218,0.5477594747424382
187,229,0.4875278060897829
187,236,0.44067739343383244
187,238,0.4476195487204187
187,239,0.44809920380904134
187,256,0.40041891135108915
187,262,0.41814916024541
187,267,0.385385895914397
187,277,0.5268515383569152
187,280,0.398266526563482
187,301,0.4099545710214273
188,8,0.17210703707359817
188,15,0.2976626210813607
188,21,0.3014979915937385
188,170,0.2892470652712441
188,171,0.2887498533656595
188,230,0.29011190031194695
188,269,0.3150906465918694
188,283,0.2906885201015421
188,285,0.3075086514980364
188,293,0.25723400496800264
188,298,0.291337400667239
188,300,0.312687794453373
189,45,0.5296627356451954
189,74,0.42736983877100404
189,96,0.5279445037144574
189,108,0.5326190475579323
189,112,0.5261764535585527
189,117,0.5354330928755483
189,141,0.43966490185961765
189,146,0.394140210001358
189,148,0.489715983171206
189,161,0.4768583692568708
189,164,0.527286295042055
189,202,0.527017868747451
189,217,0.47402823913877806
189,252,0.5331806355163615
189,277,0.5289466923901799
189,291,0.5353391153321917
190,12,0.6393051050827275
190,23,0.5945249483786376
190,36,0.6614377158683552
190,37,0.6562198270019238
190,49,0.6423999383059024
190,50,0.6544472491792255
190,54,0.6506315325639163
190,64,0.5798211267052474
190,82,0.5555482354743252
190,92,0.5644587186063087
190,118,0.5680285196481806
190,142,0.47602979608211365
190,150,0.6455777291093733
190,168,0.6440715890470563
190,185,0.5180525730081127
190,193,0.5530948925826948
190,220,0.6526341667326735
190,235,0.5474996965727515
190,250,0.6504259463330264
190,252,0.6543094345623677
191,9,0.4769759188378449
191,11,0.5358469004260024
191,16,0.5224932777731127
191,21,0.37992250653289994
191,26,0.4546070213449766
191,27,0.5237334936922453
191,39,0.48354572550410535
191,55,0.4837918924567563
191,75,0.4398887296454295
191,96,0.5229338570525998
191,117,0.527499685789114
191,135,0.387435539943278
191,154,0.5160911197412636
191,161,0.48698027007662187
191,198,0.5156201036142015
191,202,0.5155839334599056
191,209,0.5248106184326832
191,235,0.5294115700017465
191,236,0.42330658776138197
191,256,0.3884166034850649
191,260,0.4036459229400686
191,267,0.39097595795735224
191,275,0.42069801531881595
192,16,0.45969727999361804
192,23,0.46188984353389473
192,38,0.46357176839309666
192,74,0.43869321239533254
192,127,0.4645422399417063
192,130,0.46552204127887337
192,157,0.4675868494913683
192,163,0.46107114015392464
192,217,0.4674720912928706
192,227,0.4715447441377468
192,255,0.4060564032466097
192,259,0.2762010443171415
192,267,0.39279246979618127
192,275,0.38990655367676763
192,277,0.4628156736840701
193,25,0.4254824102785976
193,27,0.5607534477344306
193,59,0.5559487591667669
193,70,0.563151494198722
193,71,0.557424460211006
193,101,0.5347943412846619
193,104,0.5137762456743138
193,162,0.5532996656537728
193,164,0.558287305276213
193,190,0.5530948925826948
193,202,0.5673104217073129
193,221,0.5523577968368646
193,252,0.5637157685120624
194,24,0.4029590184390637
194,39,0.39823166739813143
194,87,0.4009546005760708
194,98,0.3982733773712745
194,99,0.3972399361313418
194,101,0.40206178961433703
194,163,0.39902934224333636
194,171,0.38392668364605304
194,178,0.39888934643911317
194,187,0.4057569004189916
194,238,0.4098323026751765
194,248,0.256331799427326
194,287,0.3923653623541808
195,80,0.33683025284292584
195,88,0.37361036336788267
195,98,0.36830084387652295
195,115,0.3645105270411879
195,129,0.2177408003971315
195,132,0.36304128184951817
195,177,0.3873809343232018
195,182,0.37310543019257764
195,183,0.36607588346667336
195,196,0.3872451884896927
195,215,0.37906274310696475
195,243,0.21598892218775145
195,248,0.25203797478724355
195,299,0.3617688429048459
196,10,0.42650036690954896
196,23,0.4228832593964835
196,29,0.42570005318445536
196,80,0.3394907774262476
196,81,0.31199117917824853
196,88,0.4235142395914317
196,97,0.32845416407995237
196,125,0.42703993759283426
196,183,0.4205722291045929
196,195,0.3872451884896927
196,215,0.4361123285212134
196,219,0.42237865227383337
196,226,0.3700124848628936
196,254,0.4198857705542586
196,296,0.421770485809747
197,59,0.5035922804938417
197,62,0.36382636412764674
197,74,0.44640289059589405
197,76,0.3753006899893503
197,112,0.4990670282791536
197,113,0.4087396303615842
197,119,0.5044772118968882
197,124,0.5092309470981367
197,128,0.541856219113343
197,130,0.5081499147372369
197,182,0.4211782990277426
197,198,0.49821730472408055
197,201,0.4975528468752782
197,225,0.48095399973841996
197,226,0.3721565414331692
197,234,0.39294468488415263
197,242,0.49453812403488545
197,247,0.5006027068384424
197,251,0.49349751550927035
197,255,0.4271295492087765
197,290,0.3758083625405975
197,291,0.5092490856009936
198,23,0.6170011456064972
198,28,0.643676074226549
198,29,0.581136278559842
198,32,0.6422191952364869
198,34,0.5692172479190216
198,49,0.6531157444465616
198,54,0.6449321233962872
198,56,0.5703576406508922
198,59,0.650928546550276
198,64,0.5951830145472081
198,69,0.5834263528503602
198,94,0.6406085449903915
198,115,0.5214937116795644
198,128,0.5447853418223075
198,130,0.5776762925157046
198,150,0.6519584457432589
198,163,0.5136042229286679
198,181,0.6235590362402195
198,191,0.5156201036142015
198,197,0.49821730472408055
198,199,0.6476106686419978
198,221,0.6558052948082372
198,223,0.5303142039274096
198,244,0.600126919802967
198,252,0.6641154199409122
198,277,0.5985267440561406
199,14,0.7493279642786473
199,19,0.7242027877896088
199,28,0.7313089906154993
199,32,0.7313859006539299
199,33,0.7605308685752792
199,36,0.7300769697221716
199,37,0.7621888626954328
199,40,0.81008116262471
199,49,0.6967435839485645
199,50,0.7475665690189892
199,51,0.7502234705591636
199,52,0.6915990951283109
199,54,0.6923281430256327
199,63,0.805159546432138
199,85,0.6726607224395964
199,111,0.7225891131957506
199,147,0.7760605181961459
199,150,0.7431031484154857
199,151,0.7880366537085516
199,152,0.7801053070847768
199,167,0.6872524835634335
199,172,0.8099674123269176
199,198,0.6476106686419978
199,204,0.7464515714342422
199,211,0.728194580041353
199,220,0.7341011165519412
199,221,0.6795712713578438
199,252,0.6687381003734423
199,253,0.734423644418556
200,29,0.562864700457212
200,32,0.6055792459585404
200,36,0.6019843149078422
200,50,0.6127467334587353
200,59,0.6024074758724599
200,71,0.6081476078497561
200,75,0.4423446134871478
200,95,0.6054729565815851
200,118,0.5748223112658174
200,164,0.6049624936485716
200,173,0.6094200276296801
200,176,0.4767076376842301
200,203,0.6048987650836761
200,209,0.607603061397031
200,217,0.4675868494913683
201,13,0.6314383693500115
201,24,0.5574050983023284
201,31,0.5262873930851814
201,34,0.5646468358573945
201,37,0.6370969150342054
201,43,0.5299880904338163
201,67,0.6080515684580408
201,68,0.5429513419688944
201,82,0.5578459392137182
201,93,0.5930439046596134
201,94,0.6469852234002402
201,95,0.638452316946619
201,96,0.6096551821418911
201,103,0.6314606253452146
201,108,0.632225939630495
201,114,0.5399464648904889
201,122,0.5305840854922631
201,130,0.5840313279505571
201,142,0.4869886153185647
201,164,0.6354765119496176
201,166,0.6110918375821585
201,167,0.6284843789825549
201,169,0.49285651142361153
201,173,0.6285837017074799
201,197,0.4975528468752782
201,213,0.5773721186038795
201,214,0.5413902267192092
201,242,0.4856058719580671
201,254,0.5461836184674752
201,258,0.639383321946215
201,261,0.49126667528108187
201,291,0.6173373965429568
202,14,0.6762022334352109
202,36,0.6747430174268456
202,50,0.6561163129981565
202,51,0.6554139148549463
202,68,0.5406964469285893
202,147,0.6780574765493587
202,150,0.6557936685834942
202,152,0.656185429562925
202,153,0.5756304645506164
202,168,0.661194068511801
202,181,0.643822872489756
202,186,0.6113385890786682
202,189,0.527017868747451
202,191,0.5155839334599056
202,193,0.5673104217073129
202,208,0.6148702362256386
202,211,0.6562544842518252
202,220,0.6687145278134874
202,277,0.6133820049798917
202,284,0.5771190067426617
203,10,0.6173697550540261
203,34,0.5629438507909778
203,35,0.5257794095390154
203,41,0.5491659147119722
203,45,0.5979910401304268
203,49,0.6530356041639426
203,50,0.6627406840831959
203,51,0.6522217066126941
203,54,0.6587487591633636
203,56,0.5649346475495153
203,64,0.5802999042404213
203,107,0.6126068247218164
203,128,0.5469904596514575
203,142,0.47431086837154596
203,150,0.6686563900543929
203,152,0.6684918126160179
203,163,0.5160003111684452
203,200,0.6048987650836761
203,204,0.6682688167710232
203,211,0.6640103994064607
203,223,0.5504207925652057
203,244,0.6379928411304252
203,247,0.583692914715006
203,252,0.6623448671525493
203,253,0.6639755586195059
204,11,0.6620191061890213
204,14,0.7326972525674479
204,22,0.5831707192623421
204,27,0.6404622745535291
204,28,0.7185399659666304
204,40,0.7628048430791465
204,47,0.6378916929703915
204,49,0.7112829210855476
204,51,0.7266616143869449
204,52,0.6886176024308013
204,54,0.6975027686071342
204,59,0.6509744200782012
204,63,0.7360117437700443
204,70,0.6700432394615556
204,94,0.6653995491912189
204,117,0.6311610235015409
204,147,0.7335986073952675
204,152,0.7555784319383485
204,162,0.6618451719616962
204,167,0.681016783449761
204,172,0.748880675046936
204,180,0.6451699953320648
204,199,0.7464515714342422
204,203,0.6682688167710232
204,205,0.601023225971138
204,209,0.6442187098994533
204,211,0.7264575789528898
204,218,0.6913197943805758
204,220,0.7258070455853678
204,221,0.6917449770021799
204,250,0.7136981118839377
204,252,0.6657735527004726
204,253,0.7243553457871441
204,258,0.70456954701993
204,294,0.6518552208455686
204,296,0.5441256677345393
205,17,0.612854217759437
205,22,0.5804120312526776
205,28,0.6039117030799271
205,35,0.5622721340450438
205,36,0.6006750253189421
205,44,0.4615409499530233
205,49,0.6277012508057006
205,50,0.6160052732945668
205,56,0.5664947217025768
205,102,0.6040600239466485
205,109,0.4760801561703301
205,115,0.520953837784035
205,116,0.617565188265709
205,118,0.5780818695908571
205,149,0.4509175126134749
205,150,0.6161351024667101
205,204,0.601023225971138
205,221,0.625390383728987
206,3,0.2139459562659334
206,6,0.23554296590627938
206,7,0.25476565646261334
206,21,0.26754063936220407
206,131,0.19829424134170848
206,143,0.267118128658436
206,144,0.21118025060529416
206,171,0.2800253324129396
206,184,0.09897248605095278
206,230,0.25898794539878833
206,232,0.29639998996043954
206,240,0.23887975501254247
206,257,0.2824599064727435
206,264,0.20298432063536323
206,269,0.2759151174404618
206,273,0.12044629135515039
206,285,0.2512640871151531
206,297,0.14541474561672738
206,300,0.285918931325232
207,16,0.5293833839741366
207,24,0.5498315834904616
207,27,0.6127254574040569
207,42,0.6040391009286501
207,65,0.5985057749664446
207,92,0.5908609678355794
207,105,0.4817066595580862
207,123,0.4938009113491364
207,135,0.3947709900377825
207,154,0.5754791271684834
207,162,0.6295006783826798
207,165,0.5142903959365908
207,167,0.6132850842802473
207,174,0.48181667883405077
207,178,0.539378117901129
207,209,0.5920971373961731
207,211,0.5896794294719825
207,218,0.5910789516725135
207,229,0.48853102759507705
207,239,0.4474385772660766
207,252,0.5999581847902942
207,272,0.49030097323167265
207,284,0.5762880543941178
208,14,0.603900982147283
208,29,0.5710596252829567
208,55,0.48883110857276896
208,87,0.4446891492249845
208,90,0.5265649274812618
208,104,0.540174082555858
208,156,0.6198143809495817
208,164,0.6073680780663001
208,168,0.6096338923584899
208,202,0.6148702362256386
208,209,0.6047182372713907
208,212,0.48777660918885857
208,218,0.6088849980441748
208,220,0.6043360964173627
208,221,0.604272566095054
208,252,0.6329372699561888
209,11,0.6680456651614882
209,14,0.650688548819356
209,54,0.6575928863328715
209,69,0.5792408108988799
209,82,0.5470000771467728
209,92,0.5687174675547236
209,98,0.5053820473116247
209,101,0.5446131434267173
209,156,0.6403722276659004
209,162,0.6594203031896096
209,167,0.6428287318495246
209,191,0.5248106184326832
209,200,0.607603061397031
209,204,0.6442187098994533
209,207,0.5920971373961731
209,208,0.6047182372713907
209,211,0.6876023940417548
209,218,0.6466560819837981
209,244,0.6154214902321358
209,252,0.6443658121238872
209,277,0.5941074834203048
209,284,0.5821474027333282
210,4,0.2378590968785212
210,43,0.27896490460944273
210,44,0.27842664355658037
210,61,0.1651107072369837
210,62,0.2780458926078862
210,66,0.2835238885986167
210,74,0.27971083967595456
210,84,0.2856331968097442
210,100,0.28022697648920314
210,146,0.2815193165975374
210,175,0.2605667878132318
210,219,0.280065050264731
210,228,0.28713109536259424
210,265,0.12434735044311503
210,281,0.1218545525369285
211,10,0.6217110249972889
211,11,0.6609853001208372
211,14,0.736593617310475
211,17,0.666569122438538
211,27,0.640046294834282
211,40,0.7446055356626144
211,42,0.6676821787570547
211,52,0.7088263978081402
211,54,0.6938376825022059
211,58,0.6528404244761317
211,59,0.640034950581832
211,70,0.6569119593214277
211,94,0.6526686134486682
211,107,0.6099872146088224
211,147,0.7130967127130546
211,152,0.7369170252088533
211,162,0.6963278612167135
211,167,0.714902348216491
211,172,0.7140489929600349
211,181,0.6202060955429701
211,199,0.728194580041353
211,202,0.6562544842518252
211,203,0.6640103994064607
211,204,0.7264575789528898
211,207,0.5896794294719825
211,209,0.6876023940417548
211,218,0.6836410256772194
211,220,0.7219170437065224
211,244,0.6078273967388557
211,252,0.6831010513552521
211,253,0.7467267417678333
211,294,0.6374661771350324
212,22,0.4923029389327956
212,41,0.48501698868879917
212,44,0.4600364041148707
212,56,0.5149139157457993
212,83,0.39701629752068224
212,110,0.49423482011219494
212,116,0.4833675594645696
212,128,0.485886482854262
212,157,0.48585246149399114
212,208,0.48777660918885857
212,216,0.40714896544971957
212,233,0.48802485090952424
212,255,0.4009684207911923
212,291,0.48633090911695637
213,13,0.5744792590548766
213,34,0.5733102555704691
213,45,0.5871270191370321
213,46,0.587199252021888
213,55,0.48887393797950973
213,57,0.5763084833257074
213,66,0.47077614145605606
213,94,0.5724047129772064
213,112,0.5782655831111261
213,180,0.5784684115993696
213,201,0.5773721186038795
213,258,0.6083290262954004
213,299,0.4766154289189872
214,44,0.46973525232436136
214,57,0.5522411737441038
214,59,0.5395201846198903
214,66,0.49569503910413387
214,85,0.5494648585516473
214,103,0.5392072396335662
214,113,0.40593541598492594
214,114,0.5363645672334322
214,148,0.5022409097343152
214,155,0.5490984494277569
214,158,0.5387059601842406
214,166,0.5480000255476927
214,201,0.5413902267192092
214,216,0.3977982199284538
214,228,0.47714325833325255
214,291,0.5614137430521913
214,299,0.4778223523404133
215,29,0.4366023738979682
215,79,0.2927429282105903
215,80,0.33999798442268003
215,81,0.32198342596972207
215,83,0.3782978922788551
215,114,0.42625326162912053
215,118,0.424616998627748
215,132,0.4261784608073828
215,136,0.21139171824993278
215,140,0.41815657678398327
215,148,0.42280856326909033
215,157,0.42060160426932514
215,177,0.42386442350544007
215,183,0.43023882353218107
215,195,0.37906274310696475
215,196,0.4361123285212134
215,248,0.2596162215443133
216,31,0.399344771447753
216,56,0.409860701777214
216,66,0.39932385333770287
216,79,0.3030373043869902
216,80,0.3589836382750709
216,81,0.3113394412343642
216,84,0.40732734723679986
216,89,0.39387033849673186
216,136,0.21201652351538228
216,140,0.39563114087655943
216,175,0.2645552092552822
216,176,0.3964657058489845
216,183,0.3935175768780587
216,212,0.40714896544971957
216,214,0.3977982199284538
216,241,0.21816578134579814
216,243,0.2061853811507557
217,23,0.4860915594537142
217,31,0.4708910313017735
217,97,0.3312695660545307
217,98,0.46999882472059284
217,146,0.3909209801023795
217,164,0.48825616004985883
217,169,0.46908359933153443
217,176,0.4594308219487121
217,189,0.47402823913877806
217,192,0.4674720912928706
217,200,0.4675868494913683
217,219,0.47734404880984393
217,224,0.3785235732057075
217,247,0.4676116012365882
217,270,0.3469836295015704
217,296,0.4737948521062324
218,14,0.6638588448089728
218,16,0.530053572935619
218,28,0.69354522718057
218,29,0.5561540838975286
218,40,0.6649323456331965
218,51,0.6678462645292708
218,52,0.6672951485187609
218,64,0.5876118150999529
218,72,0.4901549522747396
218,87,0.44128925887631515
218,101,0.5256687986754432
218,107,0.624731703565891
218,117,0.6303856079008977
218,152,0.6770695187688095
218,181,0.6237452644793284
218,187,0.5477594747424382
218,204,0.6913197943805758
218,207,0.5910789516725135
218,208,0.6088849980441748
218,209,0.6466560819837981
218,211,0.6836410256772194
218,220,0.6636024441129535
218,294,0.6682100623452293
219,23,0.5021263244246578
219,45,0.4890889738872791
219,59,0.48585292622910137
219,93,0.4879733776169208
219,100,0.4931248506571692
219,110,0.4982438071388533
219,112,0.512892397521689
219,118,0.4919660778128268
219,128,0.4844044930667462
219,164,0.505808603897229
219,182,0.402294381579048
219,196,0.42237865227383337
219,210,0.280065050264731
219,217,0.47734404880984393
219,225,0.44640319456209376
219,228,0.46922434332544394
219,270,0.34601616448472244
219,276,0.4578928652928694
220,11,0.6442642150095134
220,13,0.6458613785580957
220,14,0.7397958200078856
220,17,0.6527030408189555
220,27,0.6410925000824832
220,28,0.7233514228574086
220,32,0.712157891865125
220,36,0.7132093638137516
220,37,0.7383809669523995
220,40,0.7441479209928155
220,49,0.7080425551676822
220,54,0.6989127454465921
220,57,0.6001583421502444
220,63,0.7461895465885503
220,95,0.6770577405921346
220,102,0.6776642096625581
220,117,0.6338382775775366
220,147,0.7358307610331316
220,152,0.7347332689271105
220,156,0.6938862818933704
220,164,0.6582979051427716
220,167,0.6958388274347287
220,168,0.7002767122745353
220,172,0.7282713706441414
220,190,0.6526341667326735
220,199,0.7341011165519412
220,202,0.6687145278134874
220,204,0.7258070455853678
220,208,0.6043360964173627
220,211,0.7219170437065224
220,218,0.6636024441129535
220,258,0.6725780121587077
220,294,0.6341276357059081
221,17,0.6588991551737701
221,22,0.596512193240208
221,28,0.687807907971817
221,29,0.560861802477497
221,34,0.5701173874745487
221,36,0.6830890685841657
221,40,0.681160335143465
221,41,0.5557047687264142
221,47,0.6218748857504559
221,49,0.693398872908494
221,51,0.6912466997149747
221,67,0.5877353456264006
221,90,0.5164717709056897
221,110,0.5908505408503025
221,147,0.6832449523910155
221,150,0.6967928232174663
221,153,0.5787219698513948
221,164,0.6748853355719691
221,168,0.6899249480997325
221,186,0.6068139537975766
221,193,0.5523577968368646
221,198,0.6558052948082372
221,199,0.6795712713578438
221,204,0.6917449770021799
221,205,0.625390383728987
221,208,0.604272566095054
221,223,0.5289002022196603
221,233,0.5929503225614854
221,277,0.5925547663710403
222,13,0.5218513833216754
222,22,0.5403638043874842
222,45,0.5390942103015247
222,59,0.5294116215001253
222,91,0.5218145011036323
222,94,0.5217318967624449
222,99,0.4895097425309119
222,117,0.5215210633344006
222,121,0.40752083763023694
222,155,0.5249855647113557
222,158,0.523034653741721
222,166,0.5218877562507949
222,299,0.48019461396210833
223,17,0.5299882021351521
223,59,0.5305097687946632
223,70,0.5271846106216753
223,116,0.5297834329865551
223,119,0.5372887160090157
223,120,0.4419176568413547
223,132,0.47648139018226454
223,198,0.5303142039274096
223,203,0.5504207925652057
223,221,0.5289002022196603
223,233,0.5245616175883692
223,252,0.5398235528137619
224,29,0.3729285038975185
224,31,0.38320607785010624
224,56,0.3708581544731779
224,79,0.3139089670518092
224,88,0.37739535079201486
224,115,0.3738859195363088
224,118,0.37432643355117723
224,129,0.20192080725646996
224,132,0.37489181230661156
224,136,0.21192693180624614
224,177,0.40599241985355566
224,217,0.3785235732057075
224,226,0.38968746691427214
224,241,0.22246408370109946
224,243,0.21474453878202698
225,34,0.44783196107544404
225,76,0.38010223331060783
225,80,0.3420409671284112
225,101,0.45846335045834613
225,128,0.46470520974251656
225,129,0.1917433649434429
225,132,0.4604964245225528
225,157,0.44698329279151755
225,175,0.26503934956089287
225,182,0.4084455913700936
225,197,0.48095399973841996
225,219,0.44640319456209376
225,226,0.38402156759969225
225,233,0.4446184368225703
225,242,0.460682479443736
225,254,0.46766078263467065
226,4,0.22960474655611332
226,31,0.3758940428464479
226,81,0.3050988241030026
226,84,0.37588083702007447
226,90,0.37861702975552675
226,136,0.2205931267506044
226,146,0.375775243663148
226,175,0.28351917250667813
226,176,0.40099678427679986
226,177,0.3887920405305728
226,196,0.3700124848628936
226,197,0.3721565414331692
226,224,0.38968746691427214
226,225,0.38402156759969225
226,241,0.2314263795611654
226,243,0.22777765037761868
226,248,0.24383471480815527
227,23,0.49590408673413927
227,24,0.47600476080402204
227,25,0.4355303240288342
227,38,0.4743526485956991
227,92,0.47806539633023787
227,96,0.47469430322910106
227,99,0.4746693535781359
227,117,0.4877419335885598
227,157,0.4814950567538661
227,163,0.4850850268830424
227,179,0.4777134542518713
227,192,0.4715447441377468
228,38,0.4776296384533256
228,45,0.4866041011484227
228,62,0.38193594818900234
228,103,0.47303807700396955
228,112,0.46985880823308346
228,114,0.47641450467013796
228,121,0.4311089832060582
228,140,0.5160822339517437
228,166,0.47738618135085026
228,210,0.28713109536259424
228,214,0.47714325833325255
228,219,0.46922434332544394
228,247,0.4835803458192817
229,15,0.4152214497529393
229,16,0.4939830752170717
229,18,0.43840822998494794
229,21,0.39026273433135483
229,39,0.4809877950584279
229,76,0.37256157817796176
229,77,0.33567881821692747
229,101,0.500146170993801
229,104,0.48879696027829195
229,105,0.48788741366021976
229,106,0.42894175788845734
229,119,0.48454026574516423
229,126,0.43173778265475665
229,141,0.4504664550525628
229,154,0.5040699159944003
229,170,0.39740021440143874
229,171,0.39990657745656766
229,187,0.4875278060897829
229,207,0.48853102759507705
229,230,0.38872980697919834
229,232,0.3362569919499766
229,234,0.4175035582733693
229,235,0.48981920754467145
229,237,0.29493601816854076
229,238,0.4226232167604455
229,256,0.4201440675188784
229,259,0.2809954602385681
229,260,0.40994012871128743
229,271,0.3611905431498778
229,277,0.4921041294756567
229,283,0.3462095873825785
229,286,0.3793554082533948
229,287,0.3776071104937675
229,292,0.31320439086482416
229,300,0.3360024463369292
229,301,0.4260809250568395
230,15,0.4492571719961822
230,18,0.3939260760112567
230,20,0.332498571149299
230,21,0.41248205618444633
230,77,0.33189274378858324
230,78,0.32864382251981883
230,105,0.4110289066235817
230,106,0.40419997232783994
230,134,0.2626159030092576
230,143,0.24608954646525097
230,145,0.1976511039511953
230,171,0.4257523225441133
230,188,0.29011190031194695
230,206,0.25898794539878833
230,229,0.38872980697919834
230,232,0.3875579814793483
230,257,0.4215633745629746
230,269,0.3588451837336105
230,285,0.4169684250102278
230,298,0.38117193695069657
230,300,0.35508913521156393
231,19,0.6559319739427013
231,28,0.6738549857506596
231,36,0.6675177978144052
231,45,0.6098164759055037
231,50,0.668456425115156
231,91,0.6532767217639606
231,102,0.6709853009593343
231,112,0.5925859843896009
231,116,0.6676116645224234
231,147,0.6550569456651255
231,150,0.6527374170928479
231,155,0.6039010311008808
231,159,0.5384598295510008
231,168,0.6622749541738179
231,179,0.595956890862996
231,245,0.5361200104902232
231,247,0.5790881300160781
232,3,0.19671239075851316
232,15,0.34548786957978705
232,18,0.3454757151733359
232,21,0.34562122645387117
232,78,0.3091874683559185
232,106,0.3642161286818563
232,134,0.27287012321630655
232,143,0.270945057324117
232,144,0.21811965662251517
232,171,0.3942166160251104
232,206,0.29639998996043954
232,229,0.3362569919499766
232,230,0.3875579814793483
232,240,0.24161404935948838
232,257,0.35700944620350816
232,269,0.37002537053496315
232,298,0.3404760518166708
233,17,0.5916711707556971
233,59,0.603360296892332
233,70,0.5839186532118418
233,87,0.4453141617973605
233,116,0.5870646554552406
233,150,0.6025239869020379
233,168,0.5840827682942167
233,173,0.5886754294439026
233,176,0.4703541576333696
233,181,0.5866733394603647
233,212,0.48802485090952424
233,221,0.5929503225614854
233,223,0.5245616175883692
233,225,0.4446184368225703
233,252,0.5950578559579787
234,4,0.22982660790019432
234,76,0.37458937562310957
234,90,0.4126122058160507
234,100,0.41089138903276384
234,105,0.40326349076656914
234,123,0.3985814173886153
234,174,0.3921520400420709
234,197,0.39294468488415263
234,229,0.4175035582733693
234,237,0.30904123269090694
234,242,0.39737903092724247
234,261,0.3974696871114868
234,263,0.2674327876977985
234,299,0.39519364906356996
235,5,0.3918422286106309
235,9,0.4836728277672948
235,24,0.5373170267593481
235,27,0.5606544079493272
235,39,0.5000228463064822
235,42,0.5630123828146141
235,53,0.5092842251123437
235,68,0.5443640446694532
235,92,0.5513494318951261
235,94,0.5511848006148037
235,126,0.4302997704221896
235,133,0.41450759545263244
235,137,0.5049828832436203
235,154,0.550391836005272
235,165,0.5207986835992088
235,174,0.4761967882045998
235,179,0.5488857272165603
235,185,0.4954338996714058
235,186,0.5552749237598578
235,190,0.5474996965727515
235,191,0.5294115700017465
235,229,0.48981920754467145
235,249,0.4185531937857311
235,258,0.5470666371544195
235,260,0.4062561989976253
235,262,0.4330746586884885
235,272,0.5107265461535975
235,277,0.5544276689620672
235,290,0.38363042343612985
236,0,0.3855343157350145
236,9,0.43208724258178344
236,24,0.43022379915179015
236,98,0.42182237526116745
236,104,0.43388895621568013
236,118,0.42671752047132305
236,154,0.4286855026472518
236,163,0.42990652647209315
236,187,0.44067739343383244
236,191,0.42330658776138197
236,263,0.2658407864245419
236,275,0.4118743835695638
236,277,0.4249303882829299
236,278,0.3051252687129941
237,5,0.2921529779237002
237,8,0.17823430236170856
237,21,0.29192156757598153
237,26,0.29347385309823953
237,72,0.29719791774279497
237,105,0.29363322524022695
237,170,0.29763142846882346
237,229,0.29493601816854076
237,234,0.30904123269090694
237,246,0.2971561170365289
237,266,0.16726434545329885
237,268,0.1452060842838779
237,301,0.3123640960232496
238,0,0.4183842078000504
238,16,0.43823913547885407
238,39,0.4253107921902864
238,101,0.42077188152574413
238,104,0.4307155234510554
238,107,0.42953726961082905
238,170,0.4138900809372866
238,187,0.4476195487204187
238,194,0.4098323026751765
238,229,0.4226232167604455
238,239,0.43597425030221854
238,248,0.24525198554128264
238,263,0.26549975352118266
238,272,0.44594820086898834
238,276,0.42701002969497226
238,278,0.30284587658583656
238,287,0.3816480612210068
239,16,0.4419174132459962
239,64,0.4653420966420243
239,69,0.43599672780252174
239,82,0.4447514581238392
239,101,0.4366100894194624
239,105,0.43609693641730934
239,154,0.44144428224015336
239,187,0.44809920380904134
239,207,0.4474385772660766
239,238,0.43597425030221854
239,275,0.3972886272969922
239,276,0.4379389625246394
239,278,0.30478836791679825
240,1,0.10220864145966722
240,2,0.07558675384690529
240,3,0.1900535055212289
240,7,0.24158906702016447
240,8,0.18067075467109434
240,18,0.2486486388876138
240,21,0.26711822393256324
240,131,0.17413799436426292
240,138,0.02830961327740191
240,139,0.21318111517637175
240,144,0.20969051492921803
240,171,0.26846834183744017
240,184,0.1245943993988029
240,206,0.23887975501254247
240,232,0.24161404935948838
240,264,0.1844824291793813
240,269,0.24062357920474298
240,273,0.14802777759348476
240,274,0.24514008280898758
240,279,0.12345084347903139
240,282,0.24542450717868342
240,285,0.2527779993553296
240,289,0.05323784248795617
240,297,0.15011883600080622
241,44,0.21517110197890418
241,83,0.22357644630681323
241,97,0.23683755458197578
241,121,0.21454867334423397
241,132,0.2175227345293109
241,175,0.22782097884461375
241,216,0.21816578134579814
241,224,0.22246408370109946
241,226,0.2314263795611654
241,243,0.20996384386449407
241,281,0.09623853159136068
242,45,0.47605528804025643
242,65,0.490258304943253
242,74,0.45015797264977575
242,119,0.48550331117254986
242,124,0.5011925109971107
242,128,0.4766745140450197
242,166,0.4820030097091521
242,175,0.2732195867978225
242,197,0.49453812403488545
242,201,0.4856058719580671
242,225,0.460682479443736
242,234,0.39737903092724247
242,254,0.4807011326691809
242,291,0.4997509519574542
243,0,0.20816838867537757
243,61,0.14016944694000527
243,79,0.2173930867962571
243,81,0.2177369243669769
243,129,0.1903478061646591
243,136,0.21268403192849572
243,175,0.24172014143768233
243,195,0.21598892218775145
243,216,0.2061853811507557
243,224,0.21474453878202698
243,226,0.22777765037761868
243,241,0.20996384386449407
243,265,0.10848232791683624
243,281,0.09641287709845348
244,27,0.6131343690672844
244,54,0.6189006723178427
244,70,0.6149568391849733
244,119,0.6011816707115001
244,130,0.5736929187044558
244,157,0.5511557368449803
244,163,0.542246177016449
244,164,0.616232471072207
244,169,0.4892347050419323
244,176,0.45612643569162875
244,177,0.4651297945736379
244,198,0.600126919802967
244,203,0.6379928411304252
244,209,0.6154214902321358
244,211,0.6078273967388557
244,252,0.6076778823658646
245,48,0.5410097343401847
245,60,0.48431115669764924
245,85,0.5402215330429906
245,89,0.5316563232783156
245,95,0.5346626161706179
245,99,0.4899140105025044
245,103,0.5342965189920587
245,108,0.5425895182750152
245,116,0.5333404425937741
245,117,0.5441539682094819
245,119,0.5445843290583735
245,122,0.5128018774237773
245,124,0.5380346400912405
245,231,0.5361200104902232
246,16,0.3985324902460295
246,18,0.39445880259308785
246,39,0.3949649319631271
246,98,0.3946736228824715
246,105,0.43213984079575074
246,106,0.3949991657679173
246,123,0.40071474038859217
246,135,0.3979100017718029
246,174,0.41987780599482577
246,178,0.3962924019686614
246,237,0.2971561170365289
246,259,0.2756007547566337
246,271,0.3821713460450119
246,272,0.4053792046532448
246,283,0.34006987114780596
246,286,0.36646825397922506
247,70,0.5735821176228038
247,74,0.4354000536298408
247,88,0.5108069939766232
247,102,0.5797700146881478
247,108,0.576905909303997
247,117,0.5688770842593562
247,122,0.5483563269018454
247,124,0.58329356676112
247,140,0.5183804440031008
247,164,0.5774224575380535
247,167,0.5723345319802021
247,168,0.5732902907557952
247,183,0.44864283057840026
247,197,0.5006027068384424
247,203,0.583692914715006
247,217,0.4676116012365882
247,228,0.4835803458192817
247,231,0.5790881300160781
248,61,0.1348854072659042
248,76,0.2571704559926101
248,83,0.2508759035426697
248,97,0.25797562578559574
248,132,0.255729050065821
248,133,0.25461776580576356
248,194,0.256331799427326
248,195,0.25203797478724355
248,215,0.2596162215443133
248,226,0.24383471480815527
248,238,0.24525198554128264
248,265,0.10850283705702002
248,281,0.1002951007477747
249,38,0.4235965184717231
249,68,0.4341793351533837
249,72,0.41663929161759045
249,125,0.4275879202835124
249,137,0.4413591520056079
249,154,0.4184283609129211
249,169,0.41934763829074
249,178,0.420417286568846
249,235,0.4185531937857311
249,284,0.4282789857979044
250,13,0.6422647517433284
250,28,0.7093621361224106
250,37,0.7252974907190637
250,40,0.7188680720051508
250,42,0.6552066926747437
250,46,0.6551261736793605
250,50,0.7147767375249163
250,54,0.7013104573863204
250,57,0.6060153188902407
250,63,0.7145761173809483
250,65,0.6419148245243872
250,91,0.674707624435485
250,94,0.6616009910535382
250,102,0.6888352853840863
250,117,0.6471556484757933
250,119,0.638351051956462
250,147,0.7168889176159314
250,151,0.7162218014430829
250,152,0.7155807197644556
250,158,0.6191939373817981
250,160,0.6330926989814842
250,166,0.5970150370776707
250,172,0.7155934001219582
250,173,0.6585867697879314
250,180,0.6640222654988809
250,190,0.6504259463330264
250,204,0.7136981118839377
251,68,0.48680064124753686
251,71,0.4877254309246526
251,93,0.5004625306797119
251,96,0.4888566916383279
251,114,0.4846167302216337
251,118,0.49694176147977487
251,124,0.5024086418927539
251,183,0.4469595097622406
251,197,0.49349751550927035
251,254,0.48450645647146845
251,291,0.503424308243647
252,12,0.614643702617576
252,13,0.6420841638192779
252,16,0.5352733139642296
252,23,0.6020265902957124
252,24,0.5507592510625232
252,27,0.6540800987559033
252,28,0.6882308190977243
252,32,0.6646636377383435
252,34,0.562202826231147
252,42,0.6593388548334761
252,49,0.6675766131300976
252,51,0.6643370890692649
252,54,0.6645937897772183
252,59,0.6555980684600761
252,64,0.6041767811299692
252,65,0.6309729852494733
252,67,0.5900314078532234
252,69,0.6098910404375709
252,70,0.6623331464692819
252,82,0.5438484529799041
252,92,0.5610490666310425
252,101,0.5304908945273172
252,104,0.5144441241339045
252,107,0.6192266090482205
252,118,0.5836013143954683
252,119,0.6292465248026748
252,128,0.5464620633889345
252,150,0.6825015035536277
252,157,0.5420938742704954
252,160,0.6448075268304004
252,162,0.6502888177515593
252,179,0.6066223310416782
252,181,0.629965262531933
252,186,0.6134467814438113
252,189,0.5331806355163615
252,190,0.6543094345623677
252,193,0.5637157685120624
252,198,0.6641154199409122
252,199,0.6687381003734423
252,203,0.6623448671525493
252,204,0.6657735527004726
252,207,0.5999581847902942
252,208,0.6329372699561888
252,209,0.6443658121238872
252,211,0.6831010513552521
252,223,0.5398235528137619
252,233,0.5950578559579787
252,244,0.6076778823658646
252,277,0.5982955521796199
252,296,0.5534450626903076
253,10,0.6330153234998784
253,11,0.6445697206101108
253,12,0.6276354372249452
253,14,0.7348881345961185
253,17,0.6508259516202132
253,28,0.7147014494882602
253,40,0.739029687793372
253,42,0.6525425619171734
253,45,0.5905811171565273
253,58,0.6643368628880266
253,63,0.7222976485050493
253,65,0.636068359599497
253,71,0.6549076390055387
253,91,0.7069742549978757
253,94,0.6682452553360448
253,95,0.6675649838559574
253,108,0.6418924342178663
253,130,0.5672810180738335
253,151,0.7233130404085149
253,152,0.7167504064066131
253,160,0.6329706206082533
253,162,0.6500377003311476
253,167,0.7000306804277062
253,168,0.7026790493688185
253,172,0.7303975741566843
253,180,0.674399538820991
253,199,0.734423644418556
253,203,0.6639755586195059
253,204,0.7243553457871441
253,211,0.7467267417678333
253,284,0.5792716679268652
254,10,0.550121324177202
254,42,0.5330403764010646
254,56,0.5299883052440981
254,59,0.5274531047403851
254,60,0.48076792629138343
254,86,0.3736499791782722
254,88,0.5181072359685266
254,93,0.5277310784729904
254,96,0.5330495066408864
254,103,0.5276475118616794
254,127,0.5022142354176572
254,132,0.45805284144413433
254,140,0.5064120702649664
254,146,0.3967167156113753
254,148,0.48671523897437435
254,166,0.5287978850738235
254,177,0.4632624978926748
254,182,0.41818617645547795
254,196,0.4198857705542586
254,201,0.5461836184674752
254,225,0.46766078263467065
254,242,0.4807011326691809
254,251,0.48450645647146845
254,255,0.402245103000338
254,291,0.5730381879202603
255,79,0.3051952743945464
255,81,0.32668189793885816
255,82,0.39727425762990043
255,83,0.38296393315788885
255,88,0.39792353640788314
255,125,0.40685582009714805
255,127,0.39895941581796074
255,128,0.402492365419502
255,157,0.4149742792601035
255,192,0.4060564032466097
255,197,0.4271295492087765
255,212,0.4009684207911923
255,254,0.402245103000338
256,24,0.3993801942435584
256,55,0.3870217240912683
256,98,0.400469115391725
256,104,0.39518635148922054
256,161,0.38431133219354413
256,174,0.393186192034776
256,187,0.40041891135108915
256,191,0.3884166034850649
256,229,0.4201440675188784
256,272,0.3992397776037316
257,6,0.2388888253477678
257,7,0.2664619516511064
257,15,0.42796293225121174
257,18,0.3564137449604667
257,106,0.3476297628439065
257,139,0.2155188325133091
257,143,0.2589973677472256
257,144,0.19476372652820667
257,145,0.20046840558144943
257,170,0.37703742893319964
257,171,0.37732273111139375
257,206,0.2824599064727435
257,230,0.4215633745629746
257,232,0.35700944620350816
257,269,0.324508160257017
257,285,0.3543113948711622
257,298,0.3536652272500516
257,300,0.35110287288904757
258,13,0.6596518803597055
258,14,0.6737956282171428
258,33,0.6713388443101425
258,37,0.6719166496311967
258,40,0.6776405119756022
258,56,0.5628747704484569
258,57,0.6087992797786804
258,63,0.6745060822224717
258,67,0.5966168031770052
258,94,0.6744467438772104
258,95,0.6776407042344476
258,103,0.6429869286924087
258,111,0.6840855409459478
258,112,0.5899487215770445
258,124,0.6081584633303495
258,153,0.5880141624122454
258,154,0.5572389750156268
258,158,0.6390914101824119
258,164,0.6568194186350719
258,179,0.5859938239315965
258,186,0.6059086582769997
258,201,0.639383321946215
258,204,0.70456954701993
258,213,0.6083290262954004
258,220,0.6725780121587077
258,235,0.5470666371544195
258,291,0.6152483801030604
259,9,0.2765216058700782
259,25,0.2808283548793347
259,26,0.2894103026384145
259,39,0.2755475440418139
259,169,0.2773042762491155
259,192,0.2762010443171415
259,229,0.2809954602385681
259,246,0.2756007547566337
259,281,0.09643811492117577
259,283,0.28281780007761936
259,286,0.28607987302545584
260,9,0.4204465418479444
260,55,0.40454734929724623
260,68,0.3982802605824198
260,69,0.39698183740661647
260,126,0.4061412296973386
260,161,0.40120741811453237
260,174,0.415258206790547
260,191,0.4036459229400686
260,229,0.40994012871128743
260,235,0.4062561989976253
260,271,0.3860633546897686
260,283,0.3367478478331705
260,292,0.3252508730614691
261,13,0.5011395676289622
261,17,0.492891115132091
261,38,0.4933504345825151
261,45,0.4964008588430315
261,68,0.4935147655519826
261,100,0.4924500748290119
261,154,0.4889598855043122
261,179,0.492657218830629
261,201,0.49126667528108187
261,234,0.3974696871114868
261,262,0.4189064881602517
261,277,0.49397444994429524
261,290,0.38336738137660503
262,24,0.42741487779456167
262,39,0.4435039245920206
262,53,0.4408013816059215
262,92,0.4175696807448885
262,137,0.43192716848180196
262,154,0.45176555728761764
262,187,0.41814916024541
262,235,0.4330746586884885
262,261,0.4189064881602517
262,272,0.4260887724114847
262,292,0.3217679897042605
263,9,0.2675409950367282
263,39,0.27320997481951365
263,61,0.14212490512582335
263,76,0.2649548937878847
263,83,0.2655418797558892
263,170,0.27178373906031555
263,234,0.2674327876977985
263,236,0.2658407864245419
263,238,0.26549975352118266
263,275,0.2703317429754648
263,287,0.2711306942723127
264,1,0.09125138112581775
264,2,0.0835086472323069
264,3,0.202375594090367
264,6,0.1921073203003766
264,131,0.19402722965377386
264,134,0.1821256388741881
264,138,0.029791433210008714
264,143,0.19514690497169176
264,184,0.1155924149372702
264,206,0.20298432063536323
264,240,0.1844824291793813
264,279,0.1258187723960239
264,288,0.029541694979677034
264,289,0.054903068922636675
264,293,0.19482108959659963
264,295,0.024425820045627912
264,297,0.16044531374822743
264,298,0.17735672057790608
264,300,0.18244003632106703
265,4,0.1323252935359932
265,79,0.1128823213084739
265,83,0.11629516630762178
265,129,0.12111227284116466
265,136,0.12125910011552311
265,175,0.1124216103613397
265,210,0.12434735044311503
265,243,0.10848232791683624
265,248,0.10850283705702002
265,281,0.09931205233594291
265,298,0.10970841607420298
266,7,0.182734924645099
266,237,0.16726434545329885
266,269,0.19003682445012215
266,270,0.17368264316246437
266,274,0.1704134998355364
266,278,0.17790869767550638
266,281,0.09625377969047852
266,286,0.17205833687116037
266,292,0.17013534517838624
266,293,0.17528216481901435
266,298,0.16824532324229963
267,9,0.3919659801842092
267,16,0.3836501649291728
267,68,0.3860091051791235
267,92,0.39203486517551644
267,98,0.39173199256735186
267,161,0.3903036476213778
267,187,0.385385895914397
267,191,0.39097595795735224
267,192,0.39279246979618127
267,301,0.38568361809426815
268,7,0.13335211904405037
268,18,0.1232777401865198
268,78,0.13205171827376397
268,134,0.12384797446463139
268,144,0.12142951456940898
268,145,0.12714966997387397
268,237,0.1452060842838779
268,274,0.12399607583234437
268,288,0.037376788793658376
268,292,0.12468632628990817
268,297,0.1226532548072907
269,3,0.1886237088968086
269,6,0.252250421750824
269,15,0.3354371962955233
269,18,0.3535774310033532
269,21,0.38115228590337896
269,78,0.31449329647753155
269,105,0.32742900723101337
269,106,0.35139825358484295
269,131,0.17666694854942178
269,134,0.3063980642214448
269,139,0.21691238002416047
269,143,0.2678977402315431
269,144,0.2210775604197905
269,145,0.20058490298401915
269,171,0.3653118753032389
269,188,0.3150906465918694
269,206,0.2759151174404618
269,230,0.3588451837336105
269,232,0.37002537053496315
269,240,0.24062357920474298
269,257,0.324508160257017
269,266,0.19003682445012215
269,282,0.2870815786709226
269,285,0.33269154660131955
269,293,0.2666682770799635
270,38,0.3708582626985926
270,43,0.35716009332952253
270,53,0.3511709700727903
270,61,0.1395455499639685
270,100,0.3430938114122874
270,121,0.3440289092168915
270,157,0.34398612088249997
270,161,0.3406079048728862
270,217,0.3469836295015704
270,219,0.34601616448472244
270,266,0.17368264316246437
270,299,0.3455121908787441
271,8,0.18279923584426627
271,15,0.3857582096514456
271,18,0.3605571517262343
271,105,0.3432379744427621
271,126,0.379528787452651
271,135,0.3444096595447431
271,229,0.3611905431498778
271,246,0.3821713460450119
271,260,0.3860633546897686
271,286,0.36232172803456597
271,293,0.2381348572646368
271,301,0.3489884277413249
272,16,0.4995843095720433
272,24,0.4920606022465977
272,39,0.47889771451923974
272,68,0.5032385975057272
272,69,0.4910939526053054
272,98,0.48914887574677474
272,154,0.4892262419944461
272,157,0.4854085668895172
272,207,0.49030097323167265
272,235,0.5107265461535975
272,238,0.44594820086898834
272,246,0.4053792046532448
272,256,0.3992397776037316
272,262,0.4260887724114847
272,278,0.30240958534513834
272,283,0.33738670256948267
272,284,0.4937831949943972
273,1,0.09053622913435358
273,2,0.09847673977400669
273,3,0.15312243133837594
273,6,0.1405511351765476
273,138,0.030021366423488384
273,139,0.11521762423003724
273,143,0.12734627406070234
273,144,0.12322755668028065
273,184,0.114561989469169
273,206,0.12044629135515039
273,240,0.14802777759348476
273,279,0.12039571063918961
273,282,0.12788608458052364
273,288,0.03235574008530439
273,289,0.0652238193839732
273,293,0.13715925583392155
273,295,0.02822135382939291
274,5,0.27852980259595234
274,8,0.19798482988966712
274,21,0.28195529910408723
274,26,0.27676431051435635
274,106,0.27537324929098006
274,139,0.21057261637290445
274,170,0.29660301916970616
274,174,0.2858185914737959
274,240,0.24514008280898758
274,266,0.1704134998355364
274,268,0.12399607583234437
274,285,0.2852173284000529
274,297,0.1482227677071291
274,298,0.3084928895137842
274,300,0.2858591032151042
274,301,0.28986738758256725
275,9,0.40319982979670055
275,24,0.39771468463897036
275,25,0.3931936120396995
275,55,0.3960274837852552
275,75,0.39271041862705564
275,92,0.39452820883019135
275,191,0.42069801531881595
275,192,0.38990655367676763
275,236,0.4118743835695638
275,239,0.3972886272969922
275,263,0.2703317429754648
276,16,0.45736203914670814
276,23,0.46127397664696507
276,24,0.4623121933484159
276,64,0.4778894897395774
276,80,0.3396820725863671
276,98,0.4631574061468488
276,100,0.4673896555977021
276,101,0.5040786194755517
276,118,0.47705933375048054
276,163,0.4627179374798561
276,219,0.4578928652928694
276,238,0.42701002969497226
276,239,0.4379389625246394
277,9,0.46037565899084887
277,16,0.5436005941043478
277,25,0.42866284609732314
277,26,0.4517022144633537
277,39,0.4918532067283564
277,49,0.590933779855643
277,53,0.5136945057215577
277,69,0.5796579412213843
277,70,0.6012341878608106
277,73,0.513469292585984
277,87,0.44798125368489955
277,94,0.598096045164076
277,105,0.47426065699516073
277,108,0.5891100556557031
277,117,0.5957372771136392
277,122,0.5114987051450458
277,133,0.4239609982205392
277,140,0.5172250689403045
277,154,0.547913267099481
277,163,0.5137308681500405
277,169,0.5100358626552234
277,187,0.5268515383569152
277,189,0.5289466923901799
277,192,0.4628156736840701
277,198,0.5985267440561406
277,202,0.6133820049798917
277,209,0.5941074834203048
277,221,0.5925547663710403
277,229,0.4921041294756567
277,235,0.5544276689620672
277,236,0.4249303882829299
277,252,0.5982955521796199
277,261,0.49397444994429524
278,0,0.3245092335180591
278,9,0.30238368004568134
278,26,0.3025321115866474
278,140,0.29454271360394646
278,236,0.3051252687129941
278,238,0.30284587658583656
278,239,0.30478836791679825
278,266,0.17790869767550638
278,272,0.30240958534513834
278,287,0.2946252989980666
278,301,0.309192481085322
279,1,0.10029526335091489
279,2,0.11844695515586946
279,3,0.15647189028295938
279,6,0.11990393844411881
279,8,0.12459262182781879
279,138,0.05149127965809493
279,143,0.10751501894878698
279,240,0.12345084347903139
279,264,0.1258187723960239
279,273,0.12039571063918961
279,288,0.04124860748744511
279,289,0.0960772358441219
279,293,0.11483037571319438
279,295,0.04739190834816976
279,297,0.10968973479820505
280,15,0.4070271181396535
280,16,0.4032491991872343
280,72,0.4369471642236971
280,105,0.41422460422568264
280,123,0.4115994827080336
280,141,0.3970305934887674
280,154,0.41901630758523684
280,174,0.4079218697117863
280,187,0.398266526563482
280,284,0.4040787455173119
281,4,0.10451028274300819
281,61,0.12197880756136067
281,175,0.10186067067133475
281,210,0.1218545525369285
281,241,0.09623853159136068
281,243,0.09641287709845348
281,248,0.1002951007477747
281,259,0.09643811492117577
281,265,0.09931205233594291
281,266,0.09625377969047852
282,8,0.1821902791326839
282,20,0.2744168283281589
282,21,0.2719606647979421
282,170,0.2605165050741112
282,240,0.24542450717868342
282,269,0.2870815786709226
282,273,0.12788608458052364
282,283,0.26105281318935925
282,285,0.26724969995225034
282,286,0.26884071518613967
282,293,0.23726653972233855
282,297,0.159095779055987
282,298,0.29260939442568024
282,300,0.28582874899175564
282,301,0.2598443831230266
283,18,0.35467238701203824
283,25,0.33911618522543374
283,26,0.3429485746816909
283,39,0.33703710765957073
283,141,0.3409072895411924
283,170,0.36792574183990473
283,188,0.2906885201015421
283,229,0.3462095873825785
283,246,0.34006987114780596
283,259,0.28281780007761936
283,260,0.3367478478331705
283,272,0.33738670256948267
283,282,0.26105281318935925
284,5,0.38588704036970495
284,11,0.5854280159254382
284,58,0.5873435254401006
284,65,0.5811668290544234
284,72,0.5250505440446049
284,91,0.5835189947187839
284,105,0.46885270759438935
284,108,0.5769564461150528
284,126,0.4240281227708388
284,165,0.5057457271336613
284,167,0.5868384380797114
284,202,0.5771190067426617
284,207,0.5762880543941178
284,209,0.5821474027333282
284,249,0.4282789857979044
284,253,0.5792716679268652
284,272,0.4937831949943972
284,280,0.4040787455173119
285,7,0.28368897365227447
285,8,0.16692697905583653
285,15,0.4450403979297643
285,18,0.3772564862559106
285,20,0.3501354911670881
285,21,0.37627757972316106
285,106,0.4097884985603232
285,134,0.2679782941390406
285,143,0.2634146239617157
285,145,0.20351617654417084
285,170,0.38867558606797886
285,171,0.3812862544484685
285,188,0.3075086514980364
285,206,0.2512640871151531
285,230,0.4169684250102278
285,240,0.2527779993553296
285,257,0.3543113948711622
285,269,0.33269154660131955
285,274,0.2852173284000529
285,282,0.26724969995225034
285,298,0.38741501325642247
285,300,0.36664821414453896
285,301,0.37864372621817194
286,7,0.25759088784277295
286,15,0.3734460329067686
286,18,0.38533833867289374
286,20,0.32991602382160756
286,39,0.3733811345420118
286,77,0.3224468066233124
286,78,0.34040468629686793
286,105,0.36149530137030994
286,126,0.3795426567809154
286,134,0.2575956570860676
286,145,0.19460295747189946
286,170,0.3950344784910818
286,229,0.3793554082533948
286,246,0.36646825397922506
286,259,0.28607987302545584
286,266,0.17205833687116037
286,271,0.36232172803456597
286,282,0.26884071518613967
286,292,0.3341090682362615
286,298,0.3567712337285633
287,7,0.27044148280591007
287,9,0.37907625124172756
287,16,0.38006230927358226
287,24,0.3837109445041999
287,39,0.4123581849804628
287,105,0.38714277326305047
287,106,0.39417481966064327
287,145,0.19611967495511193
287,170,0.37926258723140105
287,194,0.3923653623541808
287,229,0.3776071104937675
287,238,0.3816480612210068
287,263,0.2711306942723127
287,278,0.2946252989980666
288,1,0.03032815923053533
288,2,0.029512687171563298
288,3,0.031998667913225656
288,8,0.030377691586299205
288,264,0.029541694979677034
288,268,0.037376788793658376
288,273,0.03235574008530439
288,279,0.04124860748744511
288,289,0.032252414826843594
288,295,0.025884825831239782
288,297,0.03668018993679105
289,2,0.07501473380401044
289,3,0.06311096364662769
289,6,0.05695095907551759
289,8,0.05621706198179033
289,138,0.039065505413429145
289,184,0.05762014175777359
289,240,0.05323784248795617
289,264,0.054903068922636675
289,273,0.0652238193839732
289,279,0.0960772358441219
289,288,0.032252414826843594
289,295,0.04643386885069046
289,297,0.06547123741257065
290,39,0.40052477372875755
290,53,0.42291993360752045
290,123,0.3765951166294936
290,163,0.38623961180732247
290,169,0.38010927082673535
290,174,0.38725827247172884
290,179,0.37495147789396893
290,197,0.3758083625405975
290,235,0.38363042343612985
290,261,0.38336738137660503
291,28,0.6097198665273031
291,30,0.4989091392005264
291,31,0.535950529351939
291,35,0.5580811567968673
291,43,0.5272493919979927
291,44,0.4610387965463658
291,45,0.5986320032947982
291,46,0.6054090270154502
291,57,0.6040280202978472
291,66,0.4842084964730868
291,88,0.5009636174341139
291,89,0.5253731849584727
291,91,0.6255883102927812
291,100,0.5034063200783193
291,102,0.6108023108404494
291,111,0.6048667022880434
291,115,0.5130275048055435
291,119,0.6163732253312696
291,124,0.6103410186957603
291,127,0.4815791839104352
291,159,0.5328251805040972
291,173,0.6068887317101213
291,189,0.5353391153321917
291,197,0.5092490856009936
291,201,0.6173373965429568
291,212,0.48633090911695637
291,214,0.5614137430521913
291,242,0.4997509519574542
291,251,0.503424308243647
291,254,0.5730381879202603
291,258,0.6152483801030604
292,8,0.1684582379473056
292,9,0.31840117580013827
292,15,0.3121719286454372
292,18,0.34290046147705017
292,26,0.3128202767782239
292,141,0.3176863725297534
292,229,0.31320439086482416
292,260,0.3252508730614691
292,262,0.3217679897042605
292,266,0.17013534517838624
292,268,0.12468632628990817
292,286,0.3341090682362615
292,301,0.335655221759651
293,3,0.20316941795430182
293,6,0.22908494375793628
293,8,0.1810767052939363
293,15,0.23255524626972224
293,20,0.27008564138710717
293,78,0.23643886694772262
293,171,0.24890174996279762
293,188,0.25723400496800264
293,264,0.19482108959659963
293,266,0.17528216481901435
293,269,0.2666682770799635
293,271,0.2381348572646368
293,273,0.13715925583392155
293,279,0.11483037571319438
293,282,0.23726653972233855
293,297,0.1682541283920927
293,298,0.25748294782327746
293,300,0.2763808008233563
294,37,0.6376005242352754
294,49,0.6371639712437401
294,51,0.6435516029434637
294,52,0.6430431395055537
294,69,0.5760758288250296
294,104,0.5230715797996344
294,107,0.6122519875990109
294,152,0.6466786961178828
294,167,0.6505400058145343
294,204,0.6518552208455686
294,211,0.6374661771350324
294,218,0.6682100623452293
294,220,0.6341276357059081
295,1,0.029428426068524288
295,2,0.04457463217833002
295,3,0.029837103229578076
295,184,0.029071403117391516
295,264,0.024425820045627912
295,273,0.02822135382939291
295,279,0.04739190834816976
295,288,0.025884825831239782
295,289,0.04643386885069046
295,297,0.03663205279236108
296,10,0.5470768236342693
296,22,0.5527460238753547
296,59,0.5609605151168476
296,60,0.4758206715667487
296,62,0.3641778909544421
296,70,0.5422370870505316
296,74,0.4347816672208148
296,91,0.547730529428366
296,108,0.5585222516842034
296,109,0.4793859141475422
296,119,0.5434190040420607
296,121,0.40791484632437225
296,177,0.48672358756554035
296,179,0.5409811764006054
296,196,0.421770485809747
296,204,0.5441256677345393
296,217,0.4737948521062324
296,252,0.5534450626903076
297,7,0.15066076665163852
297,8,0.1493070124242839
297,134,0.17545803256594208
297,144,0.1606570359737965
297,206,0.14541474561672738
297,240,0.15011883600080622
297,264,0.16044531374822743
297,268,0.1226532548072907
297,274,0.1482227677071291
297,279,0.10968973479820505
297,282,0.159095779055987
297,288,0.03668018993679105
297,289,0.06547123741257065
297,293,0.1682541283920927
297,295,0.03663205279236108
298,6,0.23692898057085326
298,7,0.2827533949209723
298,15,0.39267555557196815
298,18,0.3514176695972217
298,20,0.3687414371911838
298,78,0.30514137601832775
298,106,0.39246850379389325
298,134,0.2618510593310802
298,143,0.24738525464520691
298,170,0.4046036269157803
298,188,0.291337400667239
298,230,0.38117193695069657
298,232,0.3404760518166708
298,257,0.3536652272500516
298,264,0.17735672057790608
298,265,0.10970841607420298
298,266,0.16824532324229963
298,274,0.3084928895137842
298,282,0.29260939442568024
298,285,0.38741501325642247
298,286,0.3567712337285633
298,293,0.25748294782327746
298,300,0.3826544509232566
299,30,0.47403650844608025
299,38,0.48041369090622804
299,45,0.49252767574782946
299,48,0.48793038187959453
299,74,0.4238868814174796
299,112,0.48329933121186097
299,124,0.4991546464340558
299,125,0.48119890968791895
299,140,0.48404665220098336
299,195,0.3617688429048459
299,213,0.4766154289189872
299,214,0.4778223523404133
299,222,0.48019461396210833
299,234,0.39519364906356996
299,270,0.3455121908787441
300,6,0.22265958720964876
300,7,0.29200893804446276
300,15,0.33888292332556574
300,20,0.3383721462349601
300,106,0.34012343774037196
300,134,0.25757736572237194
300,139,0.212434175524837
300,171,0.4049737848968726
300,188,0.312687794453373
300,206,0.285918931325232
300,229,0.3360024463369292
300,230,0.35508913521156393
300,257,0.35110287288904757
300,264,0.18244003632106703
300,274,0.2858591032151042
300,282,0.28582874899175564
300,285,0.36664821414453896
300,293,0.2763808008233563
300,298,0.3826544509232566
300,301,0.32651558298868927
301,9,0.43006602602394445
301,18,0.41249660811018246
301,20,0.3412060743999279
301,21,0.40383094719502055
301,24,0.40254908811002826
301,39,0.4019132755282028
301,77,0.3308448126271479
301,105,0.4202771116899458
301,106,0.39495087045184685
301,135,0.3975956027083745
301,161,0.4001452921840671
301,170,0.41389693879341344
301,187,0.4099545710214273
301,229,0.4260809250568395
301,237,0.3123640960232496
301,267,0.38568361809426815
301,271,0.3489884277413249
301,274,0.28986738758256725
301,278,0.309192481085322
301,282,0.2598443831230266
301,285,0.37864372621817194
301,292,0.335655221759651
301,300,0.32651558298868927
