source,target,weight
0,1,1
0,2,17
0,3,42
0,4,8
0,5,9
0,6,12
0,7,29
0,8,21
0,10,7
0,11,5
0,12,1
0,13,4
0,15,7
0,16,5
0,18,4
0,19,2
0,20,1
0,21,3
0,22,1
0,24,2
0,26,5
0,27,1
0,28,3
0,30,2
0,31,7
0,33,2
0,34,11
0,35,8
0,38,3
0,39,4
0,41,8
0,42,5
0,43,2
0,44,4
0,45,2
0,46,6
0,47,4
0,48,1
0,50,2
0,53,8
0,54,6
0,55,2
0,56,1
0,57,3
0,58,3
0,60,6
0,61,27
0,62,11
0,64,4
0,65,1
0,66,7
0,67,3
0,68,1
0,69,1
0,70,4
0,71,1
0,72,1
0,73,2
0,74,6
0,75,7
0,76,7
0,77,5
0,78,3
0,79,14
0,80,8
0,81,22
0,82,1
0,83,4
0,84,7
0,86,4
0,88,2
0,89,2
0,90,10
0,92,3
0,93,2
0,94,6
0,95,33
0,96,4
0,97,7
0,98,3
0,99,5
0,100,10
0,101,27
0,102,13
0,103,14
0,104,3
0,105,20
0,106,33
0,107,11
0,108,7
0,109,11
0,110,1
0,112,9
0,113,10
0,114,1
0,115,10
0,116,3
0,117,6
0,118,11
0,119,1
0,120,14
0,121,16
0,122,9
0,123,6
0,124,2
0,125,7
0,126,5
0,127,4
0,128,3
0,129,22
0,130,7
0,131,11
0,132,6
0,133,1
0,134,5
0,135,1
0,136,19
0,137,23
0,138,4
0,139,2
0,140,8
0,141,2
0,142,2
0,143,4
0,144,4
0,145,11
0,146,6
0,147,1
0,148,5
0,149,3
0,150,5
0,153,6
0,154,7
0,155,1
0,157,9
0,159,3
0,160,4
0,161,5
0,162,2
0,163,17
0,164,1
0,165,4
0,166,1
0,167,6
0,168,1
0,169,4
0,170,1
0,171,4
0,172,1
0,173,2
0,175,6
0,176,10
0,177,9
0,178,2
0,179,30
0,180,2
0,181,26
0,182,7
0,183,2
0,184,8
0,185,1
0,187,8
0,188,2
0,189,6
0,190,1
0,191,5
0,192,9
0,193,13
0,194,27
0,195,19
0,196,18
0,197,12
0,198,6
0,200,6
0,201,2
0,202,2
0,203,8
0,204,1
0,205,7
0,206,14
0,208,1
0,210,12
0,211,3
0,212,13
0,213,4
0,214,2
0,215,5
0,216,4
0,217,21
0,218,1
0,219,6
0,220,1
0,222,6
0,223,1
0,224,17
0,225,13
0,226,20
0,227,5
0,228,6
0,229,1
0,230,6
0,231,2
0,232,4
0,233,10
0,234,4
0,235,6
0,236,5
0,237,11
0,238,12
0,239,6
0,240,4
0,241,38
0,242,10
0,243,22
0,244,1
0,245,3
0,246,4
0,247,4
0,248,12
0,249,5
0,250,1
0,251,3
0,252,2
0,254,4
0,255,16
0,256,7
0,257,15
0,258,1
0,259,5
0,260,5
0,261,30
0,262,4
0,263,21
0,264,7
0,265,40
0,266,217
0,267,2
0,268,24
0,269,3
0,270,10
0,271,2
0,272,7
0,273,15
0,274,5
0,275,5
0,276,8
0,277,6
0,278,18
0,279,29
0,280,5
0,281,50
0,282,6
0,283,24
0,284,6
0,285,34
0,286,11
0,287,19
0,288,21
0,289,9
0,290,7
0,291,3
0,292,62
0,293,12
0,294,7
0,295,51
0,296,5
0,297,44
0,298,17
0,299,5
0,300,36
0,301,9
1,0,30
1,2,28
1,3,25
1,4,89
1,5,2
1,6,27
1,7,72
1,8,12
1,9,5
1,10,7
1,11,2
1,12,3
1,13,7
1,15,1
1,16,11
1,17,15
1,18,46
1,19,16
1,20,7
1,21,1
1,22,25
1,23,19
1,24,17
1,25,9
1,26,29
1,27,3
1,28,4
1,29,11
1,30,35
1,31,26
1,33,3
1,34,7
1,35,52
1,36,11
1,37,1
1,38,15
1,39,8
1,40,2
1,41,15
1,42,4
1,43,30
1,44,117
1,45,11
1,46,5
1,47,12
1,48,11
1,49,1
1,50,4
1,52,3
1,53,5
1,54,8
1,55,16
1,56,11
1,57,10
1,58,92
1,59,80
1,60,22
1,61,62
1,62,36
1,64,76
1,65,43
1,66,33
1,67,1
1,68,8
1,69,56
1,70,36
1,71,41
1,72,3
1,73,125
1,74,149
1,75,12
1,76,31
1,77,10
1,78,9
1,79,42
1,80,20
1,81,41
1,82,14
1,83,34
1,84,35
1,85,7
1,86,12
1,87,1
1,88,22
1,89,25
1,90,21
1,91,58
1,92,1
1,93,162
1,94,15
1,95,8
1,96,95
1,97,95
1,98,22
1,99,4
1,100,18
1,101,11
1,102,9
1,103,14
1,104,7
1,105,12
1,106,13
1,107,3
1,108,11
1,109,14
1,110,10
1,111,5
1,112,11
1,113,23
1,114,16
1,115,10
1,116,7
1,117,13
1,118,23
1,119,12
1,120,27
1,121,30
1,122,16
1,123,10
1,124,21
1,125,28
1,126,11
1,127,120
1,128,76
1,129,46
1,130,24
1,131,42
1,132,25
1,133,16
1,134,32
1,135,6
1,136,34
1,138,54
1,139,39
1,140,80
1,141,35
1,142,44
1,143,80
1,144,96
1,145,181
1,146,170
1,147,12
1,148,102
1,149,100
1,150,13
1,151,4
1,152,2
1,153,9
1,154,6
1,155,202
1,156,4
1,157,28
1,158,66
1,159,77
1,160,5
1,161,30
1,162,51
1,163,37
1,164,37
1,165,2
1,166,18
1,167,2
1,168,31
1,169,18
1,170,13
1,171,18
1,172,2
1,173,49
1,174,6
1,175,89
1,176,72
1,177,46
1,178,14
1,179,4
1,180,12
1,181,1
1,182,48
1,183,19
1,184,6
1,186,3
1,187,6
1,188,7
1,189,10
1,190,3
1,191,4
1,192,17
1,193,19
1,194,33
1,195,43
1,196,44
1,197,30
1,198,7
1,199,4
1,200,12
1,201,13
1,202,10
1,203,14
1,204,2
1,205,19
1,206,17
1,207,1
1,208,8
1,209,1
1,210,42
1,211,5
1,212,35
1,213,4
1,214,19
1,215,39
1,216,25
1,217,83
1,218,6
1,219,55
1,221,4
1,222,9
1,223,14
1,224,16
1,225,38
1,226,41
1,227,60
1,228,18
1,229,65
1,230,54
1,231,5
1,232,11
1,233,7
1,234,83
1,235,17
1,236,29
1,237,13
1,238,39
1,239,23
1,240,84
1,241,62
1,242,19
1,243,65
1,244,13
1,245,5
1,246,9
1,247,12
1,248,39
1,249,6
1,250,3
1,251,14
1,252,6
1,253,2
1,254,20
1,255,63
1,256,29
1,257,7
1,258,1
1,259,22
1,260,16
1,261,21
1,262,10
1,263,38
1,264,625
1,265,69
1,266,13
1,267,8
1,268,15
1,269,232
1,270,45
1,271,4
1,272,24
1,273,50
1,274,10
1,275,10
1,276,44
1,277,63
1,278,47
1,279,18
1,280,1
1,281,55
1,282,7
1,283,32
1,284,40
1,285,10
1,286,47
1,287,14
1,288,330
1,289,36
1,290,20
1,291,4
1,292,30
1,293,7
1,294,19
1,295,31
1,296,7
1,297,46
1,298,16
1,299,7
1,300,13
1,301,36
2,0,89
2,1,35
2,3,77
2,4,134
2,5,32
2,6,273
2,7,68
2,8,198
2,9,70
2,10,13
2,11,7
2,12,2
2,13,7
2,14,1
2,15,10
2,16,9
2,17,14
2,18,41
2,19,9
2,20,29
2,21,31
2,22,15
2,23,52
2,24,53
2,25,42
2,26,60
2,27,12
2,28,9
2,29,28
2,30,33
2,31,30
2,32,3
2,33,2
2,34,96
2,35,34
2,36,1
2,37,1
2,38,30
2,39,53
2,41,68
2,42,9
2,43,30
2,44,34
2,45,24
2,46,8
2,47,26
2,48,16
2,49,8
2,50,24
2,51,8
2,52,3
2,53,26
2,54,22
2,55,43
2,56,46
2,57,36
2,58,27
2,59,14
2,60,53
2,61,206
2,62,104
2,63,2
2,64,38
2,65,27
2,66,106
2,67,23
2,68,52
2,69,18
2,70,36
2,71,32
2,72,24
2,73,59
2,74,73
2,75,110
2,76,95
2,77,41
2,78,29
2,79,168
2,80,87
2,81,113
2,82,29
2,83,66
2,84,51
2,85,10
2,86,64
2,87,8
2,88,58
2,89,69
2,90,78
2,91,6
2,92,14
2,93,35
2,94,7
2,95,24
2,96,37
2,97,91
2,98,64
2,99,18
2,100,72
2,101,25
2,102,22
2,103,19
2,104,18
2,105,29
2,106,24
2,107,7
2,108,55
2,109,140
2,110,95
2,111,21
2,112,141
2,113,231
2,114,192
2,115,247
2,116,96
2,117,131
2,118,190
2,119,147
2,120,348
2,121,417
2,122,282
2,123,170
2,124,14
2,125,22
2,126,283
2,127,60
2,128,56
2,129,351
2,130,105
2,131,433
2,132,302
2,133,258
2,134,518
2,135,11
2,136,148
2,137,21
2,138,231
2,139,222
2,140,29
2,141,60
2,142,124
2,143,71
2,144,68
2,145,99
2,146,47
2,147,6
2,148,46
2,149,47
2,150,8
2,151,3
2,153,28
2,154,21
2,155,18
2,156,4
2,157,26
2,158,8
2,159,27
2,160,22
2,161,42
2,162,11
2,163,34
2,164,9
2,165,79
2,166,37
2,167,6
2,168,5
2,169,75
2,170,33
2,171,47
2,172,3
2,173,19
2,174,48
2,175,100
2,176,48
2,177,38
2,178,19
2,179,20
2,180,29
2,181,9
2,182,92
2,183,77
2,184,35
2,185,6
2,186,3
2,187,14
2,188,74
2,189,28
2,190,25
2,191,14
2,192,62
2,193,35
2,194,71
2,195,87
2,196,60
2,197,40
2,198,17
2,200,21
2,201,18
2,202,10
2,203,14
2,204,5
2,205,7
2,206,50
2,207,11
2,208,34
2,209,1
2,210,125
2,211,32
2,212,156
2,213,17
2,214,49
2,215,75
2,216,109
2,217,186
2,218,5
2,219,157
2,220,2
2,221,9
2,222,21
2,223,21
2,224,48
2,225,133
2,226,50
2,227,47
2,228,83
2,229,22
2,230,46
2,231,33
2,232,52
2,233,10
2,234,56
2,235,30
2,236,62
2,237,94
2,238,59
2,239,43
2,240,16
2,241,90
2,242,90
2,243,127
2,244,27
2,245,39
2,246,54
2,247,33
2,248,91
2,249,49
2,250,9
2,251,75
2,252,9
2,253,2
2,254,76
2,255,68
2,256,48
2,257,131
2,258,6
2,259,78
2,260,123
2,261,47
2,262,80
2,263,89
2,264,184
2,265,222
2,266,31
2,267,60
2,268,129
2,269,45
2,270,162
2,271,222
2,272,41
2,273,240
2,274,296
2,275,41
2,276,24
2,277,64
2,278,270
2,279,148
2,280,14
2,281,166
2,282,104
2,283,61
2,284,10
2,285,97
2,286,42
2,287,57
2,288,69
2,289,298
2,290,77
2,291,14
2,292,69
2,293,55
2,294,6
2,295,1341
2,296,10
2,297,456
2,298,53
2,299,23
2,300,43
2,301,45
3,0,128
3,1,16
3,2,29
3,4,21
3,5,7
3,6,14
3,7,57
3,8,23
3,9,15
3,10,11
3,11,2
3,12,7
3,13,8
3,15,11
3,16,17
3,17,1
3,18,23
3,19,1
3,20,10
3,21,1
3,22,3
3,23,9
3,24,12
3,25,14
3,26,10
3,27,5
3,28,2
3,29,4
3,30,14
3,31,11
3,32,3
3,33,3
3,34,12
3,35,24
3,36,2
3,38,22
3,39,30
3,41,26
3,42,9
3,43,10
3,44,17
3,45,15
3,46,5
3,47,20
3,48,17
3,49,3
3,50,9
3,51,3
3,52,2
3,53,16
3,54,10
3,55,17
3,56,21
3,57,20
3,58,14
3,59,5
3,60,32
3,61,81
3,62,37
3,63,1
3,64,8
3,65,1
3,66,39
3,67,3
3,68,19
3,69,3
3,70,4
3,71,9
3,72,1
3,73,15
3,74,25
3,75,15
3,76,20
3,77,9
3,78,11
3,79,33
3,80,22
3,81,30
3,82,10
3,83,22
3,84,15
3,85,11
3,86,10
3,88,21
3,89,23
3,90,35
3,91,2
3,92,2
3,93,11
3,94,1
3,95,7
3,96,9
3,97,49
3,98,14
3,99,12
3,100,37
3,101,7
3,102,3
3,103,5
3,104,19
3,105,6
3,106,19
3,107,7
3,108,21
3,109,22
3,110,6
3,111,4
3,112,18
3,113,37
3,114,20
3,115,24
3,116,12
3,117,5
3,118,22
3,119,22
3,120,23
3,121,30
3,122,29
3,123,15
3,124,7
3,125,5
3,126,9
3,127,22
3,128,10
3,129,66
3,130,22
3,131,33
3,132,18
3,133,11
3,134,27
3,135,4
3,136,93
3,137,33
3,138,6
3,139,5
3,140,14
3,141,4
3,142,15
3,143,15
3,144,13
3,145,37
3,146,20
3,147,1
3,148,10
3,149,22
3,150,1
3,153,8
3,154,4
3,155,8
3,156,3
3,157,15
3,158,12
3,159,10
3,160,16
3,161,15
3,162,2
3,163,13
3,164,2
3,165,10
3,166,11
3,167,1
3,168,4
3,169,32
3,170,13
3,171,23
3,173,2
3,174,3
3,175,67
3,176,36
3,177,20
3,178,10
3,179,80
3,180,12
3,181,40
3,182,40
3,183,20
3,184,74
3,185,4
3,187,5
3,188,8
3,189,15
3,190,3
3,191,21
3,192,13
3,193,35
3,194,50
3,195,54
3,196,50
3,197,34
3,198,13
3,199,4
3,200,13
3,201,14
3,202,16
3,203,17
3,204,7
3,205,13
3,206,176
3,208,6
3,210,73
3,211,2
3,212,49
3,213,20
3,214,9
3,215,50
3,216,60
3,217,37
3,218,3
3,219,27
3,220,6
3,221,17
3,222,57
3,223,56
3,224,122
3,225,34
3,226,243
3,227,29
3,228,9
3,229,6
3,230,21
3,231,72
3,232,106
3,233,102
3,234,37
3,235,14
3,236,27
3,237,47
3,238,59
3,239,33
3,240,33
3,241,423
3,242,20
3,243,433
3,244,66
3,245,7
3,246,20
3,247,30
3,248,236
3,249,8
3,250,9
3,251,12
3,252,6
3,253,2
3,254,17
3,255,68
3,256,29
3,257,33
3,258,10
3,259,33
3,260,36
3,261,40
3,262,8
3,263,96
3,264,32
3,265,121
3,266,10
3,267,11
3,268,37
3,269,26
3,270,28
3,271,14
3,272,13
3,273,13
3,274,18
3,275,5
3,276,9
3,277,22
3,278,56
3,279,201
3,280,1
3,281,137
3,282,10
3,283,149
3,284,29
3,285,25
3,286,16
3,287,31
3,288,71
3,289,14
3,290,32
3,291,13
3,292,35
3,293,11
3,294,6
3,295,28
3,296,13
3,297,100
3,298,84
3,299,20
3,300,41
3,301,21
4,0,6
4,1,40
4,2,27
4,3,9
4,5,4
4,6,26
4,7,9
4,8,7
4,9,7
4,11,2
4,12,1
4,14,1
4,16,4
4,17,62
4,18,13
4,19,59
4,20,4
4,21,9
4,22,146
4,23,9
4,24,6
4,25,6
4,26,13
4,27,3
4,29,1
4,30,166
4,31,6
4,33,12
4,34,5
4,35,80
4,36,47
4,37,17
4,38,50
4,39,10
4,40,5
4,41,25
4,42,9
4,43,135
4,44,407
4,45,5
4,46,1
4,47,2
4,48,5
4,49,1
4,52,26
4,53,4
4,54,3
4,55,5
4,56,4
4,57,4
4,58,17
4,59,9
4,60,9
4,61,15
4,62,8
4,64,12
4,65,3
4,66,8
4,67,1
4,68,4
4,69,9
4,70,13
4,71,8
4,72,8
4,73,11
4,74,27
4,75,8
4,76,7
4,77,5
4,78,6
4,79,16
4,80,14
4,81,17
4,83,8
4,84,3
4,85,1
4,86,2
4,87,13
4,88,5
4,89,6
4,90,3
4,91,6
4,93,19
4,94,3
4,95,2
4,96,19
4,97,28
4,98,7
4,99,4
4,100,3
4,101,6
4,102,4
4,103,4
4,104,4
4,105,4
4,106,3
4,107,3
4,108,2
4,109,10
4,110,4
4,111,1
4,112,6
4,113,10
4,114,9
4,115,12
4,116,6
4,118,6
4,119,3
4,120,20
4,121,14
4,122,13
4,123,12
4,124,4
4,125,8
4,126,7
4,127,22
4,128,19
4,129,24
4,130,18
4,131,34
4,132,23
4,133,16
4,134,27
4,135,81
4,136,9
4,138,59
4,139,60
4,140,9
4,141,29
4,142,69
4,143,125
4,144,145
4,145,164
4,146,118
4,147,13
4,148,57
4,149,97
4,150,16
4,151,6
4,152,3
4,153,84
4,154,3
4,155,21
4,157,12
4,158,11
4,159,15
4,160,3
4,161,7
4,162,4
4,163,6
4,164,12
4,166,4
4,168,4
4,169,10
4,170,4
4,171,3
4,172,1
4,173,1
4,174,1
4,175,26
4,176,22
4,177,10
4,178,4
4,179,1
4,180,6
4,181,2
4,182,29
4,183,24
4,184,7
4,187,4
4,188,13
4,190,4
4,192,6
4,193,8
4,194,4
4,195,8
4,196,8
4,197,3
4,198,2
4,200,2
4,203,2
4,204,1
4,205,9
4,206,10
4,208,3
4,210,15
4,211,2
4,212,37
4,213,2
4,214,3
4,215,15
4,216,8
4,217,90
4,218,26
4,219,154
4,220,1
4,221,3
4,222,4
4,223,2
4,224,7
4,225,106
4,226,5
4,227,20
4,228,4
4,229,15
4,230,16
4,231,2
4,232,5
4,233,8
4,234,22
4,235,2
4,236,6
4,237,11
4,238,8
4,239,13
4,240,16
4,241,16
4,242,11
4,243,11
4,244,4
4,245,6
4,246,14
4,247,15
4,248,11
4,249,2
4,251,2
4,253,1
4,254,5
4,255,9
4,256,4
4,257,10
4,259,13
4,260,17
4,261,4
4,262,6
4,263,6
4,264,111
4,265,20
4,266,2
4,267,26
4,268,29
4,269,26
4,270,42
4,271,11
4,272,3
4,273,58
4,274,11
4,275,2
4,276,8
4,277,37
4,278,21
4,279,14
4,280,2
4,281,18
4,282,10
4,283,4
4,284,6
4,285,13
4,286,19
4,287,13
4,288,50
4,289,35
4,290,14
4,292,9
4,293,8
4,294,5
4,295,72
4,296,4
4,297,54
4,298,5
4,299,2
4,300,3
4,301,16
5,0,31
5,1,4
5,2,40
5,3,13
5,4,22
5,6,51
5,7,18
5,8,154
5,9,32
5,10,1
5,11,2
5,12,29
5,13,47
5,14,1
5,15,23
5,16,43
5,17,3
5,18,7
5,19,2
5,20,35
5,21,22
5,22,2
5,23,40
5,24,31
5,25,34
5,26,47
5,27,10
5,28,7
5,29,29
5,30,4
5,31,13
5,32,2
5,33,1
5,34,22
5,35,13
5,38,14
5,39,100
5,41,11
5,42,1
5,43,1
5,44,5
5,45,3
5,46,2
5,47,10
5,48,1
5,49,2
5,50,4
5,53,57
5,54,4
5,55,8
5,56,12
5,57,7
5,58,1
5,60,12
5,61,31
5,62,17
5,63,2
5,64,7
5,65,5
5,66,29
5,67,3
5,68,19
5,69,3
5,70,3
5,71,3
5,72,6
5,73,8
5,74,11
5,75,14
5,76,21
5,77,13
5,78,7
5,79,36
5,80,13
5,81,20
5,82,4
5,83,2
5,84,11
5,85,2
5,86,9
5,88,17
5,89,14
5,90,43
5,91,2
5,92,28
5,93,3
5,94,2
5,95,8
5,96,2
5,97,38
5,98,38
5,99,61
5,100,20
5,101,4
5,102,6
5,103,8
5,104,2
5,105,7
5,106,9
5,107,8
5,108,6
5,109,11
5,110,3
5,111,8
5,112,4
5,113,17
5,114,6
5,115,16
5,116,7
5,117,5
5,118,10
5,119,8
5,120,9
5,121,24
5,122,16
5,123,13
5,124,9
5,125,9
5,126,10
5,127,9
5,128,6
5,129,43
5,130,7
5,131,16
5,132,17
5,133,14
5,134,21
5,136,76
5,137,4
5,138,18
5,139,21
5,140,16
5,141,4
5,142,18
5,143,10
5,144,9
5,145,21
5,146,7
5,147,1
5,148,2
5,149,12
5,150,1
5,153,4
5,154,7
5,155,3
5,157,15
5,158,5
5,159,7
5,160,7
5,161,19
5,162,1
5,163,15
5,164,1
5,165,41
5,166,18
5,167,2
5,168,1
5,169,55
5,170,26
5,171,49
5,173,2
5,174,49
5,175,34
5,176,28
5,177,13
5,178,7
5,179,7
5,180,10
5,181,2
5,182,38
5,183,31
5,184,1
5,185,1
5,186,22
5,187,12
5,188,97
5,189,5
5,190,3
5,192,15
5,193,5
5,194,5
5,195,10
5,196,7
5,197,8
5,198,1
5,200,5
5,201,1
5,202,2
5,203,3
5,204,3
5,205,1
5,206,8
5,207,32
5,208,8
5,209,29
5,210,27
5,212,12
5,213,5
5,214,6
5,215,14
5,216,21
5,217,9
5,219,14
5,220,1
5,221,2
5,222,1
5,223,3
5,224,12
5,225,12
5,226,9
5,227,19
5,228,17
5,229,7
5,230,9
5,231,7
5,232,9
5,233,3
5,234,14
5,235,10
5,236,10
5,237,70
5,238,6
5,239,20
5,240,16
5,241,23
5,242,18
5,243,26
5,244,7
5,245,16
5,246,95
5,247,4
5,248,14
5,249,21
5,250,3
5,251,23
5,252,1
5,253,13
5,254,16
5,255,7
5,256,30
5,257,16
5,258,1
5,259,10
5,260,8
5,261,14
5,262,54
5,263,47
5,264,26
5,265,36
5,266,7
5,267,15
5,268,36
5,269,8
5,270,29
5,271,10
5,272,27
5,273,92
5,274,56
5,275,7
5,276,2
5,277,5
5,278,23
5,279,32
5,280,26
5,281,18
5,282,391
5,283,6
5,284,3
5,285,14
5,286,14
5,287,16
5,288,17
5,289,72
5,290,49
5,291,2
5,292,21
5,293,30
5,294,3
5,295,153
5,296,55
5,297,26
5,298,54
5,299,1
5,300,10
5,301,45
6,0,20
6,1,9
6,2,254
6,3,18
6,4,45
6,5,22
6,7,60
6,8,46
6,9,59
6,10,5
6,11,2
6,12,5
6,13,11
6,15,11
6,16,19
6,17,2
6,18,10
6,19,3
6,20,13
6,21,6
6,22,2
6,23,8
6,24,12
6,25,10
6,26,14
6,27,7
6,28,4
6,29,8
6,30,14
6,31,3
6,32,2
6,34,20
6,35,39
6,36,2
6,38,42
6,39,12
6,41,61
6,42,8
6,43,4
6,44,17
6,45,37
6,46,28
6,47,28
6,48,29
6,49,13
6,50,25
6,52,1
6,53,21
6,54,20
6,55,60
6,56,46
6,57,55
6,58,21
6,59,3
6,60,24
6,61,65
6,62,24
6,63,2
6,64,4
6,65,10
6,66,119
6,67,5
6,68,47
6,69,2
6,70,11
6,71,12
6,72,6
6,73,26
6,74,32
6,75,18
6,76,34
6,77,18
6,78,6
6,79,41
6,80,18
6,81,34
6,82,14
6,83,27
6,84,15
6,85,5
6,86,17
6,87,2
6,88,70
6,89,75
6,90,32
6,91,6
6,92,17
6,93,14
6,94,1
6,95,6
6,96,12
6,97,58
6,98,22
6,99,18
6,100,90
6,101,8
6,102,4
6,103,7
6,104,31
6,105,7
6,106,3
6,107,3
6,108,42
6,109,15
6,110,10
6,111,2
6,112,10
6,113,40
6,114,25
6,115,17
6,116,10
6,117,13
6,118,16
6,119,11
6,120,25
6,121,27
6,122,21
6,123,10
6,124,6
6,125,9
6,126,14
6,127,20
6,128,18
6,129,138
6,130,9
6,131,132
6,132,114
6,133,84
6,134,128
6,135,3
6,136,96
6,137,47
6,138,61
6,139,59
6,140,17
6,141,14
6,142,20
6,143,19
6,144,27
6,145,41
6,146,28
6,147,2
6,148,22
6,149,21
6,150,4
6,151,3
6,153,16
6,154,3
6,155,7
6,156,4
6,157,10
6,158,8
6,159,9
6,160,13
6,161,15
6,162,1
6,163,16
6,164,2
6,165,27
6,166,11
6,167,6
6,168,6
6,169,53
6,170,22
6,171,27
6,173,5
6,174,13
6,175,56
6,176,19
6,177,32
6,178,10
6,179,4
6,180,10
6,181,2
6,182,29
6,183,19
6,184,13
6,185,1
6,186,1
6,187,2
6,188,12
6,189,7
6,190,13
6,191,10
6,192,20
6,193,7
6,194,10
6,195,28
6,196,15
6,197,16
6,198,4
6,200,4
6,201,9
6,202,5
6,203,8
6,205,8
6,206,22
6,207,2
6,208,13
6,210,191
6,211,3
6,212,26
6,213,8
6,214,12
6,215,70
6,216,121
6,217,18
6,218,4
6,219,15
6,220,1
6,221,7
6,222,6
6,223,10
6,224,26
6,225,12
6,226,34
6,227,11
6,228,11
6,229,6
6,230,13
6,231,5
6,232,13
6,233,11
6,234,7
6,235,1
6,236,5
6,237,24
6,238,8
6,239,14
6,240,5
6,241,44
6,242,36
6,243,54
6,244,11
6,245,13
6,246,67
6,247,47
6,248,41
6,249,12
6,250,2
6,251,18
6,252,4
6,253,4
6,254,12
6,255,27
6,256,12
6,257,20
6,258,7
6,259,22
6,260,10
6,261,13
6,262,12
6,263,33
6,264,49
6,265,85
6,266,70
6,267,25
6,268,63
6,269,15
6,270,13
6,271,24
6,272,12
6,273,74
6,274,34
6,275,13
6,276,7
6,277,13
6,278,24
6,279,98
6,280,5
6,281,51
6,282,22
6,283,13
6,284,8
6,285,8
6,286,15
6,287,11
6,288,22
6,289,104
6,290,14
6,291,5
6,292,15
6,293,9
6,294,20
6,295,295
6,296,14
6,297,332
6,298,20
6,299,7
6,300,46
6,301,9
7,0,37
7,1,9
7,2,32
7,3,32
7,4,8
7,5,3
7,6,25
7,8,14
7,9,56
7,10,5
7,11,1
7,12,4
7,13,5
7,15,7
7,16,13
7,17,5
7,18,8
7,19,1
7,20,13
7,21,4
7,22,6
7,23,14
7,24,8
7,25,12
7,26,11
7,28,2
7,29,7
7,30,5
7,31,13
7,34,2
7,35,16
7,36,2
7,38,29
7,39,4
7,41,24
7,42,4
7,43,2
7,44,14
7,45,52
7,46,16
7,47,44
7,48,35
7,49,15
7,50,14
7,51,2
7,53,16
7,54,7
7,55,30
7,56,59
7,57,49
7,58,10
7,59,10
7,60,9
7,61,39
7,62,16
7,63,10
7,64,4
7,65,1
7,66,87
7,67,3
7,68,68
7,69,1
7,70,1
7,71,4
7,72,1
7,73,11
7,74,17
7,75,8
7,76,12
7,77,4
7,78,3
7,79,23
7,80,16
7,81,12
7,82,5
7,83,13
7,84,12
7,85,2
7,86,3
7,88,96
7,89,106
7,90,20
7,92,2
7,93,6
7,94,2
7,95,11
7,96,6
7,97,15
7,98,10
7,99,4
7,100,132
7,101,4
7,103,4
7,104,36
7,105,6
7,106,12
7,107,3
7,108,28
7,109,26
7,110,23
7,111,1
7,112,21
7,113,33
7,114,25
7,115,24
7,116,11
7,117,12
7,118,21
7,119,8
7,120,25
7,121,17
7,122,15
7,123,12
7,124,6
7,125,6
7,126,11
7,127,10
7,128,8
7,129,46
7,130,5
7,131,16
7,132,21
7,133,5
7,134,20
7,136,89
7,137,9
7,138,5
7,139,9
7,140,7
7,141,4
7,142,3
7,143,5
7,144,7
7,145,15
7,146,7
7,148,5
7,149,9
7,150,2
7,152,1
7,153,7
7,154,2
7,155,7
7,157,8
7,158,3
7,159,1
7,160,13
7,161,13
7,162,1
7,163,14
7,164,6
7,165,23
7,166,8
7,167,3
7,168,3
7,169,21
7,170,27
7,171,15
7,173,1
7,174,5
7,175,29
7,176,16
7,177,9
7,178,9
7,179,17
7,180,2
7,181,16
7,182,13
7,183,9
7,184,10
7,186,1
7,187,4
7,188,2
7,189,7
7,190,5
7,191,19
7,192,7
7,193,35
7,194,40
7,195,59
7,196,58
7,197,37
7,198,13
7,199,1
7,200,23
7,201,12
7,202,14
7,203,12
7,204,3
7,205,16
7,206,18
7,207,2
7,208,2
7,209,2
7,210,190
7,212,8
7,213,15
7,214,8
7,215,36
7,216,154
7,217,15
7,218,1
7,219,4
7,221,1
7,222,13
7,223,6
7,224,7
7,225,4
7,226,14
7,227,44
7,228,10
7,229,19
7,230,22
7,231,4
7,232,9
7,233,4
7,234,15
7,235,8
7,236,14
7,237,15
7,238,11
7,239,5
7,240,4
7,241,26
7,242,11
7,243,38
7,244,8
7,245,4
7,246,26
7,247,14
7,248,22
7,249,12
7,250,2
7,251,12
7,252,1
7,253,2
7,254,12
7,255,55
7,256,10
7,257,7
7,258,2
7,259,43
7,260,10
7,261,12
7,262,13
7,263,174
7,264,21
7,265,38
7,266,10
7,267,6
7,268,26
7,269,9
7,270,6
7,271,5
7,272,12
7,273,21
7,274,59
7,275,6
7,276,6
7,277,2
7,278,56
7,279,16
7,280,4
7,281,64
7,282,9
7,283,13
7,284,33
7,285,6
7,286,25
7,287,6
7,288,237
7,289,14
7,290,7
7,291,1
7,292,4
7,293,2
7,294,2
7,295,25
7,296,11
7,297,68
7,298,22
7,299,2
7,300,38
7,301,29
8,0,156
8,1,8
8,2,185
8,3,34
8,4,48
8,5,184
8,6,74
8,7,46
8,9,41
8,10,30
8,11,13
8,12,55
8,13,60
8,14,4
8,15,82
8,16,122
8,17,7
8,18,34
8,19,2
8,20,66
8,21,50
8,22,4
8,23,76
8,24,71
8,25,51
8,26,95
8,27,16
8,28,35
8,29,47
8,30,17
8,31,64
8,32,2
8,33,1
8,34,113
8,35,28
8,36,3
8,37,4
8,38,55
8,39,59
8,41,47
8,42,3
8,43,13
8,44,15
8,45,11
8,46,8
8,47,8
8,48,8
8,49,7
8,50,10
8,51,2
8,53,139
8,54,8
8,55,13
8,56,21
8,57,20
8,58,18
8,59,7
8,60,103
8,61,384
8,62,153
8,63,6
8,64,13
8,65,4
8,66,83
8,67,70
8,68,44
8,69,4
8,70,10
8,71,10
8,72,52
8,73,25
8,74,18
8,75,185
8,76,170
8,77,90
8,78,118
8,79,249
8,80,137
8,81,186
8,82,62
8,83,135
8,84,89
8,85,37
8,86,97
8,87,8
8,88,30
8,89,40
8,90,25
8,91,4
8,92,64
8,93,14
8,94,11
8,95,54
8,96,22
8,97,73
8,98,58
8,99,140
8,100,50
8,101,70
8,102,54
8,103,32
8,104,13
8,105,38
8,106,52
8,107,60
8,108,28
8,109,26
8,110,11
8,111,10
8,112,26
8,113,36
8,114,30
8,115,48
8,116,20
8,117,16
8,118,20
8,119,17
8,120,47
8,121,66
8,122,50
8,123,23
8,124,30
8,125,30
8,126,37
8,127,17
8,128,21
8,129,107
8,130,30
8,131,58
8,132,51
8,133,36
8,134,61
8,135,3
8,136,57
8,137,23
8,138,69
8,139,52
8,140,42
8,141,13
8,142,30
8,143,19
8,144,33
8,145,43
8,146,21
8,147,3
8,148,16
8,149,16
8,150,5
8,151,1
8,153,6
8,154,37
8,155,8
8,156,6
8,157,63
8,158,5
8,159,13
8,160,10
8,161,80
8,162,2
8,163,56
8,164,4
8,165,32
8,166,46
8,167,8
8,168,2
8,169,42
8,170,19
8,171,31
8,172,3
8,173,7
8,174,42
8,175,64
8,176,39
8,177,39
8,178,22
8,179,32
8,180,21
8,181,4
8,182,65
8,183,64
8,184,21
8,185,5
8,186,4
8,187,17
8,188,89
8,189,27
8,190,21
8,191,3
8,192,92
8,193,20
8,194,27
8,195,46
8,196,28
8,197,24
8,198,10
8,200,15
8,201,5
8,202,6
8,203,5
8,204,3
8,205,2
8,206,48
8,207,28
8,208,28
8,209,2
8,210,77
8,211,6
8,212,60
8,213,28
8,214,36
8,215,51
8,216,53
8,217,71
8,218,2
8,219,75
8,220,1
8,221,8
8,222,13
8,223,13
8,224,49
8,225,53
8,226,46
8,227,42
8,228,50
8,229,16
8,230,29
8,231,12
8,232,32
8,233,9
8,234,42
8,235,31
8,236,39
8,237,136
8,238,32
8,239,37
8,240,37
8,241,87
8,242,74
8,243,87
8,244,19
8,245,39
8,246,175
8,247,24
8,248,46
8,249,42
8,250,20
8,251,56
8,252,19
8,253,20
8,254,52
8,255,22
8,256,53
8,257,46
8,258,20
8,259,82
8,260,47
8,261,104
8,262,120
8,263,34
8,264,71
8,265,369
8,266,84
8,267,39
8,268,89
8,269,40
8,270,37
8,271,175
8,272,41
8,273,147
8,274,62
8,275,66
8,276,28
8,277,27
8,278,50
8,279,263
8,280,20
8,281,225
8,282,420
8,283,112
8,284,4
8,285,97
8,286,54
8,287,185
8,288,233
8,289,248
8,290,72
8,291,36
8,292,153
8,293,74
8,294,5
8,295,534
8,296,96
8,297,78
8,298,174
8,299,41
8,300,36
8,301,71
9,0,2
9,2,28
9,3,9
9,4,8
9,5,6
9,6,61
9,7,76
9,8,6
9,10,1
9,15,2
9,16,6
9,18,2
9,19,2
9,20,7
9,22,2
9,24,4
9,25,3
9,26,2
9,27,2
9,28,1
9,30,1
9,31,10
9,32,1
9,33,1
9,34,3
9,35,14
9,36,1
9,38,18
9,39,8
9,41,17
9,42,3
9,44,9
9,45,13
9,46,5
9,47,13
9,48,10
9,49,6
9,50,8
9,51,5
9,53,12
9,54,15
9,55,7
9,56,35
9,57,32
9,58,8
9,59,4
9,60,7
9,61,22
9,62,6
9,63,1
9,65,2
9,66,38
9,67,1
9,68,16
9,70,2
9,73,1
9,74,2
9,75,6
9,76,10
9,78,5
9,79,7
9,80,6
9,81,7
9,82,4
9,83,14
9,84,11
9,85,2
9,86,3
9,88,34
9,89,48
9,90,38
9,92,2
9,93,3
9,94,2
9,96,2
9,97,12
9,98,3
9,99,4
9,100,45
9,101,2
9,103,1
9,104,13
9,105,1
9,108,15
9,109,9
9,110,2
9,111,1
9,112,10
9,113,17
9,114,11
9,115,11
9,116,2
9,117,8
9,118,4
9,119,4
9,120,7
9,121,8
9,122,4
9,123,6
9,124,4
9,125,6
9,126,10
9,127,2
9,128,4
9,129,21
9,130,2
9,131,11
9,132,6
9,133,3
9,134,10
9,135,1
9,136,104
9,137,11
9,138,6
9,139,10
9,140,2
9,141,1
9,142,3
9,143,1
9,144,3
9,145,6
9,146,5
9,148,5
9,149,4
9,153,5
9,154,1
9,156,1
9,157,3
9,158,2
9,160,19
9,161,7
9,162,1
9,163,10
9,165,66
9,166,6
9,167,2
9,169,32
9,170,22
9,171,26
9,174,14
9,175,22
9,176,12
9,177,6
9,178,7
9,179,3
9,180,2
9,182,12
9,183,7
9,184,8
9,185,2
9,186,3
9,187,1
9,188,1
9,189,4
9,191,4
9,192,2
9,193,6
9,194,12
9,195,9
9,196,8
9,197,4
9,198,2
9,200,2
9,201,4
9,202,1
9,203,3
9,204,1
9,206,8
9,207,6
9,208,3
9,209,3
9,210,94
9,211,2
9,212,4
9,213,7
9,214,2
9,215,44
9,216,45
9,217,2
9,218,2
9,219,5
9,220,1
9,221,3
9,222,6
9,223,4
9,224,8
9,225,8
9,226,15
9,227,3
9,228,3
9,229,2
9,230,5
9,231,3
9,232,12
9,233,3
9,234,3
9,236,1
9,237,7
9,238,1
9,239,7
9,240,1
9,241,23
9,242,2
9,243,43
9,244,3
9,246,18
9,247,12
9,248,17
9,249,2
9,250,3
9,251,1
9,253,3
9,254,4
9,255,15
9,257,6
9,259,8
9,260,5
9,263,54
9,264,10
9,265,34
9,266,10
9,267,3
9,268,11
9,269,2
9,270,12
9,271,4
9,272,1
9,273,12
9,274,43
9,275,4
9,276,3
9,277,3
9,278,12
9,279,34
9,280,3
9,281,16
9,282,8
9,283,1
9,284,2
9,286,3
9,287,2
9,288,18
9,289,9
9,290,3
9,291,3
9,292,12
9,293,10
9,294,5
9,295,25
9,296,5
9,297,39
9,298,9
9,299,5
9,300,10
9,301,3
10,0,2
10,2,1
10,3,2
10,4,1
10,5,1
10,6,2
10,7,1
10,8,1
10,11,1
10,14,10
10,15,1
10,16,1
10,21,1
10,22,2
10,24,1
10,32,17
10,38,1
10,42,1
10,43,1
10,55,1
10,58,1
10,60,7
10,61,28
10,62,9
10,68,1
10,69,1
10,74,1
10,76,2
10,79,1
10,80,2
10,89,1
10,99,1
10,100,1
10,106,1
10,108,1
10,111,1
10,115,1
10,117,1
10,118,1
10,120,1
10,123,1
10,131,1
10,136,1
10,143,2
10,145,3
10,151,1
10,153,1
10,154,1
10,157,1
10,158,1
10,169,1
10,174,2
10,175,1
10,179,2
10,184,1
10,189,28
10,190,1
10,194,1
10,195,2
10,198,1
10,203,1
10,206,1
10,210,1
10,212,1
10,213,37
10,214,1
10,216,1
10,217,2
10,224,1
10,226,1
10,227,1
10,236,1
10,237,3
10,238,2
10,242,2
10,243,2
10,245,2
10,246,1
10,247,1
10,250,25
10,252,17
10,255,1
10,256,1
10,258,10
10,259,2
10,265,60
10,267,3
10,268,3
10,271,2
10,272,1
10,273,1
10,274,1
10,279,9
10,281,17
10,283,6
10,286,1
10,287,3
10,288,23
10,289,5
10,291,14
10,292,8
10,295,1
10,297,2
10,298,4
10,299,29
10,301,1
11,0,20
11,1,2
11,2,5
11,3,1
11,4,7
11,5,4
11,6,5
11,7,3
11,8,12
11,9,1
11,12,12
11,13,11
11,15,5
11,16,10
11,20,3
11,21,2
11,22,1
11,23,1
11,24,4
11,25,4
11,26,3
11,27,1
11,28,1
11,29,3
11,30,3
11,31,3
11,34,1
11,35,4
11,38,2
11,39,2
11,41,3
11,44,5
11,45,1
11,48,1
11,50,1
11,53,12
11,54,1
11,55,2
11,56,1
11,57,1
11,60,1
11,61,2
11,62,1
11,65,2
11,66,4
11,68,1
11,70,1
11,71,2
11,72,1
11,73,2
11,75,3
11,76,2
11,79,3
11,80,6
11,81,3
11,83,6
11,84,1
11,86,2
11,87,1
11,88,1
11,89,2
11,92,3
11,96,2
11,97,2
11,98,7
11,99,15
11,100,5
11,102,1
11,103,1
11,105,1
11,108,2
11,109,1
11,111,1
11,112,1
11,113,3
11,116,4
11,118,1
11,120,2
11,121,1
11,122,1
11,123,1
11,125,1
11,127,1
11,128,1
11,129,55
11,131,18
11,132,6
11,133,2
11,134,12
11,136,1
11,137,1
11,138,6
11,139,3
11,140,3
11,142,2
11,143,1
11,145,3
11,146,1
11,148,1
11,149,3
11,153,6
11,154,4
11,155,1
11,157,1
11,161,5
11,162,1
11,163,2
11,165,1
11,167,2
11,169,3
11,170,1
11,173,1
11,174,1
11,175,7
11,176,2
11,177,1
11,178,3
11,179,1
11,180,3
11,181,1
11,182,6
11,185,2
11,187,1
11,188,4
11,190,1
11,191,1
11,193,1
11,194,1
11,195,2
11,196,2
11,197,3
11,200,3
11,201,1
11,202,2
11,203,1
11,208,1
11,210,1
11,213,1
11,214,1
11,215,5
11,216,3
11,217,2
11,219,3
11,223,1
11,224,2
11,225,2
11,227,2
11,228,1
11,229,1
11,234,2
11,235,6
11,236,1
11,237,4
11,238,8
11,239,1
11,240,2
11,241,2
11,242,2
11,243,2
11,244,8
11,245,4
11,246,6
11,247,1
11,248,9
11,249,2
11,251,3
11,254,5
11,255,8
11,259,2
11,260,2
11,261,3
11,262,11
11,263,1
11,264,3
11,265,4
11,266,4
11,267,128
11,268,82
11,269,1
11,270,3
11,272,1
11,273,6
11,274,2
11,277,1
11,278,4
11,279,7
11,280,3
11,281,9
11,285,1
11,286,1
11,287,2
11,288,6
11,289,8
11,290,2
11,291,1
11,292,2
11,293,1
11,295,7
11,296,4
11,297,11
11,298,11
11,300,6
11,301,2
12,0,2
12,1,1
12,2,3
12,3,3
12,4,2
12,5,4
12,6,1
12,7,1
12,8,8
12,9,2
12,11,7
12,13,9
12,15,3
12,16,3
12,17,1
12,18,1
12,19,1
12,20,2
12,21,5
12,23,1
12,24,1
12,25,2
12,26,4
12,27,2
12,28,1
12,30,2
12,34,4
12,35,6
12,37,1
12,38,2
12,39,1
12,41,2
12,43,1
12,45,1
12,53,7
12,56,1
12,59,2
12,61,1
12,62,1
12,66,2
12,67,1
12,71,1
12,72,1
12,75,1
12,76,1
12,77,2
12,78,2
12,79,5
12,80,1
12,81,3
12,83,2
12,89,1
12,92,4
12,95,1
12,96,1
12,97,1
12,98,1
12,99,3
12,100,2
12,104,1
12,105,1
12,106,1
12,107,1
12,110,1
12,119,1
12,127,2
12,129,19
12,131,3
12,132,3
12,133,1
12,134,3
12,135,1
12,136,1
12,137,1
12,139,4
12,143,3
12,145,1
12,148,1
12,149,3
12,153,1
12,156,1
12,159,1
12,163,1
12,165,4
12,166,2
12,167,1
12,169,1
12,170,3
12,174,1
12,175,5
12,176,2
12,178,1
12,181,1
12,182,3
12,183,1
12,184,2
12,186,1
12,187,1
12,190,2
12,192,1
12,194,2
12,196,1
12,197,1
12,200,2
12,203,1
12,206,1
12,208,1
12,210,2
12,212,1
12,215,5
12,217,1
12,219,1
12,224,2
12,225,1
12,227,6
12,228,4
12,232,3
12,233,3
12,236,1
12,237,2
12,238,4
12,240,1
12,241,1
12,242,1
12,246,5
12,248,4
12,249,2
12,251,1
12,254,3
12,255,3
12,257,1
12,259,2
12,260,3
12,261,1
12,262,10
12,263,1
12,266,1
12,267,18
12,268,16
12,269,1
12,270,2
12,273,10
12,274,1
12,275,1
12,277,1
12,278,2
12,279,8
12,280,2
12,281,3
12,282,2
12,283,1
12,284,1
12,288,3
12,289,3
12,290,3
12,292,1
12,293,2
12,295,3
12,296,3
12,297,4
12,298,9
12,300,2
12,301,2
13,0,4
13,1,2
13,2,10
13,3,4
13,4,2
13,5,8
13,6,6
13,7,4
13,8,24
13,9,1
13,11,7
13,12,2
13,15,12
13,16,8
13,18,4
13,20,4
13,21,8
13,22,1
13,23,5
13,24,4
13,25,4
13,26,2
13,27,1
13,29,4
13,31,1
13,34,2
13,35,1
13,38,3
13,39,4
13,41,3
13,42,2
13,43,2
13,44,5
13,45,2
13,48,1
13,53,22
13,54,2
13,55,1
13,56,2
13,57,2
13,58,4
13,59,3
13,61,6
13,62,1
13,66,5
13,68,4
13,72,2
13,74,1
13,75,2
13,76,6
13,77,2
13,78,2
13,79,4
13,80,7
13,81,3
13,83,2
13,84,3
13,85,1
13,86,3
13,88,4
13,89,1
13,90,1
13,92,6
13,93,1
13,97,3
13,98,2
13,99,25
13,100,4
13,104,2
13,105,2
13,107,2
13,108,1
13,109,1
13,110,2
13,111,1
13,112,2
13,113,4
13,114,4
13,116,1
13,118,3
13,119,1
13,120,1
13,121,5
13,122,2
13,123,2
13,124,3
13,126,1
13,129,50
13,131,4
13,132,4
13,133,5
13,134,10
13,135,1
13,136,4
13,137,5
13,138,3
13,139,7
13,140,2
13,141,5
13,142,2
13,143,6
13,144,3
13,146,1
13,148,2
13,149,1
13,150,1
13,154,2
13,157,3
13,158,1
13,159,1
13,160,1
13,161,1
13,163,4
13,164,1
13,166,2
13,167,1
13,168,1
13,170,3
13,171,2
13,174,1
13,175,10
13,176,5
13,177,1
13,178,1
13,179,1
13,180,2
13,181,1
13,182,4
13,183,5
13,184,10
13,187,1
13,188,3
13,189,1
13,190,2
13,191,2
13,192,1
13,194,2
13,195,3
13,196,4
13,197,3
13,198,2
13,200,3
13,201,1
13,205,1
13,206,3
13,207,1
13,210,11
13,212,4
13,213,1
13,214,2
13,215,2
13,216,2
13,217,1
13,219,3
13,223,2
13,224,2
13,225,2
13,226,3
13,227,6
13,228,2
13,229,4
13,230,1
13,232,8
13,234,3
13,237,1
13,238,3
13,240,3
13,241,1
13,242,1
13,243,5
13,245,3
13,246,11
13,247,2
13,248,1
13,249,2
13,251,1
13,253,2
13,254,4
13,255,3
13,256,3
13,258,1
13,259,4
13,260,3
13,261,1
13,262,10
13,263,6
13,264,1
13,265,5
13,267,28
13,268,46
13,269,4
13,270,4
13,272,3
13,273,12
13,274,1
13,275,4
13,276,3
13,277,1
13,278,5
13,279,8
13,280,3
13,281,6
13,282,3
13,284,1
13,285,3
13,286,1
13,287,11
13,288,2
13,289,7
13,290,3
13,292,2
13,293,3
13,294,4
13,295,2
13,296,14
13,297,4
13,298,9
13,299,1
13,300,5
13,301,9
14,0,1
14,2,2
14,8,1
14,10,25
14,15,1
14,32,8
14,41,1
14,60,3
14,61,8
14,62,2
14,67,1
14,72,1
14,79,1
14,88,1
14,96,1
14,101,1
14,112,1
14,113,1
14,122,1
14,123,2
14,136,1
14,154,1
14,168,1
14,169,1
14,174,1
14,183,1
14,189,10
14,193,1
14,210,1
14,213,8
14,219,1
14,222,1
14,228,1
14,237,1
14,238,1
14,249,2
14,250,3
14,252,4
14,254,1
14,258,8
14,261,1
14,263,1
14,265,15
14,279,1
14,281,1
14,282,1
14,283,1
14,291,27
14,292,4
14,297,1
14,298,1
14,299,14
15,0,27
15,1,2
15,2,21
15,3,15
15,4,3
15,5,22
15,6,18
15,7,11
15,8,48
15,9,10
15,10,4
15,11,3
15,12,21
15,13,27
15,16,36
15,18,7
15,20,10
15,21,9
15,22,1
15,23,14
15,24,9
15,25,15
15,26,15
15,27,4
15,29,3
15,30,1
15,31,4
15,33,1
15,34,12
15,35,10
15,38,18
15,39,9
15,41,15
15,42,4
15,43,2
15,44,3
15,45,4
15,46,3
15,47,6
15,48,3
15,49,1
15,50,1
15,52,1
15,53,77
15,54,4
15,55,3
15,56,8
15,57,5
15,58,2
15,59,1
15,60,5
15,61,22
15,62,12
15,64,4
15,65,1
15,66,17
15,67,3
15,68,14
15,69,1
15,70,2
15,71,3
15,72,2
15,73,6
15,74,1
15,75,9
15,76,12
15,77,10
15,78,2
15,79,26
15,80,14
15,81,14
15,82,8
15,83,16
15,84,7
15,85,1
15,86,6
15,88,12
15,89,7
15,90,4
15,92,26
15,93,1
15,94,3
15,95,1
15,96,2
15,97,20
15,98,15
15,99,59
15,100,8
15,101,1
15,102,4
15,103,2
15,104,5
15,105,2
15,106,2
15,108,3
15,109,4
15,110,2
15,113,4
15,114,6
15,115,2
15,118,5
15,119,2
15,120,9
15,121,4
15,122,4
15,123,2
15,124,5
15,125,3
15,126,2
15,127,2
15,128,6
15,129,43
15,130,3
15,131,8
15,132,1
15,133,10
15,134,135
15,136,6
15,137,9
15,138,8
15,139,11
15,140,4
15,141,3
15,142,2
15,143,4
15,144,1
15,145,6
15,146,4
15,150,1
15,153,4
15,154,5
15,157,6
15,159,4
15,160,1
15,161,8
15,163,4
15,164,1
15,165,3
15,166,4
15,167,3
15,169,4
15,170,5
15,171,2
15,173,1
15,174,2
15,175,19
15,176,13
15,177,1
15,178,6
15,179,12
15,180,3
15,181,7
15,182,13
15,183,24
15,184,5
15,186,2
15,187,3
15,188,2
15,189,4
15,190,5
15,191,4
15,192,13
15,193,5
15,194,7
15,195,7
15,196,11
15,197,3
15,198,1
15,200,2
15,202,2
15,203,2
15,205,1
15,206,12
15,207,6
15,208,6
15,210,19
15,211,1
15,212,5
15,213,3
15,214,11
15,215,28
15,216,18
15,217,11
15,218,1
15,219,5
15,220,1
15,222,2
15,223,2
15,224,9
15,225,4
15,226,5
15,227,11
15,228,6
15,229,3
15,230,5
15,232,8
15,233,4
15,234,8
15,235,3
15,236,5
15,237,4
15,238,8
15,239,5
15,240,1
15,241,20
15,242,14
15,243,16
15,245,6
15,246,30
15,247,11
15,248,6
15,249,4
15,250,1
15,251,11
15,252,1
15,253,11
15,254,6
15,255,20
15,256,11
15,257,5
15,258,1
15,259,8
15,260,2
15,261,10
15,262,42
15,263,14
15,264,6
15,265,24
15,266,7
15,267,25
15,268,58
15,269,11
15,270,13
15,271,1
15,272,8
15,273,21
15,274,11
15,275,6
15,276,2
15,277,2
15,278,13
15,279,33
15,280,2
15,281,26
15,282,8
15,283,16
15,284,2
15,285,1
15,286,7
15,287,12
15,288,7
15,289,15
15,290,9
15,291,2
15,292,7
15,293,6
15,294,2
15,295,27
15,296,97
15,297,50
15,298,38
15,299,5
15,300,28
15,301,25
16,0,7
16,1,1
16,2,6
16,3,13
16,4,10
16,5,14
16,6,15
16,7,9
16,8,36
16,9,8
16,11,4
16,12,6
16,13,12
16,15,44
16,18,2
16,19,2
16,20,8
16,21,2
16,22,2
16,23,11
16,24,12
16,25,5
16,26,8
16,27,5
16,28,5
16,29,7
16,30,1
16,31,1
16,33,1
16,34,6
16,35,4
16,36,1
16,38,5
16,39,2
16,41,9
16,43,1
16,44,2
16,45,3
16,46,1
16,47,7
16,48,2
16,50,4
16,53,29
16,54,2
16,55,5
16,56,7
16,57,4
16,58,4
16,59,2
16,61,5
16,65,1
16,66,11
16,68,6
16,69,1
16,70,1
16,72,2
16,73,1
16,74,1
16,75,4
16,76,4
16,77,2
16,78,2
16,79,6
16,80,4
16,81,5
16,82,2
16,83,5
16,84,2
16,85,1
16,86,2
16,88,13
16,89,5
16,90,1
16,92,20
16,93,3
16,96,2
16,97,10
16,98,11
16,99,23
16,100,13
16,101,1
16,102,1
16,103,1
16,104,1
16,105,1
16,106,2
16,108,3
16,112,1
16,114,1
16,115,1
16,116,1
16,117,1
16,120,1
16,121,3
16,122,1
16,123,1
16,124,5
16,125,2
16,127,1
16,128,1
16,129,56
16,130,1
16,131,4
16,134,14
16,136,6
16,137,5
16,138,6
16,139,4
16,140,5
16,141,2
16,142,2
16,143,5
16,144,5
16,145,5
16,146,3
16,148,2
16,149,1
16,150,1
16,153,2
16,154,2
16,155,1
16,157,2
16,161,3
16,162,1
16,163,2
16,164,1
16,165,2
16,166,4
16,169,2
16,170,1
16,171,2
16,175,10
16,176,9
16,177,3
16,178,4
16,179,2
16,180,6
16,181,1
16,182,9
16,183,3
16,184,1
16,187,1
16,188,2
16,189,1
16,190,1
16,192,1
16,193,2
16,194,3
16,195,3
16,196,1
16,197,3
16,200,3
16,201,1
16,205,1
16,206,14
16,210,15
16,213,1
16,214,2
16,215,16
16,216,9
16,217,3
16,218,2
16,219,4
16,223,1
16,225,2
16,226,4
16,227,1
16,228,7
16,229,3
16,230,1
16,235,1
16,236,1
16,237,3
16,238,6
16,239,5
16,240,2
16,241,5
16,242,7
16,243,2
16,245,4
16,246,15
16,247,3
16,248,5
16,249,4
16,251,1
16,253,1
16,254,7
16,255,2
16,256,2
16,257,1
16,259,1
16,260,2
16,261,4
16,262,11
16,263,7
16,264,3
16,265,5
16,266,5
16,267,24
16,268,42
16,269,2
16,270,3
16,271,2
16,272,6
16,273,17
16,274,6
16,275,3
16,276,2
16,278,9
16,279,28
16,280,4
16,281,6
16,282,4
16,283,2
16,284,3
16,285,1
16,286,5
16,287,7
16,288,3
16,289,7
16,290,5
16,291,1
16,292,5
16,293,3
16,294,3
16,295,11
16,296,36
16,297,28
16,298,85
16,299,1
16,300,11
16,301,5
17,4,7
17,5,1
17,6,1
17,11,2
17,16,1
17,18,1
17,22,3
17,24,1
17,30,15
17,31,1
17,33,1
17,36,3
17,38,5
17,40,2
17,41,3
17,42,4
17,43,4
17,44,8
17,54,1
17,55,3
17,65,1
17,66,1
17,74,2
17,79,1
17,83,1
17,84,1
17,87,2
17,93,1
17,97,1
17,99,1
17,105,1
17,112,1
17,118,1
17,122,1
17,123,1
17,128,1
17,129,1
17,131,1
17,138,1
17,139,3
17,140,1
17,142,3
17,143,2
17,144,4
17,145,1
17,146,1
17,148,1
17,149,3
17,153,2
17,161,1
17,163,1
17,175,1
17,182,1
17,183,1
17,188,1
17,192,1
17,195,1
17,205,2
17,210,1
17,212,1
17,215,1
17,217,2
17,218,4
17,229,2
17,234,1
17,237,2
17,240,3
17,246,1
17,247,1
17,249,1
17,261,1
17,264,3
17,266,2
17,269,1
17,270,1
17,273,1
17,281,1
17,287,1
17,288,5
17,289,1
17,295,1
17,299,1
18,0,14
18,1,20
18,2,10
18,3,26
18,4,33
18,5,8
18,6,13
18,7,9
18,8,7
18,9,4
18,10,1
18,11,1
18,13,1
18,14,1
18,15,4
18,16,5
18,17,7
18,19,6
18,21,1
18,22,7
18,23,4
18,24,8
18,25,3
18,26,10
18,29,3
18,30,9
18,31,1
18,33,1
18,34,7
18,35,7
18,38,5
18,39,20
18,41,4
18,42,4
18,43,9
18,44,21
18,45,4
18,46,2
18,47,2
18,48,2
18,50,1
18,51,2
18,52,2
18,53,2
18,54,1
18,55,3
18,56,1
18,57,1
18,58,6
18,59,11
18,60,5
18,61,16
18,62,9
18,64,11
18,65,7
18,66,11
18,67,1
18,68,6
18,69,5
18,70,13
18,71,14
18,72,2
18,73,12
18,74,19
18,75,7
18,76,9
18,77,5
18,78,6
18,79,9
18,80,6
18,81,11
18,82,3
18,83,7
18,84,6
18,86,7
18,88,1
18,89,5
18,90,11
18,91,9
18,93,17
18,94,6
18,95,2
18,96,16
18,97,23
18,98,3
18,99,3
18,100,5
18,101,6
18,102,6
18,103,3
18,104,2
18,105,7
18,106,6
18,107,4
18,108,6
18,109,2
18,110,2
18,111,2
18,112,4
18,113,4
18,114,7
18,115,6
18,116,1
18,117,5
18,118,1
18,119,2
18,120,11
18,121,11
18,122,4
18,123,8
18,124,4
18,125,1
18,126,4
18,127,3
18,128,9
18,129,6
18,130,2
18,131,16
18,132,12
18,133,13
18,134,16
18,135,24
18,136,17
18,138,33
18,139,14
18,140,14
18,141,39
18,142,11
18,143,12
18,144,21
18,145,17
18,146,26
18,147,1
18,148,7
18,149,15
18,150,2
18,151,1
18,153,3
18,154,1
18,155,19
18,156,2
18,157,4
18,158,12
18,159,11
18,160,6
18,161,4
18,162,3
18,163,8
18,164,7
18,165,6
18,167,1
18,168,3
18,169,2
18,170,1
18,171,3
18,173,6
18,174,9
18,175,34
18,176,12
18,177,11
18,178,9
18,179,4
18,180,5
18,181,1
18,182,15
18,183,6
18,184,12
18,185,3
18,186,2
18,187,5
18,188,8
18,189,4
18,190,3
18,191,3
18,192,18
18,193,7
18,194,5
18,195,9
18,196,7
18,197,7
18,198,3
18,201,3
18,202,1
18,203,2
18,205,3
18,206,34
18,207,1
18,208,2
18,210,9
18,211,2
18,212,5
18,213,2
18,214,2
18,215,1
18,216,2
18,217,8
18,218,1
18,219,5
18,220,2
18,221,2
18,222,4
18,223,10
18,224,18
18,225,8
18,226,26
18,227,18
18,228,3
18,229,17
18,230,11
18,231,12
18,232,12
18,233,3
18,234,7
18,235,1
18,236,8
18,237,22
18,238,4
18,239,55
18,240,60
18,241,31
18,242,6
18,243,47
18,244,6
18,245,6
18,246,8
18,247,1
18,248,38
18,249,2
18,250,1
18,251,3
18,252,1
18,254,8
18,255,16
18,256,9
18,257,16
18,258,1
18,259,12
18,260,10
18,261,5
18,262,3
18,263,2
18,264,87
18,265,19
18,266,4
18,267,9
18,268,13
18,269,11
18,270,13
18,271,7
18,272,4
18,273,15
18,274,7
18,275,3
18,276,3
18,277,7
18,278,14
18,279,35
18,281,12
18,282,7
18,283,3
18,284,7
18,285,5
18,286,16
18,287,23
18,288,12
18,289,13
18,290,27
18,291,2
18,292,9
18,293,2
18,295,16
18,296,2
18,297,13
18,298,8
18,299,2
18,300,7
18,301,13
19,1,3
19,4,7
19,10,1
19,16,1
19,18,3
19,22,3
19,30,6
19,33,1
19,35,3
19,36,7
19,38,2
19,40,2
19,43,2
19,44,7
19,45,1
19,53,1
19,54,1
19,73,1
19,81,1
19,87,2
19,88,1
19,103,1
19,104,2
19,121,1
19,128,1
19,129,1
19,130,2
19,132,1
19,135,1
19,136,1
19,137,2
19,138,2
19,139,1
19,143,3
19,144,8
19,145,3
19,148,1
19,149,2
19,154,1
19,164,1
19,175,1
19,182,1
19,206,1
19,215,2
19,217,2
19,218,5
19,225,1
19,229,1
19,235,1
19,239,2
19,240,1
19,241,1
19,260,1
19,265,1
19,266,2
19,268,3
19,269,1
19,273,4
19,277,1
19,279,2
19,281,1
19,284,1
19,288,3
19,289,3
19,291,1
19,297,1
20,0,34
20,1,5
20,2,51
20,3,8
20,4,37
20,5,36
20,6,25
20,7,9
20,8,49
20,9,13
20,10,3
20,11,1
20,12,13
20,13,17
20,15,8
20,16,20
20,17,5
20,18,3
20,19,3
20,21,27
20,22,2
20,23,36
20,24,29
20,25,38
20,26,30
20,27,10
20,28,16
20,29,25
20,30,6
20,31,18
20,32,1
20,34,19
20,35,19
20,38,21
20,39,19
20,41,9
20,42,3
20,43,11
20,44,22
20,45,3
20,46,3
20,47,7
20,48,5
20,49,1
20,50,5
20,53,32
20,54,3
20,55,8
20,56,12
20,57,12
20,58,11
20,59,4
20,60,13
20,61,41
20,62,16
20,63,1
20,64,4
20,65,4
20,66,46
20,67,2
20,68,20
20,69,1
20,71,2
20,72,4
20,73,3
20,74,8
20,75,16
20,76,10
20,77,12
20,78,4
20,79,30
20,80,17
20,81,25
20,82,11
20,83,20
20,84,16
20,85,3
20,86,9
20,87,2
20,88,18
20,89,13
20,90,17
20,91,3
20,92,22
20,93,6
20,94,2
20,95,6
20,96,3
20,97,40
20,98,61
20,99,23
20,100,21
20,101,12
20,102,6
20,103,7
20,104,7
20,105,7
20,106,7
20,107,6
20,108,11
20,109,8
20,110,2
20,111,3
20,112,8
20,113,8
20,114,4
20,115,7
20,116,7
20,117,6
20,118,8
20,120,13
20,121,10
20,122,14
20,123,3
20,124,11
20,125,22
20,126,7
20,127,8
20,128,13
20,129,48
20,130,7
20,131,22
20,132,10
20,133,12
20,134,20
20,136,39
20,137,6
20,138,106
20,139,28
20,140,16
20,141,4
20,142,6
20,143,5
20,144,16
20,145,25
20,146,19
20,147,3
20,148,11
20,149,26
20,150,3
20,151,3
20,153,7
20,154,13
20,155,13
20,157,8
20,158,5
20,159,5
20,160,7
20,161,15
20,162,3
20,163,16
20,164,3
20,165,11
20,166,13
20,167,1
20,168,2
20,169,9
20,170,14
20,171,15
20,173,1
20,174,12
20,175,54
20,176,24
20,177,15
20,178,15
20,179,7
20,180,15
20,181,2
20,182,39
20,183,37
20,184,5
20,185,3
20,186,1
20,187,4
20,188,96
20,189,4
20,190,4
20,191,1
20,192,13
20,193,6
20,194,4
20,195,9
20,196,10
20,197,8
20,198,3
20,200,5
20,201,2
20,202,5
20,203,2
20,205,4
20,206,9
20,207,6
20,208,10
20,210,40
20,212,8
20,213,13
20,214,16
20,215,21
20,216,15
20,217,11
20,218,4
20,219,6
20,220,1
20,221,3
20,222,4
20,223,3
20,224,3
20,225,1
20,226,16
20,227,19
20,228,19
20,229,11
20,230,9
20,231,2
20,232,1
20,233,3
20,234,16
20,235,6
20,236,8
20,237,22
20,238,5
20,239,52
20,240,11
20,241,22
20,242,21
20,243,34
20,244,3
20,245,10
20,246,57
20,247,12
20,248,8
20,249,11
20,250,4
20,251,14
20,252,1
20,253,4
20,254,14
20,255,13
20,256,24
20,257,9
20,258,5
20,259,29
20,260,15
20,261,14
20,262,71
20,263,19
20,264,22
20,265,45
20,266,12
20,267,12
20,268,30
20,269,5
20,270,28
20,271,3
20,272,21
20,273,421
20,274,11
20,275,17
20,276,19
20,277,1
20,278,22
20,279,16
20,280,14
20,281,40
20,282,32
20,283,10
20,284,2
20,285,6
20,286,8
20,287,12
20,288,37
20,289,222
20,290,39
20,291,2
20,292,26
20,293,11
20,294,1
20,295,43
20,296,27
20,297,19
20,298,29
20,299,10
20,300,8
20,301,29
21,0,23
21,1,10
21,2,26
21,3,1
21,4,43
21,5,20
21,6,19
21,7,12
21,8,32
21,9,2
21,10,5
21,11,1
21,12,9
21,13,12
21,15,3
21,16,12
21,17,4
21,18,5
21,19,2
21,20,30
21,22,2
21,23,41
21,24,35
21,25,46
21,26,37
21,27,6
21,28,9
21,29,27
21,30,4
21,31,44
21,32,1
21,34,8
21,35,9
21,38,14
21,39,7
21,40,2
21,41,7
21,42,1
21,43,7
21,44,18
21,45,28
21,46,6
21,47,6
21,48,3
21,50,2
21,52,1
21,53,20
21,54,5
21,55,6
21,56,6
21,57,6
21,58,12
21,60,10
21,61,26
21,62,12
21,64,10
21,65,1
21,66,12
21,68,3
21,69,3
21,70,5
21,71,8
21,72,4
21,73,4
21,74,10
21,75,3
21,76,14
21,77,6
21,79,17
21,80,18
21,81,17
21,82,7
21,83,15
21,84,7
21,85,10
21,86,16
21,87,1
21,88,8
21,89,15
21,90,7
21,92,8
21,93,8
21,94,12
21,95,2
21,96,6
21,97,38
21,98,34
21,99,15
21,100,15
21,101,6
21,102,5
21,103,2
21,104,3
21,105,1
21,106,12
21,107,7
21,108,6
21,109,9
21,110,8
21,111,3
21,112,9
21,113,9
21,114,14
21,115,7
21,116,2
21,117,8
21,118,7
21,119,5
21,120,10
21,121,10
21,122,7
21,123,6
21,124,17
21,125,23
21,126,3
21,127,2
21,128,5
21,129,42
21,130,3
21,131,18
21,132,12
21,133,7
21,134,21
21,135,1
21,136,33
21,138,24
21,139,21
21,140,22
21,141,12
21,142,11
21,143,16
21,144,19
21,145,39
21,146,39
21,147,7
21,148,19
21,149,24
21,150,3
21,151,1
21,153,6
21,154,9
21,155,20
21,156,1
21,157,8
21,158,20
21,159,6
21,160,4
21,161,20
21,162,24
21,163,11
21,164,4
21,165,6
21,166,13
21,167,1
21,168,6
21,169,10
21,170,1
21,171,6
21,173,9
21,174,7
21,175,43
21,176,16
21,177,20
21,178,4
21,179,3
21,180,11
21,182,42
21,183,34
21,184,4
21,185,3
21,186,1
21,187,14
21,188,20
21,189,4
21,190,16
21,191,75
21,192,21
21,193,5
21,194,3
21,195,5
21,196,5
21,197,3
21,198,2
21,200,2
21,201,4
21,202,4
21,203,6
21,204,1
21,205,3
21,206,3
21,208,13
21,209,2
21,210,10
21,212,10
21,213,3
21,214,29
21,215,16
21,216,16
21,217,19
21,218,2
21,219,17
21,221,1
21,222,8
21,223,4
21,224,5
21,225,7
21,226,8
21,227,23
21,228,42
21,229,6
21,230,25
21,231,1
21,232,1
21,233,3
21,234,12
21,235,4
21,236,3
21,237,5
21,238,2
21,239,4
21,240,5
21,241,19
21,242,44
21,243,25
21,245,20
21,246,29
21,247,7
21,248,6
21,249,16
21,250,1
21,251,18
21,252,1
21,253,2
21,254,31
21,255,19
21,256,16
21,257,3
21,258,2
21,259,67
21,260,5
21,261,10
21,262,35
21,263,16
21,264,23
21,265,32
21,266,6
21,267,2
21,268,20
21,269,9
21,270,20
21,271,2
21,272,55
21,273,62
21,274,11
21,275,16
21,276,45
21,277,9
21,278,18
21,279,10
21,280,49
21,281,22
21,282,6
21,283,2
21,284,60
21,285,9
21,286,11
21,287,12
21,288,29
21,289,40
21,290,15
21,291,2
21,292,7
21,293,9
21,294,2
21,295,21
21,296,32
21,297,12
21,298,22
21,299,5
21,300,4
21,301,80
22,1,3
22,2,8
22,3,1
22,4,21
22,5,1
22,6,1
22,7,2
22,12,1
22,17,7
22,18,1
22,20,1
22,28,1
22,30,18
22,35,2
22,36,7
22,37,5
22,38,4
22,40,4
22,41,2
22,42,6
22,43,12
22,44,16
22,52,1
22,55,1
22,56,1
22,64,1
22,67,1
22,69,1
22,71,2
22,72,1
22,74,3
22,75,1
22,76,3
22,79,2
22,86,2
22,87,3
22,88,1
22,96,1
22,98,2
22,101,1
22,108,2
22,112,1
22,122,1
22,127,2
22,128,1
22,129,2
22,130,1
22,131,1
22,136,3
22,138,6
22,139,4
22,141,1
22,143,7
22,144,11
22,145,7
22,149,1
22,153,1
22,158,3
22,160,1
22,162,1
22,171,1
22,173,1
22,175,3
22,177,1
22,182,1
22,196,1
22,206,2
22,212,1
22,215,3
22,216,1
22,217,2
22,218,5
22,224,1
22,225,1
22,227,2
22,230,1
22,234,1
22,235,1
22,237,1
22,243,2
22,247,1
22,251,5
22,256,1
22,257,1
22,262,1
22,264,10
22,265,1
22,266,2
22,268,5
22,273,1
22,276,1
22,277,2
22,281,3
22,286,1
22,288,3
22,289,2
22,292,2
22,293,4
22,295,1
22,297,1
22,298,1
23,0,5
23,1,1
23,2,9
23,4,7
23,5,9
23,6,5
23,7,4
23,8,8
23,9,1
23,12,2
23,13,5
23,15,1
23,16,10
23,19,1
23,20,5
23,21,14
23,22,1
23,24,12
23,25,24
23,26,18
23,27,2
23,28,1
23,29,15
23,30,1
23,31,2
23,35,1
23,36,1
23,38,3
23,39,2
23,41,1
23,44,1
23,45,2
23,53,6
23,54,1
23,55,1
23,56,2
23,60,1
23,61,5
23,62,2
23,63,1
23,64,1
23,65,2
23,66,1
23,68,1
23,72,2
23,74,2
23,77,2
23,78,1
23,79,4
23,80,1
23,81,6
23,84,2
23,85,1
23,86,1
23,90,2
23,92,1
23,94,2
23,96,1
23,97,1
23,98,16
23,99,7
23,100,2
23,101,1
23,103,1
23,105,3
23,107,2
23,108,1
23,112,1
23,114,6
23,118,1
23,120,1
23,121,3
23,123,2
23,124,5
23,125,1
23,126,1
23,127,1
23,129,8
23,131,5
23,132,1
23,134,1
23,136,6
23,138,13
23,139,3
23,140,2
23,142,2
23,143,2
23,144,4
23,145,4
23,146,2
23,147,1
23,148,4
23,149,1
23,153,1
23,155,1
23,157,2
23,159,2
23,161,1
23,162,1
23,163,2
23,166,5
23,168,1
23,169,1
23,171,3
23,173,1
23,174,3
23,175,2
23,176,2
23,177,4
23,178,1
23,181,1
23,182,2
23,183,1
23,186,1
23,187,1
23,188,6
23,190,5
23,191,3
23,192,5
23,193,2
23,194,4
23,195,4
23,196,2
23,197,3
23,200,2
23,203,1
23,205,1
23,206,2
23,207,1
23,208,8
23,210,3
23,212,1
23,214,4
23,216,1
23,217,2
23,223,1
23,224,1
23,226,2
23,227,36
23,228,6
23,229,3
23,230,10
23,232,1
23,236,3
23,237,5
23,238,4
23,240,1
23,241,2
23,242,15
23,243,2
23,244,2
23,245,5
23,246,5
23,248,2
23,249,4
23,251,7
23,252,1
23,253,1
23,254,9
23,255,7
23,256,1
23,257,1
23,259,27
23,260,3
23,261,3
23,262,13
23,263,5
23,264,4
23,265,3
23,266,4
23,267,4
23,268,3
23,269,3
23,270,4
23,271,2
23,272,27
23,273,17
23,274,1
23,275,3
23,277,1
23,278,7
23,279,4
23,280,4
23,281,2
23,282,3
23,283,1
23,285,3
23,286,10
23,287,2
23,288,11
23,289,4
23,290,3
23,291,1
23,293,2
23,294,1
23,295,3
23,296,12
23,297,2
23,298,3
23,299,4
23,301,39
24,0,8
24,1,10
24,2,9
24,3,3
24,4,5
24,5,9
24,6,5
24,7,13
24,8,10
24,9,4
24,10,2
24,11,1
24,12,2
24,13,3
24,15,1
24,16,6
24,18,5
24,20,9
24,21,17
24,22,1
24,23,18
24,25,68
24,26,52
24,27,11
24,28,18
24,29,63
24,30,4
24,31,8
24,34,7
24,35,4
24,37,1
24,38,5
24,39,5
24,41,5
24,43,1
24,44,4
24,45,1
24,47,3
24,49,5
24,50,3
24,53,4
24,56,5
24,57,2
24,59,2
24,61,3
24,62,2
24,63,1
24,64,5
24,65,2
24,66,2
24,68,5
24,69,1
24,70,2
24,71,1
24,72,2
24,73,1
24,74,1
24,75,2
24,76,2
24,77,4
24,78,1
24,79,2
24,80,1
24,81,2
24,83,4
24,84,4
24,85,1
24,86,1
24,87,1
24,88,4
24,89,2
24,90,8
24,92,6
24,95,1
24,96,1
24,97,1
24,98,29
24,99,4
24,100,34
24,101,2
24,102,4
24,103,2
24,104,5
24,105,5
24,106,8
24,107,1
24,108,2
24,109,2
24,110,5
24,111,1
24,112,3
24,113,8
24,114,7
24,115,7
24,116,4
24,118,3
24,119,3
24,120,7
24,121,2
24,122,3
24,123,3
24,124,4
24,125,2
24,128,3
24,129,9
24,131,5
24,132,4
24,134,5
24,135,1
24,136,9
24,137,1
24,138,14
24,139,4
24,140,1
24,141,4
24,142,4
24,143,2
24,144,1
24,145,5
24,146,3
24,148,3
24,149,2
24,151,3
24,152,1
24,153,9
24,154,1
24,157,8
24,158,3
24,159,1
24,161,5
24,163,6
24,164,2
24,165,10
24,166,1
24,168,1
24,169,5
24,170,2
24,171,4
24,173,1
24,174,3
24,175,11
24,176,3
24,177,4
24,178,1
24,179,2
24,180,1
24,181,3
24,182,11
24,183,10
24,185,1
24,187,1
24,188,3
24,189,1
24,190,11
24,191,2
24,192,16
24,193,12
24,194,3
24,195,2
24,196,6
24,197,3
24,198,2
24,200,2
24,202,3
24,204,3
24,205,3
24,206,2
24,207,1
24,208,7
24,210,9
24,212,3
24,213,2
24,214,4
24,215,6
24,216,4
24,217,1
24,221,1
24,222,2
24,223,2
24,224,5
24,226,1
24,227,4
24,228,8
24,229,3
24,230,10
24,232,2
24,233,1
24,234,4
24,235,1
24,236,4
24,237,1
24,238,2
24,241,7
24,242,14
24,243,2
24,244,2
24,245,22
24,246,23
24,247,1
24,249,28
24,251,11
24,254,15
24,255,12
24,256,4
24,257,6
24,259,19
24,260,4
24,261,2
24,262,8
24,263,8
24,264,8
24,265,12
24,266,3
24,267,8
24,268,11
24,269,4
24,270,4
24,272,62
24,273,27
24,274,5
24,275,4
24,276,1
24,277,2
24,278,12
24,279,3
24,281,8
24,282,1
24,283,3
24,284,1
24,285,3
24,286,5
24,288,20
24,289,7
24,290,3
24,292,5
24,293,6
24,294,1
24,295,7
24,296,10
24,297,8
24,298,8
24,299,3
24,300,2
24,301,11
25,0,20
25,1,4
25,2,18
25,3,7
25,4,34
25,5,20
25,6,17
25,7,28
25,8,24
25,9,6
25,10,2
25,11,1
25,12,8
25,13,8
25,15,11
25,16,12
25,17,3
25,18,4
25,19,4
25,20,32
25,21,43
25,22,2
25,23,73
25,24,237
25,26,297
25,27,12
25,28,29
25,29,56
25,30,4
25,31,2
25,33,1
25,34,28
25,35,7
25,37,2
25,38,5
25,39,6
25,40,2
25,41,3
25,42,2
25,43,9
25,44,12
25,45,2
25,46,4
25,47,2
25,48,2
25,49,4
25,50,3
25,52,1
25,53,17
25,54,7
25,55,3
25,56,7
25,57,7
25,58,3
25,59,3
25,60,6
25,61,17
25,62,9
25,64,9
25,65,2
25,66,14
25,68,4
25,69,2
25,70,3
25,71,3
25,72,6
25,73,2
25,74,10
25,75,6
25,76,6
25,77,4
25,78,2
25,79,6
25,80,4
25,81,4
25,82,4
25,83,10
25,84,7
25,86,8
25,87,1
25,88,8
25,89,5
25,90,7
25,91,2
25,92,4
25,93,3
25,94,5
25,95,2
25,96,4
25,97,20
25,98,71
25,99,14
25,100,12
25,101,7
25,102,1
25,103,4
25,104,5
25,105,4
25,106,7
25,107,6
25,108,7
25,109,7
25,110,3
25,111,2
25,112,5
25,113,11
25,114,8
25,115,14
25,116,5
25,117,2
25,118,6
25,119,2
25,120,10
25,121,18
25,122,5
25,123,6
25,124,5
25,125,5
25,126,4
25,127,1
25,128,3
25,129,22
25,130,2
25,131,15
25,132,12
25,133,3
25,134,29
25,136,19
25,137,3
25,138,7
25,139,21
25,140,7
25,142,10
25,143,9
25,144,12
25,145,20
25,146,8
25,148,7
25,149,10
25,150,1
25,151,2
25,153,3
25,154,8
25,155,1
25,156,1
25,157,12
25,158,2
25,159,2
25,160,3
25,161,5
25,162,1
25,163,11
25,164,1
25,165,11
25,166,11
25,167,1
25,168,1
25,169,6
25,170,2
25,171,10
25,172,2
25,173,1
25,174,6
25,175,23
25,176,8
25,177,4
25,178,12
25,179,4
25,180,10
25,181,2
25,182,27
25,183,28
25,184,9
25,186,2
25,187,5
25,188,14
25,189,3
25,190,7
25,191,1
25,192,46
25,193,5
25,194,6
25,195,13
25,196,5
25,197,1
25,198,5
25,200,5
25,202,3
25,203,5
25,205,4
25,206,5
25,207,3
25,208,13
25,210,15
25,212,11
25,213,5
25,214,14
25,215,14
25,216,11
25,217,14
25,218,3
25,219,16
25,220,2
25,221,2
25,222,7
25,223,5
25,224,3
25,225,10
25,226,4
25,227,40
25,228,13
25,229,11
25,230,23
25,231,1
25,232,2
25,233,1
25,234,14
25,235,7
25,236,3
25,237,2
25,238,3
25,239,3
25,240,4
25,241,13
25,242,49
25,243,15
25,244,1
25,245,65
25,246,26
25,247,2
25,248,11
25,249,29
25,250,1
25,251,23
25,253,2
25,254,28
25,255,36
25,256,8
25,257,1
25,258,2
25,259,52
25,260,3
25,261,8
25,262,28
25,263,29
25,264,21
25,265,38
25,266,1
25,267,9
25,268,16
25,269,14
25,270,35
25,271,3
25,272,96
25,273,68
25,274,9
25,275,8
25,276,6
25,277,8
25,278,45
25,279,10
25,280,13
25,281,10
25,282,2
25,283,5
25,284,8
25,285,10
25,286,22
25,287,11
25,288,38
25,289,21
25,290,22
25,291,2
25,292,10
25,293,16
25,294,1
25,295,18
25,296,25
25,297,22
25,298,14
25,299,2
25,300,3
25,301,58
26,0,22
26,1,9
26,2,17
26,3,7
26,4,31
26,5,19
26,6,22
26,7,38
26,8,26
26,9,8
26,10,1
26,11,2
26,12,9
26,13,10
26,14,1
26,15,2
26,16,16
26,17,3
26,18,3
26,19,5
26,20,28
26,21,41
26,22,3
26,23,70
26,24,150
26,25,258
26,27,26
26,28,43
26,29,194
26,30,4
26,31,13
26,32,1
26,34,24
26,35,12
26,38,12
26,39,10
26,41,19
26,43,9
26,44,14
26,45,2
26,46,2
26,47,3
26,48,2
26,49,2
26,50,3
26,52,1
26,53,14
26,54,3
26,55,3
26,56,6
26,58,3
26,59,2
26,60,8
26,61,18
26,62,15
26,64,6
26,65,2
26,66,6
26,68,6
26,69,2
26,70,7
26,71,3
26,72,4
26,73,5
26,74,1
26,75,5
26,76,6
26,77,9
26,78,2
26,79,6
26,80,2
26,81,2
26,82,2
26,83,10
26,84,7
26,85,4
26,86,4
26,87,2
26,88,10
26,89,5
26,90,7
26,91,2
26,92,5
26,93,7
26,94,1
26,95,6
26,96,12
26,97,30
26,98,58
26,99,19
26,100,10
26,101,6
26,102,5
26,103,5
26,104,5
26,105,11
26,106,7
26,107,6
26,108,5
26,109,10
26,110,6
26,111,2
26,112,3
26,113,15
26,114,8
26,115,12
26,116,4
26,117,2
26,118,7
26,119,3
26,120,7
26,121,9
26,122,8
26,123,6
26,124,5
26,125,2
26,126,2
26,127,11
26,128,6
26,129,24
26,130,6
26,131,17
26,132,11
26,133,7
26,134,14
26,135,1
26,136,31
26,137,3
26,138,15
26,139,14
26,140,10
26,141,2
26,142,23
26,143,23
26,144,12
26,145,41
26,146,16
26,147,1
26,148,9
26,149,11
26,150,4
26,153,7
26,154,5
26,155,1
26,156,1
26,157,16
26,158,1
26,159,4
26,160,3
26,161,9
26,162,2
26,163,18
26,165,3
26,166,10
26,167,1
26,168,1
26,169,8
26,170,5
26,171,6
26,172,2
26,173,3
26,174,7
26,175,29
26,176,21
26,177,10
26,178,2
26,179,2
26,180,2
26,181,1
26,182,27
26,183,20
26,184,5
26,185,3
26,187,7
26,188,13
26,189,3
26,190,10
26,192,53
26,193,4
26,194,3
26,195,27
26,196,10
26,197,2
26,198,5
26,199,3
26,201,2
26,203,3
26,205,9
26,206,7
26,207,2
26,208,15
26,209,1
26,210,13
26,211,1
26,212,10
26,213,3
26,214,11
26,215,16
26,216,12
26,217,19
26,218,1
26,219,19
26,222,3
26,223,1
26,224,10
26,225,6
26,226,3
26,227,29
26,228,13
26,229,12
26,230,24
26,231,3
26,232,6
26,234,16
26,235,5
26,236,8
26,237,6
26,238,8
26,239,4
26,240,5
26,241,14
26,242,44
26,243,19
26,244,4
26,245,55
26,246,29
26,247,9
26,248,7
26,249,27
26,251,20
26,253,3
26,254,40
26,255,33
26,256,8
26,257,6
26,259,49
26,260,4
26,261,11
26,262,35
26,263,26
26,264,27
26,265,24
26,266,8
26,267,7
26,268,33
26,269,17
26,270,31
26,272,76
26,273,50
26,274,9
26,275,8
26,276,10
26,277,3
26,278,33
26,279,12
26,280,14
26,281,30
26,282,2
26,283,4
26,284,10
26,285,2
26,286,18
26,287,12
26,288,42
26,289,29
26,290,21
26,291,2
26,292,15
26,293,5
26,295,15
26,296,25
26,297,26
26,298,15
26,299,3
26,300,9
26,301,59
27,0,3
27,1,4
27,2,7
27,4,6
27,5,5
27,6,2
27,7,5
27,8,6
27,9,3
27,10,1
27,12,4
27,15,2
27,16,1
27,19,1
27,20,6
27,21,7
27,22,1
27,23,7
27,24,13
27,25,14
27,26,58
27,28,9
27,29,7
27,30,1
27,32,1
27,34,6
27,35,1
27,38,1
27,39,2
27,41,1
27,44,1
27,46,1
27,53,2
27,54,1
27,56,2
27,57,4
27,58,1
27,61,2
27,62,5
27,64,3
27,68,1
27,69,1
27,74,1
27,76,2
27,79,1
27,83,1
27,85,1
27,89,2
27,90,2
27,92,5
27,95,2
27,96,1
27,97,4
27,98,11
27,99,3
27,101,1
27,103,1
27,104,1
27,105,1
27,106,2
27,109,1
27,110,1
27,112,1
27,115,1
27,117,1
27,119,1
27,120,1
27,121,2
27,122,1
27,123,2
27,124,2
27,125,3
27,126,1
27,127,1
27,128,2
27,129,5
27,130,1
27,131,4
27,132,1
27,133,1
27,134,2
27,136,5
27,138,4
27,139,3
27,140,2
27,142,1
27,143,2
27,144,3
27,145,2
27,146,3
27,147,1
27,154,1
27,157,3
27,158,1
27,159,1
27,160,1
27,161,2
27,163,2
27,165,2
27,166,3
27,167,1
27,170,1
27,172,2
27,173,1
27,174,1
27,175,4
27,176,2
27,177,1
27,178,1
27,180,1
27,182,3
27,183,4
27,185,1
27,192,6
27,193,2
27,195,1
27,196,1
27,197,1
27,200,1
27,206,1
27,208,1
27,210,3
27,212,1
27,213,1
27,214,4
27,215,2
27,216,2
27,217,1
27,218,1
27,224,3
27,225,5
27,226,2
27,227,5
27,229,6
27,230,2
27,234,3
27,236,1
27,237,1
27,239,2
27,240,1
27,241,4
27,242,7
27,243,4
27,244,1
27,245,9
27,246,6
27,248,4
27,249,11
27,251,4
27,252,1
27,254,7
27,255,6
27,256,6
27,259,4
27,261,1
27,262,5
27,263,6
27,264,4
27,265,4
27,266,1
27,267,1
27,268,1
27,270,5
27,271,4
27,272,15
27,273,11
27,274,4
27,275,2
27,276,3
27,277,1
27,278,7
27,279,3
27,280,2
27,281,6
27,282,1
27,283,1
27,284,1
27,286,2
27,287,2
27,288,5
27,289,3
27,290,2
27,292,1
27,293,1
27,294,1
27,295,6
27,296,7
27,297,4
27,298,2
27,301,5
28,0,2
28,2,2
28,3,2
28,4,3
28,5,2
28,6,1
28,7,3
28,8,6
28,11,1
28,13,1
28,15,2
28,16,1
28,17,1
28,20,4
28,21,5
28,23,7
28,24,11
28,25,22
28,26,22
28,27,5
28,29,11
28,31,3
28,34,1
28,35,1
28,44,1
28,47,1
28,53,1
28,60,1
28,61,2
28,62,1
28,66,2
28,69,1
28,72,1
28,73,2
28,74,3
28,75,1
28,85,3
28,89,1
28,94,2
28,98,7
28,102,1
28,106,1
28,109,1
28,113,1
28,114,1
28,118,1
28,121,2
28,124,1
28,125,1
28,127,1
28,128,1
28,129,1
28,131,2
28,132,1
28,134,1
28,136,2
28,138,4
28,140,1
28,141,1
28,143,1
28,145,7
28,146,1
28,151,1
28,153,1
28,157,2
28,160,1
28,161,1
28,162,1
28,169,1
28,174,1
28,175,1
28,179,1
28,180,1
28,182,3
28,183,1
28,190,1
28,192,2
28,196,9
28,197,1
28,208,1
28,210,1
28,212,1
28,214,2
28,217,2
28,223,1
28,225,1
28,228,2
28,230,2
28,232,1
28,235,1
28,237,1
28,242,3
28,243,2
28,245,6
28,246,2
28,247,1
28,248,1
28,249,4
28,251,3
28,254,6
28,255,1
28,256,2
28,259,3
28,262,3
28,263,1
28,264,1
28,265,4
28,267,2
28,268,2
28,270,1
28,272,8
28,273,4
28,281,1
28,282,4
28,283,1
28,287,1
28,288,4
28,296,1
28,299,1
28,300,1
28,301,5
29,0,2
29,1,2
29,2,6
29,4,3
29,5,7
29,6,2
29,7,1
29,8,1
29,9,1
29,12,1
29,13,4
29,15,1
29,18,1
29,20,6
29,21,13
29,22,1
29,23,12
29,24,33
29,25,37
29,26,56
29,27,9
29,28,13
29,34,2
29,35,2
29,38,1
29,41,1
29,43,2
29,44,5
29,53,3
29,57,1
29,58,1
29,61,3
29,62,1
29,65,2
29,73,1
29,74,1
29,79,1
29,80,1
29,82,2
29,83,1
29,86,1
29,87,1
29,89,2
29,92,1
29,94,1
29,95,3
29,98,39
29,99,6
29,103,1
29,106,1
29,108,1
29,109,1
29,110,1
29,112,1
29,114,1
29,115,2
29,121,1
29,122,2
29,124,1
29,125,1
29,126,1
29,127,3
29,128,1
29,129,4
29,131,2
29,132,1
29,133,1
29,134,1
29,137,1
29,138,5
29,139,4
29,140,1
29,142,4
29,144,2
29,145,5
29,146,2
29,154,1
29,157,3
29,158,1
29,161,2
29,163,1
29,164,1
29,165,1
29,166,3
29,168,1
29,170,2
29,171,1
29,173,1
29,174,2
29,175,6
29,176,1
29,177,3
29,182,1
29,183,3
29,184,2
29,188,3
29,192,7
29,194,3
29,195,1
29,196,4
29,197,16
29,198,1
29,199,1
29,202,1
29,208,1
29,210,1
29,212,1
29,213,3
29,214,1
29,215,3
29,216,1
29,219,1
29,221,1
29,223,1
29,225,1
29,227,12
29,228,2
29,229,1
29,230,4
29,234,1
29,235,1
29,236,1
29,238,1
29,239,2
29,240,1
29,241,3
29,242,4
29,243,1
29,245,7
29,246,3
29,247,2
29,249,6
29,251,9
29,254,9
29,255,5
29,256,1
29,257,6
29,259,12
29,261,1
29,262,5
29,264,2
29,265,5
29,267,7
29,268,10
29,269,2
29,270,2
29,272,19
29,273,6
29,274,2
29,275,4
29,276,1
29,278,1
29,280,3
29,281,1
29,284,2
29,285,2
29,286,1
29,287,3
29,288,9
29,289,3
29,290,3
29,291,1
29,292,2
29,293,2
29,295,5
29,296,8
29,297,1
29,298,1
29,299,1
29,300,2
29,301,11
30,1,2
30,2,2
30,4,28
30,6,2
30,7,1
30,8,1
30,9,1
30,11,1
30,17,19
30,19,11
30,20,2
30,22,28
30,24,2
30,25,2
30,26,1
30,31,1
30,32,1
30,33,24
30,34,1
30,35,7
30,36,125
30,37,16
30,38,7
30,39,1
30,40,7
30,41,6
30,42,2
30,43,58
30,44,42
30,47,1
30,51,1
30,52,35
30,54,2
30,56,1
30,59,1
30,61,2
30,64,2
30,68,1
30,69,1
30,74,5
30,76,2
30,77,2
30,80,1
30,81,2
30,82,1
30,83,1
30,84,2
30,86,1
30,87,7
30,88,1
30,89,2
30,90,4
30,96,4
30,100,1
30,101,2
30,102,2
30,106,1
30,112,1
30,113,3
30,120,3
30,121,1
30,122,3
30,124,1
30,126,2
30,127,3
30,128,2
30,130,2
30,132,1
30,134,3
30,135,2
30,137,5
30,138,9
30,139,3
30,140,1
30,141,2
30,143,6
30,144,6
30,145,16
30,146,3
30,149,1
30,153,2
30,155,1
30,157,5
30,158,1
30,159,1
30,161,2
30,163,2
30,164,1
30,166,2
30,167,1
30,170,1
30,175,3
30,177,1
30,178,1
30,180,2
30,182,3
30,184,1
30,188,2
30,189,3
30,195,1
30,196,1
30,197,1
30,204,2
30,209,1
30,210,4
30,212,4
30,215,7
30,216,1
30,217,1
30,218,11
30,219,4
30,223,1
30,225,1
30,228,1
30,229,2
30,230,1
30,231,1
30,232,1
30,233,1
30,234,1
30,236,1
30,237,3
30,239,3
30,241,1
30,242,1
30,246,1
30,247,7
30,248,1
30,249,2
30,254,1
30,256,4
30,257,1
30,259,1
30,260,1
30,262,1
30,263,1
30,264,14
30,265,5
30,267,4
30,268,9
30,269,2
30,270,1
30,273,2
30,277,3
30,278,1
30,279,3
30,281,5
30,282,3
30,286,1
30,288,12
30,289,4
30,290,1
30,294,1
30,295,4
30,297,2
30,298,1
31,0,2
31,1,2
31,2,5
31,5,1
31,8,5
31,15,1
31,20,3
31,21,1
31,25,5
31,26,3
31,46,1
31,55,2
31,61,1
31,62,1
31,69,2
31,70,2
31,71,1
31,73,9
31,74,16
31,75,1
31,78,1
31,79,1
31,80,4
31,81,2
31,84,3
31,87,1
31,90,2
31,91,1
31,94,5
31,95,2
31,101,1
31,105,1
31,107,1
31,109,1
31,110,1
31,121,1
31,123,1
31,124,4
31,125,8
31,127,2
31,129,1
31,136,2
31,138,4
31,140,13
31,141,1
31,144,2
31,154,5
31,155,4
31,157,8
31,158,2
31,159,12
31,161,25
31,163,16
31,164,2
31,165,2
31,166,13
31,169,1
31,172,6
31,176,1
31,177,2
31,185,1
31,187,7
31,189,1
31,192,3
31,194,2
31,195,1
31,198,1
31,206,1
31,208,1
31,216,2
31,217,1
31,227,3
31,230,4
31,232,2
31,233,1
31,234,1
31,239,3
31,240,2
31,242,1
31,248,1
31,255,2
31,259,2
31,260,1
31,261,2
31,262,1
31,263,1
31,264,4
31,268,1
31,269,1
31,271,1
31,273,3
31,275,2
31,276,5
31,279,2
31,280,2
31,281,1
31,286,7
31,287,2
31,288,12
31,289,2
31,290,1
31,293,2
31,295,16
31,297,1
31,300,1
31,301,2
32,10,10
32,14,5
32,21,1
32,26,1
32,34,1
32,39,1
32,41,1
32,61,4
32,62,2
32,67,1
32,75,1
32,79,2
32,80,2
32,85,1
32,113,1
32,115,1
32,117,1
32,128,1
32,138,1
32,154,1
32,163,1
32,189,11
32,208,1
32,213,9
32,216,1
32,217,1
32,219,1
32,226,1
32,228,1
32,234,1
32,235,1
32,250,4
32,252,4
32,257,1
32,258,6
32,265,21
32,268,2
32,279,2
32,281,8
32,283,1
32,288,3
32,289,1
32,291,25
32,292,3
32,293,1
32,297,2
32,299,10
33,4,2
33,17,2
33,19,1
33,30,7
33,36,1
33,38,1
33,44,2
33,52,2
33,87,1
33,105,1
33,153,1
33,157,1
33,163,1
33,194,1
33,237,1
33,245,1
33,256,1
33,260,1
33,266,4
33,268,1
33,288,1
33,292,1
34,0,6
34,1,1
34,2,18
34,3,2
34,4,3
34,5,11
34,6,9
34,7,3
34,8,22
34,10,2
34,16,4
34,18,3
34,19,1
34,20,7
34,21,5
34,22,1
34,23,2
34,24,8
34,25,5
34,26,4
34,27,4
34,29,3
34,30,1
34,31,3
34,35,1
34,38,2
34,39,11
34,41,5
34,43,1
34,44,1
34,45,3
34,53,2
34,55,1
34,56,1
34,58,3
34,60,3
34,61,17
34,62,2
34,66,2
34,67,3
34,69,1
34,70,1
34,72,2
34,73,1
34,75,17
34,76,6
34,77,5
34,78,3
34,79,5
34,80,6
34,81,2
34,82,6
34,83,4
34,84,2
34,86,5
34,89,2
34,90,2
34,91,1
34,94,4
34,95,3
34,96,1
34,97,25
34,98,6
34,99,1
34,100,3
34,101,2
34,102,4
34,103,3
34,105,3
34,106,3
34,107,2
34,109,2
34,110,1
34,113,2
34,114,4
34,115,2
34,117,1
34,118,1
34,120,2
34,121,2
34,122,5
34,123,6
34,124,4
34,125,9
34,126,1
34,127,2
34,129,5
34,130,3
34,131,8
34,132,3
34,133,4
34,134,12
34,136,4
34,137,1
34,138,16
34,139,7
34,140,3
34,142,2
34,144,5
34,145,10
34,148,2
34,153,7
34,154,7
34,157,4
34,159,4
34,160,3
34,161,12
34,163,3
34,165,6
34,166,1
34,168,1
34,169,1
34,171,2
34,174,5
34,175,39
34,176,16
34,177,11
34,178,4
34,180,8
34,182,16
34,183,23
34,184,1
34,185,3
34,186,1
34,187,5
34,188,36
34,189,4
34,190,7
34,191,5
34,192,29
34,193,4
34,194,2
34,195,3
34,196,4
34,197,4
34,200,3
34,201,4
34,202,2
34,203,2
34,206,4
34,208,7
34,210,3
34,211,1
34,212,7
34,213,1
34,214,13
34,215,5
34,216,1
34,217,5
34,218,1
34,219,4
34,221,1
34,223,1
34,224,1
34,225,6
34,226,5
34,227,3
34,228,24
34,229,1
34,230,1
34,232,1
34,233,1
34,234,2
34,235,1
34,236,2
34,237,8
34,238,3
34,239,3
34,240,6
34,241,6
34,242,23
34,243,6
34,245,22
34,246,5
34,247,2
34,248,5
34,249,16
34,251,19
34,254,21
34,255,3
34,256,13
34,257,5
34,258,2
34,259,23
34,260,2
34,261,2
34,262,16
34,263,6
34,264,3
34,265,13
34,267,3
34,268,6
34,269,1
34,270,15
34,271,3
34,272,12
34,273,14
34,274,4
34,275,28
34,277,1
34,279,6
34,281,5
34,282,11
34,283,4
34,284,23
34,285,4
34,286,4
34,287,6
34,288,21
34,289,95
34,290,18
34,291,2
34,292,5
34,293,10
34,294,1
34,295,19
34,296,5
34,297,4
34,298,2
34,299,3
34,300,1
34,301,1
35,0,1
35,1,2
35,2,6
35,3,2
35,4,11
35,6,6
35,7,4
35,8,4
35,9,4
35,13,1
35,17,2
35,19,2
35,20,1
35,21,1
35,22,6
35,25,3
35,27,1
35,30,12
35,31,1
35,34,4
35,36,6
35,37,1
35,38,35
35,40,5
35,41,15
35,42,35
35,43,12
35,44,14
35,45,1
35,47,2
35,49,1
35,54,2
35,55,1
35,57,1
35,58,2
35,61,4
35,62,1
35,64,1
35,65,1
35,66,3
35,67,1
35,68,1
35,69,2
35,71,2
35,73,3
35,74,1
35,76,2
35,82,2
35,84,2
35,85,1
35,87,46
35,88,1
35,89,1
35,90,1
35,93,1
35,95,2
35,96,1
35,97,1
35,100,2
35,101,1
35,102,2
35,103,2
35,104,2
35,106,1
35,107,1
35,110,1
35,114,1
35,115,1
35,123,1
35,126,1
35,127,1
35,129,5
35,131,2
35,132,1
35,133,1
35,135,1
35,136,2
35,137,2
35,138,6
35,139,2
35,140,1
35,142,1
35,143,5
35,144,10
35,145,7
35,146,2
35,148,1
35,149,7
35,150,1
35,153,6
35,155,1
35,158,2
35,159,2
35,165,1
35,166,1
35,167,3
35,169,1
35,171,1
35,172,1
35,175,7
35,176,2
35,177,1
35,178,5
35,180,1
35,182,6
35,183,4
35,185,1
35,187,1
35,192,1
35,195,2
35,196,1
35,200,1
35,202,1
35,206,2
35,208,1
35,210,5
35,214,1
35,215,23
35,216,2
35,218,16
35,219,2
35,222,1
35,224,1
35,225,2
35,229,1
35,230,3
35,232,1
35,234,3
35,237,3
35,240,1
35,241,2
35,243,2
35,246,7
35,247,12
35,248,3
35,250,1
35,253,1
35,254,2
35,255,3
35,257,2
35,259,2
35,260,1
35,263,2
35,264,6
35,265,9
35,266,19
35,267,2
35,268,8
35,269,3
35,270,4
35,273,7
35,274,1
35,275,1
35,278,2
35,279,5
35,281,1
35,282,1
35,283,1
35,286,2
35,287,1
35,288,6
35,289,4
35,290,2
35,292,3
35,293,1
35,294,1
35,295,3
35,296,1
35,297,2
35,298,1
35,300,1
35,301,1
36,1,1
36,2,1
36,4,2
36,17,2
36,19,2
36,22,6
36,30,63
36,35,1
36,37,7
36,38,2
36,39,3
36,41,1
36,42,1
36,43,5
36,44,3
36,52,5
36,70,1
36,85,1
36,87,1
36,96,1
36,122,1
36,135,2
36,144,2
36,145,4
36,149,1
36,173,1
36,175,1
36,178,1
36,183,1
36,198,1
36,212,1
36,215,1
36,218,1
36,219,1
36,225,1
36,228,1
36,239,1
36,247,1
36,249,2
36,260,1
36,265,1
36,267,2
36,273,1
36,288,4
36,301,1
37,4,5
37,6,2
37,17,1
37,22,3
37,25,1
37,29,1
37,30,14
37,36,4
37,38,3
37,43,3
37,44,1
37,52,7
37,62,1
37,77,1
37,89,1
37,139,1
37,140,2
37,143,1
37,144,2
37,146,1
37,171,1
37,175,1
37,193,1
37,215,1
37,225,1
37,230,1
37,233,2
37,243,1
37,244,1
37,262,1
37,266,1
37,281,2
37,286,1
38,1,3
38,2,8
38,3,2
38,4,17
38,5,1
38,6,9
38,7,10
38,8,6
38,9,1
38,10,1
38,12,3
38,17,10
38,18,3
38,19,5
38,20,2
38,21,3
38,22,14
38,23,3
38,24,1
38,25,2
38,26,1
38,30,26
38,33,3
38,34,5
38,35,56
38,36,6
38,37,2
38,40,6
38,41,31
38,42,13
38,43,11
38,44,43
38,45,4
38,46,2
38,48,1
38,49,1
38,52,1
38,53,3
38,54,7
38,55,3
38,56,3
38,57,2
38,58,7
38,60,1
38,61,11
38,62,6
38,64,2
38,65,5
38,66,7
38,68,5
38,69,2
38,70,4
38,71,2
38,73,3
38,74,5
38,76,3
38,77,3
38,79,3
38,80,2
38,81,3
38,82,1
38,83,2
38,87,22
38,88,4
38,89,5
38,90,1
38,91,2
38,92,1
38,93,5
38,96,5
38,97,13
38,98,2
38,99,4
38,100,2
38,101,1
38,103,3
38,104,3
38,105,4
38,106,3
38,107,2
38,108,5
38,113,2
38,115,1
38,116,3
38,117,1
38,118,1
38,120,2
38,121,1
38,122,1
38,124,1
38,125,3
38,127,2
38,128,3
38,129,6
38,130,2
38,131,7
38,132,2
38,133,1
38,134,3
38,135,1
38,136,12
38,137,20
38,138,4
38,139,4
38,140,2
38,141,1
38,142,2
38,143,6
38,144,22
38,145,5
38,146,1
38,147,1
38,148,2
38,149,6
38,152,1
38,153,2
38,155,2
38,158,1
38,159,2
38,160,2
38,161,3
38,162,1
38,163,2
38,164,1
38,165,1
38,166,1
38,167,3
38,169,3
38,170,2
38,171,2
38,173,1
38,174,1
38,175,20
38,176,7
38,177,16
38,178,5
38,182,15
38,183,9
38,184,3
38,188,6
38,189,3
38,190,1
38,191,1
38,192,2
38,193,3
38,194,1
38,195,1
38,196,3
38,197,2
38,198,1
38,200,1
38,203,1
38,206,5
38,210,11
38,212,3
38,215,58
38,216,3
38,217,1
38,218,17
38,219,2
38,221,1
38,222,2
38,224,3
38,225,14
38,226,4
38,227,2
38,228,3
38,229,5
38,230,3
38,232,3
38,234,3
38,237,9
38,238,1
38,239,1
38,240,2
38,241,1
38,242,5
38,243,7
38,246,6
38,247,29
38,248,8
38,250,1
38,251,2
38,253,1
38,254,2
38,255,4
38,256,1
38,259,4
38,260,1
38,261,2
38,262,4
38,264,9
38,265,10
38,266,34
38,267,1
38,268,7
38,269,9
38,270,9
38,271,1
38,272,1
38,273,1
38,274,2
38,275,1
38,276,2
38,277,1
38,278,1
38,279,16
38,281,5
38,282,1
38,285,1
38,286,2
38,287,2
38,288,3
38,289,8
38,290,2
38,292,2
38,293,1
38,294,4
38,295,5
38,296,1
38,297,5
38,298,2
38,299,2
38,301,1
39,0,9
39,1,6
39,2,16
39,3,16
39,4,15
39,5,74
39,6,8
39,7,8
39,8,27
39,9,10
39,12,1
39,15,2
39,16,3
39,17,2
39,18,29
39,20,5
39,21,5
39,22,1
39,23,6
39,24,7
39,25,9
39,26,9
39,27,2
39,28,2
39,29,3
39,30,2
39,31,8
39,32,2
39,34,20
39,35,6
39,36,3
39,38,3
39,41,4
39,43,6
39,44,10
39,45,2
39,46,1
39,47,2
39,48,3
39,49,2
39,50,3
39,51,2
39,53,1
39,54,2
39,55,1
39,56,6
39,57,5
39,58,4
39,59,1
39,60,6
39,61,25
39,62,6
39,64,4
39,65,1
39,66,11
39,68,5
39,69,1
39,70,6
39,71,6
39,72,1
39,73,14
39,74,16
39,75,8
39,76,9
39,77,7
39,78,7
39,79,21
39,80,17
39,81,13
39,82,7
39,83,13
39,84,7
39,85,2
39,86,9
39,88,4
39,89,5
39,90,22
39,91,1
39,92,2
39,93,3
39,94,3
39,95,1
39,96,9
39,97,26
39,98,5
39,99,4
39,100,9
39,101,4
39,102,7
39,103,6
39,104,1
39,105,5
39,106,8
39,107,3
39,108,5
39,109,8
39,110,5
39,111,1
39,112,10
39,113,5
39,114,8
39,115,11
39,116,2
39,117,5
39,118,13
39,119,5
39,120,23
39,121,19
39,122,8
39,123,2
39,124,1
39,125,5
39,126,13
39,127,15
39,128,21
39,129,12
39,130,7
39,131,11
39,132,4
39,133,4
39,134,8
39,135,2
39,136,43
39,137,4
39,138,13
39,140,7
39,142,6
39,143,9
39,144,7
39,145,12
39,146,7
39,148,13
39,149,4
39,150,2
39,152,1
39,153,5
39,154,1
39,155,7
39,157,3
39,158,3
39,159,6
39,160,5
39,161,5
39,163,5
39,164,3
39,165,14
39,166,7
39,167,1
39,168,3
39,169,8
39,170,15
39,171,15
39,174,22
39,175,17
39,176,21
39,177,7
39,178,6
39,179,6
39,180,4
39,181,1
39,182,23
39,183,30
39,184,18
39,185,1
39,186,8
39,187,3
39,188,14
39,189,5
39,190,1
39,192,17
39,193,3
39,194,8
39,195,10
39,196,8
39,197,4
39,198,1
39,200,1
39,201,4
39,202,3
39,206,25
39,207,14
39,208,6
39,209,5
39,210,15
39,212,6
39,213,1
39,214,6
39,215,6
39,216,11
39,217,11
39,218,2
39,219,6
39,220,2
39,221,1
39,222,9
39,223,7
39,224,19
39,225,2
39,226,40
39,227,9
39,228,11
39,229,14
39,230,7
39,231,9
39,232,25
39,233,4
39,234,5
39,235,3
39,236,29
39,237,179
39,238,6
39,239,22
39,240,46
39,241,61
39,242,8
39,243,61
39,244,17
39,245,5
39,246,9
39,247,7
39,248,61
39,249,3
39,250,1
39,251,9
39,253,1
39,254,7
39,255,3
39,256,21
39,257,16
39,259,14
39,260,5
39,261,3
39,262,17
39,263,28
39,264,39
39,265,24
39,266,4
39,268,7
39,269,12
39,270,25
39,271,7
39,272,9
39,273,17
39,274,18
39,275,7
39,276,6
39,277,3
39,278,16
39,279,49
39,280,2
39,281,17
39,282,47
39,283,1
39,285,3
39,286,3
39,287,24
39,288,8
39,289,31
39,290,41
39,291,7
39,292,7
39,293,6
39,294,2
39,295,99
39,296,4
39,297,8
39,298,5
39,299,3
39,300,7
39,301,3
40,0,1
40,1,1
40,4,3
40,5,1
40,10,1
40,17,18
40,18,1
40,19,16
40,22,18
40,24,2
40,30,32
40,33,2
40,35,12
40,36,11
40,37,1
40,38,6
40,41,1
40,43,14
40,44,65
40,47,1
40,52,1
40,54,1
40,58,1
40,59,1
40,70,1
40,73,1
40,74,3
40,75,1
40,77,1
40,79,1
40,82,1
40,87,1
40,89,1
40,91,1
40,93,1
40,96,1
40,97,1
40,98,1
40,106,2
40,108,1
40,113,1
40,127,1
40,128,1
40,129,1
40,130,3
40,137,1
40,138,2
40,139,1
40,142,1
40,143,5
40,144,12
40,145,4
40,146,1
40,148,1
40,149,3
40,175,2
40,176,3
40,182,3
40,183,1
40,190,1
40,192,1
40,195,1
40,203,1
40,210,1
40,212,1
40,215,7
40,217,3
40,218,9
40,219,1
40,229,1
40,230,1
40,239,2
40,240,1
40,243,2
40,247,1
40,257,3
40,264,3
40,266,5
40,268,1
40,269,1
40,274,2
40,277,1
40,281,1
40,285,1
40,288,1
40,294,2
40,297,1
40,298,1
41,0,1
41,1,1
41,2,4
41,3,5
41,4,7
41,6,4
41,7,6
41,8,7
41,9,4
41,10,2
41,13,2
41,15,3
41,16,1
41,17,6
41,20,1
41,22,7
41,24,1
41,25,2
41,28,1
41,29,1
41,30,9
41,32,1
41,34,1
41,35,28
41,36,2
41,38,23
41,39,2
41,42,5
41,43,8
41,44,9
41,48,2
41,53,1
41,54,3
41,55,2
41,57,1
41,58,1
41,59,3
41,60,1
41,62,1
41,65,1
41,66,3
41,68,6
41,73,1
41,75,2
41,76,1
41,77,2
41,80,2
41,81,2
41,83,1
41,84,2
41,85,1
41,86,1
41,87,2
41,89,2
41,90,1
41,91,4
41,93,2
41,96,1
41,97,10
41,99,2
41,100,1
41,103,1
41,104,2
41,105,1
41,108,1
41,110,1
41,113,1
41,115,2
41,116,1
41,119,2
41,120,1
41,125,1
41,127,1
41,128,2
41,129,3
41,130,2
41,131,2
41,132,1
41,133,1
41,134,2
41,135,1
41,137,7
41,138,1
41,140,1
41,142,1
41,143,5
41,144,2
41,145,2
41,148,1
41,149,1
41,158,1
41,159,1
41,161,2
41,164,2
41,165,1
41,167,4
41,169,1
41,171,2
41,174,1
41,175,7
41,176,2
41,177,4
41,178,3
41,180,5
41,182,7
41,183,6
41,184,2
41,185,4
41,188,1
41,189,3
41,190,1
41,192,2
41,194,1
41,195,1
41,196,3
41,200,1
41,206,4
41,210,1
41,212,1
41,214,1
41,215,20
41,216,2
41,217,2
41,218,4
41,219,1
41,224,1
41,225,1
41,226,2
41,227,1
41,228,3
41,230,1
41,231,1
41,234,1
41,235,1
41,236,2
41,237,4
41,238,1
41,240,1
41,242,6
41,243,2
41,244,1
41,245,1
41,246,5
41,247,16
41,248,2
41,251,1
41,254,1
41,255,2
41,256,3
41,258,1
41,259,6
41,262,6
41,263,2
41,264,7
41,265,6
41,266,19
41,268,5
41,269,3
41,270,6
41,271,1
41,273,2
41,274,5
41,275,1
41,277,1
41,278,2
41,279,18
41,281,2
41,282,2
41,285,1
41,286,4
41,287,4
41,288,4
41,289,18
41,290,7
41,291,1
41,292,4
41,293,1
41,294,8
41,295,4
41,296,1
41,297,1
41,299,1
41,300,3
41,301,2
42,0,1
42,2,4
42,3,2
42,4,10
42,6,4
42,7,3
42,9,2
42,17,4
42,19,5
42,22,12
42,30,11
42,34,2
42,35,36
42,36,9
42,37,1
42,38,17
42,41,12
42,43,5
42,44,23
42,45,2
42,46,2
42,47,1
42,48,1
42,51,1
42,54,1
42,55,1
42,56,1
42,57,1
42,58,1
42,60,2
42,61,3
42,64,2
42,66,3
42,67,1
42,71,1
42,73,1
42,74,4
42,75,1
42,81,1
42,83,1
42,84,1
42,87,19
42,88,2
42,93,1
42,96,1
42,97,2
42,99,1
42,100,2
42,101,2
42,105,1
42,108,1
42,110,1
42,117,1
42,119,1
42,122,2
42,125,1
42,126,1
42,127,1
42,128,4
42,129,2
42,130,1
42,131,5
42,132,3
42,137,9
42,139,1
42,141,1
42,142,5
42,143,2
42,144,8
42,145,9
42,146,8
42,148,3
42,149,4
42,155,3
42,159,1
42,161,1
42,162,1
42,165,1
42,169,1
42,171,1
42,172,1
42,173,1
42,175,7
42,176,2
42,177,4
42,180,4
42,182,2
42,183,6
42,184,2
42,188,1
42,192,2
42,194,1
42,195,1
42,196,2
42,197,1
42,198,1
42,199,1
42,202,1
42,203,1
42,208,3
42,210,3
42,212,1
42,214,1
42,215,33
42,216,3
42,217,2
42,218,5
42,219,2
42,222,2
42,224,3
42,226,1
42,229,1
42,231,1
42,232,2
42,234,1
42,237,5
42,239,1
42,240,1
42,241,2
42,242,3
42,243,2
42,244,1
42,246,4
42,247,14
42,251,1
42,254,1
42,256,1
42,257,1
42,261,1
42,262,4
42,263,1
42,264,6
42,265,6
42,266,13
42,267,2
42,268,3
42,270,2
42,272,1
42,273,1
42,278,1
42,279,5
42,281,3
42,288,7
42,289,4
42,291,1
42,292,2
42,294,4
42,295,2
42,297,3
42,298,1
42,300,1
43,1,4
43,2,4
43,3,2
43,4,34
43,6,4
43,7,1
43,8,4
43,9,1
43,17,9
43,18,3
43,19,8
43,20,3
43,22,19
43,25,1
43,26,2
43,30,65
43,33,7
43,35,11
43,36,20
43,37,3
43,38,8
43,39,1
43,40,1
43,41,6
43,42,4
43,44,15
43,45,1
43,48,1
43,52,9
43,53,3
43,54,3
43,56,2
43,57,2
43,59,2
43,61,1
43,62,1
43,64,1
43,65,1
43,68,1
43,72,1
43,73,1
43,74,4
43,75,3
43,76,1
43,79,1
43,80,1
43,81,1
43,83,2
43,86,1
43,87,10
43,93,1
43,95,1
43,96,5
43,97,3
43,98,1
43,100,1
43,104,1
43,107,2
43,108,1
43,114,1
43,115,1
43,118,1
43,121,1
43,122,4
43,124,1
43,127,1
43,128,1
43,129,4
43,130,2
43,131,2
43,132,1
43,133,1
43,134,2
43,135,3
43,136,1
43,137,2
43,138,9
43,139,7
43,140,5
43,141,2
43,142,2
43,143,23
43,144,22
43,145,17
43,146,4
43,147,1
43,148,2
43,149,5
43,150,1
43,151,2
43,153,3
43,154,1
43,155,1
43,161,1
43,163,1
43,167,2
43,169,1
43,175,1
43,177,3
43,178,1
43,182,5
43,183,2
43,184,1
43,185,1
43,192,1
43,193,1
43,200,1
43,202,1
43,205,1
43,206,1
43,208,2
43,210,1
43,214,1
43,215,11
43,216,1
43,217,5
43,218,6
43,219,4
43,222,2
43,225,2
43,229,2
43,230,2
43,232,1
43,234,1
43,236,1
43,237,2
43,239,4
43,240,1
43,241,3
43,243,1
43,246,1
43,247,6
43,248,2
43,249,2
43,251,1
43,255,1
43,256,1
43,257,3
43,259,1
43,260,1
43,261,1
43,262,1
43,263,1
43,264,13
43,265,4
43,266,8
43,267,1
43,268,9
43,269,3
43,270,2
43,271,1
43,273,10
43,274,2
43,275,1
43,276,1
43,277,1
43,279,10
43,281,1
43,286,2
43,288,3
43,289,4
43,290,4
43,292,1
43,293,1
43,295,1
43,296,1
43,297,2
43,298,1
43,301,1
44,0,4
44,1,3
44,2,3
44,4,37
44,15,2
44,17,6
44,19,9
44,20,3
44,21,2
44,22,12
44,25,2
44,30,13
44,33,1
44,35,3
44,36,4
44,38,8
44,40,10
44,41,2
44,42,5
44,43,9
44,45,1
44,48,4
44,52,5
44,54,2
44,58,5
44,59,4
44,64,2
44,65,1
44,68,2
44,69,2
44,71,1
44,73,4
44,75,1
44,79,1
44,80,2
44,82,2
44,83,2
44,87,3
44,89,1
44,90,2
44,93,1
44,97,1
44,100,1
44,105,1
44,108,2
44,113,2
44,117,1
44,120,2
44,127,5
44,129,1
44,130,1
44,134,1
44,135,1
44,136,3
44,137,2
44,138,6
44,139,13
44,141,3
44,143,9
44,144,16
44,145,5
44,146,3
44,147,1
44,149,3
44,153,3
44,154,3
44,161,2
44,162,1
44,165,1
44,175,2
44,182,3
44,183,2
44,190,1
44,191,1
44,193,2
44,196,1
44,202,1
44,206,4
44,214,1
44,215,8
44,216,2
44,217,1
44,218,3
44,219,1
44,225,3
44,226,2
44,227,2
44,229,9
44,230,1
44,234,1
44,235,1
44,239,3
44,241,1
44,243,4
44,247,2
44,248,1
44,256,1
44,260,1
44,261,2
44,263,2
44,264,4
44,265,1
44,266,15
44,268,3
44,269,2
44,270,2
44,273,7
44,274,2
44,275,2
44,277,1
44,278,3
44,279,2
44,281,2
44,284,1
44,285,1
44,286,5
44,288,12
44,289,2
44,291,1
44,295,1
44,297,2
44,298,1
44,301,1
45,2,1
45,3,1
45,4,1
45,5,1
45,6,4
45,7,8
45,9,2
45,13,2
45,20,2
45,24,1
45,33,1
45,35,2
45,38,1
45,41,1
45,43,1
45,46,20
45,47,33
45,48,51
45,49,9
45,50,7
45,51,4
45,53,1
45,54,1
45,55,5
45,56,3
45,59,1
45,61,4
45,64,1
45,66,6
45,68,6
45,70,1
45,72,1
45,74,3
45,79,2
45,83,2
45,85,2
45,88,20
45,89,4
45,92,1
45,96,1
45,97,2
45,99,2
45,100,11
45,101,1
45,103,1
45,104,8
45,107,1
45,108,3
45,109,1
45,110,1
45,112,1
45,113,1
45,120,1
45,121,1
45,131,3
45,132,1
45,133,1
45,134,3
45,137,3
45,138,2
45,143,1
45,145,4
45,148,1
45,161,1
45,163,1
45,169,1
45,170,1
45,172,2
45,174,1
45,175,1
45,176,1
45,177,1
45,182,1
45,183,2
45,193,1
45,194,2
45,195,1
45,198,2
45,199,1
45,206,2
45,210,18
45,214,1
45,215,2
45,216,6
45,217,1
45,218,1
45,227,1
45,228,1
45,236,1
45,238,1
45,240,1
45,241,1
45,243,6
45,246,1
45,254,1
45,255,2
45,256,2
45,259,3
45,263,1
45,264,2
45,265,8
45,266,6
45,268,6
45,270,3
45,274,4
45,275,1
45,276,1
45,277,2
45,279,3
45,281,2
45,288,10
45,289,2
45,293,1
45,294,2
45,296,2
45,297,3
45,298,1
45,299,1
45,301,2
46,6,1
46,7,5
46,8,1
46,9,3
46,17,1
46,19,1
46,29,1
46,38,1
46,41,1
46,45,19
46,47,16
46,48,27
46,49,5
46,50,2
46,51,1
46,52,1
46,55,3
46,56,1
46,57,2
46,62,1
46,63,1
46,66,4
46,88,17
46,89,4
46,96,1
46,98,1
46,100,6
46,104,3
46,108,2
46,113,1
46,120,2
46,127,1
46,129,1
46,131,1
46,132,1
46,133,2
46,134,1
46,138,1
46,139,1
46,165,2
46,170,1
46,182,1
46,195,2
46,201,1
46,206,1
46,210,3
46,216,4
46,226,1
46,228,2
46,242,1
46,243,1
46,246,2
46,254,1
46,255,2
46,259,1
46,260,1
46,262,1
46,265,2
46,266,3
46,268,2
46,270,1
46,273,1
46,277,1
46,279,2
46,281,2
46,284,1
46,288,5
46,289,1
46,295,1
46,297,2
46,298,1
46,300,1
46,301,2
47,0,1
47,2,5
47,3,2
47,5,1
47,6,12
47,7,15
47,8,7
47,9,6
47,10,1
47,12,1
47,13,4
47,15,2
47,16,1
47,19,2
47,23,1
47,24,1
47,26,4
47,31,1
47,39,2
47,41,1
47,44,3
47,45,71
47,46,24
47,48,58
47,49,8
47,50,5
47,51,2
47,53,1
47,54,4
47,55,15
47,56,9
47,57,5
47,58,3
47,61,4
47,62,1
47,63,1
47,66,17
47,68,9
47,72,2
47,73,1
47,75,1
47,76,1
47,77,2
47,78,2
47,79,1
47,81,2
47,86,1
47,88,22
47,89,11
47,90,3
47,97,1
47,98,1
47,99,7
47,100,35
47,102,1
47,104,16
47,105,1
47,108,14
47,110,1
47,111,1
47,113,1
47,115,1
47,118,1
47,120,1
47,122,2
47,126,2
47,127,6
47,128,2
47,129,2
47,131,3
47,132,1
47,133,4
47,134,8
47,136,4
47,137,4
47,139,8
47,142,2
47,144,1
47,149,1
47,154,3
47,157,6
47,160,1
47,165,3
47,166,1
47,167,1
47,168,1
47,169,1
47,171,3
47,174,2
47,175,3
47,177,1
47,178,1
47,182,1
47,183,1
47,184,8
47,186,1
47,187,1
47,191,7
47,193,10
47,194,4
47,195,1
47,196,1
47,197,2
47,198,2
47,201,1
47,203,1
47,206,3
47,207,1
47,208,1
47,210,16
47,212,1
47,213,1
47,215,10
47,216,21
47,218,1
47,219,1
47,221,1
47,222,1
47,225,1
47,227,16
47,230,2
47,232,1
47,237,1
47,238,1
47,239,3
47,240,2
47,241,1
47,242,3
47,243,11
47,244,2
47,245,4
47,246,7
47,247,4
47,248,8
47,251,2
47,252,1
47,254,4
47,255,5
47,256,2
47,257,1
47,259,7
47,261,3
47,262,9
47,263,4
47,264,1
47,265,6
47,266,22
47,267,1
47,268,3
47,269,4
47,270,3
47,271,1
47,272,3
47,273,4
47,274,2
47,277,1
47,278,5
47,279,8
47,281,3
47,282,2
47,283,2
47,284,4
47,285,2
47,286,4
47,287,3
47,288,6
47,289,2
47,292,4
47,294,1
47,295,6
47,296,4
47,297,5
47,298,4
47,300,4
47,301,2
48,2,7
48,3,2
48,4,3
48,6,6
48,7,12
48,8,1
48,9,4
48,12,1
48,13,1
48,15,1
48,18,1
48,20,1
48,22,1
48,24,1
48,25,2
48,31,1
48,32,1
48,35,3
48,38,2
48,39,3
48,41,1
48,42,3
48,45,175
48,46,82
48,47,96
48,49,82
48,50,52
48,51,5
48,53,4
48,55,38
48,56,30
48,57,39
48,60,1
48,61,1
48,62,2
48,63,1
48,65,1
48,66,19
48,68,5
48,73,1
48,76,2
48,77,1
48,78,1
48,80,2
48,81,2
48,83,1
48,84,1
48,85,1
48,88,70
48,89,34
48,90,1
48,91,1
48,92,1
48,97,2
48,98,2
48,99,1
48,100,26
48,101,1
48,102,1
48,104,17
48,106,1
48,108,7
48,110,1
48,119,1
48,125,2
48,129,2
48,131,3
48,133,1
48,134,1
48,137,2
48,138,2
48,139,2
48,140,1
48,144,1
48,145,2
48,146,2
48,147,1
48,149,1
48,151,2
48,153,2
48,156,1
48,160,1
48,167,3
48,168,1
48,169,1
48,170,1
48,171,2
48,174,1
48,175,4
48,177,1
48,179,1
48,182,1
48,183,1
48,184,2
48,186,1
48,190,1
48,192,1
48,193,3
48,194,3
48,195,3
48,196,1
48,197,1
48,203,1
48,206,1
48,210,40
48,213,1
48,214,1
48,215,7
48,216,24
48,217,1
48,218,1
48,226,2
48,229,2
48,230,2
48,232,1
48,234,2
48,236,1
48,239,1
48,246,2
48,247,3
48,248,5
48,249,1
48,250,1
48,254,3
48,255,6
48,256,1
48,257,1
48,259,3
48,263,5
48,265,6
48,266,7
48,268,3
48,270,1
48,273,1
48,274,2
48,278,3
48,279,5
48,281,7
48,282,2
48,286,2
48,287,2
48,288,4
48,289,2
48,290,1
48,293,1
48,296,1
48,297,5
48,298,1
48,300,1
48,301,1
49,0,2
49,2,1
49,6,2
49,7,9
49,8,2
49,9,1
49,11,2
49,16,2
49,19,1
49,24,6
49,31,1
49,39,1
49,41,1
49,45,13
49,46,3
49,47,17
49,48,74
49,50,15
49,55,10
49,56,10
49,57,5
49,66,5
49,68,2
49,73,2
49,80,2
49,81,1
49,88,13
49,89,10
49,91,1
49,92,2
49,100,9
49,104,5
49,108,1
49,109,1
49,118,1
49,121,1
49,131,1
49,133,1
49,134,1
49,136,2
49,137,2
49,139,1
49,140,2
49,144,1
49,150,1
49,165,1
49,166,1
49,171,1
49,174,4
49,175,2
49,176,1
49,180,3
49,182,1
49,193,2
49,195,1
49,197,3
49,201,4
49,206,1
49,208,1
49,210,17
49,215,4
49,216,5
49,218,2
49,224,1
49,228,1
49,232,2
49,237,1
49,241,1
49,246,2
49,247,2
49,248,2
49,252,1
49,255,1
49,263,4
49,266,6
49,267,1
49,268,2
49,269,1
49,270,1
49,273,1
49,276,1
49,277,1
49,278,1
49,279,1
49,281,2
49,287,2
49,288,3
49,294,1
49,297,3
49,298,1
49,300,1
50,0,1
50,3,1
50,6,5
50,7,3
50,25,1
50,44,1
50,45,9
50,46,1
50,47,4
50,48,30
50,49,16
50,51,1
50,52,1
50,53,1
50,55,6
50,56,2
50,62,1
50,66,6
50,75,1
50,78,2
50,88,8
50,89,1
50,92,1
50,97,1
50,100,4
50,104,2
50,127,1
50,129,1
50,134,2
50,136,1
50,145,1
50,149,1
50,153,1
50,165,1
50,171,2
50,184,1
50,188,2
50,210,8
50,216,4
50,227,1
50,232,1
50,233,1
50,249,1
50,252,2
50,255,1
50,261,1
50,262,1
50,265,2
50,266,1
50,268,2
50,273,4
50,279,2
50,281,5
50,288,6
50,291,2
50,292,1
51,0,1
51,1,1
51,3,1
51,4,1
51,7,3
51,8,2
51,9,1
51,30,1
51,35,2
51,38,2
51,42,1
51,45,12
51,46,6
51,47,4
51,48,6
51,50,4
51,54,1
51,55,2
51,56,8
51,57,2
51,61,3
51,66,3
51,68,1
51,71,1
51,81,1
51,86,1
51,88,16
51,89,10
51,100,3
51,104,4
51,123,1
51,136,1
51,137,2
51,138,1
51,144,2
51,150,1
51,166,1
51,171,1
51,173,1
51,175,4
51,188,1
51,206,1
51,210,13
51,216,2
51,227,2
51,233,1
51,245,1
51,246,3
51,247,1
51,252,1
51,255,1
51,258,1
51,259,1
51,262,1
51,263,2
51,265,1
51,266,1
51,267,1
51,268,1
51,279,1
51,281,2
51,284,1
51,286,1
51,288,4
51,295,1
51,297,1
52,3,1
52,4,7
52,6,3
52,10,1
52,17,6
52,22,6
52,30,25
52,33,4
52,35,1
52,36,7
52,37,7
52,38,6
52,40,6
52,42,2
52,43,4
52,44,5
52,56,1
52,66,2
52,71,2
52,74,1
52,84,1
52,86,1
52,97,1
52,100,1
52,111,1
52,113,1
52,115,1
52,120,1
52,124,1
52,132,1
52,137,1
52,138,1
52,139,2
52,142,2
52,143,2
52,144,2
52,146,1
52,147,1
52,162,1
52,166,1
52,177,1
52,200,1
52,208,1
52,215,1
52,218,4
52,228,1
52,230,1
52,235,1
52,239,2
52,243,1
52,249,1
52,262,1
52,263,1
52,265,2
52,268,2
52,273,1
52,275,1
52,281,2
52,283,1
52,286,2
52,287,3
52,289,1
52,296,1
52,297,1
52,301,1
53,0,10
53,1,1
53,2,13
53,3,13
53,4,7
53,5,17
53,6,15
53,7,14
53,8,33
53,9,4
53,10,3
53,11,9
53,12,6
53,13,23
53,15,22
53,16,26
53,19,1
53,20,16
53,21,8
53,22,2
53,23,5
53,24,13
53,25,2
53,26,8
53,27,1
53,28,2
53,29,10
53,30,1
53,31,4
53,34,5
53,35,6
53,38,3
53,39,8
53,40,1
53,41,3
53,42,1
53,43,4
53,44,6
53,45,2
53,46,3
53,47,8
53,48,1
53,49,1
53,50,7
53,54,2
53,56,6
53,57,10
53,58,4
53,59,1
53,60,4
53,61,9
53,62,3
53,64,1
53,66,15
53,68,5
53,70,2
53,71,1
53,72,5
53,73,1
53,74,3
53,75,3
53,76,5
53,77,6
53,78,4
53,79,12
53,80,11
53,81,9
53,82,4
53,83,4
53,84,1
53,85,5
53,86,3
53,88,7
53,89,11
53,90,6
53,92,12
53,93,2
53,94,1
53,95,2
53,97,9
53,98,7
53,99,36
53,100,10
53,101,2
53,103,4
53,104,6
53,106,1
53,107,1
53,108,3
53,109,2
53,110,1
53,111,1
53,112,1
53,113,5
53,114,1
53,115,1
53,116,1
53,118,2
53,119,4
53,120,7
53,121,3
53,124,1
53,125,1
53,126,1
53,127,1
53,128,2
53,129,48
53,131,9
53,132,2
53,133,5
53,134,8
53,136,10
53,137,9
53,138,5
53,139,7
53,140,3
53,141,1
53,142,4
53,143,2
53,144,4
53,145,7
53,146,1
53,148,1
53,149,2
53,153,3
53,154,4
53,155,3
53,157,3
53,158,1
53,161,2
53,163,1
53,164,1
53,165,4
53,166,3
53,167,1
53,169,4
53,170,2
53,171,5
53,173,1
53,174,2
53,175,9
53,176,14
53,177,5
53,178,1
53,179,5
53,180,4
53,181,4
53,182,8
53,183,5
53,184,3
53,187,4
53,188,2
53,189,2
53,191,1
53,192,5
53,193,2
53,194,4
53,195,3
53,196,9
53,197,4
53,198,3
53,200,2
53,201,1
53,203,2
53,204,2
53,205,3
53,206,7
53,208,4
53,209,6
53,210,8
53,212,3
53,213,2
53,214,3
53,215,16
53,216,5
53,217,1
53,218,1
53,219,7
53,223,1
53,224,1
53,225,1
53,226,1
53,227,3
53,228,5
53,230,1
53,231,9
53,232,28
53,233,1
53,234,1
53,235,5
53,236,4
53,237,6
53,238,3
53,239,6
53,241,5
53,242,6
53,243,2
53,245,3
53,246,26
53,247,9
53,248,12
53,249,2
53,251,4
53,253,25
53,254,6
53,255,6
53,256,4
53,257,5
53,259,6
53,260,2
53,261,8
53,262,25
53,263,13
53,264,5
53,265,5
53,266,3
53,267,32
53,268,60
53,269,6
53,270,10
53,272,6
53,273,19
53,274,8
53,275,1
53,276,4
53,278,11
53,279,9
53,280,4
53,281,10
53,282,3
53,283,7
53,286,2
53,287,11
53,288,7
53,289,2
53,290,3
53,291,7
53,292,4
53,293,4
53,294,3
53,295,7
53,296,59
53,297,29
53,298,23
53,299,2
53,300,9
53,301,10
54,0,9
54,2,2
54,3,1
54,4,2
54,6,3
54,7,2
54,9,1
54,16,1
54,17,1
54,18,1
54,19,2
54,22,3
54,30,3
54,35,5
54,36,1
54,38,10
54,41,11
54,42,1
54,43,3
54,44,7
54,45,3
54,50,1
54,53,1
54,55,1
54,58,1
54,59,1
54,61,2
54,66,3
54,68,1
54,70,1
54,71,2
54,73,1
54,79,1
54,81,1
54,83,2
54,87,1
54,88,3
54,89,1
54,90,2
54,92,1
54,97,7
54,99,1
54,100,2
54,108,1
54,112,1
54,117,1
54,121,1
54,129,1
54,131,2
54,132,1
54,136,3
54,137,5
54,143,1
54,145,1
54,153,1
54,158,1
54,167,6
54,169,1
54,171,1
54,174,1
54,175,11
54,176,12
54,177,2
54,178,4
54,179,8
54,180,3
54,181,1
54,182,3
54,183,3
54,184,2
54,185,1
54,192,1
54,196,1
54,198,1
54,210,5
54,215,15
54,216,5
54,219,2
54,224,1
54,226,1
54,227,2
54,230,1
54,232,1
54,234,1
54,236,2
54,237,2
54,239,1
54,241,2
54,243,5
54,244,1
54,247,2
54,248,1
54,260,1
54,264,1
54,265,2
54,266,13
54,268,4
54,270,1
54,271,1
54,274,1
54,276,1
54,279,12
54,281,4
54,283,4
54,285,2
54,289,3
54,290,3
54,292,1
54,294,10
54,295,1
54,297,1
54,299,1
55,0,4
55,2,3
55,3,3
55,4,7
55,5,1
55,6,10
55,7,13
55,8,2
55,9,5
55,10,1
55,19,3
55,23,1
55,25,1
55,26,2
55,28,1
55,29,1
55,30,3
55,31,2
55,35,1
55,36,1
55,38,7
55,39,1
55,41,3
55,42,2
55,43,2
55,45,26
55,46,10
55,47,23
55,48,42
55,49,8
55,50,5
55,51,4
55,53,1
55,54,1
55,56,59
55,57,42
55,61,3
55,62,3
55,63,3
55,66,23
55,68,13
55,70,1
55,71,1
55,74,4
55,75,3
55,76,1
55,77,1
55,78,2
55,79,5
55,86,1
55,88,43
55,89,27
55,90,1
55,97,2
55,98,1
55,99,2
55,100,22
55,102,1
55,104,22
55,105,2
55,108,8
55,109,3
55,113,1
55,114,3
55,115,1
55,118,1
55,120,3
55,123,2
55,125,3
55,127,1
55,128,1
55,129,8
55,130,1
55,131,5
55,132,4
55,133,2
55,134,8
55,136,5
55,137,3
55,138,3
55,139,3
55,140,1
55,144,1
55,146,1
55,147,1
55,148,1
55,151,1
55,157,1
55,160,3
55,161,3
55,163,3
55,164,1
55,165,1
55,166,1
55,167,1
55,169,1
55,170,3
55,171,1
55,174,2
55,175,5
55,176,1
55,180,1
55,182,1
55,184,2
55,187,1
55,188,1
55,189,1
55,191,1
55,192,1
55,193,4
55,194,7
55,195,3
55,196,3
55,200,1
55,206,7
55,207,2
55,210,62
55,214,1
55,215,2
55,216,28
55,221,2
55,224,3
55,226,1
55,227,2
55,230,2
55,233,1
55,234,2
55,235,1
55,237,2
55,239,2
55,240,1
55,241,1
55,243,6
55,244,2
55,246,4
55,247,5
55,248,3
55,249,3
55,254,2
55,255,5
55,256,3
55,257,2
55,259,1
55,260,1
55,261,1
55,262,1
55,263,3
55,265,6
55,266,7
55,267,3
55,268,11
55,269,1
55,273,1
55,274,3
55,276,2
55,278,6
55,279,7
55,281,6
55,284,1
55,286,2
55,287,1
55,288,15
55,289,1
55,290,2
55,292,2
55,293,2
55,294,1
55,295,2
55,296,2
55,297,23
55,298,2
55,299,2
55,300,2
55,301,2
56,2,4
56,3,2
56,4,1
56,6,4
56,7,5
56,8,2
56,9,2
56,13,1
56,16,1
56,19,1
56,21,1
56,26,1
56,35,1
56,38,1
56,39,1
56,41,2
56,45,6
56,46,2
56,47,10
56,48,22
56,49,5
56,50,7
56,51,1
56,53,1
56,55,61
56,57,42
56,58,2
56,60,1
56,61,4
56,63,1
56,66,13
56,68,5
56,74,1
56,75,1
56,77,3
56,81,1
56,84,1
56,88,44
56,89,24
56,92,1
56,97,1
56,99,2
56,100,14
56,101,1
56,104,18
56,105,3
56,108,6
56,116,1
56,120,1
56,121,1
56,127,1
56,129,3
56,131,6
56,132,1
56,133,1
56,134,2
56,136,9
56,137,7
56,141,2
56,144,2
56,145,2
56,146,1
56,153,1
56,160,1
56,165,1
56,166,2
56,169,1
56,171,2
56,175,4
56,179,2
56,182,1
56,184,3
56,186,1
56,188,1
56,193,1
56,194,1
56,197,1
56,206,2
56,208,1
56,210,40
56,213,1
56,215,2
56,216,12
56,222,1
56,223,1
56,225,1
56,227,1
56,229,3
56,230,1
56,236,2
56,240,1
56,241,2
56,246,1
56,247,1
56,248,2
56,251,2
56,253,1
56,254,1
56,255,2
56,256,1
56,262,2
56,263,1
56,265,5
56,266,11
56,268,3
56,269,2
56,271,1
56,272,2
56,273,1
56,274,1
56,275,1
56,278,3
56,279,8
56,280,1
56,281,5
56,283,1
56,284,1
56,287,1
56,288,14
56,289,1
56,290,1
56,292,1
56,293,1
56,294,1
56,295,1
56,296,1
56,297,3
56,298,2
56,301,2
57,0,1
57,2,5
57,4,1
57,6,5
57,7,5
57,9,3
57,13,1
57,15,2
57,16,2
57,19,2
57,20,2
57,23,1
57,25,2
57,26,1
57,29,1
57,30,1
57,31,2
57,39,2
57,41,1
57,43,1
57,45,11
57,46,3
57,47,9
57,48,10
57,49,7
57,50,4
57,51,6
57,55,34
57,56,41
57,61,2
57,62,3
57,63,1
57,66,17
57,68,9
57,73,1
57,80,1
57,83,1
57,84,1
57,87,1
57,88,40
57,89,18
57,97,1
57,99,1
57,100,17
57,101,2
57,104,19
57,105,1
57,108,6
57,112,1
57,115,1
57,118,1
57,120,1
57,126,1
57,127,1
57,129,1
57,131,4
57,132,1
57,133,1
57,134,5
57,136,2
57,137,8
57,139,1
57,141,1
57,142,1
57,143,1
57,153,1
57,154,1
57,161,1
57,163,2
57,165,2
57,169,2
57,171,2
57,175,1
57,176,1
57,177,1
57,178,2
57,179,1
57,181,1
57,184,2
57,188,1
57,192,2
57,193,2
57,194,2
57,195,1
57,197,1
57,198,1
57,199,2
57,210,43
57,214,1
57,215,4
57,216,22
57,222,1
57,224,1
57,225,1
57,227,1
57,229,4
57,230,2
57,231,1
57,232,2
57,233,1
57,235,1
57,240,1
57,243,3
57,246,1
57,247,3
57,248,5
57,251,1
57,253,1
57,254,2
57,255,1
57,259,1
57,263,2
57,264,1
57,265,2
57,266,6
57,267,1
57,268,5
57,270,1
57,273,1
57,276,1
57,277,1
57,278,3
57,279,6
57,280,1
57,281,1
57,283,1
57,284,1
57,286,1
57,287,1
57,288,6
57,289,2
57,290,1
57,295,3
57,296,3
57,297,3
57,300,2
58,1,9
58,2,4
58,3,1
58,4,5
58,5,1
58,8,1
58,11,1
58,13,2
58,16,4
58,17,1
58,18,1
58,20,4
58,22,1
58,30,4
58,32,1
58,34,1
58,35,5
58,38,9
58,39,1
58,40,1
58,41,3
58,42,2
58,44,13
58,45,2
58,48,1
58,53,2
58,54,3
58,59,4
58,61,1
58,63,1
58,64,8
58,65,4
58,66,2
58,68,3
58,69,1
58,70,1
58,71,7
58,72,3
58,73,3
58,74,3
58,75,1
58,79,2
58,80,6
58,81,2
58,82,1
58,83,1
58,88,1
58,89,4
58,91,3
58,92,1
58,93,7
58,96,3
58,97,3
58,100,1
58,102,1
58,105,1
58,106,2
58,108,2
58,112,1
58,120,2
58,121,2
58,125,1
58,127,3
58,128,9
58,130,3
58,131,2
58,133,1
58,136,1
58,137,2
58,138,2
58,139,1
58,140,6
58,142,1
58,143,3
58,145,2
58,146,1
58,148,1
58,149,2
58,153,2
58,156,1
58,158,6
58,159,4
58,160,1
58,162,1
58,167,3
58,168,2
58,169,1
58,170,2
58,171,1
58,174,1
58,175,12
58,176,1
58,177,8
58,178,2
58,180,10
58,182,4
58,183,7
58,184,1
58,185,1
58,187,1
58,188,6
58,192,3
58,193,1
58,195,2
58,196,1
58,197,1
58,202,1
58,206,1
58,208,2
58,212,2
58,215,9
58,216,2
58,217,8
58,218,1
58,219,2
58,223,1
58,225,4
58,226,1
58,227,1
58,229,4
58,230,2
58,234,2
58,235,1
58,236,2
58,237,1
58,239,3
58,240,1
58,241,1
58,243,2
58,244,1
58,245,1
58,246,2
58,247,1
58,252,1
58,255,3
58,256,9
58,258,1
58,259,3
58,260,2
58,262,5
58,263,2
58,264,9
58,265,2
58,266,14
58,268,2
58,269,9
58,270,4
58,272,1
58,273,2
58,275,1
58,276,1
58,277,1
58,278,3
58,279,6
58,281,1
58,283,1
58,285,1
58,286,1
58,288,2
58,289,5
58,290,3
58,291,1
58,292,1
58,293,1
58,294,2
58,297,3
58,300,1
58,301,1
59,1,7
59,2,3
59,4,7
59,6,2
59,7,7
59,8,1
59,9,1
59,11,1
59,13,1
59,18,1
59,21,1
59,22,1
59,26,1
59,30,1
59,33,1
59,34,2
59,35,2
59,38,4
59,41,1
59,43,1
59,44,3
59,45,1
59,48,1
59,54,5
59,55,1
59,56,1
59,58,8
59,60,1
59,64,8
59,65,3
59,66,2
59,68,2
59,69,2
59,70,2
59,71,4
59,73,12
59,74,11
59,77,1
59,78,1
59,79,3
59,81,1
59,84,1
59,87,1
59,88,1
59,90,2
59,91,8
59,93,12
59,96,4
59,97,7
59,100,2
59,101,3
59,105,1
59,107,1
59,108,1
59,112,2
59,113,1
59,121,1
59,122,3
59,123,2
59,124,1
59,125,4
59,127,4
59,128,9
59,130,1
59,131,1
59,132,2
59,133,1
59,136,1
59,137,2
59,138,10
59,139,2
59,140,2
59,141,1
59,142,1
59,143,2
59,144,1
59,145,2
59,146,2
59,149,3
59,150,1
59,155,3
59,157,1
59,158,2
59,159,3
59,162,2
59,163,1
59,164,2
59,166,2
59,167,1
59,173,3
59,175,11
59,176,4
59,177,5
59,178,4
59,182,5
59,183,1
59,184,1
59,185,2
59,188,2
59,192,1
59,194,1
59,197,2
59,198,1
59,206,1
59,208,1
59,209,1
59,210,1
59,212,2
59,215,16
59,217,4
59,218,1
59,219,3
59,224,1
59,225,7
59,226,1
59,227,2
59,234,2
59,238,2
59,240,2
59,241,4
59,243,1
59,245,1
59,246,2
59,247,1
59,248,1
59,252,2
59,254,2
59,256,3
59,257,1
59,259,2
59,260,1
59,261,1
59,262,3
59,264,13
59,265,2
59,266,9
59,267,2
59,268,4
59,269,14
59,270,4
59,273,1
59,274,2
59,275,1
59,277,5
59,278,2
59,279,5
59,281,1
59,285,1
59,288,3
59,289,4
59,290,1
59,294,2
59,295,3
59,296,1
59,297,2
59,298,2
59,301,2
60,0,1
60,2,3
60,3,3
60,4,4
60,6,4
60,7,2
60,8,12
60,9,1
60,10,2
60,18,1
60,25,1
60,26,2
60,32,1
60,35,1
60,41,2
60,46,1
60,47,1
60,48,1
60,56,1
60,57,1
60,61,38
60,62,7
60,64,1
60,66,2
60,67,6
60,68,2
60,72,2
60,75,1
60,76,3
60,77,1
60,78,3
60,79,1
60,80,1
60,81,4
60,82,1
60,83,2
60,84,1
60,88,4
60,89,2
60,90,1
60,97,1
60,99,1
60,100,3
60,101,1
60,103,1
60,105,1
60,106,3
60,107,1
60,113,2
60,115,1
60,119,1
60,126,2
60,127,1
60,129,2
60,130,1
60,132,1
60,136,2
60,138,2
60,143,1
60,144,4
60,145,1
60,154,1
60,157,2
60,160,1
60,161,3
60,163,2
60,167,1
60,170,1
60,171,2
60,177,2
60,179,1
60,181,1
60,182,1
60,183,2
60,184,1
60,185,2
60,189,6
60,194,1
60,195,1
60,196,2
60,197,2
60,208,2
60,210,1
60,213,13
60,214,4
60,217,1
60,224,4
60,225,3
60,227,1
60,229,2
60,230,1
60,231,1
60,232,1
60,233,1
60,234,1
60,236,1
60,237,1
60,238,3
60,239,1
60,241,5
60,242,2
60,243,4
60,246,3
60,247,1
60,248,3
60,249,1
60,250,2
60,252,3
60,254,1
60,255,2
60,256,2
60,257,1
60,260,2
60,261,1
60,262,2
60,263,5
60,264,2
60,265,69
60,266,2
60,267,2
60,268,1
60,269,2
60,270,1
60,271,6
60,272,1
60,273,1
60,274,4
60,277,2
60,278,2
60,279,21
60,281,29
60,282,8
60,283,15
60,286,1
60,287,1
60,288,11
60,289,15
60,290,3
60,291,7
60,292,14
60,293,3
60,295,6
60,297,4
60,298,4
60,299,8
60,300,3
60,301,1
61,0,17
61,1,2
61,2,19
61,3,13
61,4,7
61,5,2
61,6,21
61,7,19
61,8,51
61,9,5
61,10,63
61,11,4
61,12,1
61,13,3
61,14,7
61,15,4
61,16,4
61,17,4
61,18,6
61,19,1
61,20,9
61,21,4
61,22,1
61,23,4
61,24,3
61,25,5
61,26,8
61,27,1
61,28,1
61,29,2
61,30,4
61,31,4
61,32,20
61,34,8
61,35,12
61,38,13
61,39,4
61,40,1
61,41,12
61,42,1
61,43,3
61,44,6
61,45,6
61,46,3
61,47,1
61,48,4
61,49,2
61,50,2
61,51,4
61,53,2
61,54,4
61,55,5
61,56,3
61,57,2
61,58,4
61,59,2
61,60,67
61,62,84
61,64,4
61,65,1
61,66,17
61,67,19
61,68,10
61,69,1
61,71,3
61,72,13
61,73,9
61,74,3
61,75,19
61,76,33
61,77,23
61,78,15
61,79,45
61,80,22
61,81,26
61,82,7
61,83,17
61,84,14
61,85,3
61,86,17
61,87,3
61,88,14
61,89,7
61,90,7
61,93,2
61,95,6
61,96,4
61,97,12
61,98,5
61,100,12
61,101,6
61,102,2
61,103,4
61,104,1
61,105,11
61,106,17
61,107,4
61,108,7
61,109,7
61,110,6
61,111,2
61,112,5
61,113,11
61,114,4
61,115,9
61,116,2
61,117,6
61,118,7
61,119,7
61,120,6
61,121,22
61,122,14
61,123,8
61,124,3
61,125,10
61,126,13
61,127,5
61,128,7
61,129,16
61,130,2
61,131,3
61,132,4
61,133,3
61,134,22
61,135,2
61,136,23
61,137,2
61,138,14
61,139,10
61,140,6
61,141,2
61,142,5
61,143,3
61,144,7
61,145,11
61,146,7
61,147,2
61,148,1
61,149,7
61,150,3
61,152,1
61,153,7
61,154,2
61,155,2
61,157,8
61,158,2
61,159,2
61,160,4
61,161,8
61,163,5
61,164,2
61,165,3
61,166,7
61,168,1
61,169,5
61,170,5
61,171,6
61,173,1
61,174,4
61,175,13
61,176,3
61,177,5
61,178,7
61,179,11
61,180,2
61,181,1
61,182,7
61,183,6
61,184,16
61,185,2
61,187,2
61,188,14
61,189,58
61,190,3
61,191,6
61,192,12
61,193,6
61,194,12
61,195,15
61,196,6
61,197,7
61,198,3
61,199,1
61,200,4
61,201,1
61,203,2
61,204,2
61,205,1
61,206,7
61,208,3
61,210,15
61,211,1
61,212,17
61,213,59
61,214,6
61,215,18
61,216,9
61,217,12
61,218,2
61,219,7
61,220,1
61,221,1
61,222,5
61,223,3
61,224,7
61,225,17
61,226,15
61,227,8
61,228,6
61,229,3
61,230,5
61,231,6
61,232,9
61,233,3
61,234,12
61,235,13
61,236,17
61,237,11
61,238,15
61,239,5
61,240,4
61,241,15
61,242,11
61,243,23
61,244,3
61,245,6
61,246,17
61,247,5
61,248,15
61,249,7
61,250,18
61,251,11
61,252,16
61,253,1
61,254,6
61,255,7
61,256,8
61,257,7
61,258,36
61,259,12
61,260,21
61,261,16
61,262,7
61,263,30
61,264,9
61,265,222
61,266,11
61,267,10
61,268,22
61,269,6
61,270,10
61,271,19
61,272,2
61,273,11
61,274,10
61,275,5
61,276,4
61,277,8
61,278,17
61,279,129
61,280,2
61,281,195
61,282,32
61,283,48
61,284,6
61,285,12
61,286,7
61,287,11
61,288,96
61,289,52
61,290,10
61,291,55
61,292,55
61,293,13
61,294,3
61,295,6
61,297,40
61,298,17
61,299,92
61,300,11
61,301,5
62,0,10
62,1,1
62,2,10
62,3,5
62,4,5
62,5,2
62,6,5
62,7,5
62,8,22
62,9,1
62,10,16
62,12,1
62,15,3
62,20,1
62,22,1
62,23,2
62,26,3
62,30,1
62,31,2
62,32,5
62,34,7
62,35,2
62,38,1
62,39,2
62,41,2
62,43,1
62,44,1
62,45,1
62,46,1
62,50,1
62,53,1
62,55,2
62,56,2
62,58,1
62,59,1
62,60,10
62,61,99
62,64,1
62,66,3
62,67,7
62,68,8
62,72,7
62,73,4
62,74,4
62,75,7
62,76,10
62,77,6
62,78,5
62,79,19
62,80,8
62,81,8
62,82,5
62,83,5
62,84,6
62,85,2
62,86,2
62,88,1
62,89,1
62,90,1
62,91,1
62,92,1
62,96,1
62,97,5
62,99,2
62,100,3
62,103,1
62,105,9
62,106,6
62,107,1
62,108,2
62,109,3
62,110,1
62,111,1
62,112,1
62,113,4
62,114,2
62,115,2
62,117,1
62,118,8
62,120,5
62,121,4
62,122,2
62,123,2
62,124,1
62,125,2
62,126,4
62,127,1
62,128,1
62,129,7
62,131,3
62,134,2
62,136,2
62,138,6
62,139,4
62,140,1
62,142,1
62,143,3
62,144,2
62,146,2
62,148,1
62,149,2
62,151,1
62,153,4
62,154,1
62,157,3
62,158,2
62,159,2
62,160,1
62,161,4
62,162,1
62,168,1
62,169,5
62,170,1
62,171,2
62,173,1
62,174,1
62,175,5
62,177,2
62,178,4
62,179,3
62,180,2
62,182,4
62,184,4
62,185,1
62,187,1
62,188,1
62,189,14
62,191,1
62,194,2
62,195,4
62,196,4
62,197,1
62,201,1
62,203,1
62,204,1
62,205,1
62,206,8
62,207,1
62,208,1
62,210,6
62,213,24
62,216,1
62,217,2
62,219,2
62,222,1
62,225,4
62,226,4
62,227,1
62,228,1
62,229,1
62,230,1
62,231,1
62,232,1
62,233,1
62,234,2
62,235,2
62,236,6
62,237,6
62,238,6
62,239,3
62,240,1
62,241,2
62,242,3
62,243,5
62,245,3
62,246,6
62,247,3
62,248,12
62,249,3
62,250,3
62,251,6
62,252,2
62,254,5
62,255,4
62,256,4
62,257,3
62,258,14
62,259,6
62,260,2
62,261,2
62,262,2
62,263,7
62,264,3
62,265,60
62,266,7
62,267,2
62,268,12
62,269,5
62,270,2
62,271,13
62,272,5
62,273,7
62,275,2
62,276,2
62,277,5
62,278,5
62,279,45
62,281,62
62,282,14
62,283,24
62,285,3
62,286,1
62,287,1
62,288,29
62,289,22
62,290,4
62,291,19
62,292,27
62,293,5
62,294,1
62,295,5
62,296,2
62,297,7
62,298,6
62,299,23
62,300,3
62,301,2
63,0,1
63,3,1
63,5,1
63,7,4
63,9,1
63,15,1
63,35,1
63,39,1
63,44,2
63,45,9
63,46,1
63,47,11
63,48,3
63,53,1
63,55,4
63,56,7
63,57,5
63,58,1
63,61,1
63,66,1
63,68,1
63,79,1
63,80,1
63,88,11
63,89,9
63,92,1
63,98,1
63,104,2
63,108,2
63,109,1
63,118,1
63,126,1
63,134,2
63,136,5
63,153,1
63,154,1
63,163,1
63,168,1
63,171,1
63,179,1
63,188,2
63,189,1
63,190,2
63,193,1
63,197,1
63,210,12
63,213,1
63,215,1
63,216,23
63,221,1
63,222,1
63,223,1
63,227,1
63,229,1
63,230,1
63,241,1
63,246,2
63,247,1
63,248,1
63,251,1
63,262,1
63,263,1
63,265,1
63,266,1
63,267,1
63,273,2
63,274,1
63,276,1
63,278,3
63,279,2
63,281,2
63,288,1
63,290,1
63,292,1
63,297,2
63,298,1
63,301,2
64,0,2
64,1,20
64,2,4
64,4,6
64,5,1
64,6,3
64,7,2
64,8,1
64,12,1
64,18,5
64,19,1
64,20,1
64,21,2
64,22,2
64,24,5
64,25,2
64,29,2
64,30,1
64,31,1
64,32,1
64,34,2
64,35,8
64,38,8
64,39,1
64,41,2
64,43,2
64,44,10
64,45,2
64,48,1
64,50,1
64,51,1
64,53,1
64,54,5
64,57,3
64,58,16
64,59,9
64,60,1
64,61,8
64,62,1
64,65,16
64,66,5
64,68,1
64,69,17
64,70,11
64,71,3
64,73,7
64,74,22
64,76,2
64,78,1
64,79,3
64,80,3
64,81,6
64,82,1
64,83,1
64,84,4
64,85,1
64,89,3
64,90,4
64,91,14
64,93,40
64,94,4
64,95,2
64,96,15
64,97,12
64,98,3
64,99,1
64,100,1
64,101,2
64,102,1
64,103,1
64,104,1
64,105,1
64,106,2
64,108,1
64,109,2
64,110,2
64,112,1
64,113,3
64,114,4
64,115,2
64,116,1
64,117,2
64,118,3
64,119,1
64,120,6
64,121,4
64,122,2
64,123,2
64,124,5
64,125,6
64,126,5
64,127,12
64,128,18
64,129,3
64,130,4
64,131,2
64,132,2
64,133,1
64,134,1
64,135,2
64,136,1
64,138,6
64,139,14
64,140,6
64,141,2
64,142,4
64,143,1
64,144,7
64,145,24
64,146,9
64,147,1
64,148,5
64,149,9
64,153,3
64,155,33
64,156,4
64,157,1
64,158,9
64,159,9
64,161,3
64,162,8
64,163,5
64,164,4
64,165,3
64,168,7
64,170,1
64,171,1
64,173,6
64,175,20
64,176,19
64,177,10
64,178,2
64,179,1
64,180,1
64,182,4
64,183,4
64,185,2
64,188,2
64,189,2
64,191,1
64,192,4
64,193,4
64,194,7
64,195,6
64,196,1
64,197,2
64,199,1
64,206,1
64,208,3
64,210,2
64,211,1
64,212,9
64,215,4
64,216,2
64,217,17
64,219,21
64,225,10
64,226,3
64,227,2
64,229,8
64,230,5
64,231,2
64,232,1
64,233,1
64,234,6
64,235,8
64,236,2
64,237,5
64,238,3
64,239,3
64,240,11
64,241,6
64,242,1
64,243,5
64,244,1
64,245,2
64,246,2
64,247,1
64,248,8
64,249,3
64,254,6
64,255,3
64,256,3
64,257,4
64,258,1
64,259,4
64,260,2
64,261,1
64,262,3
64,263,3
64,264,26
64,265,3
64,266,1
64,267,1
64,269,18
64,270,10
64,271,4
64,272,2
64,273,9
64,274,1
64,275,2
64,276,5
64,277,29
64,278,5
64,279,2
64,281,2
64,283,1
64,284,3
64,285,2
64,286,5
64,287,1
64,288,7
64,289,5
64,290,3
64,292,2
64,294,2
64,295,7
64,297,8
64,298,4
64,299,1
64,301,4
65,1,15
65,2,2
65,4,5
65,6,3
65,7,1
65,8,5
65,9,1
65,10,2
65,13,1
65,17,1
65,18,1
65,19,1
65,22,6
65,23,1
65,24,2
65,26,1
65,30,1
65,31,2
65,35,2
65,38,6
65,39,2
65,41,3
65,43,1
65,44,2
65,47,3
65,54,1
65,55,2
65,57,3
65,58,17
65,59,10
65,60,1
65,61,1
65,62,1
65,64,11
65,66,1
65,68,1
65,69,11
65,70,9
65,71,3
65,72,1
65,73,5
65,74,17
65,76,2
65,77,2
65,79,1
65,81,4
65,83,3
65,84,1
65,86,2
65,87,1
65,90,2
65,91,2
65,93,11
65,94,2
65,96,8
65,97,6
65,98,1
65,100,1
65,103,1
65,104,1
65,105,1
65,108,1
65,110,1
65,112,1
65,113,1
65,117,1
65,121,1
65,122,1
65,124,2
65,125,6
65,126,1
65,127,6
65,128,8
65,129,4
65,130,1
65,131,2
65,132,1
65,133,1
65,135,3
65,136,1
65,138,12
65,139,4
65,140,8
65,142,2
65,143,7
65,144,4
65,145,7
65,146,1
65,148,10
65,149,7
65,150,2
65,153,3
65,154,1
65,155,4
65,156,2
65,157,2
65,158,4
65,159,5
65,161,2
65,162,2
65,163,2
65,164,3
65,165,1
65,166,1
65,168,4
65,169,1
65,171,2
65,173,4
65,175,11
65,176,3
65,177,7
65,178,5
65,182,4
65,183,2
65,184,2
65,185,1
65,190,1
65,192,2
65,193,1
65,195,2
65,196,1
65,197,5
65,200,2
65,201,1
65,202,1
65,208,1
65,210,2
65,211,2
65,212,4
65,215,4
65,216,3
65,217,18
65,219,4
65,222,1
65,224,1
65,225,4
65,226,1
65,227,3
65,228,3
65,230,2
65,234,27
65,235,3
65,236,1
65,237,4
65,238,3
65,239,4
65,240,7
65,241,4
65,243,5
65,244,2
65,248,2
65,249,5
65,255,1
65,257,2
65,259,1
65,264,33
65,266,1
65,267,2
65,268,1
65,269,19
65,270,2
65,273,5
65,275,1
65,276,1
65,277,4
65,278,3
65,279,2
65,281,1
65,283,3
65,284,1
65,285,1
65,288,5
65,289,9
65,290,5
65,292,1
65,293,2
65,294,2
65,295,2
65,297,4
65,299,1
65,301,4
66,0,1
66,1,1
66,2,16
66,3,7
66,5,7
66,6,23
66,7,30
66,8,9
66,9,9
66,10,1
66,11,1
66,12,1
66,13,3
66,15,2
66,16,5
66,18,2
66,19,1
66,20,5
66,21,1
66,22,1
66,23,2
66,25,2
66,26,3
66,27,1
66,28,1
66,31,1
66,34,1
66,35,9
66,38,8
66,39,3
66,41,4
66,42,2
66,43,4
66,44,2
66,45,18
66,46,9
66,47,14
66,48,18
66,49,5
66,50,4
66,51,2
66,53,2
66,54,2
66,55,21
66,56,32
66,57,15
66,58,1
66,59,3
66,61,7
66,62,7
66,63,5
66,64,2
66,67,2
66,68,14
66,69,2
66,70,1
66,72,3
66,74,2
66,75,1
66,76,1
66,77,1
66,78,2
66,79,1
66,81,5
66,82,1
66,83,1
66,84,1
66,86,1
66,87,1
66,88,31
66,89,30
66,90,3
66,92,4
66,96,1
66,97,3
66,99,4
66,100,54
66,104,18
66,105,1
66,106,3
66,107,2
66,108,12
66,109,2
66,112,4
66,113,1
66,115,1
66,117,1
66,118,1
66,119,2
66,120,1
66,121,1
66,122,10
66,123,4
66,125,3
66,126,2
66,127,1
66,128,2
66,129,9
66,131,11
66,132,5
66,133,4
66,134,4
66,136,7
66,137,12
66,138,4
66,139,2
66,142,1
66,143,2
66,144,2
66,146,2
66,148,1
66,149,1
66,151,3
66,153,3
66,155,1
66,156,1
66,157,3
66,158,1
66,159,1
66,161,1
66,162,3
66,164,1
66,165,1
66,166,1
66,167,1
66,169,4
66,170,12
66,171,9
66,172,1
66,173,1
66,174,4
66,175,15
66,176,2
66,177,5
66,178,1
66,183,4
66,184,4
66,186,2
66,188,3
66,189,2
66,191,3
66,192,2
66,193,7
66,194,2
66,195,5
66,196,4
66,200,1
66,201,2
66,203,1
66,205,5
66,206,2
66,210,62
66,212,1
66,213,1
66,215,10
66,216,30
66,221,1
66,222,3
66,224,8
66,225,1
66,227,7
66,229,2
66,230,5
66,233,1
66,234,1
66,235,1
66,236,2
66,237,4
66,238,2
66,239,3
66,240,3
66,241,4
66,242,4
66,243,6
66,244,1
66,245,2
66,246,10
66,247,8
66,248,8
66,251,1
66,252,1
66,254,2
66,256,2
66,257,1
66,259,6
66,260,4
66,261,2
66,262,2
66,263,17
66,264,9
66,265,13
66,266,16
66,267,2
66,268,10
66,269,2
66,271,3
66,272,2
66,273,11
66,274,13
66,275,4
66,276,2
66,278,5
66,279,24
66,281,10
66,282,1
66,283,2
66,285,2
66,286,5
66,287,2
66,288,5
66,289,12
66,290,5
66,291,1
66,292,1
66,293,3
66,294,1
66,295,11
66,297,17
66,298,4
66,299,1
66,300,3
66,301,3
67,0,2
67,2,18
67,3,8
67,4,3
67,5,8
67,6,3
67,7,5
67,8,60
67,9,2
67,10,3
67,12,1
67,13,2
67,14,1
67,18,1
67,20,1
67,21,3
67,22,2
67,23,2
67,24,2
67,25,1
67,26,4
67,27,1
67,30,3
67,31,2
67,32,2
67,33,1
67,34,10
67,35,1
67,38,2
67,41,3
67,42,2
67,43,2
67,44,1
67,45,2
67,47,3
67,48,4
67,53,2
67,54,1
67,55,1
67,59,1
67,60,28
67,61,64
67,62,43
67,64,1
67,66,4
67,68,5
67,69,1
67,71,2
67,72,11
67,74,2
67,75,22
67,76,23
67,77,14
67,78,7
67,79,38
67,80,27
67,81,18
67,82,11
67,83,13
67,84,7
67,85,5
67,86,21
67,88,3
67,89,4
67,90,3
67,91,1
67,92,23
67,93,1
67,94,1
67,95,3
67,97,3
67,98,1
67,99,3
67,100,3
67,101,5
67,102,1
67,103,6
67,104,1
67,105,6
67,106,1
67,107,2
67,108,2
67,109,1
67,110,3
67,111,2
67,112,5
67,113,4
67,114,1
67,115,6
67,116,3
67,117,3
67,118,3
67,120,7
67,121,6
67,122,9
67,123,3
67,124,1
67,125,5
67,126,11
67,127,5
67,128,3
67,130,4
67,131,5
67,132,2
67,133,1
67,134,2
67,136,7
67,137,1
67,138,7
67,139,5
67,140,5
67,141,2
67,142,3
67,143,5
67,144,2
67,145,5
67,146,3
67,148,1
67,150,1
67,154,2
67,155,1
67,157,3
67,158,1
67,159,2
67,161,3
67,163,3
67,165,2
67,166,4
67,169,3
67,170,1
67,173,1
67,174,2
67,175,3
67,176,6
67,177,1
67,179,3
67,182,2
67,183,1
67,184,3
67,187,1
67,188,5
67,189,14
67,190,3
67,192,3
67,193,3
67,194,2
67,195,6
67,196,3
67,197,1
67,198,2
67,201,1
67,203,1
67,206,1
67,207,1
67,208,1
67,210,2
67,211,1
67,212,5
67,213,7
67,214,2
67,215,4
67,216,10
67,217,3
67,219,2
67,221,1
67,222,2
67,223,3
67,224,2
67,225,8
67,226,5
67,227,4
67,228,7
67,229,1
67,230,2
67,232,2
67,234,4
67,235,3
67,236,1
67,237,10
67,238,5
67,239,3
67,240,3
67,241,7
67,242,5
67,243,9
67,245,3
67,246,6
67,247,1
67,248,5
67,249,4
67,250,7
67,251,9
67,252,2
67,254,4
67,255,1
67,257,42
67,258,3
67,259,10
67,261,1
67,262,3
67,263,7
67,264,5
67,265,83
67,266,1
67,267,1
67,268,4
67,269,3
67,270,3
67,271,41
67,273,9
67,274,8
67,275,1
67,276,4
67,277,4
67,278,8
67,279,113
67,281,58
67,282,18
67,283,42
67,284,1
67,285,10
67,286,3
67,287,10
67,288,38
67,289,25
67,290,4
67,291,7
67,292,47
67,293,10
67,295,12
67,297,11
67,298,4
67,299,10
67,300,12
67,301,3
68,0,5
68,1,3
68,2,14
68,3,3
68,4,7
68,5,5
68,6,20
68,7,100
68,8,9
68,9,7
68,11,1
68,12,2
68,13,4
68,15,2
68,16,3
68,17,1
68,18,1
68,19,2
68,20,2
68,21,1
68,23,3
68,25,3
68,29,1
68,30,4
68,32,1
68,35,6
68,38,8
68,39,2
68,40,1
68,41,6
68,42,1
68,43,6
68,44,4
68,45,17
68,46,5
68,47,9
68,48,14
68,49,4
68,50,6
68,51,1
68,53,5
68,54,4
68,55,14
68,56,28
68,57,19
68,58,5
68,59,1
68,60,3
68,61,8
68,62,9
68,63,2
68,64,2
68,65,1
68,66,20
68,67,2
68,70,2
68,71,1
68,73,3
68,74,2
68,75,1
68,76,5
68,77,2
68,78,1
68,79,4
68,80,2
68,81,1
68,82,2
68,83,2
68,84,1
68,85,2
68,86,3
68,88,31
68,89,36
68,90,4
68,91,1
68,92,3
68,93,1
68,95,1
68,97,15
68,98,2
68,99,1
68,100,33
68,101,1
68,102,3
68,103,1
68,104,18
68,105,1
68,106,1
68,108,22
68,109,1
68,110,1
68,111,2
68,112,2
68,113,1
68,114,3
68,115,2
68,116,1
68,120,1
68,122,2
68,123,3
68,126,3
68,127,4
68,129,13
68,130,2
68,131,5
68,132,8
68,133,2
68,134,8
68,136,22
68,137,10
68,138,4
68,139,3
68,142,2
68,143,2
68,145,4
68,147,2
68,149,2
68,153,4
68,158,1
68,159,2
68,160,2
68,161,7
68,163,1
68,165,4
68,166,1
68,167,3
68,168,1
68,169,6
68,170,11
68,171,12
68,174,4
68,175,17
68,176,4
68,177,5
68,179,1
68,180,3
68,182,8
68,183,7
68,184,3
68,187,2
68,188,4
68,189,4
68,190,1
68,191,2
68,193,7
68,194,10
68,195,1
68,196,4
68,197,3
68,198,2
68,200,1
68,201,1
68,203,1
68,204,1
68,206,8
68,207,3
68,208,1
68,209,2
68,210,59
68,212,4
68,213,1
68,214,1
68,215,14
68,216,47
68,217,3
68,218,6
68,219,4
68,222,1
68,223,1
68,224,3
68,225,1
68,226,4
68,227,3
68,228,1
68,229,4
68,230,4
68,231,2
68,232,6
68,234,5
68,235,2
68,237,4
68,238,1
68,239,2
68,240,1
68,241,11
68,242,1
68,243,13
68,244,2
68,245,1
68,246,13
68,247,6
68,248,8
68,249,1
68,250,1
68,251,5
68,252,1
68,253,1
68,255,6
68,256,2
68,257,6
68,258,2
68,259,3
68,261,2
68,262,4
68,263,31
68,264,2
68,265,13
68,266,23
68,267,2
68,268,10
68,269,2
68,270,3
68,272,1
68,273,13
68,274,13
68,276,1
68,277,2
68,278,5
68,279,19
68,281,10
68,282,1
68,284,4
68,286,3
68,287,6
68,288,25
68,289,6
68,290,1
68,292,10
68,293,2
68,295,11
68,296,2
68,297,18
68,298,3
68,299,5
68,300,3
68,301,2
69,0,2
69,1,16
69,2,8
69,3,1
69,4,19
69,5,1
69,6,8
69,7,5
69,8,6
69,17,4
69,18,7
69,19,5
69,21,4
69,22,11
69,24,3
69,25,1
69,26,6
69,27,1
69,29,2
69,30,8
69,31,3
69,33,2
69,34,4
69,35,14
69,38,3
69,39,3
69,41,6
69,42,2
69,43,9
69,44,16
69,45,2
69,47,3
69,53,2
69,54,2
69,56,2
69,58,15
69,59,15
69,61,9
69,62,2
69,64,26
69,65,15
69,66,5
69,68,1
69,70,32
69,71,13
69,72,1
69,73,27
69,74,35
69,75,4
69,76,5
69,77,1
69,78,1
69,79,7
69,80,3
69,81,7
69,82,1
69,83,5
69,84,2
69,86,1
69,89,2
69,90,3
69,91,10
69,93,27
69,94,2
69,95,2
69,96,21
69,97,12
69,98,2
69,100,4
69,101,4
69,103,1
69,105,2
69,106,2
69,107,1
69,108,4
69,109,2
69,110,2
69,112,3
69,113,5
69,114,3
69,115,1
69,117,2
69,118,2
69,120,5
69,121,7
69,122,2
69,123,1
69,124,3
69,125,7
69,126,1
69,127,30
69,128,26
69,129,11
69,130,13
69,131,11
69,132,4
69,133,4
69,134,9
69,135,1
69,136,1
69,137,1
69,138,23
69,139,26
69,140,21
69,141,1
69,142,18
69,143,7
69,144,19
69,145,22
69,146,32
69,147,5
69,148,11
69,149,16
69,150,4
69,151,1
69,153,4
69,155,47
69,156,3
69,157,4
69,158,19
69,159,27
69,161,4
69,162,8
69,163,5
69,164,8
69,167,1
69,168,5
69,169,3
69,170,2
69,171,2
69,173,9
69,175,16
69,176,5
69,177,6
69,178,2
69,180,3
69,182,3
69,183,4
69,184,3
69,187,1
69,188,3
69,190,1
69,191,2
69,192,4
69,193,1
69,194,4
69,195,2
69,196,1
69,197,2
69,200,1
69,201,2
69,202,1
69,203,1
69,205,1
69,206,5
69,210,5
69,212,6
69,213,1
69,215,7
69,216,2
69,217,12
69,218,1
69,219,10
69,222,2
69,223,1
69,224,1
69,225,6
69,226,7
69,227,8
69,228,3
69,229,3
69,230,17
69,231,1
69,232,2
69,234,10
69,235,3
69,236,2
69,237,4
69,238,2
69,239,12
69,240,20
69,241,9
69,243,9
69,244,2
69,245,1
69,246,1
69,247,5
69,248,4
69,249,1
69,251,2
69,255,4
69,256,6
69,257,2
69,258,1
69,259,7
69,260,2
69,261,3
69,262,1
69,263,3
69,264,77
69,265,3
69,267,1
69,268,6
69,269,29
69,270,6
69,272,1
69,273,11
69,274,3
69,275,1
69,276,7
69,277,12
69,278,4
69,279,7
69,281,4
69,282,3
69,283,2
69,284,2
69,286,14
69,287,5
69,288,22
69,289,13
69,290,6
69,292,6
69,293,3
69,294,2
69,295,7
69,297,6
69,298,1
69,301,5
70,1,20
70,2,9
70,4,7
70,6,4
70,7,1
70,8,2
70,9,1
70,12,1
70,13,1
70,16,1
70,17,1
70,18,15
70,21,1
70,22,1
70,23,2
70,24,1
70,25,1
70,26,2
70,30,2
70,31,2
70,34,1
70,35,3
70,36,1
70,38,2
70,39,1
70,41,1
70,42,1
70,43,1
70,44,9
70,45,2
70,46,1
70,48,1
70,49,1
70,52,1
70,54,1
70,58,4
70,59,7
70,60,3
70,61,2
70,62,1
70,64,10
70,65,10
70,66,4
70,68,1
70,69,15
70,71,20
70,72,1
70,73,14
70,74,21
70,75,1
70,76,2
70,78,1
70,79,2
70,80,3
70,81,1
70,82,2
70,84,3
70,86,1
70,88,1
70,89,1
70,91,5
70,93,12
70,94,3
70,96,9
70,97,4
70,98,2
70,99,2
70,101,1
70,104,1
70,106,1
70,119,2
70,123,1
70,124,5
70,127,22
70,128,14
70,129,3
70,130,6
70,131,2
70,132,2
70,133,1
70,134,4
70,136,3
70,138,18
70,139,8
70,140,8
70,141,2
70,142,4
70,143,1
70,144,5
70,145,8
70,146,6
70,147,1
70,148,8
70,149,5
70,150,3
70,151,1
70,153,6
70,155,15
70,156,1
70,157,5
70,158,8
70,159,15
70,161,4
70,162,6
70,163,2
70,164,2
70,166,2
70,168,8
70,169,1
70,170,1
70,173,6
70,174,1
70,175,12
70,176,4
70,177,2
70,180,3
70,182,2
70,183,2
70,184,3
70,187,3
70,188,2
70,190,2
70,191,1
70,193,1
70,195,1
70,196,1
70,197,1
70,198,1
70,200,1
70,201,1
70,206,4
70,208,1
70,210,3
70,212,3
70,214,1
70,215,3
70,216,1
70,217,1
70,218,1
70,219,5
70,222,1
70,223,1
70,224,5
70,225,2
70,226,2
70,227,5
70,229,4
70,230,9
70,232,1
70,234,4
70,236,1
70,238,2
70,239,3
70,240,14
70,241,6
70,242,1
70,243,6
70,244,5
70,245,1
70,246,1
70,247,2
70,248,3
70,250,1
70,251,1
70,254,1
70,255,6
70,256,3
70,260,3
70,263,3
70,264,50
70,265,3
70,267,2
70,268,3
70,269,10
70,270,4
70,271,1
70,272,2
70,273,12
70,274,2
70,275,1
70,277,5
70,278,1
70,279,2
70,281,3
70,283,2
70,284,1
70,286,4
70,287,4
70,288,6
70,289,10
70,290,3
70,293,2
70,294,1
70,295,7
70,297,5
70,301,5
71,0,1
71,1,23
71,2,1
71,4,8
71,5,1
71,6,6
71,7,5
71,8,4
71,11,1
71,12,1
71,13,1
71,16,1
71,17,2
71,18,10
71,19,1
71,20,1
71,21,1
71,22,1
71,23,2
71,24,1
71,25,2
71,26,1
71,30,3
71,31,3
71,33,1
71,35,5
71,36,1
71,38,3
71,39,3
71,40,1
71,41,3
71,43,8
71,44,8
71,45,1
71,50,1
71,51,1
71,52,2
71,53,1
71,54,1
71,55,1
71,56,1
71,58,18
71,59,7
71,61,3
71,64,8
71,65,8
71,66,1
71,69,10
71,70,9
71,72,1
71,73,10
71,74,13
71,75,2
71,76,4
71,77,1
71,78,4
71,79,2
71,80,3
71,82,2
71,83,5
71,84,1
71,86,1
71,87,1
71,90,1
71,91,10
71,93,8
71,94,2
71,95,1
71,96,5
71,97,11
71,100,1
71,104,1
71,105,2
71,106,1
71,109,2
71,110,1
71,113,5
71,114,1
71,116,1
71,117,1
71,118,1
71,119,1
71,120,1
71,121,2
71,122,2
71,124,4
71,125,2
71,126,1
71,127,19
71,128,12
71,129,10
71,130,3
71,131,2
71,132,3
71,133,2
71,134,5
71,135,2
71,136,1
71,137,1
71,138,11
71,139,9
71,140,15
71,141,1
71,142,3
71,143,7
71,144,11
71,145,7
71,146,11
71,147,1
71,148,1
71,149,4
71,150,1
71,151,1
71,153,1
71,154,1
71,155,33
71,156,3
71,157,1
71,158,14
71,159,17
71,162,9
71,163,2
71,164,6
71,168,7
71,171,2
71,173,11
71,174,1
71,175,8
71,176,3
71,178,1
71,180,1
71,182,4
71,183,1
71,184,2
71,187,1
71,188,2
71,189,1
71,190,1
71,192,1
71,194,4
71,195,3
71,196,1
71,203,2
71,205,2
71,206,3
71,208,1
71,209,2
71,210,4
71,211,1
71,212,3
71,213,1
71,215,4
71,216,1
71,217,12
71,218,1
71,219,8
71,223,1
71,224,6
71,225,2
71,226,4
71,227,4
71,228,1
71,229,2
71,230,3
71,232,2
71,234,2
71,235,1
71,236,2
71,237,7
71,238,3
71,239,1
71,240,11
71,241,5
71,243,2
71,244,1
71,246,1
71,247,1
71,248,1
71,252,1
71,255,1
71,256,3
71,257,2
71,259,3
71,261,1
71,262,1
71,263,1
71,264,31
71,265,2
71,268,2
71,269,18
71,270,5
71,271,1
71,272,1
71,273,13
71,275,1
71,276,4
71,277,5
71,278,2
71,279,2
71,281,6
71,282,1
71,283,1
71,284,2
71,285,1
71,286,6
71,287,1
71,288,6
71,289,8
71,290,2
71,292,2
71,294,1
71,295,7
71,297,7
71,298,1
71,300,1
71,301,2
72,0,2
72,1,4
72,2,23
72,3,7
72,4,3
72,6,3
72,7,2
72,8,10
72,9,3
72,10,2
72,12,3
72,13,1
72,18,3
72,19,2
72,20,1
72,21,2
72,23,3
72,25,4
72,26,3
72,29,1
72,30,3
72,31,3
72,32,1
72,34,6
72,35,2
72,38,3
72,39,2
72,41,10
72,43,2
72,44,3
72,45,1
72,50,1
72,53,3
72,55,2
72,56,2
72,57,1
72,58,3
72,60,16
72,61,41
72,62,25
72,64,1
72,65,1
72,66,5
72,67,10
72,68,2
72,70,1
72,71,1
72,74,1
72,75,21
72,76,43
72,77,23
72,78,15
72,79,63
72,80,46
72,81,43
72,82,28
72,83,51
72,84,61
72,85,19
72,86,51
72,89,1
72,90,2
72,94,3
72,96,3
72,97,7
72,98,1
72,99,1
72,100,1
72,101,1
72,103,3
72,104,1
72,108,2
72,109,3
72,110,6
72,112,5
72,113,5
72,114,3
72,115,2
72,116,1
72,118,3
72,119,4
72,120,5
72,121,2
72,122,4
72,123,3
72,124,1
72,125,2
72,126,4
72,128,1
72,129,10
72,130,4
72,131,3
72,132,2
72,133,3
72,134,6
72,136,10
72,137,2
72,138,12
72,139,1
72,140,1
72,141,3
72,142,3
72,143,7
72,144,3
72,145,3
72,146,3
72,151,1
72,153,6
72,154,2
72,155,2
72,157,2
72,158,7
72,161,1
72,163,3
72,164,1
72,165,2
72,166,3
72,167,1
72,169,9
72,170,5
72,174,2
72,175,9
72,176,6
72,177,2
72,182,8
72,183,8
72,184,1
72,185,3
72,186,14
72,187,2
72,188,8
72,189,5
72,190,1
72,191,2
72,192,1
72,194,5
72,195,6
72,196,6
72,197,4
72,198,1
72,199,1
72,200,4
72,205,1
72,206,2
72,208,1
72,210,8
72,211,1
72,212,3
72,213,3
72,214,2
72,215,2
72,216,2
72,217,2
72,218,1
72,219,3
72,221,2
72,223,3
72,224,3
72,225,1
72,226,3
72,227,1
72,228,3
72,231,1
72,232,1
72,234,5
72,236,1
72,237,1
72,239,1
72,240,1
72,241,8
72,242,4
72,243,9
72,244,1
72,245,2
72,246,3
72,247,2
72,248,6
72,249,2
72,250,2
72,251,20
72,252,2
72,254,3
72,255,1
72,256,6
72,257,2
72,258,1
72,259,7
72,260,2
72,261,3
72,262,10
72,263,6
72,264,7
72,265,43
72,268,7
72,270,6
72,271,6
72,272,1
72,273,23
72,274,8
72,275,46
72,276,1
72,277,1
72,278,5
72,279,23
72,280,2
72,281,28
72,282,14
72,283,16
72,284,1
72,285,2
72,286,2
72,287,6
72,288,82
72,289,180
72,290,5
72,291,7
72,292,20
72,293,20
72,294,1
72,295,23
72,296,4
72,297,4
72,298,1
72,299,2
72,300,2
72,301,2
73,0,1
73,1,16
73,2,14
73,3,5
73,4,9
73,5,1
73,6,4
73,7,4
73,8,1
73,9,1
73,10,2
73,17,1
73,18,13
73,20,1
73,22,2
73,29,1
73,30,2
73,31,4
73,34,2
73,35,2
73,38,2
73,39,1
73,41,3
73,42,1
73,43,2
73,44,11
73,53,3
73,54,1
73,58,12
73,59,13
73,60,1
73,61,3
73,62,1
73,64,7
73,65,11
73,68,2
73,69,16
73,70,7
73,71,12
73,72,1
73,74,36
73,75,1
73,76,1
73,77,1
73,78,1
73,79,4
73,80,2
73,81,1
73,82,3
73,83,3
73,84,2
73,86,2
73,91,5
73,92,1
73,93,11
73,96,7
73,97,12
73,98,1
73,100,1
73,102,2
73,104,1
73,105,2
73,112,1
73,114,1
73,115,3
73,116,2
73,120,3
73,121,3
73,122,2
73,123,2
73,124,1
73,125,5
73,126,1
73,127,6
73,128,16
73,129,2
73,130,2
73,131,6
73,132,2
73,133,1
73,134,4
73,135,3
73,136,3
73,138,14
73,139,9
73,140,15
73,141,1
73,142,9
73,143,6
73,144,5
73,145,2
73,146,3
73,148,2
73,153,1
73,155,21
73,156,3
73,157,1
73,158,6
73,159,14
73,161,3
73,162,9
73,164,15
73,166,1
73,169,1
73,170,2
73,171,1
73,172,1
73,173,6
73,175,9
73,176,1
73,177,2
73,178,2
73,180,1
73,182,3
73,183,3
73,184,2
73,185,2
73,189,1
73,191,1
73,192,2
73,193,1
73,194,3
73,195,2
73,196,2
73,201,1
73,202,1
73,203,1
73,206,4
73,210,4
73,212,4
73,213,1
73,215,8
73,217,5
73,218,1
73,219,5
73,222,2
73,224,3
73,225,5
73,226,2
73,227,2
73,229,4
73,230,7
73,234,3
73,235,2
73,236,3
73,237,6
73,238,8
73,239,2
73,240,12
73,241,5
73,242,2
73,243,4
73,246,1
73,248,5
73,254,1
73,255,2
73,256,3
73,257,4
73,259,1
73,260,2
73,261,2
73,262,4
73,263,5
73,264,45
73,265,4
73,266,1
73,267,3
73,268,5
73,269,16
73,270,3
73,271,1
73,272,1
73,273,20
73,274,3
73,275,2
73,276,4
73,277,5
73,278,9
73,279,2
73,280,3
73,281,3
73,282,1
73,283,3
73,284,1
73,285,1
73,286,4
73,287,2
73,288,5
73,289,9
73,290,7
73,292,3
73,294,2
73,295,6
73,296,1
73,297,3
73,298,2
73,299,1
73,300,1
73,301,4
74,0,5
74,1,36
74,2,16
74,3,3
74,4,28
74,5,5
74,6,10
74,7,4
74,8,5
74,9,2
74,11,1
74,15,1
74,16,1
74,17,4
74,18,18
74,19,4
74,20,1
74,22,8
74,23,3
74,25,1
74,26,1
74,29,1
74,30,3
74,31,15
74,34,2
74,35,12
74,36,2
74,38,5
74,39,10
74,40,2
74,41,4
74,42,2
74,43,12
74,44,19
74,45,2
74,46,1
74,48,2
74,50,1
74,52,1
74,53,4
74,54,3
74,55,4
74,56,1
74,57,1
74,58,15
74,59,15
74,60,1
74,61,9
74,62,11
74,63,1
74,64,24
74,65,15
74,66,6
74,68,2
74,69,17
74,70,25
74,71,9
74,72,2
74,73,59
74,75,4
74,76,5
74,77,2
74,78,1
74,79,3
74,80,4
74,81,6
74,82,5
74,83,2
74,84,3
74,85,1
74,86,3
74,87,1
74,88,2
74,89,3
74,91,15
74,93,18
74,94,7
74,96,29
74,97,5
74,98,4
74,100,4
74,102,2
74,103,2
74,104,1
74,105,2
74,106,1
74,108,2
74,109,2
74,112,1
74,113,2
74,114,2
74,115,1
74,119,3
74,120,4
74,121,3
74,122,3
74,123,2
74,124,26
74,125,23
74,126,5
74,127,64
74,128,45
74,129,7
74,130,6
74,131,5
74,132,6
74,133,4
74,134,7
74,135,7
74,136,7
74,138,21
74,139,21
74,140,92
74,141,4
74,142,13
74,143,11
74,144,26
74,145,10
74,146,4
74,148,5
74,149,4
74,150,2
74,153,1
74,155,128
74,156,17
74,157,2
74,158,53
74,159,70
74,160,1
74,161,12
74,162,44
74,163,10
74,164,52
74,166,10
74,168,32
74,169,1
74,170,3
74,171,3
74,173,41
74,174,1
74,175,16
74,176,5
74,177,9
74,178,6
74,179,3
74,180,5
74,182,9
74,183,7
74,184,5
74,185,1
74,187,2
74,188,1
74,189,2
74,190,1
74,191,4
74,192,3
74,193,3
74,194,1
74,195,2
74,196,6
74,197,5
74,200,2
74,201,5
74,204,2
74,205,2
74,206,2
74,207,1
74,210,5
74,211,2
74,212,6
74,213,2
74,214,1
74,215,9
74,216,3
74,217,15
74,218,1
74,219,12
74,221,3
74,222,4
74,223,1
74,224,9
74,225,18
74,226,5
74,227,13
74,229,2
74,230,8
74,231,3
74,232,2
74,233,2
74,234,6
74,235,4
74,236,3
74,237,4
74,238,4
74,239,10
74,240,18
74,241,9
74,242,3
74,243,15
74,244,3
74,246,2
74,247,5
74,248,11
74,250,1
74,251,3
74,254,1
74,255,6
74,256,5
74,257,6
74,258,1
74,259,3
74,260,2
74,261,7
74,262,4
74,263,5
74,264,83
74,265,18
74,266,1
74,267,1
74,268,17
74,269,30
74,270,7
74,271,4
74,272,2
74,273,26
74,274,6
74,275,9
74,276,14
74,277,13
74,278,6
74,279,3
74,281,13
74,282,3
74,283,4
74,284,4
74,285,1
74,286,13
74,287,4
74,288,21
74,289,12
74,290,18
74,292,4
74,293,2
74,294,1
74,295,16
74,296,1
74,297,12
74,298,6
74,299,1
74,300,1
74,301,13
75,0,9
75,1,1
75,2,14
75,3,6
75,4,3
75,5,3
75,6,4
75,7,2
75,8,32
75,9,4
75,10,7
75,12,3
75,13,1
75,16,1
75,18,9
75,20,8
75,21,1
75,22,2
75,23,1
75,24,1
75,25,3
75,26,1
75,29,1
75,30,4
75,31,3
75,34,18
75,35,3
75,38,3
75,39,1
75,43,2
75,44,2
75,46,1
75,49,2
75,50,1
75,52,1
75,53,2
75,55,1
75,56,3
75,57,1
75,60,2
75,61,28
75,62,21
75,64,1
75,65,2
75,67,16
75,68,2
75,69,3
75,70,1
75,71,1
75,72,21
75,73,1
75,74,2
75,76,96
75,77,20
75,78,30
75,79,85
75,80,53
75,81,73
75,82,30
75,83,79
75,84,43
75,85,17
75,86,56
75,87,1
75,88,2
75,89,3
75,90,5
75,92,1
75,93,2
75,94,1
75,95,2
75,96,3
75,97,3
75,98,1
75,99,1
75,100,2
75,101,4
75,102,1
75,103,1
75,105,3
75,106,3
75,107,1
75,109,5
75,110,2
75,111,2
75,113,1
75,114,5
75,115,7
75,118,2
75,119,2
75,120,1
75,121,4
75,122,2
75,123,1
75,124,2
75,125,2
75,127,1
75,128,1
75,129,5
75,131,4
75,132,10
75,134,8
75,135,1
75,136,16
75,137,1
75,138,18
75,139,13
75,140,3
75,142,4
75,144,3
75,145,4
75,146,5
75,147,1
75,148,3
75,151,1
75,153,1
75,154,3
75,157,5
75,158,1
75,160,3
75,161,5
75,162,3
75,163,5
75,164,1
75,165,8
75,166,2
75,169,9
75,170,2
75,171,7
75,174,9
75,175,16
75,176,1
75,177,1
75,178,1
75,179,3
75,180,2
75,182,7
75,183,8
75,184,2
75,186,1
75,187,1
75,188,13
75,189,3
75,190,1
75,191,2
75,192,35
75,193,2
75,194,2
75,195,2
75,196,3
75,197,5
75,202,1
75,203,1
75,205,1
75,206,4
75,208,1
75,210,3
75,212,2
75,213,3
75,214,2
75,215,1
75,216,3
75,217,7
75,218,1
75,219,1
75,222,2
75,224,4
75,225,5
75,226,2
75,227,5
75,228,1
75,230,1
75,231,1
75,232,1
75,234,2
75,236,1
75,237,5
75,238,1
75,239,2
75,240,1
75,241,6
75,242,1
75,243,7
75,244,1
75,245,1
75,246,8
75,248,7
75,249,1
75,251,1
75,252,1
75,253,1
75,254,7
75,255,4
75,256,4
75,257,1
75,259,13
75,261,7
75,262,9
75,263,3
75,264,5
75,265,34
75,266,2
75,267,1
75,268,12
75,269,2
75,270,9
75,271,9
75,272,3
75,273,12
75,274,13
75,275,30
75,276,2
75,277,2
75,278,7
75,279,19
75,280,3
75,281,31
75,282,33
75,283,13
75,284,6
75,285,7
75,286,4
75,287,4
75,288,138
75,289,65
75,290,5
75,291,4
75,292,11
75,293,17
75,295,19
75,296,5
75,297,9
75,298,4
75,299,1
75,300,1
75,301,2
76,0,5
76,1,1
76,2,18
76,3,8
76,4,10
76,5,2
76,6,13
76,7,4
76,8,55
76,9,3
76,10,2
76,11,2
76,12,1
76,13,3
76,16,6
76,17,3
76,18,5
76,19,1
76,20,4
76,21,8
76,22,4
76,23,3
76,24,1
76,25,2
76,26,4
76,27,1
76,28,1
76,29,1
76,30,3
76,31,12
76,33,1
76,34,10
76,35,2
76,38,5
76,39,4
76,41,9
76,42,1
76,43,3
76,44,1
76,45,3
76,46,2
76,47,1
76,48,2
76,49,2
76,53,4
76,54,1
76,56,5
76,57,5
76,58,2
76,60,13
76,61,46
76,62,22
76,64,3
76,65,1
76,66,2
76,67,6
76,68,4
76,70,5
76,72,22
76,73,4
76,74,4
76,75,74
76,77,138
76,78,48
76,79,175
76,80,139
76,81,138
76,82,64
76,83,161
76,84,116
76,85,41
76,86,142
76,87,1
76,88,6
76,89,7
76,90,10
76,91,1
76,92,1
76,93,1
76,94,2
76,95,5
76,96,1
76,97,9
76,99,3
76,100,7
76,101,1
76,102,1
76,103,4
76,104,1
76,105,8
76,107,1
76,108,2
76,109,2
76,110,4
76,111,2
76,112,5
76,113,3
76,114,4
76,115,6
76,118,2
76,119,2
76,120,9
76,121,4
76,122,11
76,123,4
76,124,6
76,125,5
76,126,3
76,127,3
76,128,2
76,129,12
76,130,3
76,131,17
76,132,4
76,133,6
76,134,14
76,136,22
76,138,13
76,139,13
76,140,9
76,142,5
76,143,1
76,144,7
76,145,6
76,146,7
76,148,4
76,149,1
76,153,3
76,154,3
76,155,2
76,157,7
76,159,2
76,160,3
76,161,8
76,163,15
76,164,2
76,165,8
76,166,6
76,167,2
76,168,1
76,169,9
76,170,6
76,171,6
76,174,8
76,175,10
76,176,8
76,177,4
76,178,4
76,179,2
76,180,1
76,181,1
76,182,14
76,183,25
76,184,6
76,186,3
76,187,6
76,188,10
76,189,3
76,190,3
76,191,6
76,192,23
76,193,2
76,194,2
76,195,5
76,196,5
76,197,4
76,198,1
76,200,3
76,201,2
76,203,2
76,206,8
76,207,6
76,208,5
76,209,1
76,210,8
76,212,6
76,213,3
76,214,4
76,215,5
76,216,10
76,217,6
76,219,8
76,222,2
76,224,2
76,225,5
76,226,5
76,227,6
76,228,9
76,229,1
76,230,2
76,231,3
76,232,5
76,233,1
76,234,7
76,235,5
76,236,1
76,237,7
76,238,4
76,239,7
76,241,7
76,242,4
76,243,13
76,244,3
76,245,3
76,246,11
76,247,3
76,248,7
76,249,11
76,250,2
76,251,5
76,252,2
76,253,2
76,254,8
76,255,6
76,256,8
76,257,2
76,258,4
76,259,12
76,260,4
76,261,9
76,262,20
76,263,11
76,264,12
76,265,44
76,266,6
76,267,4
76,268,13
76,269,7
76,270,14
76,271,28
76,272,2
76,273,23
76,274,23
76,275,15
76,276,4
76,277,3
76,278,11
76,279,27
76,280,3
76,281,39
76,282,46
76,283,22
76,284,5
76,285,1
76,286,4
76,287,10
76,288,259
76,289,81
76,290,16
76,291,1
76,292,12
76,293,33
76,294,1
76,295,25
76,296,4
76,297,12
76,298,5
76,299,1
76,300,8
76,301,3
77,0,14
77,1,7
77,2,21
77,3,12
77,4,22
77,5,10
77,6,12
77,7,19
77,8,43
77,9,4
77,10,6
77,12,6
77,13,4
77,14,1
77,15,2
77,16,3
77,18,6
77,19,3
77,20,5
77,21,2
77,22,2
77,23,2
77,24,3
77,25,2
77,26,1
77,28,1
77,29,1
77,30,6
77,31,9
77,32,2
77,34,9
77,35,9
77,38,9
77,39,8
77,40,1
77,41,9
77,42,2
77,43,13
77,44,10
77,45,8
77,46,1
77,47,3
77,48,2
77,49,1
77,50,2
77,51,1
77,53,8
77,55,1
77,56,5
77,57,3
77,58,5
77,59,3
77,60,20
77,61,60
77,62,33
77,64,7
77,65,1
77,66,4
77,67,13
77,68,3
77,69,4
77,70,5
77,71,3
77,72,19
77,73,10
77,74,6
77,75,61
77,76,171
77,78,49
77,79,165
77,80,122
77,81,213
77,82,78
77,83,185
77,84,225
77,85,62
77,86,210
77,88,10
77,89,8
77,90,17
77,93,6
77,95,5
77,96,2
77,97,13
77,98,5
77,99,5
77,100,5
77,101,4
77,102,2
77,103,4
77,104,1
77,105,6
77,106,5
77,107,8
77,108,3
77,109,3
77,110,1
77,112,3
77,113,1
77,114,3
77,115,3
77,117,1
77,118,3
77,119,3
77,120,10
77,121,7
77,122,15
77,123,2
77,124,4
77,125,7
77,126,6
77,127,13
77,128,10
77,129,25
77,130,4
77,131,20
77,132,13
77,133,12
77,134,18
77,135,1
77,136,32
77,137,1
77,138,17
77,139,24
77,140,11
77,141,4
77,142,14
77,143,14
77,144,16
77,145,21
77,146,6
77,148,6
77,149,9
77,153,3
77,154,4
77,155,3
77,157,10
77,158,3
77,159,3
77,160,3
77,161,15
77,162,1
77,163,17
77,164,4
77,165,8
77,166,10
77,168,5
77,169,8
77,170,6
77,171,11
77,173,2
77,174,13
77,175,24
77,176,12
77,177,6
77,178,5
77,179,3
77,180,5
77,182,22
77,183,30
77,184,3
77,185,4
77,187,5
77,188,8
77,189,8
77,190,3
77,191,6
77,192,7
77,193,4
77,194,4
77,195,6
77,196,5
77,197,8
77,199,1
77,200,2
77,201,7
77,202,1
77,204,1
77,205,1
77,206,10
77,207,4
77,208,6
77,210,18
77,211,1
77,212,12
77,213,9
77,214,6
77,215,13
77,216,11
77,217,11
77,218,1
77,219,13
77,220,1
77,221,2
77,222,5
77,223,1
77,224,5
77,225,15
77,226,13
77,227,7
77,228,12
77,229,2
77,230,9
77,231,2
77,232,9
77,233,7
77,234,10
77,235,2
77,236,4
77,237,3
77,238,10
77,239,6
77,240,1
77,241,19
77,242,8
77,243,22
77,244,1
77,245,5
77,246,7
77,247,10
77,248,25
77,249,2
77,250,2
77,251,8
77,252,4
77,253,1
77,254,14
77,255,11
77,256,10
77,257,6
77,258,4
77,259,23
77,260,5
77,261,14
77,262,13
77,263,17
77,264,33
77,265,72
77,266,10
77,267,4
77,268,13
77,269,9
77,270,23
77,271,19
77,272,2
77,273,26
77,274,12
77,275,21
77,276,9
77,277,8
77,278,9
77,279,38
77,280,3
77,281,59
77,282,31
77,283,30
77,284,5
77,285,7
77,286,6
77,287,10
77,288,330
77,289,68
77,290,17
77,291,4
77,292,35
77,293,27
77,294,1
77,295,11
77,296,6
77,297,22
77,298,18
77,299,6
77,300,13
77,301,5
78,0,12
78,1,3
78,2,11
78,3,5
78,4,14
78,5,3
78,6,12
78,7,9
78,8,16
78,9,8
78,10,2
78,12,3
78,13,2
78,16,3
78,17,2
78,18,3
78,19,2
78,20,3
78,21,5
78,22,1
78,24,3
78,25,3
78,26,4
78,30,9
78,31,10
78,32,1
78,34,5
78,35,5
78,36,1
78,37,1
78,38,9
78,39,2
78,40,1
78,41,4
78,42,1
78,43,5
78,44,11
78,45,2
78,46,2
78,47,1
78,48,1
78,51,1
78,52,1
78,53,6
78,54,3
78,56,4
78,57,1
78,58,2
78,59,2
78,60,18
78,61,47
78,62,29
78,64,3
78,66,3
78,67,9
78,68,1
78,69,2
78,70,1
78,71,2
78,72,15
78,73,5
78,74,5
78,75,80
78,76,74
78,77,91
78,79,165
78,80,77
78,81,127
78,82,65
78,83,169
78,84,239
78,85,79
78,86,277
78,88,7
78,89,6
78,90,8
78,91,2
78,92,1
78,93,2
78,94,1
78,95,2
78,96,2
78,97,9
78,98,5
78,99,2
78,100,11
78,101,8
78,102,3
78,103,2
78,104,3
78,105,4
78,106,7
78,107,2
78,108,2
78,109,1
78,114,1
78,115,1
78,116,1
78,117,1
78,118,1
78,119,1
78,120,17
78,121,11
78,122,2
78,123,2
78,124,10
78,125,4
78,126,3
78,127,6
78,128,3
78,129,27
78,130,4
78,131,8
78,132,9
78,133,4
78,134,11
78,136,43
78,138,7
78,139,20
78,140,9
78,141,4
78,142,6
78,143,7
78,144,7
78,145,13
78,146,11
78,148,5
78,149,5
78,151,2
78,152,3
78,153,1
78,154,5
78,155,6
78,156,3
78,157,9
78,158,2
78,159,1
78,160,4
78,161,10
78,162,2
78,163,9
78,164,1
78,165,5
78,166,4
78,168,3
78,169,4
78,170,1
78,171,9
78,172,1
78,173,1
78,174,5
78,175,25
78,176,9
78,177,8
78,178,6
78,179,2
78,180,3
78,182,19
78,183,20
78,184,8
78,185,1
78,186,3
78,187,4
78,188,10
78,189,9
78,191,7
78,192,7
78,193,3
78,194,11
78,195,3
78,196,6
78,197,5
78,198,1
78,199,1
78,200,3
78,201,2
78,202,1
78,203,1
78,204,1
78,206,7
78,207,4
78,208,3
78,210,11
78,212,10
78,213,8
78,214,5
78,215,12
78,216,4
78,217,3
78,218,1
78,219,5
78,221,4
78,222,4
78,224,4
78,225,6
78,226,8
78,227,5
78,228,7
78,229,2
78,230,5
78,231,2
78,232,3
78,233,7
78,234,4
78,235,1
78,236,4
78,237,2
78,238,7
78,239,5
78,241,16
78,242,2
78,243,16
78,244,7
78,245,4
78,246,6
78,247,5
78,248,12
78,249,3
78,250,2
78,251,4
78,253,1
78,254,7
78,255,4
78,256,10
78,257,1
78,258,1
78,259,13
78,260,4
78,261,6
78,262,11
78,263,11
78,264,8
78,265,52
78,266,4
78,268,24
78,269,7
78,270,22
78,271,9
78,272,4
78,273,12
78,274,8
78,275,6
78,276,7
78,277,3
78,278,5
78,279,32
78,280,1
78,281,38
78,282,22
78,283,10
78,284,1
78,285,5
78,286,9
78,287,6
78,288,208
78,289,35
78,290,13
78,291,4
78,292,19
78,293,13
78,295,16
78,296,9
78,297,17
78,298,7
78,299,9
78,300,4
78,301,7
79,0,7
79,2,14
79,3,4
79,4,3
79,5,4
79,6,8
79,7,4
79,8,26
79,9,4
79,11,1
79,12,2
79,13,1
79,15,1
79,16,2
79,18,1
79,20,4
79,22,1
79,24,2
79,25,6
79,26,1
79,29,1
79,30,3
79,31,3
79,32,1
79,33,2
79,34,2
79,35,2
79,38,2
79,39,5
79,41,2
79,42,2
79,43,1
79,44,6
79,46,2
79,47,2
79,49,2
79,52,2
79,53,2
79,56,1
79,57,4
79,58,4
79,59,1
79,60,7
79,61,17
79,62,15
79,64,1
79,65,1
79,67,6
79,68,2
79,70,1
79,72,26
79,73,4
79,74,1
79,75,53
79,76,89
79,77,61
79,78,41
79,80,91
79,81,61
79,82,35
79,83,68
79,84,90
79,85,25
79,86,85
79,87,1
79,90,3
79,92,1
79,93,4
79,95,1
79,96,1
79,97,3
79,98,2
79,99,1
79,100,2
79,101,3
79,102,1
79,103,1
79,105,2
79,106,2
79,107,1
79,109,1
79,110,2
79,112,3
79,113,1
79,115,1
79,116,1
79,118,16
79,119,2
79,120,1
79,121,1
79,122,2
79,123,2
79,124,1
79,125,4
79,126,4
79,128,2
79,129,3
79,130,1
79,131,7
79,132,7
79,133,4
79,134,11
79,136,12
79,138,21
79,139,10
79,140,5
79,141,1
79,143,11
79,144,4
79,145,4
79,146,1
79,148,2
79,149,2
79,152,2
79,153,8
79,154,4
79,155,1
79,157,3
79,159,3
79,160,4
79,161,4
79,162,1
79,163,6
79,165,5
79,166,3
79,167,1
79,169,3
79,170,4
79,171,3
79,174,5
79,175,15
79,176,4
79,177,2
79,178,1
79,179,1
79,180,1
79,182,5
79,183,13
79,184,3
79,185,2
79,186,3
79,188,6
79,189,3
79,191,6
79,192,4
79,193,2
79,194,1
79,195,2
79,196,5
79,197,1
79,200,2
79,206,5
79,208,1
79,210,3
79,212,1
79,213,1
79,214,2
79,215,1
79,217,3
79,218,2
79,219,5
79,221,1
79,222,1
79,225,1
79,226,1
79,227,2
79,228,2
79,229,3
79,231,2
79,233,1
79,234,5
79,236,2
79,237,5
79,238,4
79,239,1
79,240,2
79,241,8
79,242,5
79,243,7
79,245,4
79,246,8
79,247,1
79,248,2
79,249,3
79,251,1
79,252,4
79,253,2
79,254,2
79,255,5
79,256,9
79,257,3
79,258,2
79,259,20
79,260,4
79,261,7
79,262,7
79,263,16
79,264,6
79,265,15
79,266,2
79,267,6
79,268,13
79,269,2
79,270,11
79,271,8
79,273,19
79,274,14
79,275,7
79,276,2
79,277,3
79,278,3
79,279,30
79,280,5
79,281,34
79,282,30
79,283,5
79,284,2
79,286,4
79,287,3
79,288,127
79,289,58
79,290,12
79,291,2
79,292,10
79,293,20
79,295,16
79,296,1
79,297,7
79,298,1
79,299,2
79,300,8
79,301,3
80,0,7
80,1,3
80,2,11
80,3,1
80,4,11
80,5,2
80,6,7
80,7,9
80,8,10
80,12,2
80,13,1
80,15,2
80,18,1
80,19,1
80,20,4
80,21,4
80,23,2
80,24,1
80,25,2
80,26,1
80,27,1
80,30,3
80,31,4
80,32,2
80,34,7
80,35,1
80,38,5
80,39,3
80,41,3
80,42,1
80,43,1
80,44,3
80,47,2
80,48,2
80,50,1
80,53,4
80,55,1
80,56,1
80,57,1
80,59,1
80,60,4
80,61,16
80,62,22
80,64,3
80,66,3
80,67,5
80,68,4
80,69,1
80,70,3
80,71,3
80,72,30
80,73,1
80,74,4
80,75,48
80,76,101
80,77,64
80,78,43
80,79,98
80,81,111
80,82,52
80,83,135
80,84,197
80,85,104
80,86,251
80,88,4
80,89,2
80,90,5
80,91,1
80,92,1
80,93,2
80,94,1
80,95,1
80,96,5
80,97,12
80,98,1
80,99,2
80,100,6
80,102,4
80,106,1
80,108,3
80,113,1
80,115,2
80,118,2
80,120,5
80,121,2
80,122,3
80,123,1
80,124,2
80,125,3
80,126,2
80,127,1
80,128,4
80,129,7
80,130,3
80,131,5
80,132,4
80,133,4
80,134,5
80,136,20
80,138,5
80,139,8
80,140,3
80,141,1
80,142,4
80,143,1
80,144,3
80,145,8
80,148,3
80,149,2
80,153,2
80,154,3
80,155,1
80,157,7
80,158,2
80,159,2
80,160,5
80,161,6
80,163,9
80,165,3
80,166,4
80,167,1
80,169,2
80,170,4
80,171,2
80,172,1
80,174,3
80,175,7
80,176,6
80,177,1
80,178,2
80,179,3
80,180,2
80,182,8
80,183,8
80,184,6
80,186,1
80,187,7
80,188,7
80,189,6
80,190,1
80,191,4
80,192,2
80,193,1
80,194,3
80,196,7
80,201,2
80,202,2
80,204,1
80,205,1
80,206,6
80,207,1
80,208,1
80,210,4
80,211,1
80,212,2
80,213,1
80,215,4
80,216,3
80,217,2
80,219,6
80,220,1
80,221,2
80,222,1
80,223,2
80,224,3
80,225,4
80,226,6
80,227,5
80,228,1
80,229,2
80,230,3
80,232,6
80,233,1
80,234,5
80,235,5
80,236,4
80,237,5
80,238,4
80,239,3
80,241,9
80,242,3
80,243,8
80,245,7
80,247,1
80,248,5
80,249,4
80,251,5
80,252,1
80,253,3
80,254,5
80,255,7
80,256,14
80,257,5
80,258,1
80,259,3
80,260,1
80,261,9
80,262,9
80,263,11
80,264,9
80,265,29
80,266,5
80,267,2
80,268,14
80,269,3
80,270,5
80,271,4
80,272,3
80,273,13
80,274,7
80,275,3
80,276,1
80,277,1
80,278,12
80,279,19
80,281,13
80,282,21
80,283,9
80,284,4
80,285,5
80,286,8
80,287,3
80,288,182
80,289,46
80,290,9
80,291,1
80,292,12
80,293,13
80,295,5
80,296,2
80,297,9
80,298,2
80,299,4
80,300,2
80,301,2
81,0,2
81,2,11
81,3,6
81,4,5
81,6,1
81,7,1
81,8,19
81,9,2
81,10,1
81,11,1
81,13,1
81,15,1
81,16,2
81,18,1
81,20,2
81,21,4
81,23,1
81,25,3
81,26,1
81,30,1
81,32,1
81,34,1
81,39,2
81,42,1
81,47,1
81,53,1
81,55,1
81,56,1
81,57,3
81,58,1
81,60,2
81,61,14
81,62,8
81,65,3
81,66,2
81,67,4
81,68,1
81,70,4
81,72,11
81,73,1
81,74,2
81,75,33
81,76,62
81,77,47
81,78,45
81,79,41
81,80,74
81,82,43
81,83,65
81,84,116
81,85,46
81,86,98
81,89,2
81,90,2
81,95,1
81,96,1
81,97,7
81,99,2
81,100,3
81,101,2
81,102,1
81,103,1
81,104,1
81,105,2
81,106,1
81,107,2
81,108,1
81,109,1
81,115,1
81,116,2
81,121,1
81,122,1
81,123,2
81,125,2
81,126,4
81,128,3
81,129,6
81,131,5
81,132,6
81,133,3
81,134,3
81,136,7
81,138,9
81,139,1
81,140,2
81,141,1
81,142,3
81,143,3
81,144,5
81,145,1
81,146,1
81,148,1
81,150,2
81,153,5
81,154,2
81,155,3
81,157,2
81,160,1
81,161,2
81,163,2
81,165,5
81,166,1
81,169,1
81,170,5
81,171,3
81,174,4
81,175,11
81,176,2
81,177,3
81,178,1
81,179,1
81,180,3
81,182,4
81,183,3
81,184,1
81,187,1
81,188,3
81,189,2
81,190,1
81,192,2
81,193,1
81,197,2
81,198,1
81,201,1
81,203,2
81,206,3
81,207,1
81,210,3
81,212,3
81,215,3
81,219,2
81,222,1
81,224,1
81,225,1
81,226,3
81,227,3
81,229,2
81,230,3
81,231,1
81,232,1
81,233,2
81,234,1
81,235,2
81,237,3
81,238,1
81,239,1
81,240,1
81,241,2
81,242,3
81,243,2
81,245,2
81,246,3
81,248,3
81,249,5
81,250,1
81,251,4
81,252,1
81,254,4
81,256,6
81,257,3
81,259,8
81,260,1
81,261,2
81,262,4
81,263,5
81,264,8
81,265,20
81,266,3
81,267,4
81,268,12
81,269,1
81,270,8
81,271,8
81,272,1
81,273,8
81,274,7
81,275,5
81,276,2
81,277,2
81,278,3
81,279,15
81,281,15
81,282,20
81,283,6
81,284,2
81,285,2
81,286,3
81,287,5
81,288,87
81,289,35
81,290,2
81,292,2
81,293,8
81,295,11
81,296,2
81,297,4
81,298,3
81,300,1
81,301,1
82,0,5
82,2,3
82,4,3
82,6,4
82,7,2
82,8,8
82,16,1
82,24,1
82,25,2
82,26,2
82,27,1
82,30,1
82,31,4
82,34,1
82,35,1
82,39,2
82,40,1
82,41,1
82,44,1
82,45,1
82,47,1
82,53,1
82,56,1
82,60,2
82,61,2
82,62,2
82,67,1
82,68,2
82,72,3
82,73,1
82,74,1
82,75,20
82,76,29
82,77,17
82,78,27
82,79,46
82,80,48
82,81,42
82,83,50
82,84,117
82,85,36
82,86,117
82,89,3
82,90,1
82,95,1
82,96,1
82,97,2
82,98,1
82,100,1
82,103,1
82,104,1
82,106,1
82,115,3
82,116,1
82,117,1
82,118,1
82,120,1
82,122,1
82,123,1
82,124,4
82,125,3
82,127,2
82,128,1
82,129,2
82,131,7
82,132,1
82,134,3
82,136,5
82,138,3
82,139,1
82,140,1
82,141,1
82,142,1
82,143,1
82,144,2
82,145,3
82,146,1
82,147,1
82,148,1
82,153,2
82,154,2
82,157,1
82,158,1
82,159,1
82,161,6
82,163,1
82,164,1
82,165,3
82,166,1
82,167,1
82,169,1
82,170,2
82,171,1
82,175,7
82,176,1
82,177,1
82,178,1
82,179,1
82,182,3
82,183,6
82,184,2
82,188,5
82,189,1
82,190,1
82,191,1
82,194,3
82,195,3
82,196,1
82,197,2
82,204,1
82,206,2
82,207,1
82,208,1
82,210,5
82,212,1
82,213,1
82,215,1
82,216,3
82,219,2
82,224,2
82,225,1
82,226,4
82,228,2
82,232,2
82,234,4
82,235,2
82,241,2
82,242,3
82,243,5
82,246,2
82,248,4
82,249,4
82,251,2
82,252,1
82,254,1
82,255,2
82,257,1
82,259,2
82,260,1
82,261,3
82,262,1
82,263,4
82,264,3
82,265,8
82,266,2
82,268,5
82,269,1
82,270,4
82,272,1
82,273,5
82,274,3
82,275,5
82,276,1
82,278,3
82,279,4
82,280,1
82,281,16
82,282,4
82,283,1
82,284,2
82,285,4
82,286,2
82,288,89
82,289,13
82,290,4
82,292,6
82,293,4
82,295,3
82,296,1
82,297,2
82,299,2
82,300,3
82,301,4
83,0,3
83,1,1
83,2,3
83,4,3
83,5,2
83,6,1
83,7,4
83,8,14
83,15,2
83,18,3
83,19,1
83,20,1
83,21,2
83,23,1
83,25,3
83,26,2
83,30,1
83,31,1
83,32,2
83,34,1
83,35,3
83,38,1
83,39,1
83,41,1
83,43,1
83,44,2
83,48,2
83,50,1
83,53,1
83,55,1
83,61,3
83,62,2
83,66,2
83,67,2
83,68,1
83,69,1
83,70,1
83,71,2
83,72,5
83,73,1
83,74,4
83,75,32
83,76,58
83,77,36
83,78,45
83,79,42
83,80,55
83,81,56
83,82,28
83,84,59
83,85,22
83,86,69
83,88,3
83,89,1
83,93,2
83,95,1
83,99,4
83,100,1
83,101,2
83,102,1
83,104,1
83,105,2
83,106,1
83,108,1
83,109,1
83,110,1
83,111,1
83,112,1
83,113,3
83,115,2
83,117,2
83,119,1
83,120,3
83,122,1
83,123,2
83,124,2
83,126,1
83,128,1
83,129,3
83,130,1
83,131,2
83,132,1
83,133,1
83,134,2
83,136,5
83,138,6
83,139,2
83,140,1
83,142,2
83,143,1
83,144,2
83,145,1
83,146,2
83,147,1
83,148,1
83,149,1
83,150,2
83,153,2
83,154,1
83,156,1
83,157,4
83,159,1
83,161,5
83,162,3
83,163,2
83,165,3
83,166,1
83,168,1
83,169,1
83,170,1
83,171,1
83,174,3
83,175,4
83,176,2
83,180,1
83,182,2
83,183,2
83,185,1
83,187,4
83,188,2
83,189,2
83,190,2
83,191,3
83,193,2
83,194,1
83,195,1
83,196,2
83,197,1
83,200,2
83,201,4
83,202,7
83,203,2
83,207,2
83,208,2
83,210,3
83,212,3
83,213,3
83,214,3
83,216,1
83,217,3
83,219,1
83,222,1
83,223,1
83,225,3
83,227,3
83,232,1
83,233,1
83,235,1
83,236,2
83,237,1
83,240,1
83,241,2
83,242,3
83,243,1
83,245,2
83,246,1
83,247,1
83,248,5
83,249,4
83,251,2
83,253,1
83,254,3
83,256,2
83,257,2
83,258,1
83,259,2
83,260,2
83,261,3
83,262,3
83,263,5
83,264,3
83,265,6
83,267,4
83,268,2
83,270,1
83,272,1
83,273,9
83,274,6
83,275,4
83,276,1
83,279,3
83,281,7
83,282,9
83,283,7
83,284,2
83,285,2
83,286,1
83,287,1
83,288,77
83,289,24
83,290,5
83,292,4
83,293,10
83,295,5
83,297,5
83,298,1
83,299,1
83,300,1
83,301,4
84,0,1
84,1,1
84,2,1
84,3,1
84,4,2
84,6,2
84,7,2
84,8,4
84,9,1
84,15,1
84,18,1
84,20,1
84,21,2
84,25,1
84,26,1
84,29,1
84,34,1
84,36,1
84,39,1
84,44,1
84,53,1
84,58,1
84,59,1
84,61,6
84,62,3
84,65,1
84,67,1
84,72,2
84,73,1
84,75,10
84,76,18
84,77,16
84,78,25
84,79,28
84,80,43
84,81,40
84,82,17
84,83,25
84,85,15
84,86,55
84,87,1
84,88,1
84,89,1
84,90,1
84,96,1
84,99,2
84,100,1
84,101,1
84,108,1
84,113,1
84,118,1
84,119,1
84,121,1
84,122,2
84,124,2
84,126,1
84,128,1
84,129,2
84,131,3
84,132,1
84,133,1
84,136,4
84,138,7
84,139,5
84,140,1
84,141,1
84,142,1
84,143,1
84,145,1
84,146,1
84,148,1
84,149,1
84,152,2
84,153,1
84,154,1
84,155,1
84,159,1
84,161,3
84,165,2
84,166,2
84,169,1
84,171,3
84,173,1
84,175,3
84,177,1
84,183,1
84,184,1
84,187,3
84,188,1
84,190,1
84,191,2
84,195,1
84,196,2
84,201,1
84,202,2
84,203,1
84,210,2
84,213,2
84,215,1
84,216,1
84,217,1
84,222,1
84,225,1
84,227,1
84,232,2
84,238,1
84,241,1
84,242,1
84,245,2
84,247,2
84,251,4
84,254,1
84,256,1
84,257,1
84,260,1
84,261,1
84,262,2
84,263,4
84,264,5
84,265,4
84,268,5
84,269,1
84,271,2
84,272,1
84,273,2
84,274,1
84,275,1
84,277,1
84,278,1
84,279,2
84,281,9
84,282,3
84,283,1
84,287,1
84,288,50
84,289,15
84,290,1
84,292,2
84,293,1
84,295,2
84,297,1
84,298,3
84,299,1
84,300,2
85,1,1
85,2,2
85,6,1
85,8,2
85,11,1
85,16,1
85,22,2
85,35,2
85,48,2
85,56,1
85,61,2
85,62,1
85,66,2
85,68,1
85,70,1
85,73,2
85,75,8
85,76,8
85,77,5
85,78,9
85,79,6
85,80,14
85,81,20
85,82,12
85,83,19
85,84,7
85,86,20
85,87,1
85,100,2
85,115,1
85,120,1
85,121,1
85,128,1
85,129,2
85,131,1
85,138,2
85,139,1
85,145,1
85,148,1
85,159,1
85,160,1
85,169,2
85,182,1
85,188,1
85,189,1
85,194,1
85,200,1
85,202,2
85,205,1
85,206,1
85,216,1
85,221,1
85,225,1
85,226,1
85,227,1
85,236,1
85,241,2
85,242,3
85,248,1
85,249,1
85,251,1
85,256,2
85,261,1
85,263,1
85,265,6
85,268,1
85,270,2
85,271,2
85,273,1
85,276,1
85,277,1
85,278,2
85,279,2
85,280,1
85,281,4
85,282,3
85,283,1
85,284,1
85,285,2
85,288,37
85,289,6
85,293,3
85,295,1
86,0,3
86,2,2
86,4,1
86,6,2
86,8,5
86,12,3
86,15,1
86,17,1
86,18,1
86,25,1
86,32,1
86,39,1
86,42,1
86,53,2
86,54,1
86,56,1
86,58,1
86,60,3
86,61,3
86,62,3
86,66,1
86,67,1
86,68,1
86,72,3
86,74,1
86,75,15
86,76,16
86,77,19
86,78,27
86,79,27
86,80,28
86,81,35
86,82,15
86,83,18
86,84,26
86,85,13
86,96,1
86,97,1
86,99,1
86,103,1
86,105,1
86,109,3
86,111,1
86,116,1
86,126,1
86,127,1
86,131,2
86,133,1
86,134,1
86,135,1
86,136,2
86,138,1
86,144,1
86,145,2
86,152,1
86,153,1
86,157,1
86,161,1
86,163,1
86,168,1
86,171,2
86,174,2
86,182,2
86,183,2
86,185,1
86,187,1
86,188,1
86,189,1
86,190,1
86,193,2
86,194,1
86,195,1
86,200,1
86,203,1
86,205,6
86,210,2
86,212,1
86,213,1
86,215,1
86,224,1
86,226,1
86,235,1
86,238,2
86,241,2
86,242,2
86,243,1
86,244,1
86,245,1
86,248,5
86,249,1
86,250,1
86,253,1
86,254,1
86,259,1
86,261,2
86,262,3
86,263,1
86,264,1
86,265,5
86,267,4
86,268,4
86,269,1
86,270,3
86,271,3
86,273,3
86,274,2
86,276,1
86,279,3
86,281,8
86,282,3
86,283,5
86,284,1
86,286,1
86,288,49
86,289,15
86,292,4
86,293,3
86,295,1
86,297,2
86,299,1
86,301,1
87,0,2
87,1,4
87,2,16
87,3,6
87,4,68
87,5,5
87,6,39
87,7,25
87,8,10
87,9,11
87,10,1
87,12,5
87,13,5
87,14,2
87,15,2
87,16,5
87,17,13
87,19,13
87,20,1
87,21,2
87,22,21
87,23,5
87,24,2
87,25,1
87,26,3
87,27,2
87,29,4
87,30,33
87,31,1
87,33,6
87,34,6
87,35,265
87,36,8
87,37,2
87,38,167
87,39,2
87,41,38
87,42,113
87,43,30
87,44,28
87,45,4
87,46,1
87,47,1
87,48,2
87,49,1
87,52,6
87,53,4
87,54,20
87,55,7
87,56,4
87,57,1
87,58,7
87,59,7
87,60,5
87,61,8
87,62,9
87,64,4
87,65,6
87,66,24
87,68,15
87,69,4
87,70,3
87,72,2
87,73,8
87,74,3
87,75,1
87,76,12
87,77,1
87,79,4
87,80,6
87,81,12
87,83,2
87,84,4
87,86,3
87,88,2
87,89,6
87,90,3
87,92,1
87,95,1
87,96,11
87,97,14
87,98,7
87,99,9
87,100,11
87,101,3
87,102,2
87,103,1
87,104,8
87,106,3
87,107,2
87,108,11
87,110,1
87,112,3
87,113,1
87,115,1
87,118,3
87,120,2
87,121,2
87,122,8
87,123,1
87,124,2
87,125,4
87,127,3
87,128,7
87,129,11
87,130,2
87,131,9
87,132,12
87,133,7
87,134,5
87,136,5
87,137,22
87,138,7
87,139,12
87,140,6
87,141,1
87,142,3
87,143,7
87,144,2
87,145,5
87,146,5
87,149,4
87,150,1
87,153,2
87,154,4
87,155,3
87,157,4
87,158,3
87,159,4
87,160,2
87,161,2
87,162,1
87,163,3
87,165,6
87,166,1
87,167,3
87,168,1
87,169,5
87,170,2
87,171,1
87,173,2
87,174,4
87,175,20
87,176,6
87,177,8
87,178,7
87,179,1
87,180,3
87,182,15
87,183,20
87,184,5
87,185,1
87,187,3
87,188,10
87,189,2
87,190,2
87,191,2
87,192,3
87,193,1
87,194,6
87,195,8
87,196,4
87,197,6
87,203,5
87,206,4
87,207,1
87,210,12
87,212,4
87,214,11
87,215,55
87,216,8
87,217,4
87,218,29
87,219,16
87,221,2
87,222,8
87,223,3
87,224,3
87,225,1
87,227,5
87,228,6
87,229,3
87,230,4
87,232,1
87,234,2
87,235,1
87,236,10
87,237,10
87,239,7
87,240,3
87,241,7
87,242,6
87,243,6
87,246,14
87,247,77
87,248,10
87,249,6
87,251,9
87,252,3
87,253,1
87,254,15
87,255,9
87,256,8
87,257,10
87,259,13
87,261,6
87,262,4
87,263,7
87,264,35
87,265,22
87,266,69
87,267,2
87,268,3
87,269,11
87,270,12
87,271,6
87,272,2
87,273,19
87,274,6
87,275,3
87,276,2
87,277,6
87,278,1
87,279,31
87,280,2
87,281,8
87,282,2
87,283,1
87,284,1
87,286,5
87,287,7
87,288,14
87,289,29
87,290,6
87,291,2
87,292,8
87,293,5
87,294,6
87,295,10
87,296,3
87,297,9
87,298,16
87,299,3
87,300,4
87,301,1
88,1,2
88,2,8
88,3,1
88,4,2
88,5,1
88,6,8
88,7,13
88,8,3
88,9,2
88,12,1
88,13,2
88,15,1
88,23,1
88,24,1
88,30,2
88,31,1
88,34,1
88,35,1
88,38,1
88,43,1
88,45,38
88,46,19
88,47,48
88,48,48
88,49,12
88,50,16
88,51,16
88,53,1
88,55,37
88,56,48
88,57,43
88,59,1
88,60,5
88,61,3
88,63,1
88,64,1
88,66,16
88,67,1
88,68,6
88,71,1
88,74,2
88,75,1
88,76,1
88,77,1
88,79,1
88,81,1
88,84,1
88,85,1
88,86,1
88,89,37
88,90,2
88,92,1
88,100,24
88,101,1
88,104,21
88,108,12
88,112,7
88,116,1
88,117,2
88,120,3
88,125,1
88,126,1
88,128,1
88,129,2
88,131,2
88,133,3
88,134,10
88,136,5
88,137,8
88,138,1
88,140,2
88,144,3
88,145,1
88,147,1
88,149,1
88,151,1
88,155,4
88,157,1
88,158,2
88,160,1
88,161,1
88,163,1
88,165,1
88,169,1
88,170,4
88,171,1
88,174,2
88,175,4
88,176,2
88,177,2
88,178,1
88,182,3
88,184,3
88,186,2
88,192,1
88,193,3
88,194,1
88,195,2
88,196,1
88,197,3
88,201,1
88,203,4
88,206,3
88,207,1
88,210,63
88,213,1
88,215,1
88,216,38
88,217,1
88,224,1
88,225,1
88,226,1
88,228,1
88,230,2
88,232,2
88,233,2
88,234,1
88,236,1
88,237,6
88,240,3
88,241,1
88,243,6
88,246,3
88,247,1
88,248,3
88,251,1
88,253,2
88,255,4
88,256,1
88,257,1
88,259,1
88,260,1
88,261,1
88,262,3
88,263,3
88,264,1
88,265,6
88,266,7
88,267,2
88,268,2
88,269,2
88,272,4
88,273,3
88,274,1
88,275,1
88,278,2
88,279,5
88,280,1
88,281,3
88,282,2
88,283,2
88,284,1
88,286,2
88,287,1
88,288,7
88,289,5
88,290,2
88,292,1
88,293,1
88,294,1
88,295,1
88,297,8
88,298,5
88,300,2
88,301,1
89,2,1
89,3,1
89,5,1
89,6,15
89,7,10
89,8,1
89,9,5
89,10,1
89,12,1
89,13,2
89,15,1
89,16,1
89,20,3
89,22,2
89,24,2
89,35,1
89,38,1
89,39,1
89,41,2
89,42,1
89,43,1
89,45,13
89,46,8
89,47,23
89,48,17
89,49,5
89,50,7
89,51,2
89,53,1
89,54,2
89,55,24
89,56,21
89,57,11
89,58,1
89,61,1
89,62,3
89,63,3
89,66,8
89,68,5
89,72,1
89,74,1
89,75,1
89,76,1
89,77,3
89,78,1
89,88,35
89,92,1
89,94,1
89,96,1
89,97,4
89,98,1
89,100,13
89,103,1
89,104,10
89,106,1
89,107,1
89,108,7
89,112,1
89,115,1
89,119,1
89,122,1
89,129,3
89,131,2
89,132,1
89,133,2
89,134,2
89,136,4
89,137,6
89,138,1
89,139,1
89,142,1
89,144,1
89,145,2
89,146,1
89,160,1
89,163,1
89,165,3
89,166,2
89,167,1
89,169,1
89,170,1
89,171,4
89,174,3
89,175,3
89,176,1
89,177,1
89,179,1
89,184,2
89,189,1
89,191,1
89,194,3
89,195,2
89,197,2
89,203,1
89,206,3
89,210,34
89,215,4
89,216,15
89,219,1
89,222,1
89,223,1
89,227,3
89,228,1
89,229,1
89,237,3
89,239,1
89,240,1
89,241,3
89,243,1
89,244,1
89,245,1
89,246,4
89,247,3
89,248,1
89,252,1
89,253,1
89,254,1
89,255,3
89,256,1
89,257,1
89,261,1
89,263,10
89,264,1
89,265,4
89,266,14
89,267,1
89,268,5
89,273,3
89,274,2
89,277,3
89,278,2
89,279,3
89,280,1
89,281,5
89,282,4
89,286,3
89,287,1
89,288,17
89,289,2
89,291,2
89,293,2
89,295,1
89,296,1
89,297,3
89,298,1
90,0,6
90,2,2
90,3,5
90,4,1
90,5,5
90,6,11
90,7,7
90,8,1
90,9,13
90,11,1
90,13,1
90,15,3
90,18,3
90,20,2
90,23,1
90,25,1
90,26,1
90,30,1
90,31,3
90,38,3
90,39,3
90,41,1
90,44,1
90,45,1
90,46,1
90,47,1
90,48,3
90,53,3
90,55,1
90,56,5
90,58,1
90,59,2
90,60,2
90,61,3
90,62,1
90,66,1
90,67,1
90,68,4
90,70,4
90,71,1
90,72,1
90,73,1
90,74,2
90,76,5
90,77,1
90,78,1
90,79,4
90,80,3
90,81,9
90,82,1
90,83,1
90,84,2
90,85,1
90,86,1
90,88,5
90,89,4
90,93,2
90,94,1
90,98,2
90,99,1
90,100,4
90,102,2
90,103,1
90,104,2
90,106,1
90,107,1
90,109,4
90,110,1
90,112,2
90,113,2
90,114,6
90,117,2
90,118,1
90,119,1
90,120,2
90,121,4
90,122,2
90,123,5
90,125,2
90,126,3
90,127,3
90,128,3
90,129,6
90,130,1
90,131,6
90,132,3
90,133,2
90,134,3
90,136,80
90,137,4
90,139,1
90,140,2
90,143,3
90,144,2
90,145,5
90,146,1
90,153,3
90,154,2
90,155,2
90,157,2
90,160,10
90,161,3
90,163,2
90,165,11
90,169,31
90,170,50
90,171,23
90,174,10
90,175,2
90,176,3
90,178,1
90,179,3
90,181,3
90,182,2
90,183,3
90,184,1
90,186,3
90,187,1
90,188,3
90,191,2
90,192,1
90,193,2
90,194,3
90,195,4
90,196,2
90,197,1
90,198,1
90,201,1
90,203,1
90,204,1
90,205,1
90,206,2
90,208,1
90,210,5
90,212,2
90,215,6
90,216,6
90,219,2
90,224,1
90,225,1
90,226,3
90,227,2
90,228,2
90,229,1
90,230,2
90,232,2
90,233,1
90,236,1
90,237,5
90,240,2
90,241,7
90,242,2
90,243,4
90,244,1
90,245,2
90,246,6
90,247,3
90,248,3
90,250,1
90,254,3
90,255,6
90,256,2
90,259,1
90,260,1
90,261,5
90,263,26
90,264,1
90,265,7
90,266,3
90,267,1
90,268,7
90,271,2
90,273,1
90,274,15
90,275,3
90,276,2
90,277,2
90,278,8
90,279,10
90,281,12
90,282,3
90,283,1
90,284,1
90,286,3
90,287,3
90,288,13
90,289,1
90,290,1
90,292,2
90,293,8
90,294,1
90,295,37
90,296,3
90,297,6
90,298,2
90,300,9
90,301,2
91,1,4
91,2,1
91,4,3
91,5,1
91,8,2
91,17,1
91,18,3
91,20,1
91,21,1
91,24,2
91,34,1
91,35,1
91,40,1
91,41,8
91,43,1
91,53,1
91,56,1
91,58,2
91,59,2
91,64,4
91,65,2
91,69,1
91,70,8
91,71,4
91,73,4
91,74,10
91,76,2
91,82,1
91,86,1
91,93,11
91,94,1
91,96,3
91,97,6
91,99,3
91,100,8
91,108,1
91,112,1
91,122,1
91,124,1
91,125,1
91,127,1
91,128,2
91,130,2
91,135,1
91,138,2
91,139,7
91,140,3
91,142,3
91,143,1
91,144,1
91,145,1
91,149,1
91,150,1
91,155,2
91,158,2
91,159,2
91,162,1
91,166,3
91,173,1
91,175,7
91,176,1
91,180,2
91,182,1
91,183,2
91,185,2
91,194,1
91,205,1
91,206,1
91,210,1
91,212,4
91,215,7
91,216,1
91,217,4
91,219,2
91,224,1
91,225,3
91,227,1
91,229,3
91,230,3
91,232,1
91,234,1
91,235,4
91,236,1
91,238,1
91,239,1
91,240,1
91,246,1
91,255,2
91,256,6
91,257,2
91,259,1
91,260,2
91,261,1
91,264,9
91,268,3
91,269,6
91,270,4
91,272,1
91,273,2
91,274,2
91,276,1
91,277,5
91,278,1
91,279,2
91,281,2
91,283,1
91,286,3
91,289,1
91,293,1
91,294,4
91,295,1
91,297,2
91,298,2
92,0,7
92,1,4
92,2,14
92,3,5
92,4,2
92,5,19
92,6,22
92,7,8
92,8,80
92,9,6
92,11,2
92,12,14
92,13,23
92,15,12
92,16,41
92,17,1
92,18,2
92,20,18
92,21,12
92,22,1
92,23,18
92,24,16
92,25,9
92,26,18
92,27,11
92,28,3
92,29,17
92,30,1
92,31,3
92,34,5
92,35,2
92,38,4
92,39,6
92,41,7
92,44,1
92,45,3
92,46,3
92,47,2
92,48,3
92,49,1
92,50,2
92,53,36
92,54,2
92,55,5
92,56,6
92,57,2
92,58,1
92,59,4
92,60,3
92,61,5
92,62,3
92,65,1
92,66,11
92,67,44
92,68,6
92,70,4
92,72,1
92,73,2
92,74,1
92,75,2
92,76,5
92,78,1
92,79,8
92,80,5
92,81,5
92,82,1
92,83,1
92,86,3
92,87,2
92,88,4
92,89,5
92,90,2
92,93,1
92,96,2
92,97,7
92,98,15
92,99,29
92,100,4
92,101,1
92,102,1
92,103,1
92,104,5
92,106,3
92,107,2
92,108,3
92,109,1
92,111,1
92,114,1
92,115,1
92,117,2
92,120,1
92,124,1
92,125,4
92,126,2
92,128,1
92,129,35
92,130,1
92,131,3
92,132,3
92,134,4
92,136,7
92,137,6
92,138,9
92,139,2
92,140,5
92,141,2
92,142,4
92,143,3
92,144,5
92,145,3
92,146,1
92,148,2
92,149,1
92,157,2
92,160,2
92,161,9
92,163,4
92,165,1
92,166,1
92,169,3
92,170,2
92,171,5
92,173,1
92,174,4
92,175,7
92,176,3
92,177,2
92,178,6
92,179,5
92,180,2
92,181,2
92,182,10
92,183,9
92,184,2
92,185,3
92,186,2
92,187,3
92,188,2
92,190,1
92,191,2
92,192,7
92,193,3
92,194,1
92,196,6
92,197,1
92,198,1
92,203,1
92,205,2
92,206,1
92,208,2
92,210,7
92,211,1
92,214,1
92,215,3
92,216,6
92,217,1
92,219,2
92,224,4
92,226,5
92,227,7
92,228,5
92,229,3
92,230,2
92,232,2
92,234,1
92,235,3
92,236,2
92,237,8
92,238,4
92,239,3
92,240,2
92,241,6
92,242,2
92,243,3
92,244,1
92,245,6
92,246,43
92,247,6
92,248,3
92,249,1
92,251,8
92,252,1
92,253,9
92,254,7
92,255,2
92,256,13
92,257,18
92,259,6
92,260,2
92,261,6
92,262,18
92,263,7
92,264,10
92,265,5
92,266,4
92,267,2
92,268,21
92,269,1
92,270,6
92,271,71
92,272,5
92,273,12
92,274,3
92,276,1
92,278,3
92,279,37
92,280,2
92,281,5
92,282,8
92,283,6
92,285,7
92,286,1
92,287,7
92,288,7
92,289,13
92,290,8
92,292,4
92,293,2
92,294,1
92,295,28
92,296,27
92,297,15
92,298,24
92,300,3
92,301,13
93,0,2
93,1,9
93,2,5
93,3,1
93,4,7
93,6,3
93,7,3
93,8,6
93,9,1
93,18,3
93,22,1
93,23,1
93,25,2
93,26,2
93,30,1
93,31,1
93,39,1
93,41,5
93,42,1
93,44,3
93,54,3
93,58,10
93,59,7
93,60,2
93,61,3
93,64,7
93,65,2
93,66,3
93,68,2
93,69,2
93,70,4
93,71,7
93,73,4
93,74,11
93,75,1
93,79,1
93,87,1
93,89,1
93,90,1
93,91,4
93,96,13
93,97,5
93,100,3
93,102,2
93,103,2
93,104,1
93,105,1
93,106,1
93,109,2
93,112,1
93,113,1
93,117,2
93,118,1
93,120,2
93,121,1
93,123,1
93,124,2
93,125,2
93,126,4
93,127,5
93,128,3
93,129,1
93,130,5
93,131,2
93,134,2
93,135,2
93,136,1
93,137,3
93,138,6
93,139,5
93,140,3
93,141,1
93,142,1
93,143,4
93,144,5
93,145,6
93,146,4
93,149,3
93,153,4
93,155,2
93,157,3
93,158,3
93,159,3
93,162,3
93,163,2
93,164,2
93,166,1
93,167,1
93,169,1
93,175,11
93,176,1
93,177,2
93,178,5
93,180,1
93,181,1
93,182,17
93,183,6
93,185,3
93,186,1
93,188,1
93,192,1
93,194,1
93,195,1
93,196,1
93,198,1
93,204,1
93,210,1
93,212,1
93,214,1
93,215,5
93,216,2
93,217,5
93,219,3
93,222,1
93,223,1
93,225,8
93,226,3
93,227,1
93,229,3
93,230,1
93,231,1
93,234,1
93,235,1
93,237,2
93,239,2
93,240,3
93,241,1
93,243,1
93,247,5
93,254,2
93,256,2
93,257,2
93,259,1
93,260,1
93,262,1
93,263,2
93,264,16
93,265,3
93,266,1
93,268,1
93,269,14
93,270,8
93,271,1
93,272,1
93,273,5
93,275,1
93,276,2
93,277,12
93,278,1
93,279,4
93,281,2
93,283,1
93,284,3
93,285,1
93,286,2
93,287,1
93,288,1
93,289,6
93,290,2
93,294,1
93,295,6
93,297,4
93,299,1
93,300,1
93,301,4
94,0,4
94,2,1
94,4,3
94,6,1
94,8,2
94,18,4
94,21,1
94,23,1
94,31,7
94,34,1
94,39,4
94,41,1
94,44,1
94,50,1
94,56,1
94,60,1
94,61,2
94,62,2
94,64,2
94,69,1
94,70,1
94,71,3
94,73,2
94,74,5
94,75,1
94,76,1
94,79,1
94,81,1
94,86,2
94,88,1
94,93,1
94,95,1
94,96,1
94,97,2
94,98,1
94,99,2
94,100,1
94,102,2
94,105,1
94,107,2
94,108,1
94,109,2
94,110,1
94,116,1
94,123,1
94,124,16
94,125,20
94,127,5
94,130,1
94,131,4
94,134,2
94,136,1
94,138,2
94,139,2
94,140,5
94,142,1
94,145,1
94,153,1
94,154,1
94,155,5
94,156,1
94,157,9
94,158,4
94,159,6
94,161,6
94,162,4
94,163,11
94,164,1
94,165,1
94,166,8
94,168,1
94,169,1
94,170,2
94,172,1
94,173,3
94,175,3
94,176,1
94,177,2
94,187,2
94,193,1
94,194,1
94,195,1
94,213,1
94,215,1
94,216,2
94,219,3
94,223,1
94,225,1
94,227,2
94,228,1
94,233,1
94,239,1
94,241,1
94,243,1
94,246,3
94,252,1
94,255,1
94,256,1
94,259,4
94,260,1
94,262,2
94,263,2
94,264,1
94,265,2
94,266,6
94,268,4
94,269,1
94,272,1
94,273,1
94,274,1
94,276,16
94,277,1
94,280,1
94,281,3
94,282,1
94,284,1
94,286,10
94,287,3
94,288,3
94,289,2
94,292,1
94,293,2
94,295,16
94,296,1
94,297,1
94,299,1
94,300,3
94,301,2
95,0,10
95,2,2
95,3,2
95,4,2
95,5,1
95,7,1
95,8,3
95,9,1
95,10,1
95,17,1
95,18,1
95,19,1
95,21,1
95,26,1
95,27,1
95,30,1
95,31,1
95,32,1
95,39,1
95,41,2
95,53,1
95,56,2
95,57,1
95,58,1
95,60,1
95,61,4
95,62,2
95,66,1
95,67,1
95,73,2
95,75,3
95,76,4
95,77,1
95,78,1
95,79,2
95,81,3
95,83,2
95,86,4
95,90,2
95,96,1
95,97,1
95,101,23
95,102,2
95,103,8
95,104,1
95,105,16
95,106,9
95,107,12
95,109,1
95,113,1
95,114,3
95,115,1
95,118,1
95,121,1
95,122,4
95,123,4
95,124,1
95,127,1
95,129,1
95,131,1
95,136,1
95,138,1
95,145,1
95,149,1
95,155,1
95,161,2
95,165,1
95,167,1
95,171,1
95,172,1
95,174,1
95,175,3
95,176,2
95,187,1
95,188,1
95,192,2
95,195,2
95,197,1
95,200,1
95,211,1
95,212,2
95,214,1
95,215,2
95,219,1
95,225,4
95,228,2
95,230,1
95,231,4
95,232,2
95,234,1
95,235,1
95,236,1
95,237,2
95,240,1
95,242,5
95,243,1
95,248,3
95,249,1
95,255,2
95,256,2
95,259,2
95,260,1
95,261,10
95,262,3
95,265,2
95,266,39
95,268,2
95,269,2
95,270,3
95,271,1
95,273,1
95,274,1
95,275,4
95,278,1
95,279,4
95,280,1
95,281,3
95,283,2
95,285,5
95,286,5
95,287,4
95,288,1
95,289,1
95,290,1
95,292,17
95,293,4
95,294,2
95,295,13
95,297,2
95,298,1
95,299,3
95,300,2
95,301,1
96,1,9
96,2,1
96,3,2
96,4,8
96,5,2
96,6,3
96,7,1
96,8,1
96,13,1
96,15,2
96,18,1
96,20,1
96,22,4
96,23,1
96,27,1
96,29,3
96,30,1
96,31,1
96,34,2
96,35,5
96,38,3
96,39,5
96,41,2
96,44,9
96,48,2
96,50,1
96,53,1
96,54,1
96,55,1
96,56,1
96,58,5
96,59,3
96,60,1
96,64,6
96,65,2
96,68,1
96,69,5
96,70,5
96,71,2
96,73,13
96,74,11
96,75,1
96,76,1
96,77,1
96,78,1
96,82,1
96,83,2
96,86,1
96,87,1
96,89,1
96,91,2
96,93,16
96,94,1
96,97,7
96,101,1
96,105,1
96,112,2
96,113,2
96,114,1
96,115,1
96,118,1
96,119,1
96,123,1
96,126,3
96,127,4
96,128,9
96,129,1
96,130,5
96,131,1
96,134,2
96,135,2
96,136,2
96,137,1
96,138,3
96,139,6
96,140,6
96,141,1
96,142,2
96,144,4
96,145,3
96,146,2
96,148,3
96,149,1
96,155,5
96,156,2
96,157,2
96,158,3
96,159,5
96,162,3
96,163,2
96,164,1
96,168,1
96,169,1
96,173,1
96,175,20
96,176,8
96,177,7
96,178,5
96,180,1
96,182,2
96,183,9
96,184,2
96,185,3
96,187,1
96,192,1
96,193,2
96,197,1
96,202,1
96,207,1
96,208,1
96,210,3
96,212,1
96,215,2
96,216,2
96,217,5
96,219,1
96,224,1
96,225,5
96,226,2
96,229,1
96,230,9
96,232,1
96,234,3
96,236,5
96,237,2
96,238,5
96,240,7
96,241,1
96,242,3
96,244,1
96,247,2
96,248,1
96,255,1
96,256,3
96,257,6
96,259,1
96,260,3
96,261,2
96,264,14
96,265,1
96,267,1
96,268,3
96,269,13
96,270,9
96,271,4
96,273,9
96,274,1
96,275,2
96,276,2
96,277,9
96,278,1
96,279,1
96,281,2
96,284,1
96,285,3
96,286,3
96,288,6
96,289,4
96,290,1
96,294,5
96,295,5
96,297,1
96,298,3
96,300,2
96,301,4
97,0,1
97,1,4
97,2,9
97,3,4
97,4,3
97,5,1
97,6,5
97,7,2
97,8,2
97,9,1
97,13,1
97,16,2
97,17,1
97,18,3
97,20,2
97,21,1
97,22,3
97,24,1
97,25,1
97,26,3
97,27,1
97,30,2
97,31,1
97,34,9
97,35,5
97,38,10
97,39,5
97,41,5
97,42,2
97,43,1
97,48,2
97,53,3
97,54,4
97,55,1
97,56,3
97,57,1
97,58,4
97,59,3
97,60,1
97,61,2
97,64,4
97,65,2
97,66,5
97,68,5
97,69,1
97,70,1
97,71,1
97,72,1
97,73,1
97,74,5
97,75,3
97,76,4
97,77,5
97,79,3
97,80,1
97,81,1
97,82,1
97,83,3
97,84,2
97,85,1
97,86,2
97,87,2
97,89,1
97,90,1
97,93,3
97,94,1
97,95,1
97,96,3
97,98,2
97,99,2
97,100,3
97,103,2
97,104,1
97,106,2
97,107,2
97,109,1
97,112,2
97,113,3
97,115,1
97,116,3
97,118,2
97,119,1
97,121,3
97,122,1
97,125,2
97,126,2
97,127,2
97,128,1
97,130,3
97,131,3
97,132,1
97,133,2
97,134,2
97,135,2
97,137,8
97,138,4
97,139,1
97,140,2
97,141,2
97,142,2
97,143,4
97,144,1
97,145,1
97,146,2
97,148,1
97,149,2
97,153,5
97,154,1
97,155,1
97,157,1
97,158,1
97,159,1
97,160,1
97,161,6
97,163,2
97,164,2
97,165,1
97,166,1
97,167,1
97,169,1
97,170,4
97,171,2
97,173,1
97,175,35
97,176,18
97,177,22
97,178,45
97,180,24
97,182,18
97,183,17
97,184,4
97,185,6
97,188,15
97,189,1
97,190,4
97,192,3
97,194,1
97,196,1
97,198,1
97,200,1
97,201,1
97,206,2
97,208,1
97,210,6
97,211,1
97,212,4
97,214,4
97,215,16
97,216,1
97,217,5
97,219,5
97,221,1
97,225,5
97,226,1
97,228,3
97,229,3
97,230,3
97,231,1
97,232,2
97,233,1
97,234,6
97,235,5
97,236,7
97,237,4
97,238,2
97,239,4
97,240,1
97,241,5
97,242,6
97,243,4
97,244,1
97,245,8
97,246,2
97,247,4
97,248,2
97,249,4
97,251,5
97,254,8
97,255,2
97,256,17
97,257,3
97,259,6
97,260,3
97,261,8
97,262,15
97,263,5
97,264,7
97,265,3
97,266,15
97,267,3
97,268,5
97,269,5
97,270,16
97,271,3
97,272,4
97,273,7
97,274,1
97,275,4
97,276,3
97,277,1
97,278,5
97,279,13
97,281,3
97,285,3
97,287,3
97,288,4
97,289,22
97,290,13
97,292,4
97,293,1
97,294,5
97,295,7
97,296,1
97,297,1
97,298,1
98,0,12
98,1,4
98,2,10
98,3,2
98,4,16
98,5,1
98,6,3
98,7,13
98,8,7
98,10,1
98,11,4
98,12,3
98,13,2
98,15,1
98,16,2
98,19,1
98,20,12
98,21,14
98,22,4
98,23,10
98,24,19
98,25,59
98,26,43
98,27,3
98,28,7
98,29,30
98,31,5
98,32,1
98,34,1
98,35,3
98,38,5
98,39,2
98,41,1
98,43,1
98,44,5
98,47,1
98,48,1
98,50,1
98,53,4
98,55,4
98,56,1
98,58,1
98,60,1
98,61,3
98,62,3
98,64,1
98,65,1
98,66,3
98,68,3
98,69,1
98,70,2
98,71,2
98,72,2
98,73,1
98,74,4
98,75,2
98,76,1
98,77,1
98,80,1
98,81,5
98,82,3
98,83,5
98,84,5
98,85,1
98,86,1
98,88,2
98,89,3
98,90,2
98,92,8
98,93,1
98,94,1
98,96,1
98,97,3
98,99,2
98,100,1
98,102,1
98,103,2
98,104,1
98,105,2
98,106,5
98,107,3
98,108,3
98,109,6
98,110,2
98,112,5
98,113,7
98,114,2
98,115,2
98,116,1
98,117,1
98,119,1
98,120,4
98,121,2
98,122,3
98,123,2
98,124,6
98,125,1
98,126,3
98,127,2
98,128,1
98,129,10
98,130,1
98,131,7
98,132,1
98,133,3
98,134,6
98,136,10
98,138,4
98,139,9
98,140,5
98,141,2
98,142,4
98,143,7
98,144,6
98,145,6
98,146,6
98,147,1
98,148,6
98,149,7
98,150,1
98,153,4
98,154,1
98,155,2
98,157,2
98,158,1
98,161,11
98,162,2
98,163,2
98,165,2
98,166,2
98,169,3
98,170,2
98,171,3
98,173,1
98,174,4
98,175,6
98,176,4
98,177,2
98,178,4
98,179,1
98,182,7
98,183,4
98,184,1
98,188,3
98,190,2
98,192,8
98,193,7
98,194,4
98,195,8
98,196,2
98,198,3
98,199,1
98,200,1
98,204,2
98,205,2
98,206,2
98,207,3
98,208,1
98,210,5
98,212,3
98,214,2
98,215,4
98,216,1
98,217,3
98,219,4
98,221,1
98,222,1
98,223,1
98,224,2
98,225,2
98,226,5
98,227,9
98,228,4
98,229,2
98,230,8
98,231,1
98,232,4
98,234,4
98,237,5
98,239,1
98,240,2
98,241,5
98,242,3
98,243,5
98,245,8
98,246,10
98,247,3
98,248,4
98,249,7
98,251,7
98,254,8
98,255,12
98,256,4
98,257,13
98,259,13
98,260,2
98,261,3
98,262,11
98,263,8
98,264,6
98,265,9
98,266,3
98,267,3
98,268,7
98,269,6
98,270,9
98,271,1
98,272,21
98,273,24
98,274,3
98,275,5
98,276,5
98,277,5
98,278,13
98,279,3
98,280,2
98,281,6
98,282,2
98,283,4
98,284,2
98,285,1
98,286,10
98,287,4
98,288,17
98,289,16
98,290,6
98,291,3
98,292,4
98,293,1
98,295,6
98,296,7
98,297,4
98,298,12
98,299,2
98,300,3
98,301,17
99,0,16
99,1,2
99,2,13
99,3,9
99,4,6
99,5,28
99,6,17
99,7,11
99,8,47
99,9,5
99,11,8
99,12,8
99,13,23
99,15,37
99,16,30
99,18,4
99,19,2
99,20,12
99,21,8
99,23,8
99,24,6
99,25,5
99,26,18
99,27,2
99,28,3
99,29,4
99,30,1
99,31,1
99,34,6
99,35,5
99,36,1
99,38,7
99,39,3
99,41,6
99,43,2
99,44,1
99,45,4
99,46,3
99,47,2
99,48,2
99,49,2
99,52,1
99,53,51
99,54,8
99,55,3
99,56,5
99,57,5
99,58,2
99,60,1
99,61,10
99,62,3
99,63,1
99,64,1
99,65,1
99,66,11
99,67,2
99,68,9
99,69,1
99,70,2
99,71,1
99,72,4
99,74,1
99,75,5
99,76,5
99,77,3
99,78,5
99,79,17
99,80,5
99,81,6
99,82,3
99,83,5
99,85,1
99,86,3
99,88,8
99,89,4
99,90,2
99,91,1
99,92,26
99,93,5
99,95,1
99,96,2
99,97,9
99,98,5
99,100,4
99,102,1
99,104,2
99,105,3
99,106,1
99,107,1
99,108,4
99,109,2
99,110,1
99,111,1
99,112,4
99,113,4
99,114,5
99,115,1
99,116,1
99,118,3
99,119,3
99,120,1
99,121,4
99,122,5
99,123,1
99,124,3
99,125,3
99,126,1
99,127,6
99,128,3
99,129,64
99,131,7
99,132,3
99,133,16
99,134,36
99,135,1
99,136,5
99,137,12
99,138,8
99,139,9
99,140,3
99,141,1
99,142,5
99,143,4
99,144,2
99,145,4
99,146,3
99,148,2
99,153,2
99,154,4
99,155,1
99,157,3
99,158,1
99,159,1
99,160,2
99,161,6
99,163,7
99,165,4
99,166,2
99,169,1
99,170,3
99,171,7
99,172,1
99,174,6
99,175,13
99,176,11
99,177,4
99,178,2
99,179,5
99,180,1
99,181,4
99,182,11
99,183,12
99,184,4
99,185,5
99,186,3
99,187,3
99,188,5
99,189,2
99,190,2
99,191,3
99,192,11
99,193,3
99,194,2
99,195,4
99,196,5
99,197,6
99,200,1
99,202,1
99,203,1
99,206,3
99,207,3
99,208,2
99,210,9
99,212,1
99,213,1
99,214,3
99,215,16
99,216,10
99,217,2
99,219,8
99,223,1
99,224,1
99,225,4
99,226,2
99,227,6
99,228,4
99,229,5
99,230,1
99,232,2
99,233,1
99,234,7
99,235,1
99,236,4
99,237,3
99,238,9
99,239,1
99,240,2
99,241,5
99,242,5
99,243,8
99,244,6
99,245,1
99,246,34
99,247,9
99,248,4
99,249,8
99,250,1
99,251,6
99,252,1
99,253,12
99,254,6
99,255,7
99,256,7
99,257,1
99,259,3
99,260,7
99,261,5
99,262,30
99,263,11
99,264,3
99,265,12
99,266,9
99,267,30
99,268,71
99,269,6
99,270,6
99,271,4
99,272,14
99,273,19
99,274,5
99,275,3
99,276,3
99,277,3
99,278,12
99,279,22
99,280,5
99,281,19
99,282,8
99,283,6
99,284,1
99,285,2
99,286,2
99,287,13
99,288,10
99,289,10
99,290,10
99,291,2
99,292,5
99,293,2
99,294,1
99,295,9
99,296,72
99,297,21
99,298,30
99,299,1
99,300,10
99,301,15
100,0,1
100,1,1
100,2,5
100,3,4
100,4,1
100,5,2
100,6,11
100,7,23
100,8,5
100,9,7
100,10,1
100,11,1
100,13,1
100,15,4
100,16,4
100,17,1
100,18,2
100,20,2
100,23,1
100,24,3
100,26,5
100,30,1
100,31,1
100,35,8
100,38,5
100,39,2
100,41,2
100,42,2
100,43,2
100,44,3
100,45,21
100,46,14
100,47,23
100,48,33
100,49,12
100,50,17
100,51,4
100,53,1
100,55,50
100,56,46
100,57,31
100,58,2
100,60,1
100,61,5
100,62,4
100,63,6
100,65,1
100,66,29
100,68,16
100,69,1
100,71,3
100,74,1
100,75,2
100,76,3
100,77,2
100,78,2
100,80,4
100,82,2
100,86,1
100,88,62
100,89,65
100,90,5
100,92,1
100,97,7
100,98,2
100,99,1
100,102,1
100,104,45
100,105,1
100,108,15
100,109,2
100,112,1
100,113,1
100,116,1
100,117,2
100,119,1
100,120,1
100,121,6
100,122,5
100,123,2
100,124,1
100,125,2
100,129,6
100,130,1
100,131,4
100,132,1
100,133,3
100,134,5
100,136,12
100,137,6
100,138,3
100,139,4
100,140,1
100,142,2
100,143,1
100,144,1
100,145,3
100,146,1
100,148,1
100,149,1
100,154,1
100,156,1
100,158,1
100,159,1
100,160,3
100,163,2
100,164,1
100,165,6
100,167,3
100,169,4
100,170,7
100,171,6
100,175,7
100,176,6
100,177,4
100,178,3
100,181,1
100,183,1
100,184,1
100,186,2
100,187,1
100,188,1
100,189,4
100,191,1
100,192,2
100,193,6
100,194,3
100,195,2
100,196,2
100,198,1
100,200,1
100,201,1
100,203,1
100,205,1
100,206,3
100,207,2
100,208,1
100,210,72
100,211,1
100,214,1
100,215,7
100,216,55
100,218,1
100,219,1
100,225,1
100,226,4
100,227,1
100,228,1
100,229,3
100,230,2
100,232,2
100,234,2
100,235,2
100,236,1
100,237,3
100,238,2
100,240,1
100,241,4
100,243,5
100,244,2
100,245,1
100,246,2
100,247,5
100,248,6
100,250,1
100,251,1
100,254,1
100,255,6
100,256,2
100,257,2
100,259,2
100,262,5
100,263,14
100,264,2
100,265,4
100,266,7
100,267,7
100,268,9
100,270,1
100,273,5
100,274,6
100,275,2
100,276,1
100,277,1
100,278,2
100,279,14
100,280,2
100,281,22
100,282,3
100,283,1
100,286,2
100,287,1
100,288,16
100,289,5
100,290,2
100,291,2
100,292,2
100,293,3
100,294,2
100,295,11
100,296,2
100,297,10
100,298,3
100,300,4
101,0,39
101,2,2
101,3,3
101,4,4
101,6,8
101,7,4
101,8,11
101,18,3
101,19,1
101,20,2
101,21,1
101,23,1
101,25,2
101,26,2
101,27,1
101,28,1
101,30,1
101,31,10
101,34,6
101,35,6
101,38,5
101,39,3
101,41,6
101,44,8
101,45,3
101,46,1
101,47,1
101,50,1
101,51,2
101,53,1
101,54,2
101,55,4
101,57,1
101,58,4
101,59,2
101,60,2
101,61,8
101,62,7
101,66,3
101,67,6
101,68,8
101,70,1
101,71,2
101,72,3
101,74,4
101,75,3
101,76,8
101,77,1
101,78,2
101,79,3
101,80,8
101,81,2
101,82,1
101,83,3
101,84,3
101,85,2
101,86,5
101,88,3
101,89,2
101,90,6
101,93,3
101,94,2
101,95,65
101,97,7
101,99,2
101,100,5
101,102,39
101,103,60
101,104,2
101,105,33
101,106,29
101,107,22
101,108,3
101,109,4
101,110,2
101,112,2
101,113,10
101,114,1
101,115,3
101,117,4
101,118,3
101,119,3
101,121,6
101,122,5
101,123,3
101,124,6
101,125,3
101,126,6
101,127,3
101,128,1
101,129,3
101,130,5
101,131,2
101,134,4
101,135,1
101,136,3
101,138,3
101,139,3
101,140,4
101,143,2
101,144,2
101,145,4
101,146,5
101,148,2
101,149,2
101,154,5
101,155,1
101,157,10
101,158,2
101,159,1
101,161,9
101,163,5
101,164,1
101,165,1
101,166,2
101,168,2
101,169,1
101,170,1
101,171,5
101,173,1
101,174,1
101,175,12
101,176,6
101,177,6
101,178,4
101,179,2
101,180,4
101,181,2
101,182,4
101,183,5
101,185,1
101,186,1
101,187,4
101,188,1
101,189,1
101,191,1
101,192,4
101,194,2
101,195,2
101,196,2
101,197,5
101,198,1
101,199,1
101,200,2
101,201,1
101,205,1
101,206,1
101,210,6
101,212,6
101,213,2
101,214,2
101,215,6
101,216,4
101,217,10
101,219,2
101,220,1
101,221,1
101,223,1
101,224,1
101,225,10
101,227,2
101,228,5
101,230,3
101,234,6
101,235,1
101,236,8
101,237,5
101,238,4
101,239,2
101,240,1
101,241,1
101,242,3
101,243,12
101,244,3
101,245,3
101,246,10
101,247,4
101,248,23
101,249,1
101,251,2
101,253,1
101,254,4
101,255,3
101,256,3
101,259,9
101,260,3
101,261,17
101,262,6
101,263,7
101,264,4
101,265,18
101,266,237
101,267,3
101,268,6
101,269,2
101,270,6
101,271,2
101,272,1
101,273,7
101,274,9
101,275,7
101,276,6
101,277,2
101,278,13
101,279,9
101,280,3
101,281,21
101,282,2
101,283,4
101,285,12
101,286,4
101,287,14
101,288,11
101,289,2
101,290,5
101,291,1
101,292,26
101,293,5
101,294,2
101,295,54
101,296,1
101,297,6
101,298,2
101,300,7
101,301,5
102,0,8
102,2,1
102,3,3
102,4,1
102,5,1
102,8,2
102,9,1
102,15,1
102,17,1
102,18,1
102,20,1
102,23,1
102,25,1
102,30,2
102,34,2
102,35,1
102,42,1
102,44,2
102,45,2
102,60,4
102,61,6
102,62,1
102,64,1
102,67,1
102,68,2
102,75,1
102,86,2
102,88,3
102,90,1
102,95,3
102,98,1
102,99,1
102,100,2
102,101,12
102,103,3
102,105,8
102,106,3
102,107,7
102,112,2
102,117,1
102,120,1
102,121,3
102,122,1
102,123,1
102,125,1
102,126,2
102,131,1
102,132,2
102,136,1
102,138,1
102,140,1
102,148,1
102,161,1
102,162,1
102,163,2
102,166,1
102,169,3
102,174,1
102,175,4
102,189,1
102,191,1
102,192,2
102,195,1
102,197,2
102,198,1
102,201,1
102,202,1
102,206,1
102,211,1
102,212,5
102,216,1
102,217,2
102,219,3
102,227,1
102,229,1
102,230,1
102,231,1
102,236,1
102,237,2
102,238,1
102,239,1
102,243,1
102,248,5
102,252,1
102,256,2
102,259,2
102,261,4
102,262,2
102,264,1
102,265,1
102,266,32
102,271,2
102,273,2
102,274,5
102,275,1
102,277,2
102,278,2
102,279,6
102,281,2
102,282,3
102,283,1
102,285,2
102,286,3
102,287,5
102,288,5
102,289,1
102,290,1
102,292,7
102,295,6
102,297,1
102,298,2
102,300,2
102,301,1
103,0,8
103,2,4
103,3,1
103,4,4
103,6,4
103,7,1
103,8,11
103,10,1
103,18,1
103,22,1
103,23,3
103,24,4
103,26,1
103,30,1
103,34,2
103,35,1
103,38,5
103,41,4
103,43,1
103,44,1
103,53,1
103,54,1
103,57,1
103,58,1
103,60,1
103,61,10
103,62,2
103,68,1
103,73,1
103,74,1
103,75,4
103,76,4
103,77,2
103,78,1
103,80,1
103,81,1
103,83,1
103,84,1
103,86,1
103,88,1
103,90,1
103,94,1
103,95,8
103,96,2
103,99,1
103,100,1
103,101,20
103,102,6
103,105,6
103,106,10
103,107,4
103,108,1
103,115,1
103,117,2
103,120,1
103,121,1
103,122,1
103,123,1
103,124,3
103,126,1
103,128,2
103,129,2
103,130,2
103,131,2
103,136,2
103,138,1
103,140,1
103,145,1
103,149,2
103,154,1
103,157,2
103,159,1
103,161,1
103,163,1
103,165,1
103,166,2
103,174,1
103,175,3
103,176,1
103,178,1
103,182,2
103,183,2
103,188,1
103,194,1
103,196,1
103,197,1
103,200,1
103,203,2
103,206,1
103,210,1
103,213,1
103,214,1
103,215,7
103,217,3
103,219,3
103,225,6
103,228,3
103,231,1
103,232,3
103,234,2
103,235,1
103,236,3
103,237,3
103,238,3
103,240,3
103,242,1
103,248,3
103,249,2
103,251,1
103,255,2
103,256,4
103,257,12
103,260,1
103,261,7
103,262,1
103,263,1
103,265,4
103,266,55
103,268,3
103,270,1
103,272,1
103,273,1
103,274,1
103,275,5
103,277,1
103,278,4
103,279,9
103,281,2
103,282,2
103,285,6
103,287,8
103,288,2
103,290,1
103,292,12
103,293,2
103,295,9
103,297,5
103,298,2
103,300,2
103,301,2
104,0,4
104,1,1
104,2,7
104,3,6
104,4,5
104,5,3
104,6,6
104,7,21
104,8,5
104,9,2
104,15,1
104,16,2
104,17,1
104,18,1
104,19,2
104,20,4
104,21,2
104,22,1
104,25,1
104,26,1
104,30,4
104,31,1
104,35,3
104,38,4
104,39,1
104,41,4
104,42,2
104,43,1
104,44,1
104,45,23
104,46,10
104,47,22
104,48,16
104,49,11
104,50,10
104,51,4
104,53,2
104,54,1
104,55,34
104,56,41
104,57,27
104,58,3
104,61,5
104,62,3
104,63,14
104,64,1
104,66,12
104,68,12
104,71,1
104,77,2
104,78,2
104,79,3
104,80,1
104,81,4
104,82,1
104,83,2
104,84,2
104,85,1
104,86,1
104,88,51
104,89,63
104,90,4
104,92,2
104,94,2
104,95,1
104,96,1
104,97,4
104,99,2
104,100,47
104,101,2
104,102,1
104,105,1
104,108,5
104,109,1
104,110,2
104,112,1
104,113,2
104,115,2
104,116,2
104,118,1
104,120,2
104,121,4
104,124,1
104,126,3
104,127,1
104,129,8
104,130,1
104,131,4
104,132,1
104,133,1
104,134,3
104,136,11
104,137,6
104,138,3
104,139,1
104,142,1
104,143,1
104,145,6
104,146,3
104,149,2
104,150,1
104,152,2
104,153,1
104,157,1
104,160,4
104,163,1
104,165,1
104,167,1
104,169,6
104,170,13
104,171,4
104,174,1
104,175,9
104,176,3
104,177,2
104,178,2
104,179,1
104,181,2
104,182,4
104,183,4
104,184,1
104,185,1
104,188,1
104,189,4
104,191,1
104,193,3
104,196,2
104,197,1
104,199,1
104,200,2
104,203,1
104,205,2
104,206,2
104,208,1
104,210,62
104,213,2
104,214,1
104,215,8
104,216,39
104,220,1
104,221,1
104,225,1
104,226,5
104,228,1
104,231,2
104,237,3
104,238,1
104,239,2
104,241,1
104,243,3
104,244,1
104,246,5
104,247,4
104,248,5
104,249,1
104,253,1
104,255,6
104,256,1
104,257,2
104,259,4
104,260,1
104,262,2
104,263,3
104,264,1
104,265,4
104,266,14
104,267,1
104,268,4
104,269,1
104,270,1
104,271,1
104,272,1
104,273,5
104,274,2
104,276,1
104,278,8
104,279,5
104,281,8
104,282,3
104,283,4
104,284,2
104,285,1
104,286,2
104,287,1
104,288,11
104,289,4
104,290,1
104,293,4
104,294,1
104,295,6
104,296,2
104,297,9
104,298,1
104,300,6
105,0,61
105,1,4
105,2,8
105,3,4
105,4,8
105,5,2
105,6,8
105,7,3
105,8,23
105,9,4
105,10,5
105,11,1
105,13,1
105,14,1
105,15,7
105,16,1
105,18,7
105,19,2
105,20,4
105,21,1
105,22,5
105,23,6
105,24,2
105,25,2
105,26,4
105,27,1
105,28,2
105,29,4
105,30,4
105,31,12
105,32,7
105,33,1
105,34,6
105,35,13
105,36,2
105,38,7
105,39,4
105,41,11
105,42,2
105,43,4
105,44,8
105,45,4
105,46,2
105,47,3
105,48,3
105,52,1
105,53,4
105,54,2
105,55,1
105,56,5
105,57,1
105,58,3
105,59,4
105,60,7
105,61,24
105,62,16
105,65,2
105,66,7
105,67,2
105,68,4
105,71,2
105,72,3
105,73,3
105,74,4
105,75,8
105,76,9
105,77,2
105,78,2
105,79,11
105,80,12
105,81,6
105,82,6
105,83,7
105,84,3
105,85,3
105,86,2
105,88,6
105,89,6
105,90,7
105,92,2
105,93,3
105,94,4
105,95,19
105,96,2
105,97,9
105,98,6
105,99,3
105,100,1
105,101,122
105,102,57
105,103,38
105,106,41
105,107,31
105,108,4
105,109,3
105,110,4
105,112,3
105,113,6
105,114,2
105,115,4
105,116,6
105,117,6
105,118,4
105,119,2
105,120,9
105,121,7
105,122,7
105,123,2
105,124,7
105,125,5
105,126,7
105,127,3
105,128,4
105,129,2
105,130,8
105,131,5
105,132,6
105,133,2
105,134,8
105,136,9
105,137,3
105,138,1
105,140,9
105,142,4
105,143,3
105,144,4
105,145,9
105,146,5
105,147,2
105,148,2
105,149,4
105,153,3
105,154,2
105,155,3
105,157,8
105,158,2
105,159,3
105,160,1
105,161,13
105,163,9
105,165,2
105,166,4
105,169,2
105,170,2
105,171,5
105,174,3
105,175,24
105,176,12
105,177,12
105,178,4
105,179,15
105,181,2
105,182,8
105,183,3
105,184,79
105,185,1
105,187,5
105,188,1
105,189,12
105,190,1
105,192,9
105,193,5
105,194,5
105,195,8
105,196,6
105,197,2
105,198,3
105,200,2
105,201,3
105,202,2
105,203,1
105,206,8
105,208,1
105,210,9
105,211,1
105,212,23
105,213,10
105,214,4
105,215,16
105,216,3
105,217,18
105,219,13
105,224,2
105,225,27
105,226,1
105,227,2
105,228,4
105,229,1
105,230,2
105,231,1
105,232,10
105,234,9
105,235,4
105,236,6
105,237,6
105,238,7
105,239,6
105,240,3
105,241,2
105,242,3
105,245,3
105,246,4
105,247,9
105,248,4
105,249,4
105,250,8
105,251,2
105,252,3
105,254,10
105,255,7
105,256,5
105,257,1
105,258,5
105,259,8
105,260,4
105,261,19
105,262,5
105,263,14
105,264,3
105,265,51
105,266,413
105,267,1
105,268,5
105,269,10
105,270,9
105,271,2
105,272,6
105,273,3
105,274,4
105,275,6
105,276,7
105,277,8
105,278,7
105,279,18
105,280,4
105,281,35
105,282,2
105,283,3
105,285,13
105,286,5
105,287,21
105,288,10
105,289,12
105,290,5
105,291,8
105,292,53
105,293,13
105,294,4
105,295,62
105,297,14
105,298,7
105,299,4
105,300,4
106,0,75
106,1,1
106,2,5
106,3,13
106,4,10
106,5,4
106,6,1
106,7,13
106,8,22
106,9,4
106,10,25
106,13,1
106,14,1
106,16,3
106,17,3
106,18,4
106,19,2
106,20,1
106,21,5
106,22,5
106,23,7
106,24,6
106,25,4
106,26,7
106,27,2
106,28,1
106,29,5
106,30,5
106,31,18
106,32,5
106,33,1
106,34,11
106,35,36
106,36,2
106,38,14
106,39,3
106,41,17
106,42,7
106,43,9
106,44,20
106,45,2
106,47,2
106,48,1
106,51,2
106,54,2
106,55,3
106,56,2
106,57,2
106,58,14
106,59,3
106,60,17
106,61,34
106,62,20
106,63,1
106,64,4
106,66,5
106,67,1
106,68,5
106,70,1
106,72,1
106,73,5
106,74,3
106,75,18
106,76,19
106,77,5
106,78,6
106,79,26
106,80,16
106,81,19
106,82,5
106,83,12
106,84,16
106,85,2
106,86,10
106,88,5
106,89,5
106,90,6
106,93,7
106,94,1
106,95,40
106,96,6
106,97,24
106,98,9
106,99,2
106,100,8
106,101,100
106,102,46
106,103,50
106,104,3
106,105,44
106,107,28
106,108,1
106,109,3
106,110,5
106,111,1
106,112,8
106,113,15
106,114,6
106,115,10
106,116,3
106,117,5
106,118,10
106,119,7
106,120,8
106,121,5
106,122,3
106,123,4
106,124,15
106,125,9
106,126,1
106,127,6
106,128,1
106,129,5
106,130,9
106,131,6
106,132,4
106,133,1
106,134,5
106,135,5
106,136,13
106,137,4
106,138,3
106,139,1
106,140,7
106,142,4
106,143,4
106,144,6
106,145,12
106,146,12
106,148,3
106,149,6
106,150,3
106,153,3
106,154,5
106,155,4
106,157,10
106,158,3
106,159,2
106,160,2
106,161,12
106,163,10
106,164,1
106,165,2
106,166,10
106,167,2
106,168,3
106,169,7
106,170,1
106,171,1
106,173,1
106,174,3
106,175,36
106,176,22
106,177,12
106,178,7
106,179,5
106,180,3
106,181,1
106,182,14
106,183,4
106,184,57
106,185,4
106,186,1
106,187,1
106,188,3
106,189,24
106,190,2
106,192,11
106,193,7
106,194,11
106,195,9
106,196,5
106,197,8
106,198,5
106,200,1
106,201,7
106,202,3
106,203,3
106,204,1
106,205,3
106,206,84
106,208,4
106,210,11
106,212,22
106,213,24
106,214,3
106,215,21
106,216,7
106,217,26
106,218,3
106,219,28
106,221,1
106,224,1
106,225,30
106,226,2
106,227,1
106,228,6
106,229,1
106,230,8
106,231,2
106,232,1
106,234,10
106,235,6
106,236,12
106,237,7
106,238,5
106,239,6
106,240,6
106,241,2
106,242,3
106,243,4
106,245,4
106,246,3
106,247,10
106,248,4
106,249,8
106,250,8
106,251,7
106,252,15
106,253,2
106,254,7
106,255,9
106,256,1
106,257,11
106,258,8
106,259,4
106,260,8
106,261,11
106,262,4
106,263,15
106,264,6
106,265,64
106,266,659
106,267,3
106,268,7
106,269,9
106,270,12
106,271,1
106,272,7
106,273,11
106,274,3
106,275,8
106,276,15
106,277,13
106,278,7
106,279,33
106,280,2
106,281,29
106,282,4
106,283,13
106,284,1
106,285,18
106,286,9
106,287,13
106,288,9
106,289,3
106,290,5
106,291,4
106,292,34
106,293,4
106,294,7
106,295,68
106,296,1
106,297,13
106,298,6
106,299,14
106,300,11
106,301,9
107,0,34
107,2,2
107,3,8
107,4,2
107,5,3
107,6,1
107,7,3
107,8,10
107,10,7
107,12,1
107,13,2
107,17,1
107,18,2
107,19,1
107,20,2
107,22,3
107,23,4
107,24,4
107,25,1
107,30,1
107,31,9
107,32,2
107,34,1
107,35,8
107,38,1
107,39,2
107,41,5
107,42,1
107,43,1
107,44,3
107,47,1
107,48,1
107,50,3
107,52,1
107,53,1
107,54,1
107,55,3
107,56,1
107,57,1
107,59,1
107,60,6
107,61,12
107,62,7
107,64,2
107,66,3
107,67,2
107,70,1
107,72,2
107,73,1
107,74,4
107,75,1
107,77,3
107,78,2
107,79,9
107,80,3
107,81,3
107,82,2
107,83,6
107,84,3
107,85,1
107,86,3
107,89,2
107,90,2
107,91,1
107,92,2
107,94,2
107,95,25
107,96,1
107,97,5
107,98,1
107,99,1
107,100,1
107,101,48
107,102,18
107,103,23
107,105,18
107,106,26
107,109,4
107,112,3
107,113,3
107,114,4
107,115,4
107,117,2
107,118,2
107,119,3
107,120,9
107,121,3
107,122,6
107,123,4
107,124,5
107,125,4
107,126,1
107,127,2
107,128,3
107,129,2
107,130,2
107,131,3
107,132,5
107,134,2
107,135,1
107,136,7
107,137,2
107,139,1
107,140,2
107,143,2
107,144,1
107,145,2
107,146,1
107,149,1
107,153,2
107,154,4
107,157,2
107,158,2
107,159,2
107,161,5
107,163,5
107,164,1
107,165,1
107,166,2
107,169,5
107,170,1
107,171,7
107,174,1
107,175,13
107,176,5
107,177,3
107,178,1
107,179,2
107,180,3
107,181,2
107,182,9
107,183,4
107,184,4
107,187,1
107,189,12
107,192,2
107,193,3
107,194,4
107,195,4
107,196,2
107,197,3
107,200,2
107,203,1
107,204,2
107,206,76
107,208,2
107,210,5
107,211,1
107,212,6
107,213,5
107,214,1
107,215,5
107,216,2
107,217,6
107,219,5
107,223,1
107,225,4
107,226,1
107,227,2
107,228,3
107,230,1
107,231,1
107,234,2
107,235,5
107,236,3
107,237,4
107,239,3
107,240,4
107,241,2
107,242,3
107,245,3
107,246,2
107,247,6
107,249,1
107,250,1
107,252,1
107,254,3
107,255,4
107,256,5
107,257,1
107,259,4
107,260,3
107,261,19
107,262,1
107,263,6
107,264,4
107,265,17
107,266,186
107,267,1
107,268,6
107,269,2
107,270,5
107,271,5
107,272,1
107,273,9
107,274,1
107,275,8
107,276,1
107,277,3
107,278,3
107,279,12
107,280,2
107,281,17
107,282,3
107,283,4
107,284,1
107,285,6
107,286,1
107,287,3
107,288,5
107,289,2
107,290,1
107,291,4
107,292,32
107,293,4
107,294,1
107,295,26
107,297,2
107,298,4
107,299,15
107,300,4
107,301,3
108,0,1
108,1,1
108,2,5
108,3,2
108,4,2
108,5,5
108,6,15
108,7,18
108,8,5
108,9,3
108,10,2
108,13,1
108,15,1
108,20,3
108,22,1
108,25,1
108,30,1
108,31,1
108,34,1
108,35,1
108,38,4
108,41,1
108,43,1
108,45,10
108,46,7
108,47,9
108,48,8
108,49,1
108,50,5
108,51,4
108,53,1
108,54,2
108,55,12
108,56,14
108,57,8
108,58,4
108,61,3
108,62,3
108,63,3
108,64,1
108,66,22
108,68,9
108,69,2
108,70,1
108,72,3
108,73,3
108,74,2
108,78,2
108,79,2
108,80,5
108,81,2
108,82,1
108,83,3
108,84,2
108,85,2
108,88,21
108,89,23
108,90,2
108,92,2
108,96,2
108,97,5
108,98,1
108,99,1
108,100,14
108,104,3
108,106,5
108,109,1
108,112,2
108,113,2
108,114,3
108,118,1
108,120,1
108,121,5
108,123,18
108,124,1
108,125,1
108,126,4
108,127,2
108,128,1
108,129,2
108,131,4
108,132,2
108,133,4
108,134,6
108,135,1
108,136,4
108,137,6
108,138,1
108,139,2
108,142,2
108,143,1
108,144,4
108,145,2
108,146,1
108,149,1
108,152,1
108,156,1
108,157,1
108,159,1
108,163,2
108,165,3
108,169,4
108,170,5
108,171,2
108,173,1
108,174,2
108,175,4
108,177,2
108,178,1
108,179,3
108,180,1
108,181,1
108,182,2
108,183,2
108,184,2
108,188,5
108,189,1
108,191,2
108,193,3
108,194,5
108,195,3
108,196,3
108,197,4
108,198,1
108,200,2
108,201,1
108,203,1
108,204,1
108,205,1
108,206,2
108,207,1
108,210,31
108,213,1
108,214,3
108,215,5
108,216,25
108,222,1
108,224,3
108,225,1
108,226,2
108,227,1
108,230,1
108,232,3
108,233,2
108,234,3
108,235,2
108,236,2
108,237,3
108,239,2
108,240,1
108,241,2
108,243,5
108,244,2
108,246,7
108,247,1
108,248,2
108,250,1
108,251,4
108,254,1
108,257,1
108,258,1
108,259,6
108,261,3
108,262,6
108,263,11
108,264,1
108,265,5
108,266,10
108,267,2
108,268,9
108,272,1
108,273,4
108,274,5
108,275,1
108,277,3
108,278,5
108,279,5
108,281,3
108,285,3
108,286,4
108,287,2
108,288,16
108,289,4
108,290,1
108,291,1
108,292,1
108,293,1
108,294,3
108,295,9
108,296,3
108,297,8
108,299,1
108,300,3
108,301,1
109,0,1
109,1,1
109,2,9
109,5,2
109,6,2
109,7,4
109,9,1
109,13,1
109,15,1
109,16,1
109,21,2
109,23,1
109,26,1
109,28,1
109,34,2
109,50,2
109,51,1
109,55,2
109,56,1
109,60,1
109,61,5
109,62,4
109,64,1
109,66,2
109,68,1
109,70,1
109,72,1
109,73,2
109,74,4
109,78,1
109,81,2
109,85,1
109,86,3
109,90,1
109,96,1
109,110,39
109,111,6
109,112,11
109,113,21
109,114,17
109,115,27
109,116,4
109,117,15
109,118,25
109,119,6
109,120,20
109,121,13
109,122,19
109,123,7
109,126,6
109,129,3
109,130,1
109,131,1
109,132,1
109,133,1
109,134,2
109,135,1
109,136,2
109,138,1
109,153,3
109,155,1
109,161,4
109,164,1
109,167,1
109,170,2
109,174,1
109,175,1
109,176,1
109,180,1
109,181,1
109,182,4
109,184,1
109,187,1
109,188,1
109,191,5
109,192,1
109,193,2
109,194,1
109,195,2
109,196,2
109,197,1
109,199,1
109,202,2
109,203,1
109,207,1
109,210,2
109,211,2
109,212,1
109,216,2
109,217,2
109,220,1
109,221,1
109,223,1
109,225,2
109,226,1
109,227,6
109,230,2
109,231,1
109,233,2
109,235,2
109,237,2
109,238,1
109,239,2
109,240,1
109,241,2
109,243,4
109,247,3
109,248,4
109,250,1
109,254,3
109,255,4
109,256,1
109,257,2
109,259,3
109,260,3
109,261,1
109,263,4
109,264,3
109,265,8
109,267,3
109,268,4
109,269,1
109,270,2
109,271,2
109,272,1
109,273,2
109,274,7
109,275,1
109,278,18
109,279,1
109,281,6
109,282,3
109,284,3
109,285,1
109,286,3
109,287,2
109,288,16
109,289,4
109,290,3
109,295,3
109,296,1
109,297,3
109,298,4
109,300,2
110,0,2
110,2,6
110,3,1
110,4,1
110,6,1
110,7,4
110,8,1
110,9,1
110,26,2
110,30,1
110,56,2
110,61,4
110,68,1
110,72,1
110,76,1
110,77,1
110,81,2
110,89,2
110,90,1
110,97,3
110,101,1
110,109,68
110,111,11
110,112,12
110,113,24
110,114,11
110,115,13
110,116,2
110,117,4
110,118,17
110,120,11
110,121,5
110,122,5
110,123,3
110,126,2
110,128,1
110,129,2
110,131,1
110,132,2
110,134,2
110,136,1
110,138,1
110,139,3
110,157,1
110,160,1
110,163,2
110,171,1
110,191,3
110,193,3
110,195,1
110,196,1
110,197,2
110,206,2
110,211,1
110,212,2
110,217,1
110,224,1
110,226,1
110,227,1
110,234,2
110,235,1
110,236,5
110,238,1
110,239,1
110,240,1
110,242,1
110,243,1
110,248,2
110,249,1
110,251,1
110,254,4
110,256,1
110,257,1
110,259,6
110,262,1
110,263,5
110,264,2
110,268,3
110,269,1
110,270,2
110,271,1
110,273,2
110,274,5
110,275,1
110,278,6
110,279,4
110,281,5
110,286,1
110,288,8
110,289,2
110,293,1
110,295,1
110,300,2
110,301,1
111,0,1
111,2,1
111,5,1
111,6,1
111,7,1
111,9,1
111,25,2
111,43,1
111,44,1
111,61,1
111,83,1
111,91,1
111,98,1
111,99,1
111,109,7
111,110,4
111,112,20
111,113,5
111,114,3
111,115,3
111,117,3
111,118,8
111,120,5
111,121,5
111,122,7
111,123,1
111,126,1
111,129,2
111,136,2
111,138,1
111,139,1
111,149,1
111,161,1
111,182,1
111,183,1
111,189,1
111,217,1
111,230,1
111,255,2
111,257,1
111,259,1
111,263,1
111,265,2
111,272,1
111,273,1
111,274,3
111,276,2
111,278,2
111,280,1
111,281,1
111,285,1
111,286,1
111,287,2
111,288,3
111,289,1
111,298,1
111,301,2
112,0,2
112,2,4
112,6,1
112,7,2
112,8,3
112,9,1
112,10,1
112,24,2
112,25,1
112,39,1
112,44,1
112,49,1
112,56,1
112,57,1
112,58,1
112,62,1
112,66,1
112,68,2
112,73,1
112,76,1
112,84,1
112,85,1
112,88,1
112,98,2
112,106,1
112,107,1
112,109,14
112,110,17
112,111,5
112,113,19
112,114,11
112,115,8
112,116,1
112,117,3
112,118,11
112,119,4
112,120,10
112,121,13
112,122,17
112,123,8
112,126,1
112,128,2
112,131,1
112,132,2
112,133,1
112,136,1
112,139,2
112,140,1
112,142,1
112,146,1
112,153,2
112,160,1
112,161,2
112,165,1
112,169,1
112,170,2
112,171,1
112,174,1
112,175,3
112,177,1
112,186,2
112,187,1
112,188,1
112,191,3
112,192,2
112,197,1
112,208,1
112,209,3
112,213,1
112,219,1
112,227,3
112,232,1
112,236,2
112,239,1
112,242,1
112,243,2
112,245,1
112,248,3
112,255,2
112,256,4
112,257,1
112,259,3
112,260,2
112,262,2
112,263,4
112,265,2
112,268,1
112,269,1
112,270,2
112,271,4
112,273,3
112,274,7
112,277,2
112,278,13
112,279,3
112,281,1
112,283,1
112,285,3
112,287,1
112,288,4
112,290,1
112,295,1
112,297,1
112,301,1
113,0,9
113,2,18
113,3,5
113,4,3
113,5,4
113,6,2
113,7,7
113,8,3
113,10,2
113,11,1
113,20,1
113,22,1
113,24,3
113,25,5
113,26,1
113,31,1
113,34,1
113,35,1
113,38,1
113,39,3
113,41,2
113,43,1
113,46,1
113,47,2
113,55,4
113,56,1
113,61,5
113,62,2
113,64,1
113,66,2
113,67,1
113,70,1
113,71,2
113,75,2
113,76,1
113,77,1
113,78,1
113,81,2
113,82,1
113,83,4
113,84,2
113,90,7
113,93,1
113,97,1
113,98,2
113,99,1
113,100,2
113,102,2
113,105,2
113,106,2
113,107,3
113,109,116
113,110,104
113,111,16
113,112,38
113,114,129
113,115,92
113,116,43
113,117,20
113,118,38
113,119,19
113,120,34
113,121,28
113,122,44
113,123,17
113,126,11
113,129,3
113,130,2
113,131,9
113,132,4
113,134,5
113,135,1
113,136,3
113,138,2
113,139,5
113,142,1
113,143,1
113,145,2
113,149,1
113,153,4
113,157,1
113,161,1
113,162,2
113,163,3
113,165,2
113,166,2
113,169,3
113,170,4
113,171,2
113,174,3
113,175,1
113,176,2
113,178,1
113,179,1
113,180,1
113,181,1
113,182,1
113,183,1
113,188,1
113,191,4
113,194,2
113,195,2
113,196,2
113,197,4
113,200,1
113,206,3
113,208,1
113,210,2
113,212,2
113,213,1
113,214,1
113,215,1
113,216,1
113,217,4
113,219,4
113,220,1
113,222,1
113,224,1
113,225,4
113,226,2
113,227,2
113,228,2
113,229,1
113,231,2
113,232,2
113,233,1
113,234,2
113,236,5
113,237,2
113,238,3
113,239,3
113,240,1
113,241,2
113,242,1
113,243,3
113,245,3
113,247,1
113,248,8
113,250,2
113,251,2
113,252,1
113,254,1
113,255,3
113,256,2
113,257,9
113,259,3
113,260,3
113,262,3
113,263,7
113,264,3
113,265,5
113,267,3
113,268,7
113,269,1
113,270,8
113,271,4
113,273,2
113,274,20
113,275,2
113,277,7
113,278,11
113,279,4
113,281,4
113,282,2
113,283,2
113,284,7
113,285,2
113,286,4
113,287,2
113,288,18
113,289,3
113,290,1
113,291,1
113,292,2
113,293,1
113,295,2
113,296,1
113,297,5
113,298,3
113,301,2
114,2,6
114,3,2
114,4,1
114,7,1
114,8,4
114,9,1
114,11,1
114,16,1
114,22,1
114,24,1
114,34,1
114,41,1
114,44,1
114,51,1
114,57,1
114,60,1
114,61,1
114,78,1
114,83,1
114,93,1
114,95,1
114,96,1
114,97,2
114,100,1
114,108,2
114,109,9
114,110,13
114,111,2
114,112,11
114,113,32
114,115,19
114,116,2
114,117,3
114,118,11
114,119,4
114,120,8
114,121,13
114,122,9
114,123,7
114,126,4
114,127,1
114,131,1
114,134,2
114,136,1
114,138,1
114,145,1
114,155,1
114,160,1
114,161,2
114,165,1
114,169,3
114,170,1
114,171,2
114,175,1
114,177,1
114,179,1
114,180,1
114,183,1
114,189,1
114,191,1
114,193,1
114,194,1
114,196,1
114,197,1
114,198,1
114,200,2
114,201,2
114,202,1
114,203,3
114,205,2
114,208,2
114,214,1
114,219,3
114,228,1
114,229,1
114,232,1
114,235,2
114,236,1
114,238,1
114,240,3
114,241,1
114,248,2
114,255,1
114,256,3
114,259,2
114,260,1
114,263,1
114,265,3
114,268,3
114,270,2
114,271,1
114,273,7
114,274,2
114,278,5
114,279,2
114,281,10
114,282,3
114,287,2
114,288,6
114,295,1
114,297,3
114,301,1
115,0,5
115,2,20
115,3,5
115,4,4
115,6,7
115,7,1
115,8,1
115,10,1
115,11,2
115,15,1
115,17,1
115,24,1
115,25,1
115,26,1
115,30,2
115,32,1
115,35,1
115,39,2
115,41,1
115,43,1
115,44,1
115,53,1
115,56,1
115,60,1
115,61,2
115,62,1
115,63,1
115,72,2
115,73,1
115,74,1
115,75,1
115,76,3
115,77,2
115,78,1
115,84,1
115,86,3
115,90,1
115,97,1
115,103,4
115,104,4
115,105,4
115,106,1
115,107,2
115,109,55
115,110,47
115,111,10
115,112,48
115,113,86
115,114,29
115,116,22
115,117,22
115,118,19
115,119,16
115,120,19
115,121,19
115,122,16
115,123,14
115,126,7
115,128,1
115,129,5
115,130,2
115,131,4
115,133,1
115,134,4
115,136,1
115,138,3
115,139,2
115,141,1
115,142,1
115,143,1
115,145,2
115,146,3
115,153,3
115,154,3
115,160,1
115,165,3
115,169,1
115,170,1
115,171,6
115,175,4
115,176,2
115,177,1
115,178,1
115,179,1
115,182,1
115,183,4
115,184,2
115,187,1
115,189,1
115,190,1
115,193,1
115,194,2
115,196,2
115,197,1
115,198,1
115,203,1
115,205,1
115,207,1
115,208,2
115,210,1
115,212,2
115,213,2
115,217,1
115,219,3
115,223,1
115,224,2
115,225,4
115,227,3
115,228,1
115,229,1
115,232,2
115,234,1
115,235,1
115,236,3
115,237,2
115,238,2
115,239,3
115,240,1
115,242,2
115,243,1
115,245,3
115,246,2
115,248,1
115,250,1
115,251,3
115,254,1
115,255,2
115,257,5
115,259,2
115,260,2
115,262,2
115,263,5
115,264,3
115,265,6
115,266,1
115,268,3
115,270,6
115,271,4
115,273,8
115,274,8
115,275,3
115,276,1
115,277,2
115,278,14
115,279,3
115,281,6
115,282,4
115,285,1
115,286,2
115,288,15
115,289,3
115,290,4
115,292,5
115,293,1
115,297,11
115,298,1
115,299,2
115,300,2
116,0,2
116,2,6
116,3,2
116,8,1
116,11,1
116,26,1
116,47,1
116,61,1
116,83,2
116,84,1
116,88,1
116,93,2
116,95,1
116,98,1
116,104,1
116,105,2
116,107,3
116,109,9
116,110,3
116,111,1
116,112,4
116,113,14
116,114,7
116,115,8
116,117,10
116,118,4
116,119,3
116,120,3
116,121,3
116,122,5
116,123,3
116,124,1
116,126,1
116,131,2
116,133,1
116,138,1
116,139,3
116,142,1
116,146,2
116,165,1
116,170,3
116,171,1
116,174,1
116,179,1
116,180,1
116,189,2
116,194,1
116,196,1
116,201,1
116,203,1
116,206,1
116,210,1
116,219,3
116,225,2
116,227,1
116,229,1
116,230,2
116,234,1
116,236,1
116,238,2
116,239,1
116,243,1
116,248,1
116,249,1
116,257,2
116,259,1
116,260,1
116,263,2
116,265,2
116,266,1
116,268,2
116,271,4
116,273,2
116,274,7
116,275,1
116,278,1
116,281,1
116,283,2
116,285,1
116,286,2
116,287,1
116,288,2
116,289,3
116,297,1
116,300,1
117,0,1
117,1,1
117,2,9
117,3,1
117,4,1
117,5,1
117,6,2
117,7,5
117,8,2
117,9,1
117,18,1
117,22,2
117,24,1
117,31,1
117,35,1
117,38,1
117,41,1
117,44,1
117,45,1
117,48,1
117,51,1
117,52,1
117,56,1
117,60,2
117,61,7
117,62,5
117,64,1
117,68,1
117,70,1
117,72,2
117,77,1
117,78,1
117,80,1
117,81,1
117,82,2
117,86,1
117,88,1
117,94,1
117,97,3
117,99,1
117,101,1
117,105,1
117,108,1
117,109,50
117,110,18
117,111,2
117,112,30
117,113,51
117,114,21
117,115,27
117,116,11
117,118,10
117,119,12
117,120,17
117,121,10
117,122,7
117,123,11
117,124,1
117,126,7
117,127,1
117,128,2
117,129,2
117,130,1
117,131,3
117,132,1
117,133,1
117,134,4
117,136,4
117,138,2
117,139,2
117,143,1
117,145,2
117,149,1
117,159,1
117,160,1
117,161,3
117,163,2
117,166,1
117,169,1
117,170,4
117,171,1
117,173,2
117,175,1
117,176,1
117,178,1
117,179,2
117,180,1
117,181,2
117,182,5
117,183,5
117,184,4
117,189,1
117,192,1
117,193,1
117,195,2
117,196,2
117,198,1
117,200,1
117,203,1
117,210,1
117,212,2
117,213,2
117,215,1
117,216,2
117,217,3
117,219,1
117,224,2
117,225,1
117,226,1
117,227,3
117,229,3
117,232,2
117,234,2
117,235,2
117,236,1
117,237,4
117,238,1
117,239,4
117,240,2
117,241,6
117,243,2
117,244,1
117,245,2
117,248,1
117,252,1
117,255,1
117,257,2
117,259,5
117,260,5
117,261,1
117,263,9
117,264,1
117,265,5
117,266,2
117,267,1
117,268,4
117,269,1
117,270,5
117,271,1
117,273,3
117,274,10
117,276,1
117,277,1
117,278,10
117,279,3
117,281,7
117,283,1
117,284,1
117,285,2
117,286,1
117,287,2
117,288,9
117,289,4
117,290,2
117,292,1
117,293,1
117,294,1
117,295,2
117,297,2
117,298,1
117,299,3
117,300,4
117,301,2
118,0,3
118,1,1
118,2,9
118,3,3
118,4,4
118,5,1
118,6,1
118,7,3
118,8,3
118,10,1
118,15,1
118,21,1
118,25,2
118,27,1
118,30,1
118,39,2
118,41,1
118,43,1
118,44,1
118,45,1
118,48,1
118,59,2
118,61,1
118,62,1
118,64,1
118,65,1
118,66,1
118,67,1
118,76,2
118,77,1
118,78,2
118,79,12
118,80,1
118,83,1
118,89,2
118,90,1
118,91,4
118,94,1
118,95,2
118,96,1
118,97,2
118,102,1
118,104,4
118,106,1
118,108,2
118,109,117
118,110,68
118,111,5
118,112,28
118,113,64
118,114,46
118,115,31
118,116,7
118,117,12
118,119,11
118,120,18
118,121,19
118,122,16
118,123,11
118,126,10
118,129,6
118,130,2
118,131,6
118,132,2
118,133,3
118,134,2
118,136,3
118,138,4
118,139,7
118,142,3
118,143,1
118,144,2
118,145,2
118,147,2
118,148,1
118,149,1
118,153,3
118,160,2
118,163,2
118,169,1
118,170,2
118,171,4
118,174,1
118,175,6
118,176,4
118,177,1
118,178,1
118,179,3
118,180,1
118,182,2
118,183,2
118,184,2
118,187,1
118,189,1
118,191,4
118,192,1
118,193,1
118,194,1
118,197,3
118,200,3
118,202,2
118,204,1
118,206,1
118,207,2
118,211,1
118,212,3
118,213,4
118,215,2
118,216,1
118,217,4
118,219,3
118,221,1
118,222,1
118,223,1
118,225,5
118,226,2
118,229,1
118,230,1
118,231,1
118,232,1
118,234,2
118,235,3
118,236,3
118,237,2
118,238,2
118,240,2
118,241,1
118,243,4
118,244,2
118,248,3
118,249,1
118,251,2
118,257,3
118,259,4
118,260,3
118,261,3
118,262,1
118,263,3
118,264,1
118,265,4
118,268,9
118,271,2
118,273,6
118,274,4
118,278,13
118,279,5
118,281,1
118,282,3
118,283,1
118,284,1
118,285,2
118,286,1
118,287,1
118,288,3
118,289,2
118,290,2
118,292,1
118,293,1
118,295,2
118,297,7
118,298,4
118,300,3
118,301,1
119,0,6
119,1,2
119,2,15
119,3,1
119,4,1
119,5,1
119,6,2
119,7,2
119,12,1
119,18,1
119,20,1
119,21,1
119,22,1
119,24,1
119,25,1
119,26,1
119,30,1
119,34,1
119,35,1
119,39,4
119,45,3
119,49,1
119,50,1
119,53,1
119,54,1
119,57,2
119,58,2
119,60,1
119,61,5
119,62,1
119,68,1
119,74,1
119,76,1
119,77,1
119,78,2
119,79,1
119,80,1
119,86,1
119,88,1
119,90,5
119,97,3
119,99,2
119,100,4
119,101,4
119,103,1
119,106,1
119,109,47
119,110,24
119,111,4
119,112,22
119,113,47
119,114,30
119,115,35
119,116,12
119,117,8
119,118,27
119,120,31
119,121,18
119,122,10
119,123,15
119,124,1
119,125,2
119,126,9
119,129,1
119,130,3
119,131,1
119,132,3
119,134,2
119,135,1
119,136,1
119,138,3
119,139,2
119,140,1
119,142,2
119,143,1
119,145,1
119,146,1
119,150,1
119,152,1
119,153,3
119,154,1
119,161,1
119,163,2
119,165,1
119,166,2
119,168,1
119,170,5
119,171,6
119,176,2
119,177,1
119,178,2
119,182,1
119,188,3
119,189,1
119,191,2
119,192,1
119,193,2
119,194,4
119,195,1
119,196,4
119,198,1
119,199,1
119,200,1
119,201,1
119,202,2
119,203,1
119,204,2
119,205,1
119,206,1
119,208,1
119,210,3
119,211,1
119,212,3
119,213,2
119,214,1
119,215,1
119,216,1
119,217,4
119,219,3
119,222,1
119,223,2
119,224,2
119,225,3
119,226,1
119,227,2
119,229,1
119,230,4
119,231,1
119,232,1
119,234,1
119,235,1
119,236,1
119,237,1
119,238,5
119,239,2
119,241,2
119,243,2
119,244,2
119,245,1
119,246,1
119,248,2
119,249,2
119,250,1
119,251,1
119,255,7
119,257,1
119,258,1
119,259,1
119,260,5
119,263,3
119,264,2
119,265,7
119,266,1
119,267,1
119,268,4
119,270,1
119,271,11
119,273,3
119,274,14
119,275,2
119,276,4
119,277,3
119,278,12
119,279,2
119,281,3
119,282,4
119,285,1
119,287,1
119,288,7
119,289,1
119,290,1
119,291,1
119,293,3
119,296,2
119,297,3
119,298,1
119,299,1
119,300,3
119,301,3
120,0,9
120,1,1
120,2,30
120,3,5
120,4,5
120,6,9
120,7,7
120,8,10
120,9,3
120,13,2
120,15,2
120,17,1
120,18,2
120,20,4
120,23,1
120,24,1
120,25,6
120,26,1
120,27,1
120,30,4
120,31,2
120,33,1
120,34,2
120,35,1
120,36,3
120,38,2
120,39,4
120,41,3
120,43,2
120,44,5
120,45,1
120,46,1
120,48,3
120,49,1
120,50,1
120,53,1
120,55,1
120,56,3
120,57,1
120,58,2
120,60,9
120,61,13
120,62,2
120,64,3
120,66,2
120,67,2
120,68,1
120,71,6
120,72,1
120,74,1
120,75,3
120,76,7
120,77,7
120,78,11
120,79,1
120,80,3
120,81,2
120,82,1
120,83,1
120,86,1
120,88,1
120,89,2
120,90,4
120,93,2
120,96,1
120,97,2
120,98,1
120,99,1
120,100,2
120,102,6
120,104,1
120,105,1
120,106,4
120,107,1
120,109,80
120,110,50
120,111,9
120,112,61
120,113,79
120,114,54
120,115,46
120,116,19
120,117,14
120,118,15
120,119,43
120,121,30
120,122,22
120,123,26
120,125,2
120,126,18
120,127,1
120,128,5
120,129,8
120,130,2
120,131,9
120,132,4
120,133,3
120,134,5
120,136,17
120,138,9
120,139,2
120,142,1
120,143,4
120,144,2
120,145,3
120,146,1
120,147,1
120,148,1
120,149,2
120,153,4
120,154,2
120,155,1
120,157,1
120,160,2
120,161,2
120,163,2
120,165,6
120,166,1
120,169,3
120,170,5
120,171,7
120,174,3
120,175,8
120,176,4
120,177,2
120,178,2
120,179,3
120,180,1
120,182,2
120,183,3
120,184,1
120,185,1
120,188,1
120,189,2
120,191,2
120,193,1
120,194,1
120,195,3
120,196,4
120,197,2
120,200,1
120,206,4
120,210,2
120,211,5
120,212,4
120,215,2
120,216,2
120,217,5
120,219,8
120,221,1
120,222,1
120,224,3
120,225,10
120,226,5
120,227,4
120,228,2
120,229,1
120,230,2
120,232,3
120,233,3
120,234,1
120,236,5
120,237,5
120,238,1
120,239,5
120,241,10
120,242,1
120,243,9
120,245,2
120,246,1
120,248,8
120,249,3
120,251,3
120,253,1
120,254,2
120,255,2
120,256,4
120,257,9
120,259,5
120,260,3
120,261,1
120,262,1
120,263,8
120,264,2
120,265,14
120,266,2
120,267,1
120,268,7
120,270,5
120,271,8
120,272,2
120,273,13
120,274,26
120,275,3
120,277,7
120,278,10
120,279,11
120,281,12
120,282,10
120,283,3
120,284,2
120,285,9
120,286,3
120,287,5
120,288,12
120,289,12
120,290,3
120,291,2
120,292,2
120,293,4
120,295,10
120,297,16
120,298,2
120,299,1
120,300,6
120,301,3
121,0,8
121,1,1
121,2,48
121,3,2
121,4,5
121,5,6
121,6,5
121,7,7
121,8,8
121,9,5
121,11,1
121,13,1
121,16,1
121,17,1
121,18,1
121,20,5
121,21,1
121,22,2
121,23,2
121,24,1
121,25,4
121,26,1
121,27,1
121,28,1
121,30,2
121,31,1
121,35,1
121,38,1
121,39,4
121,41,1
121,43,1
121,44,2
121,48,3
121,53,2
121,54,5
121,58,2
121,59,1
121,60,3
121,61,7
121,62,5
121,64,1
121,66,3
121,70,1
121,71,1
121,72,2
121,73,2
121,74,4
121,75,2
121,76,4
121,77,5
121,78,1
121,79,3
121,80,3
121,84,2
121,86,1
121,90,6
121,91,1
121,95,1
121,96,8
121,97,6
121,98,2
121,100,11
121,101,3
121,102,1
121,103,1
121,105,3
121,106,2
121,107,1
121,109,44
121,110,42
121,111,23
121,112,44
121,113,85
121,114,50
121,115,34
121,116,7
121,117,18
121,118,27
121,119,18
121,120,76
121,122,36
121,123,15
121,124,3
121,125,1
121,126,22
121,128,3
121,129,7
121,130,4
121,131,5
121,132,3
121,133,6
121,134,4
121,136,13
121,138,8
121,139,2
121,142,1
121,143,2
121,144,3
121,146,2
121,148,1
121,149,2
121,150,1
121,152,1
121,153,15
121,155,1
121,157,3
121,159,1
121,160,1
121,161,5
121,163,2
121,165,6
121,166,2
121,169,8
121,170,6
121,171,6
121,173,1
121,174,3
121,175,4
121,177,2
121,178,3
121,179,2
121,180,1
121,181,1
121,182,2
121,183,4
121,184,1
121,187,1
121,188,1
121,189,2
121,191,2
121,193,1
121,194,4
121,195,4
121,196,5
121,197,3
121,198,2
121,200,3
121,204,1
121,205,1
121,206,4
121,211,1
121,212,7
121,213,1
121,215,2
121,216,2
121,217,6
121,218,1
121,219,2
121,221,2
121,222,1
121,224,4
121,225,10
121,226,2
121,227,5
121,229,3
121,230,7
121,231,1
121,232,5
121,233,5
121,234,5
121,235,5
121,236,6
121,237,5
121,238,2
121,239,4
121,240,5
121,241,6
121,242,1
121,243,5
121,244,2
121,245,1
121,246,1
121,248,13
121,249,1
121,250,2
121,251,3
121,254,1
121,255,3
121,256,3
121,257,7
121,259,11
121,260,11
121,261,4
121,262,4
121,263,8
121,264,8
121,265,11
121,266,3
121,267,5
121,268,11
121,269,4
121,270,11
121,271,10
121,273,17
121,274,44
121,275,3
121,276,1
121,277,7
121,278,20
121,279,10
121,280,1
121,281,13
121,282,11
121,283,3
121,284,5
121,285,8
121,286,2
121,287,7
121,288,12
121,289,12
121,290,7
121,292,8
121,293,3
121,295,12
121,296,2
121,297,11
121,298,6
121,300,3
121,301,4
122,0,17
122,1,3
122,2,54
122,3,8
122,4,6
122,5,5
122,6,8
122,7,4
122,8,14
122,9,4
122,10,1
122,11,1
122,16,2
122,18,3
122,20,4
122,21,1
122,23,1
122,24,1
122,25,2
122,26,2
122,27,3
122,29,1
122,31,6
122,34,3
122,38,4
122,39,6
122,41,3
122,42,1
122,44,3
122,46,2
122,49,1
122,50,2
122,53,1
122,58,1
122,59,2
122,60,7
122,61,11
122,62,4
122,64,2
122,65,3
122,66,10
122,68,2
122,69,2
122,70,2
122,72,1
122,73,2
122,74,3
122,75,4
122,76,5
122,77,9
122,78,2
122,80,2
122,81,2
122,83,1
122,85,3
122,87,3
122,89,1
122,90,6
122,91,1
122,95,2
122,96,4
122,97,8
122,98,2
122,99,2
122,100,5
122,101,1
122,102,1
122,103,1
122,104,1
122,105,8
122,106,4
122,107,2
122,108,2
122,109,67
122,110,40
122,111,8
122,112,54
122,113,53
122,114,30
122,115,37
122,116,10
122,117,17
122,118,26
122,119,9
122,120,23
122,121,46
122,123,24
122,124,1
122,125,3
122,126,23
122,127,4
122,128,2
122,129,9
122,130,7
122,131,11
122,132,5
122,133,4
122,134,7
122,135,2
122,136,31
122,138,5
122,139,8
122,140,1
122,141,1
122,142,2
122,143,1
122,144,2
122,145,4
122,146,2
122,147,2
122,148,2
122,149,5
122,153,7
122,157,5
122,158,1
122,160,3
122,161,2
122,163,1
122,164,1
122,165,8
122,166,5
122,169,6
122,170,7
122,171,2
122,175,7
122,176,5
122,178,3
122,179,3
122,180,5
122,181,1
122,182,5
122,183,6
122,184,1
122,185,1
122,186,1
122,188,3
122,189,1
122,190,2
122,191,4
122,192,2
122,193,3
122,194,2
122,195,8
122,196,5
122,197,1
122,199,2
122,200,1
122,201,2
122,203,3
122,205,4
122,206,12
122,207,1
122,208,1
122,210,2
122,212,10
122,213,2
122,214,2
122,215,2
122,216,5
122,217,17
122,219,9
122,222,4
122,223,4
122,224,1
122,225,19
122,226,8
122,227,3
122,228,1
122,229,2
122,230,4
122,231,2
122,232,6
122,234,3
122,235,1
122,236,3
122,237,10
122,239,3
122,240,4
122,241,11
122,242,1
122,243,14
122,244,1
122,245,1
122,246,3
122,248,10
122,249,1
122,251,2
122,253,1
122,254,6
122,255,10
122,256,3
122,257,18
122,258,1
122,259,5
122,260,15
122,261,3
122,262,3
122,263,7
122,264,5
122,265,11
122,266,4
122,267,1
122,268,10
122,269,2
122,270,15
122,271,16
122,272,3
122,273,22
122,274,39
122,275,5
122,277,8
122,278,26
122,279,17
122,281,25
122,282,10
122,283,1
122,284,11
122,285,7
122,286,2
122,287,4
122,288,8
122,289,23
122,290,7
122,291,1
122,292,6
122,293,2
122,295,13
122,296,3
122,297,14
122,298,6
122,299,3
122,300,7
122,301,8
123,0,9
123,1,4
123,2,40
123,3,4
123,4,12
123,5,1
123,6,5
123,7,11
123,8,9
123,9,13
123,10,2
123,12,1
123,13,2
123,15,1
123,16,1
123,17,1
123,18,1
123,19,2
123,20,1
123,21,1
123,22,2
123,23,1
123,24,2
123,25,1
123,26,4
123,27,2
123,30,5
123,31,4
123,32,1
123,34,2
123,35,2
123,36,1
123,38,2
123,39,6
123,40,1
123,41,2
123,44,7
123,46,2
123,48,2
123,53,1
123,55,2
123,56,2
123,57,1
123,58,2
123,59,2
123,60,6
123,61,12
123,62,8
123,64,2
123,66,3
123,67,3
123,68,5
123,71,2
123,73,1
123,74,3
123,75,3
123,76,1
123,77,4
123,78,3
123,79,5
123,80,2
123,81,3
123,82,1
123,83,6
123,84,6
123,85,1
123,86,2
123,88,3
123,89,6
123,90,8
123,93,4
123,94,2
123,95,3
123,96,8
123,97,7
123,98,2
123,100,2
123,101,3
123,102,2
123,103,2
123,105,3
123,107,1
123,108,12
123,109,52
123,110,40
123,111,6
123,112,33
123,113,76
123,114,67
123,115,35
123,116,21
123,117,24
123,118,56
123,119,23
123,120,58
123,121,55
123,122,47
123,124,3
123,125,1
123,126,27
123,127,4
123,128,2
123,129,10
123,130,9
123,131,7
123,132,10
123,133,7
123,134,14
123,135,1
123,136,33
123,137,1
123,138,7
123,139,3
123,140,1
123,141,3
123,142,3
123,143,2
123,144,3
123,145,3
123,146,1
123,148,2
123,149,2
123,153,5
123,155,5
123,157,3
123,159,2
123,160,4
123,161,6
123,163,5
123,165,6
123,166,2
123,168,2
123,169,9
123,170,2
123,171,8
123,172,1
123,174,7
123,175,9
123,176,9
123,177,7
123,179,1
123,180,4
123,181,2
123,182,4
123,183,13
123,184,1
123,185,3
123,188,2
123,189,2
123,190,2
123,191,3
123,192,4
123,193,5
123,194,6
123,195,8
123,196,8
123,197,6
123,198,1
123,200,3
123,201,5
123,202,1
123,203,1
123,205,1
123,206,8
123,207,1
123,210,3
123,211,1
123,212,12
123,213,1
123,214,4
123,215,6
123,216,5
123,217,16
123,219,8
123,221,2
123,223,4
123,224,3
123,225,17
123,226,3
123,227,7
123,228,2
123,229,2
123,230,3
123,231,4
123,232,2
123,233,1
123,234,1
123,235,6
123,236,6
123,237,5
123,238,4
123,239,4
123,240,2
123,241,9
123,243,14
123,244,4
123,245,1
123,246,2
123,247,4
123,248,10
123,249,1
123,250,1
123,251,4
123,252,1
123,254,3
123,255,4
123,256,4
123,257,14
123,258,1
123,259,13
123,260,9
123,261,3
123,262,4
123,263,12
123,264,6
123,265,14
123,266,5
123,267,1
123,268,8
123,269,3
123,270,17
123,271,18
123,272,2
123,273,5
123,274,37
123,275,5
123,276,2
123,277,16
123,278,36
123,279,6
123,281,9
123,282,10
123,284,4
123,285,6
123,286,5
123,287,3
123,288,15
123,289,14
123,290,7
123,291,1
123,292,6
123,293,4
123,295,17
123,296,3
123,297,20
123,298,3
123,299,2
123,300,13
123,301,4
124,0,1
124,1,2
124,2,1
124,4,1
124,5,1
124,6,1
124,7,3
124,8,1
124,10,1
124,12,2
124,13,1
124,15,1
124,18,2
124,20,1
124,21,1
124,26,1
124,30,2
124,31,10
124,34,3
124,35,1
124,39,1
124,42,1
124,45,1
124,47,1
124,56,1
124,58,1
124,64,1
124,65,1
124,68,1
124,69,2
124,70,3
124,71,3
124,73,5
124,74,11
124,75,1
124,78,2
124,79,3
124,80,5
124,81,1
124,82,2
124,83,3
124,84,3
124,85,1
124,86,3
124,91,1
124,94,2
124,96,1
124,98,2
124,100,1
124,102,2
124,103,1
124,105,2
124,107,1
124,108,2
124,113,4
124,114,1
124,115,1
124,116,1
124,117,1
124,118,1
124,120,1
124,122,4
124,123,1
124,125,12
124,126,2
124,127,2
124,128,4
124,131,1
124,133,1
124,136,3
124,138,1
124,139,1
124,140,15
124,141,1
124,144,2
124,145,2
124,149,2
124,153,2
124,154,1
124,155,7
124,156,2
124,157,8
124,158,1
124,159,12
124,160,1
124,161,18
124,162,4
124,163,31
124,164,5
124,166,8
124,168,1
124,170,1
124,171,1
124,172,4
124,173,2
124,174,1
124,175,4
124,177,1
124,178,1
124,183,1
124,187,3
124,191,1
124,192,2
124,193,2
124,195,1
124,197,1
124,200,1
124,201,1
124,203,1
124,205,1
124,207,1
124,210,2
124,214,1
124,216,1
124,217,1
124,222,1
124,227,3
124,228,1
124,233,1
124,235,2
124,236,2
124,237,2
124,238,1
124,239,1
124,240,4
124,241,1
124,242,4
124,246,2
124,249,1
124,255,2
124,259,1
124,263,1
124,264,10
124,265,1
124,266,3
124,267,1
124,268,4
124,269,4
124,270,1
124,273,4
124,274,1
124,275,6
124,276,17
124,278,3
124,279,1
124,280,3
124,281,5
124,284,2
124,286,18
124,288,4
124,289,5
124,290,3
124,292,1
124,293,2
124,295,17
124,297,3
124,298,2
124,300,1
124,301,1
125,0,1
125,1,4
125,2,2
125,3,3
125,4,1
125,5,4
125,6,2
125,8,5
125,18,2
125,20,1
125,21,1
125,25,1
125,26,2
125,31,13
125,32,1
125,34,2
125,35,1
125,39,1
125,42,1
125,44,1
125,47,1
125,59,1
125,60,1
125,61,4
125,64,5
125,65,1
125,66,2
125,69,2
125,70,2
125,72,1
125,73,3
125,74,15
125,75,1
125,76,3
125,77,1
125,78,1
125,79,4
125,80,3
125,81,4
125,83,3
125,86,1
125,87,1
125,88,1
125,89,2
125,90,3
125,91,3
125,92,1
125,94,8
125,96,2
125,97,1
125,98,1
125,99,2
125,101,1
125,103,3
125,106,3
125,107,2
125,108,1
125,110,1
125,113,3
125,115,2
125,119,1
125,120,2
125,124,19
125,127,1
125,128,2
125,129,1
125,131,1
125,133,4
125,134,2
125,136,3
125,138,2
125,139,2
125,140,11
125,143,1
125,144,3
125,145,5
125,146,1
125,148,2
125,149,1
125,153,2
125,155,5
125,156,3
125,157,6
125,158,5
125,159,14
125,160,2
125,161,12
125,162,2
125,163,15
125,164,5
125,165,1
125,166,16
125,168,2
125,169,3
125,170,1
125,171,3
125,172,2
125,173,2
125,174,2
125,175,7
125,178,1
125,180,1
125,182,2
125,183,2
125,186,3
125,187,4
125,188,1
125,190,2
125,192,2
125,194,1
125,195,1
125,196,1
125,197,4
125,198,1
125,204,1
125,206,1
125,208,2
125,212,2
125,213,1
125,215,1
125,216,4
125,217,1
125,221,1
125,224,2
125,227,3
125,228,1
125,229,1
125,230,4
125,232,1
125,234,3
125,235,3
125,237,1
125,238,1
125,239,2
125,240,3
125,243,3
125,250,2
125,255,3
125,256,2
125,257,1
125,259,2
125,261,2
125,262,2
125,263,1
125,264,9
125,265,2
125,266,4
125,268,5
125,269,7
125,273,1
125,274,2
125,275,10
125,276,36
125,277,1
125,278,1
125,279,1
125,280,1
125,281,2
125,284,3
125,285,1
125,286,11
125,287,3
125,288,5
125,289,7
125,290,1
125,291,1
125,292,5
125,293,5
125,295,19
125,297,1
125,299,1
125,300,1
125,301,5
126,0,32
126,1,3
126,2,283
126,3,11
126,4,10
126,5,5
126,6,24
126,7,15
126,8,34
126,9,12
126,10,2
126,12,2
126,15,2
126,16,4
126,17,2
126,18,6
126,19,1
126,20,2
126,21,3
126,22,1
126,23,4
126,24,2
126,25,2
126,26,4
126,29,1
126,30,5
126,31,1
126,32,1
126,33,2
126,34,3
126,35,4
126,38,1
126,39,11
126,41,3
126,42,3
126,43,8
126,44,7
126,45,2
126,46,1
126,47,2
126,48,1
126,49,1
126,51,1
126,52,2
126,53,5
126,55,5
126,56,5
126,57,2
126,58,8
126,59,3
126,60,14
126,61,42
126,62,34
126,63,2
126,64,5
126,66,4
126,67,9
126,68,6
126,69,1
126,70,1
126,71,6
126,72,6
126,73,8
126,74,3
126,75,9
126,76,11
126,77,9
126,79,11
126,80,3
126,81,17
126,82,2
126,83,5
126,84,5
126,85,2
126,86,5
126,88,4
126,89,4
126,90,13
126,91,5
126,92,1
126,93,11
126,94,3
126,95,13
126,96,13
126,97,25
126,98,6
126,99,3
126,100,8
126,101,11
126,102,2
126,103,3
126,104,3
126,105,6
126,106,2
126,107,4
126,108,2
126,109,65
126,110,28
126,111,17
126,112,54
126,113,85
126,114,63
126,115,72
126,116,41
126,117,44
126,118,41
126,119,55
126,120,77
126,121,110
126,122,68
126,123,45
126,124,4
126,125,2
126,127,4
126,128,6
126,129,23
126,130,17
126,131,16
126,132,13
126,133,12
126,134,22
126,135,5
126,136,40
126,138,14
126,139,5
126,140,5
126,141,3
126,142,10
126,143,2
126,144,5
126,145,7
126,146,2
126,148,2
126,149,3
126,150,1
126,153,5
126,154,2
126,155,3
126,157,1
126,158,1
126,159,3
126,160,5
126,161,5
126,163,3
126,164,1
126,165,45
126,166,3
126,169,25
126,170,9
126,171,10
126,173,1
126,174,17
126,175,30
126,176,16
126,177,14
126,178,13
126,179,3
126,180,5
126,182,22
126,183,10
126,184,13
126,185,1
126,186,2
126,187,5
126,188,4
126,189,4
126,190,3
126,191,10
126,192,6
126,193,10
126,194,17
126,195,15
126,196,21
126,197,7
126,198,4
126,200,4
126,201,7
126,203,4
126,205,5
126,206,14
126,207,1
126,208,4
126,210,8
126,211,2
126,212,46
126,213,1
126,214,3
126,215,3
126,216,12
126,217,50
126,218,2
126,219,31
126,220,2
126,221,3
126,222,11
126,223,7
126,224,14
126,225,30
126,226,22
126,227,8
126,228,1
126,229,1
126,230,4
126,231,4
126,232,15
126,233,4
126,234,10
126,235,12
126,236,19
126,237,16
126,238,13
126,239,7
126,240,4
126,241,21
126,242,6
126,243,40
126,244,10
126,245,5
126,246,5
126,247,4
126,248,28
126,249,3
126,250,2
126,251,2
126,252,3
126,254,5
126,255,16
126,256,10
126,257,27
126,258,2
126,259,10
126,260,27
126,261,7
126,262,3
126,263,29
126,264,12
126,265,63
126,266,12
126,267,2
126,268,22
126,269,4
126,270,26
126,271,48
126,273,24
126,274,149
126,275,6
126,276,1
126,277,16
126,278,54
126,279,32
126,280,1
126,281,33
126,282,26
126,283,13
126,284,6
126,285,19
126,286,4
126,287,19
126,288,12
126,289,40
126,290,8
126,291,3
126,292,18
126,293,14
126,294,3
126,295,92
126,296,1
126,297,35
126,298,3
126,299,9
126,300,7
126,301,5
127,0,1
127,1,11
127,2,5
127,3,1
127,4,5
127,6,1
127,7,1
127,8,1
127,9,1
127,15,1
127,17,1
127,18,6
127,21,1
127,22,1
127,24,1
127,26,3
127,30,3
127,31,5
127,34,2
127,35,3
127,38,1
127,44,1
127,58,3
127,59,4
127,60,1
127,61,4
127,62,3
127,64,2
127,65,4
127,66,1
127,69,7
127,70,11
127,71,9
127,73,11
127,74,39
127,77,3
127,78,2
127,79,2
127,81,2
127,86,5
127,87,1
127,88,1
127,89,1
127,90,1
127,91,3
127,93,7
127,94,3
127,96,10
127,97,4
127,98,1
127,100,2
127,110,1
127,113,1
127,115,4
127,117,1
127,118,1
127,121,1
127,124,7
127,125,3
127,126,2
127,128,7
127,129,2
127,130,2
127,131,2
127,132,1
127,134,1
127,135,2
127,136,1
127,138,12
127,139,11
127,140,16
127,141,1
127,142,2
127,143,4
127,144,10
127,145,2
127,146,2
127,148,3
127,149,3
127,154,2
127,155,18
127,156,2
127,157,2
127,158,14
127,159,22
127,161,11
127,162,7
127,163,7
127,164,6
127,165,1
127,166,11
127,168,10
127,173,3
127,174,2
127,175,2
127,176,1
127,177,2
127,178,2
127,182,2
127,184,2
127,187,1
127,188,3
127,193,2
127,196,1
127,197,2
127,203,1
127,206,1
127,207,1
127,211,1
127,212,1
127,213,1
127,217,2
127,218,1
127,219,2
127,223,1
127,224,1
127,225,2
127,226,1
127,227,1
127,230,2
127,231,1
127,234,3
127,235,2
127,236,2
127,237,4
127,238,1
127,239,5
127,240,6
127,241,1
127,243,2
127,246,1
127,247,2
127,248,1
127,255,2
127,256,1
127,257,1
127,259,4
127,261,2
127,262,2
127,264,26
127,265,2
127,267,2
127,268,4
127,269,9
127,270,3
127,273,7
127,274,1
127,276,8
127,277,3
127,278,1
127,279,1
127,280,1
127,281,12
127,282,1
127,283,1
127,284,1
127,285,1
127,286,2
127,288,11
127,289,8
127,290,3
127,291,1
127,292,2
127,293,1
127,295,2
127,296,1
127,297,2
127,298,1
127,300,2
127,301,4
128,0,1
128,1,23
128,2,6
128,3,1
128,4,9
128,5,2
128,6,5
128,7,2
128,8,1
128,10,1
128,13,1
128,15,1
128,18,3
128,19,2
128,20,5
128,21,3
128,22,4
128,25,2
128,26,2
128,28,1
128,29,2
128,30,3
128,31,4
128,35,5
128,37,1
128,38,3
128,39,7
128,43,6
128,44,5
128,45,1
128,47,2
128,50,1
128,52,1
128,54,2
128,55,1
128,58,5
128,59,14
128,61,4
128,62,1
128,64,12
128,65,7
128,66,1
128,69,19
128,70,11
128,71,9
128,72,3
128,73,13
128,74,33
128,75,1
128,76,4
128,77,1
128,79,2
128,80,2
128,81,3
128,82,2
128,83,2
128,84,2
128,85,1
128,86,1
128,90,2
128,91,6
128,93,8
128,94,2
128,95,1
128,96,5
128,97,10
128,102,1
128,104,1
128,106,2
128,113,4
128,115,1
128,117,1
128,118,1
128,120,2
128,121,2
128,122,4
128,123,1
128,124,1
128,125,3
128,126,4
128,127,15
128,129,4
128,130,1
128,131,4
128,132,2
128,133,1
128,134,6
128,135,6
128,138,12
128,139,9
128,140,20
128,141,2
128,142,5
128,143,3
128,144,7
128,145,7
128,146,7
128,147,1
128,148,1
128,149,5
128,151,1
128,153,2
128,155,13
128,156,5
128,158,9
128,159,20
128,161,3
128,162,5
128,164,6
128,165,2
128,167,1
128,168,10
128,170,1
128,171,1
128,173,2
128,174,2
128,175,10
128,176,9
128,177,3
128,178,5
128,182,1
128,183,3
128,184,1
128,188,3
128,189,1
128,191,2
128,192,2
128,193,1
128,194,2
128,195,4
128,196,1
128,197,1
128,199,1
128,202,1
128,206,3
128,210,1
128,212,5
128,213,1
128,214,2
128,216,3
128,217,5
128,219,9
128,221,2
128,222,1
128,223,2
128,225,2
128,226,1
128,227,4
128,229,3
128,230,6
128,232,3
128,234,7
128,235,5
128,236,4
128,237,5
128,238,6
128,239,9
128,240,12
128,241,1
128,242,1
128,243,6
128,247,2
128,248,6
128,249,1
128,255,2
128,256,1
128,257,1
128,259,2
128,260,2
128,261,1
128,262,3
128,263,2
128,264,28
128,265,6
128,266,1
128,268,2
128,269,15
128,270,5
128,271,1
128,273,15
128,275,2
128,276,4
128,277,12
128,278,4
128,279,1
128,281,3
128,282,2
128,283,3
128,284,1
128,285,3
128,286,8
128,287,2
128,288,9
128,289,20
128,290,7
128,293,1
128,294,1
128,295,10
128,296,1
128,297,4
128,298,2
128,299,1
128,300,1
129,0,11
129,1,3
129,2,34
129,3,12
129,4,17
129,5,14
129,6,16
129,7,8
129,8,4
129,9,5
129,10,1
129,11,13
129,12,9
129,13,10
129,15,6
129,16,10
129,18,4
129,19,1
129,20,3
129,21,4
129,22,1
129,23,8
129,24,4
129,25,4
129,26,3
129,27,1
129,29,3
129,30,2
129,31,2
129,33,1
129,34,4
129,35,3
129,38,6
129,39,2
129,41,4
129,42,2
129,43,5
129,44,3
129,45,3
129,46,6
129,47,2
129,48,2
129,52,2
129,53,11
129,54,2
129,55,4
129,56,2
129,57,1
129,61,1
129,62,2
129,64,2
129,65,4
129,66,7
129,67,1
129,68,5
129,70,3
129,71,2
129,72,3
129,73,2
129,74,4
129,75,9
129,76,2
129,77,5
129,78,6
129,79,6
129,80,3
129,81,10
129,82,2
129,83,2
129,84,3
129,85,2
129,86,2
129,88,5
129,89,2
129,90,1
129,91,1
129,92,6
129,93,1
129,94,1
129,95,1
129,96,2
129,97,5
129,98,5
129,99,9
129,100,5
129,104,6
129,105,1
129,106,3
129,108,5
129,109,3
129,110,1
129,111,2
129,112,2
129,113,7
129,114,2
129,115,2
129,116,2
129,117,8
129,118,5
129,119,4
129,120,3
129,121,4
129,122,10
129,123,5
129,125,4
129,126,5
129,127,1
129,128,2
129,131,110
129,132,54
129,133,43
129,134,71
129,135,5
129,136,9
129,137,3
129,138,31
129,139,14
129,141,2
129,142,4
129,143,3
129,144,5
129,145,13
129,146,4
129,148,1
129,149,5
129,150,1
129,153,5
129,154,2
129,155,1
129,157,3
129,158,1
129,159,2
129,161,6
129,162,1
129,163,1
129,164,1
129,165,1
129,166,4
129,167,3
129,169,2
129,171,2
129,173,1
129,175,7
129,176,3
129,177,7
129,178,3
129,179,3
129,180,1
129,182,3
129,183,5
129,184,2
129,187,3
129,188,6
129,190,1
129,191,1
129,192,5
129,193,5
129,194,2
129,195,6
129,196,2
129,197,4
129,198,3
129,200,2
129,201,1
129,202,4
129,206,3
129,208,2
129,209,1
129,210,9
129,211,1
129,212,3
129,215,4
129,216,6
129,219,3
129,222,2
129,224,3
129,225,2
129,226,5
129,227,3
129,228,3
129,229,7
129,232,5
129,233,1
129,234,3
129,235,3
129,236,4
129,237,7
129,238,4
129,239,3
129,240,3
129,241,6
129,242,4
129,243,10
129,244,5
129,245,2
129,246,6
129,247,1
129,248,8
129,249,1
129,251,2
129,255,12
129,256,3
129,257,2
129,259,1
129,260,5
129,261,1
129,262,8
129,263,6
129,264,7
129,265,9
129,266,2
129,267,111
129,268,253
129,269,3
129,270,5
129,271,4
129,272,1
129,273,28
129,274,6
129,275,3
129,276,1
129,278,5
129,279,12
129,281,23
129,282,8
129,283,2
129,284,1
129,285,3
129,286,2
129,287,2
129,288,44
129,289,34
129,291,3
129,292,1
129,293,4
129,294,1
129,295,81
129,296,4
129,297,61
129,298,11
129,300,6
129,301,8
130,0,7
130,1,3
130,2,6
130,3,3
130,4,12
130,5,3
130,7,4
130,8,4
130,9,1
130,12,2
130,15,1
130,17,1
130,18,1
130,19,1
130,22,1
130,24,1
130,26,1
130,27,1
130,30,3
130,33,1
130,34,2
130,35,1
130,38,1
130,42,1
130,43,1
130,44,5
130,45,1
130,49,1
130,53,2
130,54,1
130,56,1
130,58,2
130,59,2
130,61,1
130,64,2
130,65,1
130,66,1
130,67,1
130,69,1
130,70,2
130,71,1
130,73,1
130,74,6
130,76,3
130,77,1
130,79,2
130,80,3
130,81,1
130,83,1
130,84,3
130,86,1
130,87,1
130,88,1
130,90,2
130,91,3
130,92,1
130,93,7
130,95,2
130,96,9
130,97,9
130,100,1
130,101,1
130,102,1
130,103,1
130,105,3
130,106,3
130,109,3
130,112,2
130,113,2
130,114,1
130,115,3
130,117,4
130,118,6
130,119,1
130,120,5
130,121,3
130,122,9
130,123,12
130,124,1
130,126,9
130,127,1
130,128,3
130,129,4
130,131,3
130,132,1
130,133,1
130,134,2
130,135,1
130,136,4
130,138,9
130,139,3
130,140,4
130,143,3
130,144,3
130,145,6
130,148,3
130,149,3
130,153,1
130,154,1
130,155,1
130,157,2
130,158,1
130,159,2
130,163,1
130,165,3
130,168,2
130,171,2
130,173,1
130,175,8
130,176,6
130,177,8
130,178,4
130,180,1
130,182,6
130,183,9
130,185,9
130,186,1
130,188,5
130,189,2
130,190,1
130,191,1
130,192,1
130,195,1
130,196,2
130,200,1
130,201,2
130,202,2
130,203,1
130,205,1
130,210,1
130,211,3
130,212,9
130,213,1
130,217,16
130,219,12
130,225,15
130,226,1
130,227,1
130,235,1
130,236,5
130,237,3
130,238,2
130,239,3
130,240,1
130,241,3
130,242,1
130,243,9
130,244,1
130,245,1
130,248,2
130,249,4
130,251,1
130,254,2
130,255,1
130,256,5
130,259,5
130,260,7
130,261,2
130,262,5
130,263,5
130,264,3
130,265,6
130,266,1
130,267,1
130,269,4
130,270,33
130,271,6
130,272,1
130,273,3
130,274,10
130,277,14
130,278,5
130,279,4
130,281,1
130,282,2
130,283,1
130,285,2
130,286,1
130,287,3
130,288,2
130,289,7
130,290,9
130,292,4
130,293,1
130,295,4
130,297,3
130,300,3
131,0,41
131,1,17
131,2,102
131,3,34
131,4,59
131,5,4
131,6,95
131,7,29
131,8,11
131,9,16
131,10,11
131,11,10
131,12,7
131,13,10
131,14,2
131,15,9
131,16,3
131,17,1
131,18,13
131,19,3
131,20,5
131,21,7
131,22,9
131,23,8
131,24,18
131,25,10
131,26,16
131,27,4
131,28,1
131,29,2
131,30,11
131,31,11
131,33,3
131,34,19
131,35,13
131,36,1
131,38,22
131,39,6
131,41,18
131,42,1
131,43,12
131,44,14
131,45,12
131,46,3
131,47,15
131,48,4
131,49,2
131,50,10
131,53,13
131,54,6
131,55,8
131,56,22
131,57,13
131,58,7
131,59,5
131,60,9
131,61,23
131,62,14
131,63,1
131,64,9
131,65,7
131,66,25
131,67,2
131,68,15
131,69,5
131,70,6
131,71,9
131,72,10
131,73,23
131,74,23
131,75,17
131,76,21
131,77,12
131,78,5
131,79,27
131,80,17
131,81,28
131,82,16
131,83,9
131,84,14
131,85,7
131,86,19
131,88,23
131,89,20
131,90,9
131,92,5
131,93,8
131,94,3
131,95,4
131,96,5
131,97,22
131,98,9
131,99,9
131,100,30
131,101,2
131,102,1
131,103,3
131,104,7
131,105,5
131,106,9
131,107,1
131,108,15
131,109,22
131,110,14
131,111,3
131,112,18
131,113,24
131,114,21
131,115,38
131,116,9
131,117,9
131,118,22
131,119,12
131,120,30
131,121,25
131,122,15
131,123,15
131,124,14
131,125,15
131,126,8
131,127,25
131,128,16
131,129,619
131,130,13
131,132,150
131,133,127
131,134,284
131,135,2
131,136,12
131,137,13
131,138,48
131,139,61
131,140,4
131,141,6
131,142,23
131,143,27
131,144,40
131,145,49
131,146,40
131,147,4
131,148,27
131,149,17
131,150,6
131,151,1
131,153,21
131,154,2
131,155,10
131,156,1
131,157,6
131,158,5
131,159,7
131,160,6
131,161,16
131,162,3
131,163,18
131,164,3
131,165,5
131,166,7
131,167,2
131,168,3
131,169,13
131,170,19
131,171,3
131,173,4
131,174,5
131,175,39
131,176,32
131,177,13
131,178,7
131,179,19
131,180,4
131,181,14
131,182,16
131,183,17
131,184,12
131,185,1
131,186,1
131,187,3
131,188,14
131,189,1
131,190,7
131,191,13
131,192,18
131,193,10
131,194,19
131,195,29
131,196,26
131,197,20
131,198,7
131,199,1
131,200,7
131,201,6
131,202,1
131,203,5
131,204,3
131,205,7
131,206,16
131,207,3
131,208,8
131,210,31
131,211,3
131,212,35
131,213,3
131,214,8
131,215,31
131,216,22
131,217,32
131,219,26
131,221,3
131,222,1
131,223,4
131,224,15
131,225,23
131,226,14
131,227,11
131,228,18
131,229,16
131,230,13
131,231,2
131,232,7
131,233,4
131,234,13
131,235,5
131,236,11
131,237,7
131,238,13
131,239,9
131,240,1
131,241,42
131,242,15
131,243,14
131,244,3
131,245,14
131,246,10
131,247,14
131,248,17
131,249,11
131,250,2
131,251,15
131,252,2
131,253,3
131,254,17
131,255,53
131,256,8
131,257,16
131,259,27
131,260,14
131,261,14
131,262,9
131,263,44
131,264,66
131,265,33
131,266,8
131,267,225
131,268,231
131,269,13
131,270,17
131,271,9
131,272,10
131,273,53
131,274,18
131,275,8
131,276,4
131,277,14
131,278,42
131,279,30
131,280,2
131,281,73
131,282,11
131,283,9
131,284,5
131,285,9
131,286,10
131,287,12
131,288,45
131,289,52
131,290,10
131,291,3
131,292,12
131,293,6
131,294,7
131,295,281
131,296,10
131,297,251
131,298,11
131,299,5
131,300,17
131,301,8
132,0,7
132,1,2
132,2,42
132,3,10
132,4,16
132,5,2
132,6,44
132,7,5
132,8,8
132,9,1
132,10,1
132,11,2
132,12,2
132,13,4
132,15,3
132,18,1
132,20,1
132,21,4
132,22,1
132,23,2
132,25,1
132,26,2
132,27,1
132,30,1
132,34,4
132,35,2
132,37,1
132,38,3
132,39,2
132,41,4
132,43,3
132,44,3
132,45,2
132,46,1
132,47,3
132,48,1
132,53,1
132,54,2
132,55,2
132,56,2
132,57,4
132,59,2
132,61,10
132,64,4
132,66,2
132,67,1
132,69,2
132,71,1
132,73,2
132,74,3
132,75,5
132,76,3
132,77,2
132,78,5
132,79,6
132,80,8
132,81,3
132,83,7
132,84,2
132,85,1
132,86,6
132,88,2
132,89,6
132,93,1
132,94,1
132,96,1
132,97,3
132,98,3
132,99,3
132,100,4
132,101,1
132,102,1
132,104,2
132,106,2
132,108,1
132,109,4
132,110,2
132,111,1
132,112,8
132,113,8
132,115,3
132,116,1
132,118,3
132,119,2
132,120,1
132,121,2
132,122,6
132,123,8
132,125,1
132,126,5
132,127,3
132,128,3
132,129,167
132,130,1
132,131,106
132,133,45
132,134,99
132,136,3
132,137,2
132,138,19
132,139,21
132,140,2
132,141,2
132,142,4
132,143,4
132,144,4
132,145,8
132,146,5
132,147,1
132,148,2
132,149,6
132,150,1
132,152,2
132,153,7
132,157,1
132,158,1
132,159,1
132,161,2
132,162,1
132,163,2
132,164,1
132,165,2
132,166,2
132,167,1
132,170,14
132,171,4
132,174,1
132,175,3
132,177,2
132,180,2
132,181,4
132,182,3
132,183,1
132,184,3
132,187,1
132,188,4
132,189,3
132,190,1
132,191,1
132,192,4
132,193,1
132,194,3
132,195,3
132,196,4
132,197,2
132,198,1
132,200,1
132,206,2
132,207,3
132,208,1
132,210,7
132,214,3
132,215,6
132,216,6
132,217,1
132,219,3
132,223,1
132,225,3
132,226,2
132,227,3
132,228,2
132,229,5
132,230,4
132,232,1
132,236,4
132,237,3
132,241,2
132,243,1
132,244,1
132,245,5
132,246,4
132,247,1
132,248,3
132,249,1
132,251,3
132,254,3
132,255,9
132,256,6
132,257,5
132,259,5
132,260,5
132,262,8
132,263,8
132,264,13
132,265,4
132,266,2
132,267,30
132,268,55
132,269,3
132,270,4
132,271,2
132,272,1
132,273,27
132,274,3
132,275,2
132,276,1
132,277,3
132,278,6
132,279,7
132,281,14
132,282,4
132,283,1
132,284,3
132,285,1
132,286,2
132,287,4
132,288,8
132,289,31
132,290,4
132,292,1
132,293,1
132,294,3
132,295,59
132,296,1
132,297,100
132,298,7
132,299,1
132,300,6
132,301,2
133,0,13
133,1,8
133,2,56
133,3,10
133,4,17
133,5,3
133,6,60
133,7,14
133,8,10
133,9,9
133,12,5
133,13,2
133,15,1
133,16,2
133,18,4
133,19,2
133,20,5
133,21,2
133,22,3
133,23,3
133,24,5
133,25,2
133,26,1
133,27,1
133,28,1
133,29,2
133,30,4
133,31,1
133,34,5
133,35,4
133,38,12
133,39,7
133,41,5
133,42,2
133,43,1
133,44,3
133,45,5
133,46,3
133,47,5
133,50,2
133,52,1
133,53,5
133,54,3
133,55,3
133,56,3
133,57,9
133,58,1
133,59,1
133,60,4
133,61,11
133,62,4
133,64,2
133,65,1
133,66,10
133,68,6
133,69,5
133,70,3
133,71,5
133,73,4
133,74,4
133,75,7
133,76,4
133,77,4
133,78,6
133,79,13
133,80,8
133,81,7
133,82,5
133,83,8
133,84,9
133,85,3
133,86,3
133,88,12
133,89,9
133,92,1
133,93,1
133,96,2
133,97,7
133,98,4
133,99,15
133,100,15
133,102,2
133,104,3
133,105,2
133,108,4
133,109,7
133,110,3
133,111,1
133,112,5
133,113,11
133,114,7
133,115,5
133,116,3
133,117,3
133,118,8
133,119,6
133,120,9
133,121,10
133,122,12
133,123,5
133,124,1
133,125,2
133,126,9
133,127,7
133,128,6
133,129,227
133,130,1
133,131,128
133,132,123
133,134,183
133,135,1
133,136,9
133,137,2
133,138,19
133,139,19
133,140,2
133,141,9
133,142,14
133,143,14
133,144,9
133,145,15
133,146,12
133,148,4
133,149,7
133,150,1
133,151,1
133,152,1
133,153,13
133,154,1
133,155,2
133,157,3
133,158,1
133,159,6
133,160,1
133,161,4
133,163,5
133,164,3
133,165,4
133,166,5
133,167,1
133,168,2
133,169,5
133,170,23
133,171,12
133,173,3
133,174,2
133,175,15
133,176,9
133,177,3
133,178,3
133,179,6
133,180,3
133,181,3
133,182,8
133,183,9
133,184,7
133,187,3
133,188,6
133,189,1
133,190,9
133,191,3
133,192,7
133,193,2
133,194,5
133,195,7
133,196,14
133,197,6
133,198,1
133,200,3
133,203,2
133,204,1
133,205,2
133,206,4
133,208,1
133,209,2
133,210,18
133,211,2
133,212,5
133,213,6
133,214,3
133,215,9
133,216,12
133,217,11
133,218,1
133,219,4
133,222,4
133,223,1
133,224,6
133,225,2
133,226,5
133,227,7
133,228,7
133,229,9
133,230,1
133,231,3
133,232,2
133,233,2
133,234,7
133,235,1
133,236,2
133,237,4
133,238,9
133,241,8
133,242,4
133,243,17
133,245,4
133,246,9
133,247,7
133,248,5
133,249,7
133,250,3
133,251,2
133,252,1
133,254,4
133,255,12
133,256,7
133,257,6
133,259,14
133,260,4
133,261,1
133,262,1
133,263,28
133,264,16
133,265,17
133,266,4
133,267,63
133,268,81
133,269,7
133,270,10
133,271,3
133,272,2
133,273,30
133,274,7
133,275,5
133,276,6
133,277,6
133,278,15
133,279,15
133,280,1
133,281,16
133,282,12
133,283,5
133,284,2
133,285,3
133,286,3
133,287,5
133,288,22
133,289,36
133,290,6
133,291,1
133,292,1
133,293,3
133,295,125
133,297,139
133,298,7
133,299,4
133,300,8
133,301,8
134,0,55
134,1,27
134,2,153
134,3,31
134,4,83
134,5,7
134,6,157
134,7,24
134,8,31
134,9,16
134,10,7
134,11,2
134,12,1
134,13,4
134,14,1
134,15,30
134,16,12
134,17,3
134,18,15
134,19,2
134,20,13
134,21,13
134,22,3
134,23,13
134,24,13
134,25,12
134,26,15
134,27,3
134,28,3
134,29,5
134,30,10
134,31,17
134,33,1
134,34,35
134,35,13
134,36,2
134,38,27
134,39,11
134,40,1
134,41,37
134,42,3
134,43,15
134,44,29
134,45,38
134,46,11
134,47,16
134,48,17
134,49,6
134,50,17
134,51,2
134,52,4
134,53,13
134,54,8
134,55,22
134,56,26
134,57,25
134,58,13
134,59,4
134,60,13
134,61,32
134,62,12
134,63,1
134,64,12
134,65,3
134,66,29
134,67,3
134,68,19
134,69,6
134,70,12
134,71,10
134,72,9
134,73,17
134,74,24
134,75,28
134,76,23
134,77,16
134,78,10
134,79,72
134,80,44
134,81,48
134,82,27
134,83,33
134,84,24
134,85,4
134,86,20
134,88,32
134,89,36
134,90,10
134,91,1
134,92,4
134,93,8
134,94,7
134,95,5
134,96,25
134,97,34
134,98,8
134,99,27
134,100,40
134,101,1
134,102,3
134,103,3
134,104,9
134,105,7
134,106,9
134,107,3
134,108,17
134,109,26
134,110,14
134,111,7
134,112,25
134,113,49
134,114,34
134,115,24
134,116,10
134,117,20
134,118,31
134,119,13
134,120,44
134,121,20
134,122,36
134,123,24
134,124,6
134,125,10
134,126,23
134,127,14
134,128,27
134,129,574
134,130,13
134,131,397
134,132,321
134,133,237
134,135,1
134,136,46
134,137,15
134,138,75
134,139,93
134,140,10
134,141,24
134,142,54
134,143,32
134,144,33
134,145,65
134,146,87
134,147,8
134,148,24
134,149,21
134,150,8
134,151,2
134,152,3
134,153,29
134,154,7
134,155,13
134,156,3
134,157,11
134,158,25
134,159,16
134,160,2
134,161,15
134,162,29
134,163,11
134,164,8
134,165,8
134,166,14
134,167,2
134,168,3
134,169,10
134,170,10
134,171,24
134,173,4
134,174,5
134,175,30
134,176,17
134,177,16
134,178,10
134,179,21
134,180,8
134,181,14
134,182,32
134,183,19
134,184,5
134,185,1
134,186,3
134,187,8
134,188,24
134,189,5
134,190,9
134,191,12
134,192,26
134,193,15
134,194,26
134,195,27
134,196,36
134,197,17
134,198,5
134,199,3
134,200,9
134,201,4
134,202,2
134,203,6
134,205,5
134,206,9
134,207,1
134,208,7
134,209,1
134,210,97
134,211,3
134,212,29
134,213,12
134,214,17
134,215,40
134,216,70
134,217,24
134,218,4
134,219,17
134,220,1
134,221,2
134,222,4
134,223,2
134,224,17
134,225,16
134,226,20
134,227,16
134,228,16
134,229,20
134,230,12
134,231,5
134,232,9
134,233,4
134,234,16
134,235,7
134,236,12
134,237,24
134,238,16
134,239,16
134,240,3
134,241,37
134,242,30
134,243,32
134,244,8
134,245,11
134,246,24
134,247,26
134,248,14
134,249,27
134,250,1
134,251,21
134,252,7
134,253,2
134,254,35
134,255,34
134,256,18
134,257,17
134,258,3
134,259,25
134,260,11
134,261,6
134,262,28
134,263,41
134,264,73
134,265,47
134,266,19
134,267,59
134,268,147
134,269,22
134,270,25
134,271,12
134,272,10
134,273,97
134,274,27
134,275,12
134,276,21
134,277,14
134,278,25
134,279,38
134,280,5
134,281,67
134,282,20
134,283,15
134,284,11
134,285,10
134,286,10
134,287,12
134,288,38
134,289,90
134,290,12
134,291,6
134,292,7
134,293,8
134,294,11
134,295,449
134,296,5
134,297,345
134,298,21
134,299,7
134,300,77
134,301,13
135,0,15
135,1,6
135,2,26
135,3,8
135,4,185
135,5,1
135,6,8
135,7,4
135,8,3
135,9,1
135,10,2
135,12,3
135,13,2
135,15,2
135,16,2
135,17,12
135,18,18
135,19,8
135,20,4
135,21,5
135,22,6
135,24,2
135,25,3
135,26,9
135,27,1
135,28,3
135,29,1
135,30,17
135,31,2
135,34,6
135,35,7
135,36,2
135,37,1
135,38,9
135,39,2
135,41,4
135,42,1
135,43,27
135,44,51
135,45,6
135,46,1
135,52,1
135,53,5
135,56,2
135,57,3
135,58,6
135,59,12
135,60,2
135,61,18
135,62,2
135,64,15
135,65,11
135,66,1
135,68,1
135,69,2
135,70,3
135,71,5
135,72,1
135,73,7
135,74,10
135,75,6
135,76,3
135,77,4
135,79,7
135,80,5
135,81,6
135,82,2
135,83,1
135,84,2
135,86,7
135,87,4
135,88,3
135,90,4
135,91,9
135,93,19
135,94,1
135,95,2
135,96,12
135,97,20
135,98,6
135,99,1
135,100,6
135,101,7
135,102,2
135,103,8
135,104,2
135,105,1
135,106,4
135,107,5
135,108,2
135,109,3
135,110,5
135,111,3
135,112,3
135,113,10
135,114,3
135,115,6
135,116,5
135,117,7
135,118,8
135,119,3
135,120,12
135,121,21
135,122,16
135,123,10
135,125,3
135,126,10
135,127,5
135,128,7
135,129,10
135,130,38
135,131,22
135,132,9
135,133,5
135,134,8
135,136,5
135,137,1
135,138,14
135,139,20
135,140,6
135,141,7
135,142,49
135,143,31
135,144,38
135,145,41
135,146,36
135,147,3
135,148,15
135,149,29
135,150,5
135,151,5
135,152,1
135,153,3
135,155,5
135,157,3
135,158,1
135,159,3
135,160,1
135,161,1
135,162,2
135,163,5
135,165,3
135,166,4
135,167,2
135,168,2
135,169,2
135,170,3
135,171,3
135,173,2
135,174,3
135,175,28
135,176,12
135,177,5
135,178,6
135,179,7
135,180,9
135,182,34
135,183,15
135,184,2
135,186,1
135,187,5
135,188,6
135,189,4
135,190,1
135,191,5
135,192,5
135,193,1
135,194,3
135,195,4
135,196,4
135,197,5
135,200,3
135,201,3
135,202,1
135,203,1
135,206,3
135,208,1
135,210,8
135,211,3
135,212,25
135,213,3
135,214,2
135,215,5
135,216,3
135,217,109
135,218,3
135,219,133
135,223,2
135,224,12
135,225,270
135,226,6
135,227,7
135,228,3
135,229,8
135,230,6
135,231,2
135,232,5
135,233,1
135,234,5
135,235,6
135,236,3
135,237,8
135,238,9
135,239,13
135,240,12
135,241,12
135,242,5
135,243,12
135,244,3
135,245,2
135,246,4
135,247,5
135,248,9
135,249,4
135,251,3
135,254,4
135,255,5
135,256,5
135,257,8
135,258,1
135,259,7
135,260,2
135,261,3
135,262,11
135,263,3
135,264,34
135,265,19
135,266,1
135,267,4
135,268,7
135,269,18
135,270,27
135,271,8
135,272,1
135,273,20
135,274,15
135,275,9
135,276,5
135,277,35
135,278,14
135,279,10
135,281,14
135,282,3
135,283,6
135,284,3
135,285,23
135,286,8
135,287,1
135,288,10
135,289,15
135,290,11
135,291,1
135,292,10
135,293,4
135,295,11
135,296,3
135,297,16
135,298,4
135,299,1
135,300,7
135,301,2
136,0,11
136,1,4
136,2,12
136,3,8
136,4,2
136,5,6
136,6,9
136,7,11
136,8,3
136,9,16
136,10,3
136,12,1
136,13,2
136,15,1
136,16,2
136,18,4
136,20,1
136,21,2
136,22,1
136,23,2
136,24,1
136,25,2
136,26,3
136,27,1
136,30,1
136,31,4
136,34,2
136,35,2
136,38,3
136,39,13
136,42,1
136,44,1
136,45,3
136,46,1
136,47,4
136,48,2
136,49,3
136,50,1
136,53,4
136,55,9
136,56,6
136,57,6
136,60,1
136,61,9
136,62,3
136,63,1
136,66,8
136,67,1
136,68,7
136,72,2
136,74,3
136,75,4
136,76,10
136,77,6
136,78,6
136,79,10
136,80,5
136,81,5
136,83,4
136,84,4
136,85,2
136,86,5
136,88,6
136,89,8
136,90,59
136,93,2
136,94,1
136,97,4
136,98,2
136,99,2
136,100,13
136,101,7
136,102,1
136,103,1
136,104,7
136,105,1
136,108,11
136,109,11
136,110,4
136,111,1
136,112,5
136,113,8
136,114,4
136,115,6
136,116,2
136,117,4
136,118,8
136,119,5
136,120,12
136,121,12
136,122,16
136,123,7
136,124,1
136,125,2
136,126,3
136,127,3
136,128,1
136,129,13
136,130,1
136,131,6
136,132,1
136,133,1
136,134,5
136,137,2
136,138,9
136,139,6
136,140,1
136,142,1
136,143,4
136,145,1
136,146,1
136,147,2
136,148,1
136,149,1
136,150,3
136,152,1
136,153,1
136,154,4
136,155,2
136,157,4
136,158,2
136,160,22
136,161,5
136,162,1
136,163,6
136,164,1
136,165,22
136,166,5
136,169,58
136,170,80
136,171,54
136,173,1
136,174,13
136,175,9
136,176,1
136,177,3
136,178,2
136,179,5
136,180,1
136,181,8
136,182,5
136,183,1
136,184,1
136,186,10
136,187,1
136,188,2
136,189,1
136,190,3
136,191,4
136,193,6
136,194,9
136,195,16
136,196,7
136,197,5
136,199,1
136,200,3
136,201,1
136,205,1
136,206,13
136,207,5
136,209,4
136,210,12
136,212,7
136,213,2
136,214,1
136,215,7
136,216,12
136,219,1
136,221,1
136,224,3
136,225,4
136,226,4
136,227,5
136,228,2
136,229,3
136,230,7
136,232,1
136,233,1
136,234,5
136,235,1
136,236,4
136,237,2
136,238,3
136,239,7
136,240,9
136,241,3
136,242,2
136,244,5
136,245,1
136,246,7
136,247,4
136,248,1
136,249,1
136,251,3
136,254,4
136,255,10
136,256,6
136,257,2
136,258,1
136,259,13
136,260,2
136,261,4
136,262,4
136,263,58
136,264,3
136,265,6
136,266,1
136,267,2
136,268,10
136,269,1
136,270,3
136,271,1
136,272,3
136,273,15
136,274,43
136,275,5
136,276,7
136,277,3
136,278,9
136,279,9
136,280,2
136,281,20
136,282,15
136,283,2
136,284,5
136,285,3
136,286,6
136,287,3
136,288,24
136,289,11
136,290,1
136,291,1
136,292,2
136,293,8
136,294,5
136,295,62
136,296,3
136,297,23
136,298,8
136,299,1
136,300,7
136,301,1
137,0,10
137,1,1
137,2,4
137,3,14
137,5,2
137,6,38
137,7,18
137,8,9
137,9,8
137,10,1
137,12,2
137,13,3
137,16,2
137,17,3
137,18,4
137,19,7
137,20,3
137,22,6
137,23,2
137,24,1
137,25,2
137,26,3
137,27,1
137,30,7
137,31,1
137,33,1
137,35,44
137,36,2
137,37,1
137,38,55
137,39,2
137,41,42
137,42,9
137,43,12
137,44,24
137,45,12
137,46,10
137,47,11
137,48,8
137,49,7
137,50,10
137,51,4
137,52,1
137,53,6
137,54,7
137,55,19
137,56,30
137,57,16
137,58,17
137,59,4
137,60,2
137,61,7
137,64,1
137,66,36
137,67,1
137,68,16
137,71,1
137,72,2
137,74,2
137,76,5
137,78,1
137,79,2
137,80,2
137,81,6
137,87,2
137,88,28
137,89,23
137,90,8
137,91,1
137,92,2
137,93,1
137,96,2
137,97,49
137,98,1
137,99,5
137,100,29
137,102,3
137,103,1
137,104,16
137,105,2
137,106,4
137,107,3
137,108,20
137,113,2
137,114,1
137,117,1
137,118,2
137,120,1
137,122,2
137,123,1
137,124,1
137,125,2
137,126,1
137,127,1
137,129,6
137,130,2
137,131,10
137,132,6
137,133,3
137,134,11
137,136,10
137,138,4
137,140,1
137,143,2
137,146,1
137,149,3
137,153,1
137,160,3
137,163,3
137,165,5
137,167,7
137,169,5
137,171,8
137,174,4
137,175,58
137,176,39
137,177,42
137,178,16
137,179,1
137,180,5
137,181,17
137,182,15
137,183,7
137,184,4
137,188,4
137,192,1
137,194,3
137,195,1
137,197,4
137,202,2
137,203,1
137,206,12
137,207,1
137,210,45
137,212,1
137,215,76
137,216,20
137,218,24
137,220,1
137,221,1
137,222,3
137,223,3
137,224,5
137,226,8
137,227,1
137,231,3
137,232,4
137,233,5
137,235,1
137,236,1
137,237,10
137,238,57
137,239,1
137,240,1
137,241,24
137,242,1
137,243,22
137,244,5
137,245,1
137,246,26
137,247,33
137,248,13
137,249,1
137,253,3
137,255,1
137,256,2
137,260,1
137,261,3
137,262,5
137,263,6
137,265,7
137,266,49
137,268,14
137,270,3
137,272,2
137,273,7
137,274,4
137,275,2
137,277,3
137,278,3
137,279,78
137,281,8
137,282,2
137,283,64
137,284,1
137,285,9
137,286,1
137,287,7
137,288,6
137,289,6
137,290,2
137,292,10
137,293,1
137,294,12
137,295,7
137,296,5
137,297,6
137,298,5
137,299,2
137,301,1
138,0,54
138,1,113
138,2,353
138,3,38
138,4,459
138,5,56
138,6,241
138,7,68
138,8,112
138,9,57
138,10,11
138,11,5
138,12,11
138,13,25
138,14,2
138,15,25
138,16,34
138,17,33
138,18,117
138,19,23
138,20,119
138,21,58
138,22,44
138,23,59
138,24,68
138,25,62
138,26,93
138,27,11
138,28,33
138,29,72
138,30,74
138,31,6
138,32,2
138,33,1
138,34,129
138,35,44
138,36,7
138,37,3
138,38,26
138,39,38
138,40,3
138,41,10
138,42,12
138,43,79
138,44,89
138,45,14
138,46,3
138,47,15
138,48,9
138,49,9
138,50,8
138,51,2
138,52,2
138,53,40
138,54,15
138,55,18
138,56,25
138,57,17
138,58,54
138,59,46
138,60,44
138,61,138
138,62,79
138,63,4
138,64,63
138,65,61
138,66,91
138,67,22
138,68,45
138,69,89
138,70,80
138,71,60
138,72,32
138,73,80
138,74,113
138,75,93
138,76,119
138,77,87
138,78,46
138,79,171
138,80,113
138,81,104
138,82,48
138,83,77
138,84,57
138,85,15
138,86,43
138,87,5
138,88,43
138,89,32
138,90,37
138,91,45
138,92,15
138,93,97
138,94,6
138,95,14
138,96,65
138,97,71
138,98,99
138,99,27
138,100,52
138,101,22
138,102,14
138,103,22
138,104,26
138,105,12
138,106,11
138,107,22
138,108,33
138,109,21
138,110,31
138,111,9
138,112,23
138,113,61
138,114,33
138,115,53
138,116,24
138,117,21
138,118,44
138,119,25
138,120,63
138,121,78
138,122,77
138,123,43
138,124,26
138,125,16
138,126,54
138,127,78
138,128,80
138,129,143
138,130,14
138,131,256
138,132,163
138,133,172
138,134,228
138,135,14
138,136,91
138,137,22
138,139,560
138,140,86
138,141,148
138,142,465
138,143,168
138,144,207
138,145,332
138,146,171
138,147,9
138,148,93
138,149,135
138,150,32
138,151,9
138,153,17
138,154,12
138,155,89
138,156,23
138,157,43
138,158,31
138,159,49
138,160,7
138,161,45
138,162,18
138,163,37
138,164,16
138,165,37
138,166,34
138,167,7
138,168,14
138,169,42
138,170,19
138,171,30
138,172,1
138,173,20
138,174,30
138,175,99
138,176,68
138,177,29
138,178,25
138,179,17
138,180,27
138,181,8
138,182,77
138,183,54
138,184,30
138,185,13
138,186,2
138,187,18
138,188,48
138,189,19
138,190,23
138,191,6
138,192,89
138,193,23
138,194,42
138,195,31
138,196,39
138,197,37
138,198,7
138,199,2
138,200,16
138,201,6
138,202,9
138,203,12
138,204,1
138,205,3
138,206,40
138,207,8
138,208,20
138,209,1
138,210,114
138,211,12
138,212,21
138,213,15
138,214,23
138,215,32
138,216,63
138,217,81
138,218,4
138,219,106
138,220,1
138,221,9
138,222,14
138,223,14
138,224,39
138,225,82
138,226,26
138,227,72
138,228,32
138,229,117
138,230,117
138,231,10
138,232,27
138,233,7
138,234,74
138,235,45
138,236,52
138,237,68
138,238,33
138,239,80
138,240,161
138,241,69
138,242,79
138,243,54
138,244,14
138,245,40
138,246,102
138,247,14
138,248,58
138,249,37
138,250,8
138,251,40
138,252,6
138,253,6
138,254,43
138,255,57
138,256,70
138,257,26
138,258,7
138,259,81
138,260,45
138,261,41
138,262,106
138,263,66
138,264,534
138,265,176
138,266,25
138,267,45
138,268,75
138,269,135
138,270,49
138,271,29
138,272,69
138,273,695
138,274,89
138,275,41
138,276,21
138,277,32
138,278,86
138,279,133
138,280,18
138,281,115
138,282,67
138,283,38
138,284,9
138,285,39
138,286,87
138,287,28
138,288,105
138,289,352
138,290,86
138,291,12
138,292,85
138,293,60
138,294,4
138,295,1182
138,296,32
138,297,384
138,298,48
138,299,17
138,300,22
138,301,66
139,0,6
139,1,30
139,2,91
139,3,2
139,4,186
139,5,11
139,6,67
139,7,18
139,8,24
139,9,7
139,10,7
139,11,1
139,12,4
139,13,3
139,15,4
139,16,11
139,17,16
139,18,25
139,19,3
139,20,18
139,21,21
139,22,31
139,23,10
139,24,23
139,25,17
139,26,24
139,27,7
139,28,8
139,29,18
139,30,40
139,31,8
139,33,1
139,34,16
139,35,22
139,36,2
139,38,15
139,39,6
139,40,2
139,41,5
139,42,2
139,43,41
139,44,111
139,45,5
139,46,1
139,47,7
139,48,6
139,49,3
139,50,3
139,51,1
139,52,2
139,53,8
139,54,1
139,55,7
139,56,10
139,57,3
139,58,16
139,59,15
139,60,10
139,61,20
139,62,17
139,64,24
139,65,14
139,66,34
139,67,6
139,68,15
139,69,28
139,70,14
139,71,12
139,72,6
139,73,31
139,74,33
139,75,20
139,76,47
139,77,23
139,78,18
139,79,64
139,80,37
139,81,43
139,82,14
139,83,24
139,84,21
139,85,9
139,86,26
139,87,1
139,88,11
139,89,7
139,90,5
139,91,13
139,92,2
139,93,33
139,94,4
139,96,36
139,97,17
139,98,21
139,99,9
139,100,33
139,101,1
139,103,2
139,104,8
139,105,3
139,106,2
139,107,2
139,108,6
139,109,13
139,110,4
139,111,5
139,112,7
139,113,23
139,114,8
139,115,7
139,116,6
139,117,3
139,118,7
139,119,11
139,120,17
139,121,19
139,122,19
139,123,8
139,124,6
139,125,10
139,126,8
139,127,38
139,128,19
139,129,96
139,130,3
139,131,94
139,132,56
139,133,47
139,134,97
139,135,4
139,136,25
139,137,3
139,138,381
139,140,31
139,141,45
139,142,168
139,143,83
139,144,88
139,145,161
139,146,150
139,147,5
139,148,85
139,149,79
139,150,10
139,151,3
139,153,21
139,154,2
139,155,36
139,156,5
139,157,3
139,158,12
139,159,20
139,160,3
139,161,14
139,162,12
139,163,10
139,164,13
139,165,3
139,166,5
139,167,1
139,168,9
139,169,10
139,170,5
139,171,9
139,173,4
139,174,6
139,175,5
139,176,5
139,177,1
139,178,4
139,179,3
139,180,2
139,181,1
139,182,2
139,183,2
139,184,3
139,185,4
139,187,4
139,188,17
139,189,7
139,190,3
139,191,1
139,192,25
139,193,5
139,194,12
139,195,9
139,196,9
139,197,12
139,198,1
139,200,7
139,202,1
139,203,2
139,205,1
139,206,5
139,207,1
139,208,8
139,210,30
139,211,1
139,212,3
139,213,2
139,214,6
139,215,11
139,216,14
139,217,15
139,218,6
139,219,32
139,221,2
139,222,2
139,223,2
139,224,1
139,225,41
139,226,5
139,227,16
139,228,3
139,229,23
139,230,76
139,231,2
139,232,6
139,234,25
139,235,10
139,236,11
139,237,8
139,238,4
139,239,7
139,240,471
139,241,5
139,242,19
139,243,9
139,244,1
139,245,5
139,246,13
139,247,8
139,248,6
139,249,9
139,250,1
139,251,3
139,253,3
139,254,11
139,255,22
139,256,8
139,257,3
139,259,27
139,260,5
139,261,6
139,262,5
139,263,13
139,264,269
139,265,36
139,266,2
139,267,7
139,268,37
139,269,40
139,270,8
139,271,4
139,272,13
139,273,137
139,274,17
139,275,12
139,276,8
139,277,17
139,278,21
139,279,14
139,280,4
139,281,19
139,282,23
139,283,11
139,284,5
139,285,1
139,286,16
139,287,5
139,288,32
139,289,97
139,290,8
139,291,2
139,292,12
139,293,9
139,295,205
139,296,1
139,297,93
139,298,5
139,299,6
139,300,7
139,301,10
140,0,3
140,1,7
140,3,3
140,4,2
140,5,2
140,6,2
140,7,2
140,8,3
140,9,2
140,16,1
140,18,2
140,21,2
140,22,1
140,26,2
140,29,1
140,31,8
140,34,2
140,38,1
140,39,2
140,40,2
140,44,1
140,45,1
140,52,1
140,53,2
140,56,1
140,58,8
140,59,1
140,61,2
140,64,2
140,65,4
140,66,1
140,69,5
140,70,4
140,71,5
140,72,2
140,73,16
140,74,61
140,76,1
140,79,5
140,80,2
140,81,1
140,83,1
140,84,2
140,90,1
140,91,3
140,92,1
140,93,7
140,94,8
140,95,2
140,96,6
140,98,1
140,99,2
140,100,1
140,101,2
140,103,4
140,106,1
140,107,3
140,111,1
140,114,1
140,118,1
140,120,1
140,121,1
140,122,2
140,123,1
140,124,16
140,125,17
140,127,13
140,128,10
140,129,2
140,130,4
140,131,1
140,133,2
140,134,3
140,135,1
140,136,1
140,138,9
140,139,5
140,142,5
140,145,3
140,153,6
140,154,2
140,155,26
140,156,12
140,157,20
140,158,15
140,159,32
140,160,2
140,161,17
140,162,18
140,163,29
140,164,16
140,166,15
140,168,19
140,169,2
140,170,2
140,171,1
140,172,2
140,173,14
140,174,6
140,175,2
140,177,5
140,178,1
140,182,2
140,183,1
140,187,2
140,188,4
140,192,1
140,194,3
140,195,4
140,197,1
140,200,1
140,201,1
140,202,1
140,203,1
140,204,2
140,206,4
140,210,3
140,214,1
140,216,3
140,217,1
140,218,1
140,219,6
140,221,1
140,222,2
140,223,2
140,225,6
140,226,5
140,227,4
140,229,1
140,230,4
140,234,5
140,235,3
140,237,1
140,238,2
140,239,2
140,240,5
140,241,1
140,242,2
140,243,4
140,246,1
140,247,2
140,255,2
140,256,1
140,257,1
140,259,5
140,261,2
140,263,4
140,264,14
140,266,1
140,267,1
140,268,5
140,269,13
140,270,1
140,272,1
140,273,4
140,274,2
140,275,7
140,276,32
140,277,2
140,278,3
140,279,2
140,280,7
140,281,4
140,283,1
140,285,2
140,286,13
140,287,2
140,288,11
140,289,2
140,290,1
140,292,3
140,293,2
140,294,2
140,295,13
140,296,1
140,297,1
141,0,5
141,1,44
141,2,20
141,3,3
141,4,79
141,5,5
141,6,16
141,7,4
141,8,8
141,9,3
141,10,1
141,12,9
141,13,1
141,15,1
141,16,1
141,17,5
141,18,57
141,19,10
141,20,5
141,21,1
141,22,17
141,23,3
141,24,1
141,25,6
141,26,3
141,27,1
141,29,2
141,30,23
141,31,2
141,33,2
141,34,2
141,35,16
141,36,4
141,37,2
141,38,8
141,39,4
141,41,2
141,43,22
141,44,67
141,45,3
141,47,1
141,48,4
141,49,3
141,50,1
141,52,1
141,53,2
141,54,2
141,55,1
141,56,2
141,57,2
141,58,2
141,59,6
141,60,1
141,61,7
141,62,1
141,64,2
141,65,5
141,66,4
141,68,2
141,69,8
141,70,1
141,71,5
141,72,7
141,73,5
141,74,8
141,75,5
141,76,7
141,77,11
141,78,1
141,79,7
141,80,2
141,81,7
141,82,2
141,83,3
141,84,4
141,86,4
141,87,2
141,88,3
141,89,1
141,90,1
141,92,4
141,93,7
141,94,2
141,96,2
141,97,1
141,98,1
141,99,2
141,100,5
141,101,1
141,103,1
141,105,1
141,106,1
141,108,2
141,110,1
141,112,2
141,113,3
141,114,1
141,115,3
141,118,1
141,119,2
141,120,4
141,121,3
141,122,2
141,123,1
141,124,1
141,125,1
141,126,8
141,127,2
141,128,5
141,129,23
141,130,1
141,131,28
141,132,7
141,133,16
141,134,21
141,135,4
141,136,3
141,137,1
141,138,44
141,139,37
141,140,5
141,142,35
141,143,42
141,144,76
141,145,84
141,146,100
141,147,3
141,148,80
141,149,56
141,150,11
141,151,5
141,152,1
141,153,12
141,154,1
141,155,11
141,156,4
141,157,3
141,158,6
141,159,4
141,161,4
141,162,1
141,167,1
141,168,3
141,169,1
141,170,1
141,171,2
141,173,1
141,175,2
141,176,2
141,177,1
141,180,4
141,182,3
141,183,2
141,184,1
141,185,2
141,187,1
141,188,2
141,189,1
141,191,2
141,192,4
141,193,1
141,194,2
141,196,3
141,197,1
141,200,3
141,206,1
141,208,1
141,210,6
141,212,2
141,214,2
141,215,1
141,216,3
141,217,5
141,218,4
141,219,19
141,221,1
141,222,1
141,224,1
141,225,18
141,226,1
141,227,10
141,228,3
141,229,3
141,230,6
141,231,1
141,234,14
141,235,4
141,236,3
141,237,4
141,238,2
141,239,30
141,240,7
141,241,1
141,242,2
141,243,5
141,245,1
141,246,2
141,247,3
141,248,6
141,251,1
141,252,1
141,254,4
141,255,2
141,256,1
141,257,4
141,259,11
141,260,3
141,261,1
141,262,2
141,263,6
141,264,54
141,265,3
141,267,4
141,268,18
141,269,39
141,270,3
141,271,3
141,272,5
141,273,39
141,274,2
141,275,2
141,276,1
141,277,1
141,278,5
141,279,4
141,281,5
141,282,5
141,283,4
141,284,4
141,285,2
141,286,7
141,287,2
141,288,8
141,289,46
141,290,7
141,292,2
141,293,3
141,295,45
141,296,3
141,297,16
141,298,2
141,299,1
141,300,2
141,301,6
142,0,3
142,1,27
142,2,20
142,3,3
142,4,56
142,5,2
142,6,14
142,7,1
142,8,3
142,9,3
142,10,2
142,12,1
142,16,2
142,17,3
142,18,14
142,19,4
142,20,4
142,21,2
142,22,4
142,23,1
142,24,5
142,25,4
142,26,4
142,29,2
142,30,8
142,31,2
142,33,1
142,34,1
142,35,8
142,36,2
142,38,3
142,39,5
142,41,8
142,43,10
142,44,7
142,47,1
142,52,1
142,55,1
142,56,2
142,58,3
142,59,5
142,61,4
142,65,2
142,66,5
142,68,1
142,69,1
142,70,4
142,71,2
142,72,2
142,73,13
142,74,7
142,75,7
142,76,4
142,77,3
142,78,2
142,79,3
142,80,6
142,81,3
142,82,3
142,83,4
142,84,4
142,86,2
142,88,2
142,90,2
142,91,1
142,93,2
142,94,1
142,95,1
142,96,4
142,97,1
142,98,11
142,99,3
142,100,2
142,101,1
142,103,1
142,104,3
142,107,1
142,108,2
142,110,1
142,115,2
142,116,1
142,118,1
142,120,2
142,121,2
142,122,4
142,123,1
142,124,1
142,125,1
142,126,2
142,127,9
142,128,8
142,129,15
142,131,13
142,132,7
142,133,11
142,134,14
142,135,23
142,136,4
142,137,1
142,138,41
142,139,35
142,140,4
142,141,27
142,143,24
142,144,42
142,145,37
142,146,38
142,147,2
142,148,19
142,149,20
142,151,2
142,153,9
142,154,1
142,155,5
142,157,6
142,158,3
142,159,5
142,161,1
142,163,2
142,164,3
142,165,2
142,166,4
142,169,2
142,170,1
142,171,3
142,173,3
142,174,2
142,175,2
142,177,1
142,179,1
142,180,1
142,182,1
142,183,1
142,185,2
142,187,2
142,188,5
142,191,2
142,193,2
142,194,5
142,195,3
142,196,4
142,198,1
142,200,3
142,203,3
142,206,1
142,208,2
142,210,6
142,212,4
142,213,1
142,215,1
142,216,2
142,217,4
142,218,1
142,219,10
142,223,4
142,224,2
142,225,10
142,226,1
142,227,7
142,228,1
142,229,6
142,230,11
142,231,1
142,232,1
142,233,1
142,234,7
142,235,1
142,236,4
142,237,3
142,238,2
142,239,7
142,240,14
142,241,5
142,242,1
142,243,6
142,244,2
142,245,2
142,246,3
142,247,1
142,248,3
142,249,2
142,251,2
142,255,4
142,256,3
142,257,4
142,259,8
142,260,3
142,261,1
142,262,2
142,263,3
142,264,48
142,265,4
142,267,7
142,268,22
142,269,21
142,272,2
142,273,30
142,274,3
142,276,1
142,277,1
142,278,3
142,279,2
142,281,6
142,282,1
142,283,1
142,284,3
142,285,4
142,286,5
142,287,6
142,288,7
142,289,22
142,290,4
142,291,1
142,292,1
142,293,3
142,295,39
142,296,2
142,297,13
142,298,4
142,299,1
142,300,1
142,301,4
143,0,20
143,1,39
143,2,38
143,3,9
143,4,295
143,5,3
143,6,18
143,7,20
143,8,6
143,9,9
143,10,4
143,12,5
143,13,6
143,15,1
143,16,4
143,17,27
143,18,17
143,19,34
143,20,4
143,21,10
143,22,61
143,23,6
143,24,12
143,25,5
143,26,20
143,27,4
143,28,2
143,29,4
143,30,85
143,31,4
143,32,1
143,33,7
143,34,16
143,35,68
143,36,13
143,37,5
143,38,22
143,39,8
143,40,19
143,41,19
143,42,2
143,43,78
143,44,188
143,45,11
143,46,3
143,47,8
143,48,3
143,49,4
143,50,2
143,52,9
143,53,6
143,55,6
143,56,11
143,57,14
143,58,18
143,59,12
143,60,10
143,61,20
143,62,18
143,64,16
143,65,5
143,66,22
143,67,2
143,68,12
143,69,7
143,70,14
143,71,17
143,72,3
143,73,27
143,74,13
143,75,13
143,76,26
143,77,9
143,78,10
143,79,37
143,80,14
143,81,16
143,82,3
143,83,13
143,84,12
143,85,4
143,86,10
143,87,4
143,88,10
143,89,17
143,90,6
143,91,2
143,93,26
143,94,1
143,95,2
143,96,25
143,97,39
143,98,17
143,99,2
143,100,13
143,101,3
143,102,2
143,103,3
143,104,1
143,105,8
143,106,7
143,107,9
143,108,15
143,109,8
143,110,7
143,111,1
143,112,5
143,113,12
143,114,9
143,115,13
143,116,6
143,117,3
143,118,11
143,119,4
143,120,10
143,121,23
143,122,7
143,123,6
143,124,6
143,125,8
143,126,6
143,127,34
143,128,22
143,129,37
143,130,27
143,131,67
143,132,36
143,133,25
143,134,56
143,135,16
143,136,23
143,137,2
143,138,18
143,139,81
143,140,15
143,141,16
143,142,91
143,144,447
143,145,218
143,146,293
143,147,20
143,148,210
143,149,286
143,150,20
143,151,13
143,152,3
143,153,19
143,154,2
143,155,26
143,156,5
143,157,11
143,158,14
143,159,31
143,160,6
143,161,11
143,162,9
143,163,18
143,164,10
143,166,6
143,167,1
143,168,12
143,169,8
143,170,3
143,171,8
143,173,6
143,174,3
143,175,37
143,176,25
143,177,23
143,178,16
143,179,2
143,180,7
143,181,1
143,182,27
143,183,17
143,184,8
143,185,1
143,188,8
143,189,7
143,190,5
143,191,3
143,192,19
143,193,7
143,194,18
143,195,21
143,196,24
143,197,10
143,198,4
143,200,3
143,201,4
143,202,5
143,203,2
143,205,7
143,206,20
143,207,1
143,208,3
143,210,28
143,211,3
143,212,44
143,213,7
143,214,6
143,215,16
143,216,15
143,217,80
143,218,23
143,219,100
143,221,1
143,222,8
143,223,10
143,224,17
143,225,80
143,226,13
143,227,21
143,228,5
143,229,19
143,230,18
143,231,9
143,232,16
143,233,6
143,234,21
143,235,10
143,236,5
143,237,15
143,238,9
143,239,21
143,240,17
143,241,37
143,242,11
143,243,40
143,244,8
143,245,4
143,246,4
143,247,13
143,248,15
143,249,4
143,250,2
143,251,9
143,254,10
143,255,20
143,256,11
143,257,8
143,258,3
143,259,16
143,260,9
143,261,5
143,262,4
143,263,18
143,264,154
143,265,30
143,266,6
143,267,11
143,268,21
143,269,24
143,270,42
143,271,6
143,272,13
143,273,38
143,274,7
143,275,7
143,276,2
143,277,19
143,278,16
143,279,15
143,280,4
143,281,25
143,282,10
143,283,5
143,284,6
143,285,14
143,286,26
143,287,19
143,288,32
143,289,26
143,290,14
143,291,3
143,292,18
143,293,6
143,294,2
143,295,126
143,296,6
143,297,58
143,298,6
143,299,5
143,300,6
143,301,14
144,0,21
144,1,69
144,2,59
144,3,24
144,4,470
144,5,3
144,6,73
144,7,14
144,8,14
144,9,12
144,10,11
144,11,2
144,12,5
144,13,3
144,15,1
144,16,16
144,17,39
144,18,30
144,19,31
144,20,4
144,21,9
144,22,83
144,23,13
144,24,31
144,25,10
144,26,19
144,27,5
144,28,4
144,29,5
144,30,98
144,31,9
144,32,1
144,33,7
144,34,19
144,35,76
144,36,29
144,37,8
144,38,54
144,39,20
144,40,10
144,41,23
144,42,5
144,43,116
144,44,263
144,45,6
144,46,4
144,47,6
144,48,9
144,49,3
144,50,5
144,51,1
144,52,14
144,53,7
144,54,5
144,55,17
144,56,15
144,57,10
144,58,13
144,59,23
144,60,7
144,61,54
144,62,22
144,63,2
144,64,29
144,65,16
144,66,26
144,67,3
144,68,14
144,69,11
144,70,32
144,71,30
144,72,2
144,73,37
144,74,58
144,75,30
144,76,35
144,77,19
144,78,10
144,79,38
144,80,25
144,81,37
144,82,10
144,83,18
144,84,18
144,85,5
144,86,17
144,87,3
144,88,8
144,89,12
144,90,14
144,91,17
144,92,2
144,93,32
144,94,1
144,95,9
144,96,27
144,97,42
144,98,18
144,99,1
144,100,34
144,101,8
144,102,5
144,103,4
144,104,7
144,105,13
144,106,9
144,107,16
144,108,7
144,109,12
144,110,12
144,111,5
144,112,10
144,113,18
144,114,19
144,115,26
144,116,5
144,117,6
144,118,17
144,119,12
144,120,16
144,121,30
144,122,18
144,123,9
144,124,8
144,125,12
144,126,12
144,127,50
144,128,37
144,129,54
144,130,41
144,131,106
144,132,50
144,133,34
144,134,58
144,135,18
144,136,22
144,137,1
144,138,40
144,139,121
144,140,16
144,141,24
144,142,153
144,143,265
144,145,479
144,146,633
144,147,29
144,148,497
144,149,552
144,150,63
144,151,15
144,152,1
144,153,27
144,154,2
144,155,37
144,156,1
144,157,14
144,158,23
144,159,40
144,160,6
144,161,13
144,162,16
144,163,28
144,164,10
144,165,4
144,166,21
144,167,3
144,168,8
144,169,12
144,170,9
144,171,12
144,172,1
144,173,6
144,174,7
144,175,49
144,176,39
144,177,18
144,178,13
144,179,2
144,180,8
144,181,2
144,182,65
144,183,34
144,184,13
144,185,1
144,187,4
144,188,3
144,189,10
144,190,6
144,191,5
144,192,17
144,193,10
144,194,21
144,195,22
144,196,26
144,197,17
144,198,9
144,199,1
144,200,5
144,201,5
144,202,2
144,203,7
144,204,6
144,205,2
144,206,31
144,208,14
144,210,26
144,211,4
144,212,67
144,213,5
144,214,14
144,215,24
144,216,17
144,217,127
144,218,15
144,219,197
144,220,2
144,221,6
144,222,20
144,223,9
144,224,33
144,225,158
144,226,28
144,227,45
144,228,14
144,229,43
144,230,36
144,231,13
144,232,24
144,233,5
144,234,28
144,235,4
144,236,18
144,237,14
144,238,14
144,239,28
144,240,24
144,241,50
144,242,17
144,243,51
144,244,8
144,245,8
144,246,11
144,247,17
144,248,37
144,249,12
144,250,5
144,251,10
144,252,4
144,253,1
144,254,12
144,255,34
144,256,13
144,257,9
144,258,2
144,259,20
144,260,17
144,261,7
144,262,12
144,263,21
144,264,177
144,265,67
144,266,5
144,267,14
144,268,40
144,269,40
144,270,76
144,271,7
144,272,15
144,273,65
144,274,6
144,275,8
144,276,9
144,277,52
144,278,25
144,279,20
144,281,44
144,282,10
144,283,12
144,284,9
144,285,12
144,286,31
144,287,25
144,288,44
144,289,50
144,290,14
144,291,6
144,292,26
144,293,7
144,294,1
144,295,179
144,296,11
144,297,81
144,298,10
144,299,5
144,300,6
144,301,19
145,0,15
145,1,37
145,2,26
145,3,15
145,4,278
145,5,3
145,6,33
145,7,16
145,8,2
145,9,8
145,10,5
145,11,1
145,12,6
145,16,4
145,17,20
145,18,15
145,19,24
145,20,3
145,21,5
145,22,64
145,23,5
145,24,6
145,25,6
145,26,9
145,27,3
145,28,2
145,29,3
145,30,42
145,31,4
145,33,3
145,34,9
145,35,45
145,36,14
145,37,4
145,38,17
145,39,13
145,40,4
145,41,16
145,42,4
145,43,66
145,44,119
145,45,5
145,46,2
145,47,4
145,48,2
145,50,1
145,52,4
145,53,2
145,54,1
145,55,5
145,56,3
145,57,3
145,58,16
145,59,18
145,60,2
145,61,16
145,62,16
145,64,16
145,65,14
145,66,11
145,67,3
145,68,11
145,69,11
145,70,23
145,71,8
145,72,2
145,73,17
145,74,22
145,75,11
145,76,11
145,77,14
145,78,9
145,79,16
145,80,12
145,81,9
145,82,5
145,83,8
145,84,6
145,85,7
145,86,10
145,87,6
145,88,4
145,89,8
145,90,5
145,91,9
145,93,18
145,95,3
145,96,16
145,97,28
145,98,10
145,99,1
145,100,9
145,101,5
145,102,4
145,103,6
145,104,3
145,105,4
145,106,4
145,107,3
145,108,10
145,109,1
145,110,4
145,111,1
145,112,2
145,113,7
145,114,8
145,115,10
145,116,1
145,117,5
145,118,1
145,119,2
145,120,5
145,121,15
145,122,11
145,123,7
145,124,4
145,125,2
145,126,2
145,127,11
145,128,11
145,129,36
145,130,15
145,131,51
145,132,23
145,133,12
145,134,41
145,135,14
145,136,14
145,138,29
145,139,76
145,140,9
145,141,15
145,142,70
145,143,93
145,144,302
145,146,151
145,147,21
145,148,180
145,149,291
145,150,40
145,151,7
145,153,51
145,154,1
145,155,20
145,156,2
145,157,9
145,158,6
145,159,5
145,160,3
145,161,7
145,162,6
145,163,4
145,164,6
145,165,1
145,166,6
145,167,2
145,168,3
145,169,5
145,170,3
145,171,5
145,173,5
145,174,4
145,175,23
145,176,19
145,177,19
145,178,9
145,179,8
145,180,4
145,182,19
145,183,13
145,184,12
145,186,1
145,187,4
145,188,2
145,189,3
145,190,1
145,191,2
145,192,9
145,193,5
145,194,12
145,195,6
145,196,10
145,197,10
145,198,4
145,199,1
145,200,3
145,201,3
145,202,1
145,203,2
145,204,3
145,205,1
145,206,16
145,208,4
145,210,21
145,211,2
145,212,30
145,213,2
145,214,7
145,215,20
145,216,12
145,217,62
145,218,9
145,219,81
145,220,3
145,221,2
145,222,4
145,223,9
145,224,15
145,225,66
145,226,15
145,227,25
145,228,4
145,229,17
145,230,21
145,231,8
145,232,13
145,233,1
145,234,16
145,235,8
145,236,8
145,237,10
145,238,7
145,239,17
145,240,14
145,241,26
145,242,10
145,243,44
145,244,5
145,245,1
145,246,5
145,247,12
145,248,19
145,249,4
145,250,1
145,251,4
145,252,1
145,253,1
145,254,3
145,255,9
145,256,7
145,257,7
145,258,1
145,259,8
145,260,7
145,261,8
145,262,5
145,263,12
145,264,118
145,265,30
145,266,2
145,267,6
145,268,33
145,269,25
145,270,39
145,271,2
145,272,9
145,273,43
145,274,7
145,275,5
145,276,6
145,277,36
145,278,11
145,279,16
145,280,2
145,281,31
145,282,5
145,283,10
145,284,6
145,285,15
145,286,14
145,287,13
145,288,50
145,289,39
145,290,12
145,291,5
145,292,12
145,293,5
145,294,2
145,295,85
145,296,7
145,297,42
145,298,4
145,299,7
145,300,3
145,301,18
146,0,2
146,1,8
146,2,4
146,3,1
146,4,90
146,6,6
146,7,2
146,8,1
146,9,1
146,10,1
146,17,2
146,18,4
146,19,4
146,20,3
146,21,1
146,22,3
146,24,3
146,25,2
146,26,1
146,27,1
146,28,1
146,30,4
146,34,1
146,35,10
146,36,4
146,37,1
146,38,2
146,39,2
146,40,1
146,41,1
146,42,1
146,43,9
146,44,7
146,50,1
146,52,1
146,53,2
146,56,1
146,57,1
146,58,1
146,59,2
146,61,2
146,62,3
146,64,4
146,66,2
146,67,1
146,68,1
146,69,3
146,70,5
146,71,1
146,72,2
146,74,4
146,75,2
146,76,3
146,77,1
146,78,1
146,79,1
146,80,3
146,81,3
146,82,2
146,83,1
146,84,1
146,85,1
146,86,1
146,87,1
146,88,1
146,89,1
146,90,1
146,91,1
146,92,1
146,93,3
146,96,1
146,97,6
146,98,1
146,99,1
146,101,1
146,108,1
146,109,1
146,110,1
146,113,1
146,115,2
146,119,1
146,121,1
146,122,1
146,126,1
146,128,7
146,129,6
146,130,3
146,131,8
146,132,3
146,133,5
146,134,3
146,135,3
146,136,2
146,137,1
146,138,11
146,139,18
146,140,3
146,141,4
146,142,15
146,143,59
146,144,123
146,145,79
146,147,5
146,148,16
146,149,58
146,150,11
146,151,5
146,152,1
146,153,22
146,154,1
146,157,2
146,158,2
146,160,1
146,161,2
146,162,4
146,163,2
146,164,1
146,169,1
146,171,2
146,173,1
146,174,2
146,175,1
146,176,5
146,177,1
146,178,3
146,180,1
146,182,3
146,183,3
146,184,4
146,186,1
146,188,2
146,192,2
146,193,3
146,194,3
146,195,3
146,196,1
146,199,1
146,201,1
146,203,1
146,206,3
146,208,1
146,210,2
146,212,2
146,215,2
146,216,1
146,217,5
146,218,1
146,219,12
146,222,1
146,223,1
146,224,1
146,225,10
146,226,3
146,229,4
146,230,3
146,231,2
146,233,1
146,234,5
146,235,2
146,236,1
146,238,3
146,239,2
146,240,7
146,241,4
146,242,1
146,243,1
146,248,3
146,250,2
146,251,1
146,255,1
146,256,1
146,259,4
146,260,1
146,261,3
146,262,1
146,263,2
146,264,27
146,265,4
146,267,3
146,268,11
146,269,8
146,270,7
146,272,1
146,273,16
146,274,1
146,275,1
146,276,6
146,277,7
146,278,1
146,279,3
146,280,2
146,281,11
146,285,2
146,286,4
146,287,2
146,288,10
146,289,12
146,290,2
146,292,3
146,295,16
146,297,3
146,299,2
146,300,1
146,301,1
147,1,1
147,2,1
147,4,3
147,12,1
147,17,1
147,26,1
147,34,1
147,35,1
147,36,1
147,38,1
147,42,1
147,44,2
147,45,2
147,57,1
147,59,1
147,61,1
147,77,1
147,79,1
147,80,2
147,86,1
147,88,2
147,95,1
147,117,1
147,123,1
147,127,1
147,131,2
147,134,1
147,135,1
147,138,2
147,139,2
147,143,3
147,144,9
147,145,3
147,146,9
147,148,4
147,149,16
147,151,1
147,153,4
147,155,1
147,163,1
147,176,1
147,177,1
147,178,1
147,183,1
147,190,1
147,200,1
147,216,1
147,217,1
147,226,1
147,230,2
147,236,1
147,237,1
147,239,1
147,240,2
147,244,1
147,255,1
147,256,1
147,259,1
147,264,1
147,265,4
147,273,1
147,277,1
147,279,1
147,281,2
147,287,1
147,288,2
147,289,1
147,295,1
147,297,1
147,298,1
148,1,4
148,2,5
148,3,1
148,4,27
148,6,6
148,8,1
148,9,4
148,13,1
148,16,1
148,18,1
148,20,2
148,21,1
148,22,1
148,23,1
148,26,4
148,28,1
148,30,1
148,34,1
148,35,2
148,41,1
148,42,2
148,43,5
148,44,2
148,45,1
148,47,1
148,52,1
148,56,2
148,58,1
148,61,3
148,66,2
148,69,1
148,70,1
148,73,1
148,75,2
148,76,2
148,78,1
148,79,5
148,80,2
148,81,1
148,82,1
148,83,2
148,84,2
148,86,1
148,88,1
148,89,1
148,95,1
148,96,6
148,97,6
148,99,1
148,100,2
148,101,2
148,105,3
148,106,1
148,110,1
148,118,1
148,122,1
148,123,1
148,127,3
148,129,1
148,130,2
148,131,15
148,132,2
148,133,2
148,134,2
148,135,2
148,136,1
148,138,6
148,139,4
148,140,2
148,141,7
148,142,1
148,143,15
148,144,72
148,145,23
148,146,12
148,147,2
148,149,25
148,150,7
148,151,3
148,152,3
148,153,20
148,154,1
148,161,1
148,162,1
148,166,1
148,168,1
148,175,2
148,176,2
148,177,1
148,178,3
148,179,2
148,180,2
148,182,1
148,183,3
148,187,1
148,192,10
148,206,3
148,210,1
148,213,3
148,217,3
148,218,1
148,219,5
148,221,1
148,225,2
148,227,3
148,228,2
148,229,3
148,230,2
148,234,2
148,236,2
148,237,1
148,238,2
148,239,1
148,240,1
148,241,3
148,243,5
148,246,1
148,247,2
148,248,2
148,249,2
148,256,2
148,257,1
148,259,2
148,264,9
148,265,3
148,267,2
148,268,1
148,269,2
148,270,3
148,271,1
148,272,2
148,273,8
148,276,1
148,277,2
148,279,2
148,281,3
148,283,1
148,286,1
148,287,8
148,288,7
148,289,8
148,291,1
148,292,2
148,295,14
148,296,9
148,297,4
148,298,1
149,1,2
149,2,3
149,4,38
149,6,8
149,7,4
149,8,2
149,9,1
149,10,1
149,17,1
149,18,1
149,21,1
149,22,1
149,23,4
149,24,2
149,25,1
149,26,1
149,27,1
149,30,6
149,35,8
149,38,2
149,39,2
149,41,1
149,42,3
149,43,8
149,44,12
149,50,1
149,58,1
149,59,7
149,60,1
149,61,4
149,64,2
149,65,3
149,66,1
149,68,1
149,70,5
149,71,5
149,72,1
149,73,1
149,74,3
149,76,1
149,78,1
149,79,4
149,80,2
149,81,4
149,82,1
149,83,1
149,84,1
149,85,1
149,86,1
149,87,1
149,90,1
149,95,2
149,96,2
149,98,1
149,99,1
149,100,3
149,101,1
149,107,3
149,111,1
149,112,2
149,113,1
149,119,1
149,120,1
149,121,4
149,122,4
149,123,2
149,127,2
149,128,1
149,129,2
149,130,2
149,131,5
149,132,5
149,133,3
149,134,4
149,135,2
149,136,4
149,138,8
149,139,9
149,140,1
149,141,8
149,142,3
149,143,18
149,144,45
149,145,40
149,146,31
149,147,5
149,148,37
149,150,13
149,151,33
149,152,32
149,153,86
149,154,1
149,155,1
149,156,1
149,159,4
149,161,2
149,164,2
149,168,2
149,171,1
149,173,1
149,174,1
149,175,3
149,177,1
149,182,1
149,188,1
149,192,2
149,195,4
149,196,2
149,197,3
149,206,2
149,210,1
149,212,6
149,213,1
149,214,2
149,215,1
149,216,1
149,217,5
149,218,5
149,219,6
149,224,1
149,225,6
149,228,3
149,229,3
149,230,3
149,234,2
149,236,2
149,237,3
149,238,1
149,239,1
149,241,4
149,242,2
149,243,2
149,245,5
149,246,3
149,247,1
149,248,4
149,249,3
149,250,1
149,251,1
149,254,1
149,257,1
149,258,1
149,260,1
149,261,1
149,262,1
149,263,1
149,264,9
149,265,6
149,267,4
149,268,6
149,269,5
149,270,5
149,273,11
149,274,3
149,275,3
149,276,5
149,277,3
149,278,2
149,279,3
149,281,10
149,282,1
149,284,1
149,285,3
149,286,3
149,287,2
149,288,17
149,289,2
149,290,3
149,291,2
149,292,2
149,294,1
149,295,17
149,297,9
149,301,3
150,1,1
150,2,1
150,4,3
150,8,1
150,18,1
150,20,2
150,21,1
150,30,1
150,31,1
150,54,1
150,60,1
150,61,2
150,87,1
150,98,1
150,121,1
150,122,1
150,131,1
150,138,2
150,142,1
150,143,3
150,144,8
150,145,3
150,146,1
150,147,1
150,148,3
150,149,9
150,151,4
150,153,12
150,183,1
150,188,1
150,210,1
150,219,1
150,222,1
150,225,5
150,226,3
150,230,2
150,241,1
150,245,1
150,254,1
150,264,2
150,268,2
150,270,1
150,273,4
150,275,1
150,278,1
150,281,5
150,284,1
150,290,1
150,292,1
150,295,3
150,297,3
151,4,12
151,6,1
151,7,1
151,8,2
151,19,1
151,26,1
151,38,1
151,43,2
151,44,2
151,56,1
151,58,1
151,61,1
151,68,2
151,74,1
151,75,1
151,76,1
151,79,1
151,82,2
151,83,1
151,86,1
151,96,1
151,113,1
151,114,1
151,118,1
151,121,2
151,125,1
151,129,3
151,130,1
151,131,2
151,132,1
151,133,1
151,135,1
151,139,1
151,142,1
151,143,2
151,144,4
151,145,2
151,146,5
151,147,2
151,148,11
151,149,33
151,150,3
151,152,2
151,153,22
151,157,2
151,159,1
151,163,1
151,166,1
151,175,4
151,176,1
151,180,1
151,188,2
151,193,1
151,195,1
151,196,1
151,204,1
151,212,2
151,217,1
151,219,6
151,225,1
151,229,1
151,230,1
151,232,1
151,237,1
151,247,1
151,248,1
151,255,1
151,257,1
151,259,2
151,264,4
151,265,1
151,268,3
151,270,4
151,273,4
151,279,2
151,281,1
151,282,3
151,286,2
151,289,1
151,295,2
151,297,2
152,4,10
152,6,2
152,35,1
152,37,1
152,61,3
152,66,1
152,68,1
152,73,1
152,74,1
152,80,1
152,81,1
152,115,1
152,122,1
152,129,1
152,131,5
152,133,1
152,134,1
152,138,2
152,142,1
152,144,2
152,145,2
152,146,1
152,148,9
152,149,35
152,150,2
152,151,6
152,153,15
152,157,1
152,158,1
152,159,2
152,161,1
152,166,1
152,184,1
152,194,2
152,197,1
152,212,1
152,216,1
152,225,1
152,229,4
152,231,1
152,232,1
152,238,1
152,254,1
152,264,1
152,265,1
152,268,2
152,272,1
152,274,2
152,275,1
152,276,1
152,281,1
152,285,1
152,288,1
152,292,1
152,295,2
152,296,1
152,297,2
153,0,4
153,1,8
153,2,33
153,3,11
153,4,134
153,5,6
153,6,28
153,7,4
153,8,6
153,9,12
153,10,5
153,11,7
153,13,2
153,16,4
153,17,1
153,18,1
153,19,1
153,20,5
153,21,5
153,22,6
153,23,3
153,24,20
153,25,8
153,26,6
153,27,1
153,28,3
153,29,1
153,30,5
153,31,2
153,32,1
153,33,1
153,34,9
153,35,5
153,36,1
153,37,1
153,38,6
153,39,4
153,41,3
153,42,1
153,43,4
153,44,4
153,47,2
153,48,2
153,49,1
153,50,4
153,51,1
153,52,2
153,53,6
153,54,1
153,55,3
153,56,4
153,57,3
153,60,1
153,61,19
153,62,13
153,63,1
153,64,5
153,65,2
153,66,3
153,67,2
153,68,4
153,69,3
153,70,8
153,71,6
153,72,6
153,73,3
153,74,9
153,75,7
153,76,17
153,78,3
153,79,15
153,80,11
153,81,11
153,82,3
153,83,5
153,84,8
153,85,1
153,86,5
153,88,6
153,91,4
153,92,2
153,93,4
153,94,3
153,96,3
153,97,7
153,98,6
153,100,6
153,103,3
153,104,1
153,106,4
153,107,1
153,108,4
153,109,5
153,110,2
153,111,1
153,112,2
153,113,8
153,114,9
153,115,2
153,116,4
153,117,4
153,118,5
153,119,2
153,120,3
153,121,8
153,122,6
153,123,4
153,126,4
153,127,1
153,128,5
153,129,30
153,130,4
153,131,40
153,132,18
153,133,13
153,134,19
153,135,2
153,136,7
153,137,3
153,138,10
153,139,22
153,140,4
153,141,12
153,142,19
153,143,20
153,144,11
153,145,42
153,146,43
153,147,4
153,148,54
153,149,224
153,150,28
153,151,52
153,152,27
153,154,2
153,155,4
153,157,2
153,158,1
153,159,9
153,160,1
153,161,8
153,163,4
153,164,3
153,165,5
153,166,4
153,167,4
153,169,2
153,170,4
153,171,5
153,172,1
153,173,2
153,174,3
153,175,9
153,176,4
153,177,5
153,178,1
153,180,3
153,182,3
153,183,3
153,184,3
153,187,2
153,188,5
153,190,3
153,191,3
153,192,10
153,193,4
153,194,5
153,195,5
153,196,10
153,197,4
153,200,5
153,201,3
153,202,2
153,203,3
153,204,1
153,205,2
153,206,5
153,207,1
153,210,14
153,212,3
153,213,4
153,214,3
153,215,3
153,216,4
153,217,9
153,218,3
153,219,8
153,220,1
153,221,3
153,222,6
153,223,11
153,224,17
153,225,9
153,226,5
153,227,12
153,228,6
153,229,15
153,230,3
153,231,2
153,232,2
153,233,3
153,234,3
153,235,2
153,236,10
153,237,4
153,238,10
153,239,4
153,240,3
153,241,9
153,242,4
153,243,10
153,244,1
153,245,7
153,246,8
153,247,1
153,248,14
153,249,2
153,251,12
153,254,9
153,255,5
153,256,7
153,257,11
153,258,1
153,259,7
153,260,6
153,261,8
153,262,3
153,263,6
153,264,44
153,265,27
153,266,7
153,267,88
153,268,56
153,269,8
153,270,12
153,271,3
153,272,6
153,273,40
153,274,6
153,275,1
153,276,1
153,277,3
153,278,18
153,279,2
153,280,4
153,281,9
153,282,3
153,283,3
153,284,3
153,285,8
153,286,8
153,287,2
153,288,25
153,289,28
153,290,3
153,292,2
153,293,9
153,294,3
153,295,78
153,296,2
153,297,35
153,298,8
153,299,3
153,300,2
153,301,10
154,0,9
154,1,1
154,2,9
154,3,2
154,4,8
154,5,4
154,6,4
154,7,8
154,8,8
154,9,5
154,10,1
154,11,4
154,13,2
154,16,2
154,18,3
154,20,5
154,21,3
154,23,5
154,24,3
154,25,7
154,26,8
154,29,5
154,30,1
154,31,37
154,34,10
154,35,1
154,38,1
154,39,1
154,41,1
154,42,1
154,43,3
154,44,3
154,47,2
154,48,1
154,53,2
154,55,1
154,56,1
154,57,3
154,59,2
154,60,1
154,61,9
154,62,8
154,64,3
154,65,1
154,66,2
154,67,2
154,69,2
154,70,1
154,71,1
154,72,1
154,73,6
154,74,4
154,75,9
154,76,7
154,77,3
154,78,3
154,79,14
154,80,14
154,81,9
154,82,3
154,83,11
154,84,6
154,85,1
154,86,9
154,88,4
154,89,4
154,90,3
154,92,2
154,93,1
154,94,2
154,95,2
154,96,1
154,97,2
154,98,5
154,99,2
154,100,1
154,101,5
154,102,2
154,103,5
154,104,2
154,105,3
154,106,5
154,107,3
154,109,1
154,110,4
154,112,5
154,113,3
154,114,1
154,115,4
154,116,4
154,117,2
154,118,1
154,119,2
154,120,3
154,121,1
154,123,1
154,124,4
154,125,10
154,127,6
154,128,1
154,129,2
154,130,2
154,131,4
154,132,1
154,134,1
154,136,10
154,138,23
154,140,19
154,141,1
154,142,4
154,143,1
154,144,3
154,145,9
154,146,6
154,148,2
154,149,1
154,155,6
154,156,1
154,157,9
154,158,3
154,159,3
154,160,1
154,161,26
154,162,2
154,163,12
154,164,3
154,165,3
154,166,25
154,168,1
154,169,2
154,170,3
154,171,2
154,173,2
154,174,9
154,175,6
154,176,4
154,177,3
154,178,2
154,179,1
154,182,5
154,183,1
154,184,1
154,185,4
154,187,42
154,188,5
154,189,2
154,190,1
154,192,15
154,193,1
154,194,4
154,195,5
154,196,5
154,197,2
154,198,2
154,200,2
154,201,1
154,202,1
154,203,3
154,205,1
154,206,1
154,208,1
154,209,1
154,210,3
154,211,2
154,212,1
154,214,3
154,215,1
154,216,2
154,217,1
154,219,2
154,222,2
154,223,2
154,224,1
154,225,4
154,226,3
154,227,14
154,228,2
154,229,13
154,230,9
154,231,1
154,232,2
154,233,1
154,234,5
154,235,2
154,236,1
154,237,4
154,238,1
154,239,7
154,240,1
154,241,4
154,242,6
154,243,5
154,244,3
154,245,8
154,246,4
154,248,1
154,249,1
154,251,1
154,252,1
154,254,4
154,255,5
154,256,1
154,259,13
154,260,1
154,261,5
154,262,8
154,263,4
154,264,16
154,265,8
154,266,8
154,268,6
154,269,8
154,270,5
154,271,1
154,272,6
154,273,18
154,274,2
154,275,13
154,276,10
154,279,1
154,280,5
154,281,6
154,282,3
154,284,1
154,285,4
154,286,39
154,287,6
154,288,9
154,289,14
154,290,6
154,291,2
154,292,6
154,293,1
154,295,30
154,296,1
154,297,5
154,298,5
154,299,1
154,300,3
154,301,5
155,1,3
155,2,1
155,4,5
155,5,1
155,18,1
155,22,1
155,25,1
155,26,2
155,30,1
155,31,3
155,33,1
155,38,1
155,39,1
155,43,1
155,44,2
155,53,1
155,58,1
155,59,7
155,61,1
155,67,1
155,69,6
155,70,7
155,71,6
155,73,5
155,74,25
155,75,2
155,77,1
155,80,2
155,84,1
155,91,1
155,94,1
155,97,1
155,103,1
155,104,1
155,121,2
155,122,2
155,124,3
155,125,3
155,127,7
155,128,9
155,131,1
155,132,1
155,134,2
155,135,2
155,138,6
155,139,1
155,140,12
155,142,2
155,144,3
155,145,3
155,148,1
155,153,1
155,156,5
155,157,2
155,158,10
155,159,29
155,162,5
155,163,2
155,164,4
155,165,1
155,166,2
155,168,2
155,173,6
155,176,1
155,177,1
155,178,1
155,180,2
155,183,1
155,188,2
155,192,1
155,195,2
155,196,1
155,198,1
155,210,1
155,212,1
155,217,1
155,227,1
155,230,4
155,232,2
155,233,1
155,234,1
155,235,1
155,240,5
155,243,1
155,250,1
155,257,1
155,259,2
155,263,2
155,264,14
155,265,1
155,268,2
155,269,8
155,271,1
155,273,1
155,274,1
155,275,1
155,276,3
155,277,1
155,279,3
155,281,6
155,286,1
155,288,1
155,289,4
155,292,1
155,293,1
155,295,4
155,301,1
156,3,1
156,4,2
156,8,1
156,19,1
156,24,1
156,26,1
156,31,1
156,35,1
156,48,1
156,52,1
156,58,2
156,59,1
156,64,1
156,65,2
156,69,6
156,71,1
156,73,3
156,74,12
156,78,8
156,81,1
156,88,1
156,89,3
156,90,1
156,91,1
156,93,1
156,94,2
156,96,3
156,100,1
156,101,1
156,109,1
156,114,1
156,124,2
156,125,10
156,127,3
156,128,3
156,129,1
156,132,1
156,133,1
156,138,3
156,139,2
156,140,5
156,141,2
156,142,1
156,143,1
156,144,1
156,149,1
156,155,7
156,157,3
156,158,3
156,159,4
156,161,1
156,162,3
156,163,5
156,164,3
156,166,2
156,168,2
156,170,1
156,173,4
156,175,3
156,180,1
156,183,1
156,188,2
156,193,1
156,210,1
156,212,1
156,223,1
156,227,3
156,228,1
156,232,1
156,235,1
156,236,2
156,239,1
156,240,1
156,241,1
156,248,1
156,256,2
156,257,1
156,259,1
156,261,2
156,263,1
156,264,1
156,265,2
156,268,1
156,269,5
156,273,1
156,276,8
156,277,1
156,281,1
156,283,1
156,284,1
156,289,1
156,292,1
156,294,1
156,295,1
157,0,7
157,1,6
157,2,2
157,3,1
157,4,6
157,5,1
157,7,5
157,8,8
157,9,1
157,15,3
157,16,2
157,18,3
157,20,5
157,21,3
157,23,2
157,24,3
157,25,8
157,26,6
157,27,2
157,29,4
157,30,2
157,31,56
157,32,1
157,33,1
157,34,8
157,39,5
157,43,1
157,44,1
157,47,3
157,53,1
157,55,1
157,56,1
157,61,5
157,62,2
157,64,1
157,65,2
157,66,1
157,67,1
157,69,2
157,70,2
157,72,1
157,73,3
157,74,4
157,75,4
157,76,10
157,77,3
157,79,7
157,80,6
157,81,6
157,83,5
157,84,3
157,85,1
157,86,2
157,90,1
157,91,2
157,93,2
157,94,3
157,95,2
157,96,2
157,97,4
157,98,1
157,100,1
157,101,6
157,102,4
157,103,2
157,104,1
157,106,4
157,107,2
157,108,1
157,110,3
157,112,1
157,113,1
157,114,1
157,116,1
157,118,3
157,120,2
157,121,5
157,122,1
157,123,2
157,124,14
157,125,16
157,126,1
157,127,3
157,129,3
157,131,1
157,133,2
157,138,5
157,139,1
157,140,14
157,142,4
157,143,1
157,144,2
157,145,1
157,149,2
157,153,8
157,154,4
157,155,13
157,156,8
157,158,4
157,159,5
157,161,38
157,162,5
157,163,31
157,164,4
157,165,2
157,166,24
157,168,1
157,169,3
157,171,5
157,172,3
157,173,2
157,174,7
157,175,4
157,176,2
157,177,1
157,178,2
157,179,3
157,180,4
157,182,2
157,183,3
157,184,2
157,187,14
157,188,4
157,189,1
157,191,1
157,192,6
157,193,1
157,194,3
157,195,4
157,196,2
157,197,3
157,198,3
157,200,4
157,201,3
157,205,1
157,206,2
157,208,1
157,209,1
157,210,2
157,212,2
157,214,3
157,216,6
157,219,2
157,223,1
157,224,1
157,227,9
157,229,17
157,230,8
157,234,2
157,235,1
157,236,1
157,237,7
157,238,2
157,239,1
157,240,6
157,241,1
157,242,4
157,243,2
157,245,3
157,246,5
157,248,2
157,249,22
157,251,2
157,253,1
157,254,1
157,255,4
157,256,2
157,259,5
157,261,1
157,262,2
157,263,6
157,264,3
157,265,4
157,267,3
157,268,5
157,269,2
157,270,2
157,272,3
157,273,10
157,274,1
157,275,13
157,276,26
157,277,2
157,278,1
157,279,1
157,280,10
157,281,4
157,282,7
157,283,2
157,285,2
157,286,37
157,287,1
157,288,4
157,289,14
157,290,4
157,292,2
157,293,4
157,295,22
157,296,2
157,297,1
157,298,1
157,300,4
157,301,5
158,0,3
158,1,4
158,2,1
158,3,2
158,4,8
158,6,1
158,7,1
158,10,1
158,18,4
158,21,1
158,22,1
158,25,2
158,26,1
158,30,1
158,31,4
158,35,4
158,39,1
158,50,1
158,52,1
158,58,2
158,61,1
158,62,1
158,64,5
158,65,2
158,66,2
158,69,2
158,70,5
158,71,2
158,73,12
158,74,13
158,80,1
158,81,2
158,82,2
158,83,1
158,91,2
158,93,2
158,96,5
158,97,3
158,100,1
158,103,1
158,112,1
158,113,1
158,114,1
158,124,3
158,125,5
158,127,11
158,128,6
158,131,2
158,132,1
158,134,1
158,135,1
158,136,3
158,138,4
158,139,1
158,140,24
158,142,3
158,143,1
158,144,1
158,146,1
158,155,26
158,156,6
158,157,5
158,159,26
158,161,3
158,162,17
158,163,2
158,164,31
158,166,3
158,168,17
158,173,13
158,175,2
158,176,1
158,177,1
158,182,2
158,184,1
158,189,1
158,191,1
158,194,1
158,195,2
158,197,1
158,206,1
158,210,1
158,212,1
158,213,1
158,219,1
158,225,1
158,226,2
158,227,1
158,229,2
158,230,1
158,238,1
158,239,2
158,240,2
158,242,1
158,243,1
158,248,3
158,255,1
158,256,1
158,262,2
158,264,6
158,268,1
158,269,5
158,273,1
158,276,7
158,278,1
158,280,2
158,281,4
158,286,2
158,288,8
158,289,1
158,290,3
158,294,1
158,295,2
158,297,1
158,298,1
158,301,1
159,1,14
159,2,3
159,3,1
159,4,5
159,5,1
159,6,2
159,7,1
159,8,3
159,11,1
159,13,1
159,17,3
159,18,2
159,20,1
159,21,2
159,22,3
159,23,2
159,25,1
159,30,1
159,31,22
159,33,1
159,35,5
159,37,1
159,38,2
159,39,5
159,41,2
159,43,4
159,44,2
159,54,2
159,58,6
159,59,4
159,60,1
159,61,2
159,62,1
159,64,7
159,65,4
159,66,2
159,69,8
159,70,15
159,71,17
159,72,2
159,73,28
159,74,60
159,75,1
159,76,2
159,77,2
159,78,1
159,79,2
159,80,4
159,81,3
159,83,1
159,88,2
159,94,1
159,96,8
159,97,5
159,101,1
159,105,1
159,108,1
159,112,1
159,113,1
159,114,4
159,115,2
159,117,1
159,118,1
159,120,3
159,122,1
159,124,12
159,125,17
159,127,43
159,128,29
159,129,1
159,130,3
159,131,5
159,132,1
159,133,1
159,134,1
159,136,1
159,137,1
159,138,5
159,139,8
159,140,52
159,142,4
159,143,2
159,144,12
159,145,5
159,147,1
159,148,3
159,149,3
159,151,1
159,153,1
159,154,2
159,155,83
159,156,13
159,157,2
159,158,39
159,161,8
159,162,22
159,163,16
159,164,34
159,166,3
159,168,27
159,169,2
159,172,2
159,173,31
159,175,5
159,182,5
159,183,4
159,184,1
159,185,3
159,187,2
159,188,2
159,192,2
159,194,1
159,196,3
159,197,4
159,198,2
159,202,1
159,203,1
159,212,3
159,215,1
159,217,5
159,218,1
159,219,3
159,223,1
159,224,4
159,225,9
159,226,2
159,227,8
159,228,1
159,229,3
159,231,1
159,234,4
159,235,1
159,236,1
159,237,1
159,238,3
159,239,10
159,240,9
159,243,1
159,246,2
159,247,1
159,248,4
159,255,3
159,257,4
159,259,1
159,263,1
159,264,23
159,267,1
159,268,3
159,269,9
159,270,1
159,271,4
159,273,10
159,276,7
159,277,2
159,278,5
159,279,3
159,281,1
159,282,2
159,283,1
159,284,2
159,285,1
159,286,8
159,287,1
159,288,5
159,289,8
159,290,1
159,292,2
159,293,1
159,294,1
159,295,3
159,296,1
159,297,4
159,298,1
159,299,1
159,300,2
159,301,1
160,0,2
160,2,3
160,3,2
160,4,2
160,5,1
160,6,2
160,7,4
160,9,8
160,13,1
160,16,1
160,18,1
160,26,1
160,30,1
160,31,1
160,34,2
160,35,2
160,38,1
160,39,1
160,41,5
160,44,3
160,45,3
160,47,1
160,48,1
160,49,1
160,53,1
160,55,9
160,56,7
160,57,2
160,58,2
160,59,1
160,61,2
160,65,1
160,66,3
160,68,1
160,72,3
160,73,1
160,76,2
160,77,3
160,79,3
160,80,1
160,81,5
160,82,1
160,83,1
160,84,3
160,88,2
160,89,3
160,90,20
160,95,1
160,96,1
160,100,3
160,104,2
160,106,2
160,107,1
160,108,3
160,110,3
160,112,5
160,113,3
160,114,3
160,115,3
160,116,2
160,117,2
160,118,2
160,119,2
160,120,3
160,121,2
160,122,8
160,125,1
160,126,1
160,128,3
160,129,3
160,131,2
160,134,1
160,136,70
160,138,1
160,139,1
160,140,1
160,142,1
160,143,2
160,145,1
160,146,2
160,148,2
160,149,1
160,164,1
160,165,3
160,166,1
160,168,1
160,169,14
160,170,15
160,171,19
160,173,1
160,174,4
160,175,1
160,176,3
160,178,3
160,179,2
160,180,2
160,182,1
160,183,1
160,184,1
160,191,1
160,192,1
160,193,2
160,194,1
160,195,1
160,196,1
160,197,2
160,198,1
160,200,1
160,201,1
160,205,1
160,206,3
160,207,2
160,210,3
160,212,2
160,213,1
160,215,2
160,216,5
160,217,2
160,219,1
160,224,1
160,225,1
160,226,2
160,227,2
160,228,1
160,229,1
160,232,1
160,233,1
160,234,1
160,238,1
160,241,2
160,243,3
160,245,2
160,247,2
160,248,3
160,251,1
160,255,3
160,257,1
160,260,2
160,261,1
160,263,18
160,264,4
160,265,5
160,268,2
160,271,2
160,272,2
160,273,5
160,274,5
160,275,2
160,276,1
160,278,5
160,279,1
160,281,2
160,282,4
160,285,1
160,286,1
160,287,2
160,288,9
160,290,4
160,293,3
160,294,1
160,295,22
160,297,4
160,298,1
160,300,1
160,301,5
161,0,23
161,1,6
161,2,7
161,3,5
161,4,12
161,5,6
161,6,5
161,7,23
161,8,11
161,9,3
161,12,2
161,13,2
161,16,5
161,17,1
161,18,2
161,19,1
161,20,1
161,21,8
161,22,5
161,23,4
161,24,5
161,25,12
161,26,6
161,27,1
161,28,2
161,29,4
161,30,3
161,31,111
161,32,1
161,33,1
161,34,11
161,35,5
161,37,1
161,38,5
161,39,5
161,40,1
161,41,2
161,42,1
161,43,7
161,44,11
161,47,3
161,48,1
161,49,1
161,51,1
161,53,1
161,54,1
161,55,2
161,56,3
161,57,4
161,58,4
161,59,2
161,60,3
161,61,7
161,62,7
161,63,1
161,64,4
161,65,1
161,66,9
161,67,1
161,69,2
161,70,3
161,71,3
161,72,3
161,73,6
161,74,11
161,75,10
161,76,9
161,77,10
161,78,7
161,79,10
161,80,21
161,81,12
161,82,8
161,83,18
161,84,9
161,85,4
161,86,8
161,87,3
161,88,2
161,89,1
161,90,10
161,91,2
161,93,4
161,94,15
161,95,3
161,96,1
161,97,20
161,98,10
161,99,4
161,100,2
161,101,7
161,102,1
161,103,3
161,104,3
161,105,9
161,106,6
161,107,8
161,108,3
161,109,11
161,110,5
161,112,11
161,113,9
161,114,13
161,115,7
161,117,4
161,118,5
161,119,2
161,120,3
161,121,6
161,122,6
161,123,5
161,124,47
161,125,48
161,126,2
161,127,20
161,128,2
161,129,8
161,130,2
161,131,10
161,132,8
161,133,4
161,134,6
161,135,1
161,136,15
161,138,7
161,139,2
161,140,74
161,142,3
161,143,2
161,144,11
161,145,8
161,146,8
161,148,2
161,149,5
161,150,1
161,153,10
161,154,14
161,155,34
161,156,5
161,157,28
161,158,17
161,159,7
161,160,2
161,162,5
161,163,68
161,164,7
161,165,4
161,166,37
161,168,10
161,169,9
161,170,5
161,171,5
161,172,9
161,173,5
161,174,3
161,175,19
161,176,2
161,177,4
161,178,6
161,179,3
161,180,1
161,181,1
161,182,2
161,183,8
161,184,4
161,187,19
161,188,7
161,189,5
161,191,2
161,192,17
161,193,5
161,194,10
161,195,7
161,196,7
161,197,9
161,198,5
161,200,3
161,201,3
161,202,5
161,204,1
161,205,6
161,206,4
161,210,4
161,212,5
161,213,3
161,214,3
161,215,5
161,216,9
161,217,6
161,219,9
161,220,1
161,221,3
161,222,2
161,223,2
161,224,5
161,225,4
161,226,3
161,227,24
161,229,17
161,230,21
161,231,2
161,232,3
161,233,1
161,234,18
161,235,5
161,236,7
161,237,3
161,238,2
161,239,3
161,240,4
161,241,7
161,242,3
161,243,8
161,244,1
161,245,3
161,246,6
161,247,1
161,248,10
161,249,11
161,251,8
161,252,2
161,254,3
161,255,17
161,256,7
161,257,5
161,259,13
161,260,4
161,261,7
161,262,7
161,263,6
161,264,14
161,265,11
161,266,10
161,267,2
161,268,8
161,269,10
161,270,12
161,272,5
161,273,15
161,274,11
161,275,16
161,276,53
161,277,3
161,278,9
161,279,10
161,280,4
161,281,8
161,282,3
161,283,1
161,284,12
161,285,9
161,286,54
161,287,8
161,288,25
161,289,21
161,290,10
161,292,8
161,293,16
161,295,108
161,296,2
161,297,18
161,298,4
161,299,4
161,300,5
161,301,22
162,1,3
162,2,1
162,4,12
162,6,1
162,7,1
162,10,2
162,17,2
162,19,2
162,20,1
162,22,1
162,24,1
162,25,1
162,26,1
162,31,4
162,32,1
162,34,1
162,35,3
162,36,1
162,38,1
162,39,1
162,41,1
162,43,2
162,44,3
162,54,1
162,56,1
162,58,5
162,59,6
162,60,1
162,62,2
162,64,5
162,66,1
162,70,2
162,71,5
162,73,10
162,74,39
162,76,3
162,80,1
162,82,2
162,83,1
162,84,1
162,86,2
162,88,1
162,89,1
162,91,4
162,93,6
162,96,7
162,98,1
162,104,1
162,105,1
162,109,1
162,118,2
162,123,1
162,124,5
162,125,2
162,126,2
162,127,16
162,128,8
162,129,3
162,130,1
162,132,1
162,134,1
162,137,1
162,138,2
162,139,3
162,140,33
162,141,1
162,142,1
162,143,2
162,144,3
162,145,4
162,146,3
162,148,2
162,149,1
162,153,1
162,154,1
162,155,25
162,156,7
162,157,1
162,158,25
162,159,19
162,161,5
162,163,7
162,164,33
162,166,6
162,168,32
162,169,1
162,173,30
162,175,4
162,176,3
162,179,1
162,180,1
162,188,2
162,192,1
162,195,2
162,196,2
162,198,1
162,207,1
162,210,1
162,212,4
162,214,1
162,217,4
162,218,1
162,219,5
162,225,2
162,226,3
162,227,1
162,229,1
162,230,3
162,231,1
162,232,1
162,233,1
162,234,1
162,236,1
162,238,2
162,239,1
162,240,1
162,241,2
162,242,2
162,243,4
162,244,1
162,247,1
162,248,2
162,249,1
162,255,2
162,260,2
162,261,2
162,264,10
162,265,3
162,268,2
162,269,3
162,270,4
162,272,1
162,273,6
162,275,4
162,276,11
162,277,2
162,278,1
162,279,1
162,281,2
162,283,2
162,284,1
162,285,2
162,286,4
162,287,5
162,288,4
162,289,1
162,290,1
162,295,1
162,297,2
162,298,1
162,301,2
163,0,17
163,1,7
163,2,6
163,3,4
163,4,19
163,5,6
163,6,4
163,7,8
163,8,7
163,9,2
163,10,3
163,13,5
163,16,2
163,18,5
163,19,1
163,20,3
163,21,2
163,22,2
163,23,1
163,24,4
163,25,10
163,26,6
163,28,4
163,30,2
163,31,94
163,32,1
163,34,6
163,35,4
163,36,1
163,38,1
163,39,2
163,41,1
163,43,6
163,44,5
163,45,2
163,48,3
163,49,1
163,50,2
163,53,9
163,55,2
163,56,3
163,57,1
163,58,5
163,60,5
163,61,7
163,62,6
163,64,2
163,65,3
163,66,11
163,67,1
163,69,1
163,70,2
163,71,3
163,72,2
163,73,7
163,74,17
163,75,9
163,76,7
163,77,7
163,78,3
163,79,11
163,80,6
163,81,12
163,82,3
163,83,2
163,84,5
163,85,1
163,86,5
163,88,5
163,89,1
163,90,8
163,93,4
163,94,15
163,95,3
163,96,2
163,97,4
163,98,4
163,99,4
163,100,1
163,101,7
163,102,2
163,103,4
163,104,3
163,105,3
163,106,5
163,107,7
163,108,4
163,109,3
163,110,1
163,111,1
163,112,4
163,113,5
163,114,3
163,115,5
163,117,2
163,118,2
163,119,6
163,120,1
163,121,4
163,122,3
163,123,1
163,124,46
163,125,50
163,126,1
163,127,12
163,128,1
163,129,9
163,130,2
163,131,6
163,132,6
163,133,4
163,134,11
163,136,15
163,138,12
163,139,5
163,140,52
163,141,1
163,142,1
163,143,2
163,144,6
163,145,9
163,146,5
163,148,1
163,149,5
163,154,10
163,155,32
163,156,1
163,157,22
163,158,14
163,159,13
163,160,2
163,161,40
163,162,5
163,164,9
163,165,3
163,166,45
163,168,21
163,169,7
163,170,6
163,171,6
163,172,4
163,173,6
163,174,4
163,175,9
163,176,4
163,177,3
163,178,2
163,179,2
163,180,1
163,182,10
163,183,2
163,184,2
163,185,1
163,186,3
163,187,9
163,188,4
163,191,1
163,192,5
163,193,3
163,194,4
163,195,4
163,196,10
163,197,3
163,200,3
163,203,1
163,204,1
163,205,2
163,206,3
163,208,2
163,210,12
163,212,5
163,213,1
163,215,2
163,216,4
163,217,4
163,219,5
163,222,1
163,225,3
163,226,6
163,227,14
163,228,8
163,229,11
163,230,13
163,232,1
163,233,2
163,234,14
163,235,4
163,236,4
163,237,8
163,238,2
163,239,3
163,240,4
163,241,7
163,242,2
163,243,9
163,245,1
163,247,3
163,248,2
163,249,5
163,250,2
163,251,10
163,254,17
163,255,11
163,256,7
163,259,9
163,260,1
163,261,10
163,262,4
163,263,4
163,264,10
163,265,9
163,266,8
163,267,2
163,268,10
163,269,10
163,270,4
163,271,2
163,272,3
163,273,10
163,274,6
163,275,12
163,276,58
163,277,5
163,278,11
163,279,6
163,281,8
163,282,2
163,284,1
163,285,4
163,286,43
163,287,2
163,288,17
163,289,16
163,290,8
163,292,9
163,293,5
163,295,84
163,296,3
163,297,9
163,298,5
163,299,1
163,300,2
163,301,9
164,0,3
164,1,8
164,2,3
164,4,4
164,5,1
164,7,1
164,9,1
164,10,1
164,18,2
164,19,1
164,22,1
164,24,2
164,25,2
164,26,1
164,30,1
164,31,2
164,34,1
164,35,2
164,38,1
164,43,1
164,44,3
164,50,1
164,56,1
164,58,7
164,59,3
164,62,1
164,64,3
164,65,2
164,66,1
164,69,7
164,70,5
164,71,2
164,73,9
164,74,26
164,75,1
164,77,1
164,78,1
164,79,1
164,80,1
164,82,2
164,84,2
164,86,1
164,90,1
164,91,1
164,93,3
164,96,3
164,97,1
164,100,2
164,101,1
164,103,1
164,104,1
164,109,1
164,114,1
164,120,1
164,124,5
164,125,5
164,127,16
164,128,8
164,129,2
164,130,3
164,134,1
164,135,1
164,136,1
164,138,2
164,139,2
164,140,20
164,142,1
164,143,5
164,144,2
164,145,6
164,149,2
164,150,2
164,153,1
164,155,15
164,156,2
164,157,2
164,158,15
164,159,17
164,161,4
164,162,23
164,163,8
164,166,3
164,168,8
164,170,2
164,173,11
164,175,3
164,177,3
164,178,1
164,181,1
164,182,1
164,187,1
164,191,1
164,195,1
164,197,1
164,198,1
164,200,1
164,201,1
164,206,1
164,212,1
164,216,3
164,217,3
164,219,6
164,224,1
164,225,6
164,229,1
164,230,2
164,237,2
164,239,2
164,240,2
164,241,2
164,243,1
164,244,1
164,247,2
164,248,1
164,250,1
164,255,1
164,260,2
164,264,7
164,265,1
164,268,3
164,269,8
164,270,2
164,273,3
164,275,1
164,276,6
164,279,1
164,280,1
164,281,1
164,286,4
164,288,10
164,289,1
164,292,2
164,294,1
164,297,1
164,298,1
164,300,1
164,301,2
165,0,9
165,2,41
165,3,5
165,4,7
165,5,13
165,6,27
165,7,53
165,8,11
165,9,61
165,12,1
165,13,4
165,15,4
165,18,4
165,20,6
165,21,1
165,22,1
165,23,6
165,24,6
165,25,7
165,26,9
165,27,4
165,28,1
165,30,2
165,31,9
165,34,12
165,35,4
165,38,9
165,39,18
165,41,6
165,42,2
165,43,2
165,44,1
165,45,7
165,46,2
165,47,4
165,48,5
165,49,1
165,50,3
165,51,1
165,53,7
165,54,2
165,55,10
165,56,10
165,57,16
165,59,2
165,60,6
165,61,17
165,62,6
165,64,4
165,66,11
165,67,1
165,68,9
165,69,2
165,70,3
165,72,2
165,73,1
165,74,5
165,75,24
165,76,12
165,77,9
165,78,6
165,79,28
165,80,23
165,81,21
165,82,9
165,83,17
165,84,12
165,85,3
165,86,16
165,87,1
165,88,12
165,89,10
165,90,52
165,91,1
165,93,1
165,94,1
165,95,19
165,96,3
165,97,7
165,98,5
165,99,3
165,100,27
165,101,4
165,102,19
165,103,15
165,104,1
165,105,5
165,106,2
165,107,3
165,108,7
165,109,15
165,110,9
165,111,6
165,112,12
165,113,24
165,114,23
165,115,19
165,116,4
165,117,7
165,118,14
165,119,17
165,120,15
165,121,37
165,122,20
165,123,17
165,124,9
165,125,3
165,126,31
165,127,3
165,128,7
165,129,15
165,130,5
165,131,3
165,132,6
165,133,3
165,134,7
165,135,1
165,136,131
165,137,5
165,138,8
165,139,2
165,140,17
165,141,1
165,142,2
165,144,2
165,145,3
165,146,1
165,148,1
165,149,4
165,150,1
165,153,2
165,154,4
165,155,2
165,157,10
165,158,2
165,159,1
165,160,21
165,161,7
165,163,5
165,164,1
165,166,5
165,167,3
165,168,1
165,169,41
165,170,20
165,171,33
165,174,34
165,175,7
165,176,4
165,177,2
165,178,4
165,179,10
165,180,2
165,181,3
165,182,2
165,183,6
165,184,4
165,186,10
165,187,4
165,188,3
165,189,4
165,190,5
165,191,3
165,192,13
165,193,8
165,194,11
165,195,9
165,196,12
165,197,5
165,198,1
165,199,1
165,200,2
165,201,2
165,202,1
165,205,1
165,206,2
165,207,4
165,208,2
165,209,3
165,210,29
165,211,1
165,212,8
165,213,4
165,214,4
165,215,12
165,216,26
165,217,16
165,218,1
165,219,12
165,221,2
165,222,3
165,224,4
165,225,8
165,226,5
165,227,5
165,228,10
165,229,3
165,230,1
165,231,2
165,232,4
165,235,1
165,236,3
165,237,8
165,238,3
165,239,9
165,240,3
165,241,5
165,242,5
165,243,10
165,244,1
165,245,6
165,246,9
165,248,7
165,249,3
165,250,1
165,251,8
165,252,3
165,253,2
165,254,6
165,255,7
165,256,3
165,257,17
165,259,9
165,260,7
165,261,4
165,262,2
165,263,38
165,264,4
165,265,17
165,266,4
165,267,4
165,268,8
165,269,5
165,270,13
165,271,11
165,272,4
165,273,10
165,274,105
165,275,6
165,276,11
165,277,5
165,278,22
165,279,13
165,280,7
165,281,16
165,282,26
165,283,3
165,284,2
165,285,3
165,286,11
165,287,7
165,288,19
165,289,16
165,290,7
165,291,1
165,292,8
165,293,16
165,295,97
165,296,6
165,297,27
165,298,7
165,299,1
165,300,5
165,301,5
166,0,2
166,1,6
166,2,6
166,3,1
166,4,6
166,6,2
166,7,2
166,8,10
166,10,2
166,13,2
166,15,1
166,16,1
166,17,1
166,20,1
166,21,2
166,22,3
166,23,3
166,24,1
166,25,6
166,26,5
166,30,2
166,31,35
166,34,6
166,35,1
166,38,1
166,39,1
166,44,2
166,45,1
166,48,1
166,54,1
166,56,1
166,58,1
166,60,2
166,61,6
166,62,2
166,64,1
166,66,1
166,67,1
166,69,1
166,70,2
166,72,2
166,73,2
166,74,5
166,75,3
166,76,3
166,78,1
166,79,5
166,80,4
166,81,2
166,82,4
166,83,1
166,84,1
166,86,2
166,88,3
166,90,2
166,91,1
166,93,2
166,94,1
166,95,3
166,96,1
166,97,2
166,98,1
166,99,1
166,100,1
166,101,1
166,103,2
166,104,2
166,105,1
166,106,2
166,107,1
166,109,1
166,110,1
166,113,3
166,114,1
166,115,1
166,116,1
166,117,1
166,118,2
166,119,1
166,120,2
166,121,3
166,122,1
166,124,25
166,125,30
166,126,2
166,127,13
166,128,2
166,129,5
166,131,2
166,132,5
166,133,1
166,134,1
166,136,2
166,138,7
166,139,1
166,140,33
166,141,1
166,144,2
166,145,3
166,149,1
166,154,6
166,155,18
166,157,10
166,158,9
166,159,3
166,161,26
166,162,5
166,163,42
166,164,2
166,165,3
166,169,2
166,170,1
166,171,5
166,172,5
166,173,4
166,174,2
166,175,3
166,176,1
166,179,1
166,180,1
166,182,1
166,183,1
166,184,1
166,185,3
166,187,9
166,188,1
166,189,5
166,191,1
166,192,7
166,195,2
166,196,2
166,198,1
166,200,1
166,202,1
166,206,2
166,210,2
166,212,2
166,213,1
166,215,2
166,217,2
166,219,1
166,222,2
166,226,2
166,227,7
166,229,3
166,230,16
166,232,2
166,234,3
166,235,5
166,236,1
166,237,2
166,240,2
166,241,1
166,242,2
166,245,3
166,246,2
166,248,1
166,251,3
166,252,1
166,254,4
166,255,3
166,256,2
166,257,1
166,259,5
166,260,1
166,261,3
166,262,1
166,263,3
166,264,6
166,265,3
166,266,7
166,267,5
166,268,2
166,269,1
166,270,3
166,271,1
166,273,7
166,274,1
166,275,2
166,276,24
166,277,1
166,278,4
166,279,2
166,280,3
166,281,6
166,282,3
166,283,1
166,284,1
166,285,2
166,286,15
166,287,1
166,288,10
166,289,9
166,290,1
166,292,2
166,293,2
166,295,44
166,297,5
166,298,1
166,300,3
166,301,1
167,0,5
167,2,3
167,3,10
167,4,1
167,5,4
167,6,6
167,7,5
167,8,6
167,9,5
167,11,1
167,12,1
167,16,4
167,18,2
167,19,2
167,20,3
167,21,1
167,22,2
167,24,2
167,25,1
167,30,4
167,31,1
167,34,1
167,35,11
167,38,24
167,41,18
167,42,3
167,43,1
167,44,3
167,45,3
167,47,2
167,48,1
167,49,2
167,53,2
167,54,2
167,55,2
167,56,1
167,57,5
167,58,5
167,59,2
167,60,2
167,61,8
167,62,4
167,64,1
167,66,8
167,68,3
167,74,1
167,75,1
167,76,3
167,79,3
167,80,2
167,81,3
167,82,1
167,83,1
167,84,1
167,85,1
167,86,2
167,88,1
167,89,4
167,91,1
167,92,1
167,93,2
167,95,1
167,96,4
167,97,15
167,99,1
167,100,7
167,101,3
167,103,2
167,104,2
167,105,2
167,106,2
167,107,3
167,108,3
167,113,1
167,114,1
167,115,1
167,118,1
167,119,1
167,121,1
167,129,8
167,130,2
167,131,1
167,132,2
167,133,1
167,134,5
167,136,6
167,137,11
167,139,1
167,140,2
167,142,2
167,143,1
167,144,1
167,147,2
167,148,1
167,149,1
167,150,1
167,151,1
167,153,2
167,154,1
167,155,2
167,157,2
167,158,1
167,160,2
167,161,1
167,163,1
167,166,1
167,168,1
167,169,2
167,171,2
167,174,2
167,175,17
167,176,7
167,177,3
167,178,1
167,180,4
167,182,7
167,183,4
167,188,2
167,189,3
167,193,1
167,195,2
167,196,6
167,200,1
167,201,1
167,204,2
167,206,4
167,208,1
167,210,4
167,212,1
167,213,4
167,214,1
167,215,39
167,216,4
167,217,1
167,218,4
167,219,2
167,223,2
167,224,3
167,225,3
167,226,8
167,227,1
167,230,1
167,231,2
167,232,3
167,233,1
167,235,3
167,236,1
167,237,10
167,238,1
167,239,2
167,240,1
167,241,14
167,242,2
167,243,10
167,245,1
167,246,5
167,247,18
167,248,3
167,250,1
167,251,2
167,253,1
167,254,5
167,255,5
167,256,1
167,257,5
167,259,3
167,261,2
167,263,4
167,264,2
167,265,3
167,266,77
167,268,2
167,269,1
167,270,7
167,271,2
167,273,2
167,276,1
167,279,23
167,280,1
167,281,2
167,283,1
167,284,1
167,285,17
167,286,2
167,287,7
167,288,5
167,289,4
167,293,1
167,294,4
167,295,2
167,296,2
167,297,6
167,298,1
167,299,2
168,1,2
168,2,1
168,4,1
168,6,1
168,11,1
168,16,1
168,18,3
168,29,1
168,31,1
168,34,1
168,35,1
168,43,1
168,44,1
168,45,2
168,47,1
168,58,4
168,59,1
168,64,3
168,65,2
168,69,3
168,70,1
168,71,3
168,73,3
168,74,10
168,78,1
168,81,1
168,83,1
168,91,1
168,96,2
168,97,1
168,102,1
168,107,1
168,109,1
168,124,2
168,125,1
168,127,6
168,128,6
168,130,1
168,133,3
168,134,4
168,138,2
168,139,2
168,140,12
168,142,1
168,144,1
168,149,1
168,153,2
168,155,6
168,156,3
168,157,1
168,158,6
168,159,10
168,161,4
168,162,10
168,163,3
168,164,14
168,166,2
168,170,1
168,171,1
168,172,1
168,173,8
168,175,1
168,178,1
168,194,1
168,197,1
168,201,1
168,203,1
168,208,2
168,217,1
168,219,2
168,225,1
168,227,2
168,230,1
168,231,1
168,234,1
168,239,4
168,241,1
168,242,2
168,243,1
168,247,1
168,260,2
168,264,3
168,265,1
168,266,1
168,269,2
168,272,3
168,273,1
168,275,2
168,276,1
168,277,1
168,278,2
168,279,2
168,281,2
168,286,1
168,287,1
168,288,3
168,289,4
168,290,1
168,292,1
168,295,2
168,301,1
169,0,6
169,1,1
169,2,5
169,3,11
169,4,2
169,5,10
169,6,13
169,7,7
169,8,5
169,9,14
169,13,1
169,15,1
169,17,1
169,20,1
169,21,3
169,22,1
169,23,1
169,25,3
169,26,2
169,29,1
169,30,1
169,31,3
169,34,8
169,35,5
169,38,4
169,39,4
169,40,1
169,41,4
169,42,1
169,43,2
169,44,3
169,45,3
169,46,1
169,47,1
169,48,1
169,52,2
169,53,6
169,54,2
169,55,4
169,56,5
169,57,1
169,58,2
169,59,1
169,61,9
169,62,9
169,63,1
169,64,3
169,66,10
169,68,4
169,69,1
169,72,2
169,73,2
169,74,1
169,75,3
169,76,6
169,77,3
169,78,1
169,79,5
169,80,6
169,81,2
169,82,1
169,83,3
169,84,2
169,85,2
169,86,7
169,88,2
169,89,7
169,90,34
169,92,1
169,93,3
169,94,1
169,95,2
169,96,1
169,97,6
169,98,2
169,99,4
169,100,8
169,101,1
169,104,15
169,105,4
169,106,1
169,107,2
169,109,4
169,110,3
169,112,4
169,113,7
169,114,6
169,115,10
169,117,2
169,118,2
169,119,2
169,120,9
169,121,13
169,122,9
169,123,11
169,124,1
169,125,5
169,126,3
169,127,2
169,128,1
169,131,9
169,132,2
169,133,1
169,134,6
169,136,147
169,137,2
169,138,4
169,139,1
169,142,1
169,143,2
169,144,2
169,145,4
169,146,3
169,148,1
169,149,1
169,151,2
169,157,9
169,158,1
169,159,2
169,160,24
169,161,1
169,162,1
169,165,17
169,166,1
169,167,1
169,170,100
169,171,33
169,172,1
169,173,1
169,174,11
169,175,4
169,176,7
169,177,2
169,178,1
169,179,3
169,181,3
169,182,1
169,184,2
169,186,6
169,188,1
169,189,1
169,191,1
169,193,1
169,194,4
169,195,7
169,196,6
169,197,4
169,198,3
169,200,1
169,202,1
169,204,2
169,205,2
169,206,1
169,207,2
169,208,1
169,209,2
169,210,11
169,211,1
169,212,3
169,214,1
169,215,9
169,216,14
169,217,2
169,218,2
169,219,1
169,223,1
169,224,3
169,225,7
169,226,1
169,227,4
169,229,1
169,230,5
169,232,4
169,233,1
169,234,1
169,235,1
169,237,1
169,238,5
169,239,3
169,240,1
169,241,7
169,242,3
169,243,8
169,244,1
169,246,11
169,247,2
169,248,8
169,252,2
169,254,4
169,255,6
169,257,6
169,259,3
169,260,1
169,261,4
169,262,1
169,263,63
169,264,4
169,265,7
169,266,2
169,267,3
169,268,8
169,269,1
169,270,3
169,271,2
169,272,2
169,273,9
169,274,28
169,275,6
169,276,1
169,277,2
169,278,8
169,279,7
169,280,2
169,281,9
169,282,5
169,283,1
169,284,4
169,286,8
169,287,1
169,288,5
169,289,2
169,290,2
169,291,2
169,292,4
169,293,6
169,295,29
169,296,4
169,297,19
169,298,8
169,299,2
169,300,8
169,301,2
170,0,31
170,1,3
170,2,9
170,3,22
170,4,19
170,5,22
170,6,30
170,7,40
170,8,11
170,9,47
170,10,6
170,12,3
170,13,5
170,16,4
170,17,1
170,18,8
170,19,1
170,20,5
170,21,2
170,22,3
170,23,5
170,24,7
170,25,4
170,26,10
170,28,1
170,29,5
170,30,3
170,31,8
170,33,1
170,34,7
170,35,13
170,37,1
170,38,18
170,39,22
170,41,29
170,42,1
170,43,2
170,44,9
170,45,19
170,46,8
170,47,18
170,48,10
170,49,3
170,50,7
170,51,2
170,53,5
170,54,7
170,55,24
170,56,29
170,57,35
170,58,10
170,59,3
170,60,7
170,61,24
170,62,9
170,64,5
170,66,37
170,67,1
170,68,22
170,69,1
170,70,2
170,71,2
170,72,8
170,73,8
170,74,9
170,75,14
170,76,21
170,77,15
170,78,10
170,79,41
170,80,27
170,81,28
170,82,16
170,83,20
170,84,25
170,85,6
170,86,20
170,87,1
170,88,37
170,89,41
170,90,191
170,91,1
170,92,1
170,93,3
170,95,3
170,96,4
170,97,17
170,98,10
170,99,2
170,100,31
170,101,3
170,103,5
170,104,14
170,105,5
170,106,13
170,107,3
170,108,25
170,109,19
170,110,12
170,111,4
170,112,17
170,113,43
170,114,22
170,115,21
170,116,11
170,117,18
170,118,20
170,119,14
170,120,46
170,121,38
170,122,35
170,123,16
170,124,14
170,125,10
170,126,11
170,127,11
170,128,7
170,129,11
170,130,13
170,131,8
170,132,13
170,133,19
170,134,19
170,135,2
170,136,785
170,137,15
170,138,3
170,139,8
170,140,11
170,141,1
170,142,5
170,143,5
170,144,14
170,145,17
170,146,8
170,148,2
170,149,6
170,150,1
170,151,1
170,154,1
170,155,5
170,156,1
170,157,15
170,158,3
170,159,4
170,160,87
170,161,12
170,162,5
170,163,17
170,165,47
170,166,11
170,167,4
170,168,1
170,169,183
170,171,108
170,173,2
170,174,28
170,175,31
170,176,16
170,177,11
170,178,4
170,179,15
170,180,5
170,181,8
170,182,18
170,183,9
170,184,7
170,186,12
170,187,3
170,188,8
170,189,5
170,190,1
170,191,18
170,192,8
170,193,18
170,194,17
170,195,31
170,196,24
170,197,12
170,198,6
170,199,1
170,200,7
170,201,8
170,202,1
170,203,8
170,204,1
170,205,7
170,206,18
170,207,7
170,208,4
170,209,8
170,210,62
170,212,12
170,213,7
170,214,6
170,215,30
170,216,39
170,217,13
170,218,2
170,219,22
170,222,3
170,223,6
170,224,10
170,225,15
170,226,23
170,227,18
170,228,8
170,229,6
170,230,19
170,231,5
170,232,9
170,233,7
170,234,10
170,235,3
170,236,2
170,237,12
170,238,7
170,239,15
170,240,7
170,241,29
170,242,17
170,243,40
170,244,3
170,245,8
170,246,12
170,247,17
170,248,21
170,249,8
170,250,7
170,251,10
170,252,5
170,253,2
170,254,15
170,255,38
170,256,6
170,257,5
170,258,2
170,259,18
170,260,5
170,261,8
170,262,9
170,263,141
170,264,10
170,265,51
170,266,8
170,267,2
170,268,11
170,269,7
170,270,14
170,271,5
170,272,8
170,273,12
170,274,56
170,275,7
170,276,6
170,277,10
170,278,47
170,279,35
170,280,4
170,281,41
170,282,13
170,283,7
170,284,13
170,285,4
170,286,5
170,287,8
170,288,36
170,289,12
170,290,8
170,291,2
170,292,12
170,293,19
170,294,2
170,295,132
170,296,7
170,297,51
170,298,11
170,299,4
170,300,31
170,301,11
171,0,23
171,1,2
171,2,11
171,3,12
171,4,6
171,5,17
171,6,9
171,7,22
171,8,8
171,9,22
171,10,2
171,13,2
171,15,3
171,16,1
171,17,2
171,18,3
171,19,2
171,20,4
171,21,1
171,22,5
171,23,8
171,24,7
171,25,2
171,26,7
171,27,3
171,28,1
171,29,4
171,30,3
171,31,16
171,32,1
171,34,4
171,35,16
171,38,11
171,39,17
171,41,12
171,42,1
171,43,5
171,44,4
171,45,21
171,46,4
171,47,15
171,48,7
171,49,7
171,50,10
171,51,3
171,53,3
171,54,4
171,55,21
171,56,33
171,57,34
171,58,6
171,60,3
171,61,22
171,62,10
171,63,2
171,64,1
171,66,13
171,67,1
171,68,19
171,70,2
171,71,1
171,72,1
171,73,4
171,74,5
171,75,19
171,76,12
171,77,11
171,78,6
171,79,21
171,80,9
171,81,48
171,82,11
171,83,12
171,84,18
171,85,7
171,86,18
171,88,28
171,89,41
171,90,94
171,92,2
171,93,1
171,94,1
171,95,3
171,96,7
171,97,16
171,98,8
171,100,31
171,101,2
171,102,1
171,103,1
171,104,8
171,105,4
171,106,7
171,107,2
171,108,8
171,109,22
171,110,14
171,111,2
171,112,14
171,113,44
171,114,15
171,115,20
171,116,8
171,117,9
171,118,25
171,119,9
171,120,31
171,121,19
171,122,10
171,123,15
171,124,11
171,125,8
171,126,10
171,127,2
171,128,1
171,129,22
171,130,11
171,131,9
171,132,3
171,133,15
171,134,35
171,136,537
171,137,4
171,138,5
171,139,3
171,140,13
171,142,4
171,143,2
171,144,9
171,145,9
171,146,2
171,148,5
171,149,3
171,150,1
171,153,2
171,154,4
171,155,2
171,157,8
171,158,2
171,159,4
171,160,90
171,161,7
171,162,1
171,163,9
171,165,24
171,166,5
171,167,1
171,169,46
171,170,126
171,174,24
171,175,25
171,176,15
171,177,16
171,178,6
171,179,11
171,180,3
171,181,5
171,182,22
171,183,5
171,184,7
171,186,10
171,187,2
171,188,1
171,189,5
171,190,3
171,191,7
171,192,1
171,193,10
171,194,15
171,195,16
171,196,22
171,197,14
171,198,7
171,199,3
171,200,6
171,201,4
171,202,2
171,203,8
171,204,1
171,205,7
171,206,7
171,207,7
171,208,2
171,209,7
171,210,83
171,212,15
171,213,5
171,214,3
171,215,20
171,216,54
171,217,9
171,218,1
171,219,10
171,220,1
171,222,3
171,223,4
171,224,9
171,225,12
171,226,15
171,227,9
171,228,10
171,229,3
171,230,13
171,231,2
171,232,9
171,233,7
171,234,6
171,235,5
171,236,2
171,237,6
171,238,6
171,239,7
171,240,2
171,241,28
171,242,1
171,243,29
171,244,1
171,245,9
171,246,12
171,247,6
171,248,20
171,249,3
171,250,3
171,251,10
171,254,7
171,255,19
171,256,4
171,257,6
171,258,1
171,259,16
171,260,4
171,261,4
171,262,7
171,263,152
171,264,2
171,265,26
171,266,6
171,267,6
171,268,12
171,269,10
171,270,10
171,271,6
171,272,6
171,273,10
171,274,45
171,275,4
171,276,6
171,277,10
171,278,19
171,279,16
171,280,1
171,281,35
171,282,12
171,283,4
171,284,5
171,285,6
171,286,8
171,287,3
171,288,23
171,289,10
171,290,11
171,291,2
171,292,8
171,293,7
171,294,4
171,295,73
171,296,8
171,297,16
171,298,5
171,299,4
171,300,10
171,301,10
172,1,1
172,31,6
172,48,1
172,66,1
172,75,1
172,86,1
172,90,1
172,92,1
172,94,2
172,103,1
172,106,1
172,115,1
172,122,1
172,124,3
172,125,7
172,126,1
172,127,2
172,132,1
172,136,2
172,140,2
172,144,1
172,155,3
172,156,1
172,157,1
172,158,2
172,159,1
172,160,1
172,161,5
172,162,2
172,163,11
172,166,2
172,168,1
172,173,1
172,175,1
172,187,1
172,188,1
172,227,1
172,230,3
172,235,1
172,239,1
172,243,1
172,245,1
172,259,1
172,261,1
172,268,1
172,270,1
172,276,4
172,278,1
172,280,1
172,281,2
172,286,1
172,288,3
172,295,1
172,297,1
173,1,3
173,2,2
173,3,1
173,6,1
173,11,1
173,18,1
173,30,1
173,35,1
173,39,1
173,44,1
173,52,1
173,59,1
173,62,1
173,65,2
173,66,1
173,69,1
173,70,1
173,71,2
173,73,3
173,74,9
173,76,1
173,79,1
173,89,1
173,91,1
173,92,2
173,93,1
173,97,2
173,98,1
173,106,1
173,117,1
173,126,2
173,127,4
173,128,4
173,130,1
173,131,2
173,133,1
173,136,2
173,138,4
173,139,1
173,140,3
173,142,2
173,143,1
173,149,1
173,155,4
173,157,2
173,158,7
173,159,10
173,161,3
173,162,5
173,163,3
173,164,12
173,168,5
173,170,1
173,174,1
173,175,2
173,183,2
173,203,2
173,213,1
173,219,1
173,230,1
173,239,2
173,246,1
173,248,2
173,257,1
173,261,1
173,263,2
173,264,2
173,265,4
173,269,5
173,273,4
173,275,2
173,276,1
173,277,2
173,280,2
173,281,6
173,286,1
173,288,2
173,289,2
173,290,1
173,295,2
173,298,1
174,0,19
174,1,4
174,2,29
174,3,7
174,4,6
174,5,15
174,6,13
174,7,8
174,8,17
174,9,18
174,10,2
174,11,1
174,12,3
174,13,5
174,15,3
174,16,4
174,18,4
174,19,2
174,20,8
174,21,1
174,23,5
174,24,8
174,26,7
174,27,2
174,28,2
174,29,4
174,30,3
174,31,18
174,34,6
174,35,8
174,38,13
174,39,24
174,41,9
174,42,1
174,43,1
174,44,5
174,45,6
174,46,2
174,47,8
174,48,4
174,49,4
174,51,1
174,53,6
174,54,4
174,55,9
174,56,9
174,57,11
174,58,4
174,59,2
174,60,11
174,61,22
174,62,4
174,63,1
174,64,3
174,65,1
174,66,15
174,67,5
174,68,6
174,69,1
174,70,1
174,71,3
174,72,7
174,73,2
174,74,5
174,75,22
174,76,25
174,77,17
174,78,6
174,79,27
174,80,21
174,81,25
174,82,10
174,83,19
174,84,16
174,85,3
174,86,15
174,88,26
174,89,14
174,90,44
174,91,1
174,92,1
174,93,1
174,94,1
174,95,2
174,96,2
174,97,8
174,98,5
174,99,4
174,100,8
174,101,6
174,102,4
174,103,3
174,104,4
174,105,6
174,106,8
174,107,4
174,108,3
174,109,20
174,110,6
174,111,3
174,112,9
174,113,20
174,114,18
174,115,14
174,116,9
174,117,7
174,118,6
174,119,14
174,120,13
174,121,16
174,122,3
174,123,9
174,124,8
174,125,4
174,126,23
174,127,5
174,128,7
174,129,11
174,130,6
174,131,6
174,132,5
174,133,4
174,134,6
174,135,2
174,136,92
174,137,3
174,138,4
174,139,9
174,140,12
174,142,2
174,143,5
174,144,7
174,145,9
174,146,5
174,148,3
174,149,1
174,153,3
174,154,3
174,155,4
174,157,14
174,158,1
174,159,3
174,160,6
174,161,11
174,163,14
174,164,1
174,165,39
174,166,7
174,168,2
174,169,33
174,170,13
174,171,39
174,173,2
174,175,6
174,176,6
174,177,4
174,178,2
174,179,5
174,180,2
174,181,1
174,182,3
174,183,9
174,184,1
174,185,1
174,186,3
174,188,4
174,189,1
174,190,7
174,192,13
174,193,2
174,194,3
174,195,4
174,196,4
174,197,2
174,198,1
174,203,1
174,205,3
174,206,6
174,207,6
174,208,2
174,209,9
174,210,46
174,212,12
174,213,3
174,214,5
174,215,5
174,216,43
174,217,9
174,218,2
174,219,11
174,221,3
174,223,1
174,224,3
174,225,9
174,226,8
174,227,3
174,228,6
174,229,2
174,230,2
174,232,4
174,233,1
174,234,2
174,236,2
174,237,10
174,238,3
174,239,11
174,240,8
174,241,14
174,242,12
174,243,13
174,244,1
174,245,10
174,246,7
174,247,4
174,248,4
174,249,6
174,251,6
174,252,1
174,254,12
174,255,17
174,256,3
174,257,7
174,259,11
174,260,6
174,261,10
174,262,14
174,263,52
174,264,7
174,265,26
174,266,7
174,267,2
174,268,8
174,269,5
174,270,9
174,271,5
174,272,8
174,273,13
174,274,230
174,275,10
174,276,11
174,277,4
174,278,20
174,279,14
174,281,21
174,282,26
174,283,2
174,285,5
174,286,8
174,287,18
174,288,32
174,289,23
174,290,15
174,292,7
174,293,37
174,295,225
174,296,9
174,297,13
174,298,12
174,299,3
174,300,2
174,301,3
175,0,2
175,1,6
175,2,6
175,3,2
175,4,4
175,5,3
175,6,6
175,7,6
175,8,7
175,9,1
175,10,2
175,11,3
175,13,1
175,15,2
175,17,1
175,18,3
175,19,3
175,20,5
175,21,2
175,22,2
175,23,2
175,24,6
175,25,1
175,26,8
175,29,3
175,30,1
175,31,1
175,34,12
175,35,7
175,38,4
175,39,4
175,41,7
175,42,3
175,43,1
175,44,1
175,45,3
175,47,1
175,53,6
175,54,8
175,55,2
175,57,2
175,58,1
175,59,7
175,60,2
175,61,8
175,62,5
175,68,3
175,69,6
175,70,1
175,71,2
175,73,2
175,74,1
175,75,6
175,76,7
175,77,2
175,78,5
175,79,7
175,80,3
175,81,2
175,82,2
175,83,2
175,86,3
175,87,4
175,88,1
175,89,3
175,90,7
175,92,1
175,93,7
175,94,1
175,95,1
175,96,4
175,97,19
175,98,4
175,99,1
175,100,2
175,105,1
175,106,1
175,107,3
175,108,2
175,109,1
175,111,1
175,112,1
175,114,1
175,115,3
175,117,1
175,118,3
175,119,1
175,120,1
175,121,1
175,122,3
175,123,1
175,125,2
175,126,4
175,127,4
175,128,2
175,129,4
175,130,3
175,131,8
175,132,6
175,133,3
175,134,4
175,135,1
175,136,3
175,137,3
175,138,6
175,139,2
175,140,1
175,141,1
175,142,1
175,143,5
175,144,3
175,145,2
175,146,3
175,148,3
175,149,6
175,150,1
175,151,2
175,153,14
175,155,2
175,156,1
175,157,4
175,158,1
175,159,1
175,161,4
175,162,2
175,163,1
175,166,2
175,167,2
175,170,1
175,171,1
175,173,1
175,174,1
175,176,31
175,177,51
175,178,59
175,179,3
175,180,13
175,182,18
175,183,25
175,184,5
175,185,6
175,187,1
175,188,10
175,190,3
175,192,15
175,193,1
175,195,3
175,196,4
175,197,2
175,198,1
175,200,2
175,201,1
175,203,2
175,205,1
175,206,4
175,208,1
175,210,3
175,211,1
175,212,3
175,214,7
175,215,14
175,216,7
175,217,2
175,218,1
175,219,3
175,222,1
175,224,2
175,225,7
175,226,1
175,227,2
175,228,11
175,229,5
175,230,5
175,231,2
175,232,2
175,233,4
175,234,3
175,235,9
175,236,5
175,237,4
175,238,4
175,239,2
175,240,9
175,241,2
175,242,10
175,243,7
175,245,7
175,246,7
175,247,6
175,248,5
175,249,5
175,251,10
175,253,1
175,254,12
175,255,4
175,256,13
175,257,3
175,259,7
175,260,5
175,261,4
175,262,17
175,263,3
175,264,6
175,265,7
175,266,14
175,267,4
175,268,14
175,269,5
175,270,21
175,271,5
175,272,4
175,273,7
175,274,4
175,275,5
175,276,4
175,277,1
175,278,4
175,279,14
175,281,18
175,282,5
175,283,3
175,284,1
175,285,5
175,286,2
175,287,4
175,288,23
175,289,22
175,290,17
175,292,2
175,293,6
175,294,3
175,295,1
175,296,1
175,297,11
175,298,3
175,299,1
175,300,2
175,301,4
176,1,1
176,2,5
176,3,1
176,4,8
176,5,1
176,6,5
176,7,3
176,8,4
176,11,1
176,12,1
176,15,1
176,18,2
176,19,1
176,20,3
176,23,1
176,25,1
176,29,1
176,30,1
176,34,5
176,35,7
176,38,5
176,39,2
176,40,1
176,41,5
176,44,2
176,45,2
176,48,2
176,53,1
176,54,2
176,57,1
176,58,2
176,59,1
176,60,3
176,61,2
176,62,1
176,64,3
176,65,2
176,66,3
176,68,3
176,69,1
176,73,1
176,74,6
176,75,1
176,76,1
176,77,2
176,78,3
176,79,5
176,80,2
176,81,1
176,83,5
176,84,1
176,88,1
176,90,2
176,92,1
176,93,5
176,94,1
176,95,2
176,97,29
176,98,1
176,100,1
176,101,2
176,103,1
176,104,1
176,105,2
176,106,2
176,107,2
176,108,1
176,109,1
176,110,2
176,113,2
176,114,2
176,116,1
176,117,3
176,118,2
176,119,2
176,121,3
176,122,1
176,124,1
176,125,2
176,126,1
176,127,4
176,128,1
176,129,2
176,130,3
176,131,4
176,134,3
176,136,3
176,137,3
176,138,5
176,139,1
176,140,3
176,142,1
176,143,2
176,144,2
176,145,2
176,146,1
176,148,1
176,149,1
176,150,1
176,153,2
176,159,1
176,160,3
176,166,1
176,167,1
176,169,2
176,170,2
176,171,2
176,173,2
176,175,58
176,177,39
176,178,52
176,180,9
176,182,33
176,183,19
176,184,3
176,185,1
176,187,1
176,188,2
176,191,1
176,192,6
176,194,3
176,195,1
176,196,2
176,197,1
176,198,2
176,200,2
176,201,1
176,203,1
176,204,1
176,206,1
176,208,1
176,210,2
176,212,5
176,213,1
176,214,1
176,215,7
176,216,6
176,217,4
176,218,2
176,219,3
176,222,2
176,224,2
176,225,1
176,226,1
176,227,4
176,228,2
176,229,1
176,230,2
176,231,1
176,232,3
176,233,1
176,234,4
176,235,4
176,236,3
176,237,5
176,240,2
176,241,7
176,242,5
176,243,6
176,244,2
176,246,3
176,247,4
176,248,8
176,249,3
176,250,1
176,251,3
176,252,1
176,254,3
176,255,2
176,256,12
176,259,4
176,261,2
176,262,6
176,263,2
176,264,3
176,265,3
176,266,16
176,268,3
176,269,2
176,270,9
176,271,2
176,272,1
176,273,11
176,274,2
176,275,2
176,276,2
176,277,1
176,278,1
176,279,4
176,281,7
176,282,2
176,283,1
176,285,2
176,286,2
176,288,5
176,289,13
176,290,9
176,292,4
176,294,4
176,295,2
176,297,2
176,298,2
176,300,2
177,1,6
177,2,8
177,4,2
177,5,2
177,6,4
177,7,3
177,8,5
177,9,4
177,12,1
177,16,1
177,18,1
177,19,1
177,20,2
177,22,3
177,24,2
177,25,1
177,27,1
177,30,3
177,31,1
177,34,8
177,35,8
177,38,5
177,39,1
177,40,1
177,41,4
177,42,1
177,43,2
177,44,1
177,45,1
177,47,2
177,48,3
177,50,2
177,53,1
177,55,1
177,56,1
177,57,2
177,58,2
177,59,8
177,60,2
177,61,5
177,62,1
177,65,4
177,66,8
177,67,1
177,68,3
177,69,1
177,70,1
177,72,1
177,73,1
177,74,4
177,75,4
177,76,2
177,78,1
177,79,3
177,80,4
177,81,3
177,82,2
177,84,3
177,85,1
177,86,1
177,87,1
177,88,1
177,89,2
177,91,2
177,93,4
177,95,1
177,96,4
177,97,54
177,99,2
177,100,1
177,101,3
177,102,2
177,104,1
177,105,1
177,106,1
177,108,2
177,109,1
177,112,2
177,113,2
177,116,1
177,120,2
177,121,2
177,122,1
177,123,2
177,125,3
177,126,1
177,127,4
177,129,4
177,130,4
177,131,2
177,133,2
177,134,2
177,135,2
177,136,1
177,137,5
177,138,3
177,142,2
177,143,4
177,144,5
177,145,3
177,148,2
177,153,1
177,154,1
177,155,1
177,157,1
177,158,2
177,161,2
177,165,1
177,166,1
177,167,1
177,168,1
177,169,1
177,170,2
177,171,3
177,173,2
177,175,124
177,176,36
177,178,53
177,180,20
177,182,22
177,183,28
177,184,6
177,185,3
177,187,1
177,188,3
177,192,8
177,193,1
177,194,3
177,195,4
177,197,1
177,200,1
177,201,4
177,202,1
177,205,1
177,206,1
177,207,1
177,210,4
177,212,4
177,214,1
177,215,12
177,216,5
177,217,11
177,219,7
177,222,1
177,224,5
177,225,8
177,226,1
177,227,5
177,228,4
177,229,3
177,230,2
177,231,3
177,232,1
177,233,1
177,234,6
177,235,2
177,236,5
177,237,4
177,238,3
177,239,2
177,240,7
177,241,7
177,242,2
177,243,10
177,245,7
177,246,6
177,247,11
177,248,5
177,249,3
177,251,6
177,253,1
177,254,3
177,256,7
177,257,1
177,259,5
177,260,2
177,261,3
177,262,2
177,263,1
177,264,1
177,265,8
177,266,6
177,267,1
177,268,4
177,269,4
177,270,15
177,271,2
177,273,3
177,274,3
177,275,5
177,276,1
177,277,4
177,278,2
177,279,8
177,280,1
177,281,6
177,285,6
177,287,1
177,288,13
177,289,7
177,290,8
177,291,1
177,292,3
177,293,1
177,294,3
177,295,2
177,296,2
177,297,3
177,298,1
177,299,1
177,300,3
177,301,2
178,1,3
178,2,11
178,3,2
178,4,3
178,5,2
178,6,6
178,7,5
178,8,2
178,9,5
178,13,1
178,15,3
178,17,1
178,18,2
178,20,1
178,21,4
178,22,2
178,23,1
178,25,1
178,26,2
178,27,1
178,29,1
178,30,1
178,31,1
178,34,4
178,35,18
178,36,5
178,38,5
178,39,1
178,41,10
178,42,1
178,43,4
178,44,6
178,45,1
178,47,3
178,48,2
178,49,1
178,53,1
178,54,5
178,55,2
178,56,2
178,57,3
178,58,4
178,59,3
178,60,2
178,61,3
178,62,3
178,64,3
178,66,3
178,67,1
178,68,6
178,69,3
178,70,1
178,71,1
178,72,2
178,73,4
178,74,8
178,75,3
178,76,5
178,77,1
178,78,2
178,79,7
178,80,5
178,81,4
178,83,2
178,84,3
178,85,2
178,86,1
178,87,1
178,88,1
178,89,1
178,90,2
178,91,3
178,93,4
178,95,1
178,96,10
178,97,139
178,98,1
178,99,1
178,100,2
178,105,1
178,106,3
178,108,3
178,109,4
178,112,6
178,113,4
178,114,2
178,115,2
178,116,1
178,117,3
178,118,4
178,120,2
178,121,2
178,122,1
178,123,3
178,125,2
178,126,2
178,127,5
178,128,6
178,129,7
178,130,1
178,131,5
178,132,3
178,134,1
178,136,5
178,137,6
178,138,8
178,140,1
178,141,1
178,142,2
178,143,8
178,144,1
178,145,3
178,146,3
178,148,1
178,149,3
178,154,1
178,155,2
178,158,2
178,159,1
178,160,1
178,161,1
178,162,3
178,163,1
178,164,1
178,166,1
178,168,1
178,169,1
178,170,3
178,171,4
178,174,1
178,175,210
178,176,166
178,177,77
178,180,27
178,182,25
178,183,20
178,184,5
178,185,3
178,187,1
178,188,3
178,189,2
178,190,6
178,191,3
178,192,9
178,193,1
178,194,4
178,195,2
178,196,3
178,197,2
178,200,1
178,203,1
178,204,1
178,206,5
178,208,3
178,210,4
178,211,1
178,212,10
178,213,1
178,214,2
178,215,13
178,216,7
178,217,13
178,219,11
178,223,2
178,224,5
178,225,9
178,226,3
178,227,2
178,228,2
178,230,3
178,231,1
178,232,4
178,234,3
178,235,5
178,236,10
178,237,2
178,238,3
178,239,8
178,240,1
178,241,6
178,242,9
178,243,15
178,245,3
178,246,4
178,247,8
178,248,6
178,250,1
178,251,3
178,252,1
178,254,4
178,255,5
178,256,9
178,259,6
178,260,3
178,261,5
178,262,9
178,263,2
178,264,5
178,265,11
178,266,11
178,268,8
178,269,3
178,270,14
178,271,2
178,272,1
178,273,2
178,274,3
178,275,2
178,276,3
178,277,1
178,278,4
178,279,10
178,281,8
178,282,2
178,285,3
178,286,1
178,287,2
178,288,17
178,289,4
178,290,9
178,292,4
178,293,1
178,294,7
178,295,1
178,296,2
178,297,1
178,298,1
178,299,1
179,0,20
179,1,1
179,2,2
179,3,19
179,4,1
179,6,2
179,7,15
179,8,4
179,9,1
179,10,1
179,11,2
179,12,2
179,16,1
179,18,3
179,20,1
179,22,1
179,26,3
179,30,1
179,31,3
179,38,1
179,39,2
179,45,1
179,46,1
179,48,3
179,53,1
179,54,4
179,55,1
179,56,3
179,57,1
179,59,1
179,60,5
179,61,7
179,62,3
179,66,5
179,68,2
179,70,1
179,74,1
179,76,4
179,77,4
179,79,3
179,80,1
179,81,1
179,82,1
179,84,1
179,86,1
179,88,1
179,89,2
179,90,6
179,94,1
179,95,3
179,97,1
179,98,1
179,99,2
179,100,2
179,101,3
179,102,1
179,103,1
179,105,4
179,106,1
179,107,5
179,108,4
179,110,3
179,112,1
179,113,5
179,114,2
179,115,1
179,117,3
179,119,2
179,120,2
179,121,3
179,122,3
179,123,2
179,125,2
179,126,1
179,129,6
179,130,1
179,131,8
179,133,1
179,134,4
179,136,5
179,137,3
179,138,2
179,140,1
179,145,1
179,146,1
179,149,1
179,151,1
179,156,1
179,159,1
179,160,1
179,161,3
179,163,2
179,164,1
179,169,1
179,171,3
179,175,1
179,176,3
179,181,4
179,184,2
179,187,1
179,189,4
179,191,5
179,192,1
179,193,3
179,194,5
179,195,8
179,196,5
179,197,4
179,198,2
179,200,1
179,201,2
179,202,1
179,203,2
179,204,1
179,205,1
179,206,3
179,210,6
179,212,1
179,215,1
179,216,1
179,217,1
179,219,1
179,220,1
179,222,2
179,223,2
179,224,2
179,225,1
179,226,5
179,227,1
179,230,1
179,232,4
179,233,4
179,234,2
179,236,2
179,237,1
179,238,2
179,240,1
179,241,9
179,242,1
179,243,10
179,246,3
179,248,5
179,249,1
179,251,1
179,252,1
179,254,2
179,255,6
179,257,1
179,259,1
179,260,1
179,261,3
179,262,1
179,263,15
179,264,3
179,265,9
179,266,17
179,267,2
179,268,7
179,269,1
179,270,1
179,272,1
179,273,1
179,274,3
179,276,1
179,277,1
179,278,8
179,279,10
179,280,1
179,281,33
179,282,2
179,283,7
179,284,2
179,285,3
179,286,1
179,287,3
179,288,16
179,289,3
179,290,3
179,291,1
179,292,6
179,293,2
179,295,1
179,296,2
179,297,13
179,298,8
179,299,2
179,300,12
180,0,2
180,1,1
180,2,4
180,3,2
180,4,2
180,5,1
180,6,1
180,8,8
180,9,1
180,13,2
180,16,1
180,17,1
180,18,1
180,20,1
180,21,1
180,22,1
180,23,2
180,25,1
180,30,2
180,34,3
180,35,1
180,37,1
180,38,3
180,41,1
180,42,2
180,43,1
180,44,2
180,46,1
180,48,1
180,58,9
180,59,1
180,64,1
180,65,1
180,68,1
180,69,2
180,70,2
180,71,1
180,73,1
180,74,1
180,76,1
180,77,1
180,78,1
180,79,1
180,83,1
180,86,1
180,89,1
180,90,1
180,96,1
180,97,27
180,99,1
180,100,1
180,104,1
180,108,2
180,113,1
180,114,2
180,117,1
180,118,1
180,121,1
180,122,3
180,127,3
180,129,1
180,130,1
180,131,2
180,132,1
180,133,1
180,134,3
180,137,2
180,138,4
180,139,1
180,141,2
180,143,2
180,145,1
180,146,1
180,148,3
180,149,1
180,160,1
180,161,2
180,164,1
180,166,1
180,175,39
180,176,22
180,177,19
180,178,11
180,182,2
180,183,4
180,184,1
180,185,2
180,187,1
180,188,5
180,192,3
180,195,1
180,206,2
180,208,1
180,212,2
180,214,5
180,215,17
180,216,2
180,217,2
180,218,1
180,219,2
180,220,1
180,222,1
180,224,2
180,225,4
180,228,2
180,230,4
180,231,1
180,232,2
180,234,3
180,236,4
180,237,4
180,239,2
180,240,1
180,241,1
180,242,3
180,243,1
180,244,1
180,245,2
180,248,1
180,249,1
180,251,5
180,254,2
180,256,10
180,259,4
180,260,2
180,261,4
180,262,10
180,264,2
180,265,1
180,266,2
180,268,1
180,269,2
180,270,6
180,272,1
180,273,1
180,277,1
180,278,2
180,279,3
180,281,3
180,282,3
180,285,1
180,287,2
180,288,2
180,289,12
180,290,3
180,294,3
180,295,3
180,297,1
180,298,2
180,301,2
181,0,47
181,1,1
181,2,2
181,3,25
181,4,2
181,5,2
181,6,4
181,7,20
181,8,2
181,9,2
181,10,2
181,11,2
181,12,7
181,13,1
181,15,5
181,16,4
181,18,1
181,20,1
181,24,2
181,29,1
181,30,2
181,31,1
181,41,1
181,45,1
181,47,3
181,48,2
181,51,1
181,53,4
181,55,6
181,56,2
181,57,3
181,61,2
181,62,2
181,66,9
181,72,2
181,73,1
181,74,1
181,75,1
181,76,1
181,77,1
181,80,1
181,81,2
181,83,1
181,84,1
181,87,1
181,88,3
181,89,4
181,90,13
181,92,1
181,93,2
181,95,1
181,98,2
181,99,10
181,100,1
181,103,1
181,104,7
181,105,1
181,106,1
181,107,2
181,108,1
181,109,2
181,110,4
181,112,1
181,113,6
181,114,1
181,115,3
181,116,2
181,117,2
181,118,6
181,119,4
181,120,8
181,121,6
181,122,9
181,123,4
181,124,1
181,126,1
181,128,1
181,129,22
181,131,9
181,132,7
181,133,11
181,134,11
181,135,1
181,136,21
181,137,17
181,140,1
181,143,1
181,144,3
181,145,1
181,148,1
181,149,1
181,153,1
181,157,1
181,159,1
181,160,1
181,163,1
181,165,3
181,166,2
181,169,7
181,170,3
181,171,9
181,174,2
181,176,1
181,179,10
181,182,3
181,184,2
181,188,2
181,189,1
181,190,1
181,191,11
181,193,12
181,194,11
181,195,17
181,196,9
181,197,13
181,198,2
181,200,9
181,201,4
181,202,2
181,203,5
181,205,5
181,206,9
181,208,1
181,210,8
181,212,1
181,213,2
181,215,1
181,216,12
181,222,4
181,223,5
181,224,8
181,226,4
181,227,6
181,228,4
181,229,1
181,230,2
181,231,2
181,232,7
181,233,3
181,234,2
181,235,1
181,236,3
181,237,1
181,238,2
181,239,2
181,241,16
181,242,1
181,243,26
181,244,3
181,245,3
181,246,7
181,248,8
181,249,2
181,251,3
181,253,2
181,255,15
181,256,1
181,257,6
181,258,1
181,259,16
181,260,4
181,261,3
181,263,22
181,264,3
181,265,3
181,266,6
181,267,1
181,268,10
181,272,1
181,273,2
181,274,3
181,276,1
181,278,19
181,279,22
181,280,1
181,281,18
181,282,1
181,283,42
181,284,7
181,285,2
181,286,3
181,288,30
181,291,1
181,292,31
181,294,1
181,295,3
181,296,5
181,297,26
181,298,16
181,300,39
181,301,3
182,0,1
182,1,2
182,2,7
182,3,3
182,4,10
182,5,3
182,6,7
182,7,6
182,8,7
182,9,1
182,12,2
182,13,1
182,15,3
182,16,2
182,17,3
182,18,5
182,19,2
182,20,6
182,21,3
182,22,1
182,23,2
182,24,1
182,25,3
182,26,1
182,28,1
182,30,3
182,33,1
182,34,6
182,35,17
182,38,6
182,39,1
182,41,5
182,42,2
182,43,1
182,44,8
182,45,2
182,48,1
182,50,1
182,53,3
182,54,1
182,56,1
182,57,1
182,58,5
182,59,7
182,60,2
182,61,12
182,62,2
182,64,1
182,66,6
182,67,1
182,68,4
182,69,2
182,72,1
182,73,1
182,74,5
182,75,4
182,76,6
182,77,5
182,78,5
182,79,8
182,80,4
182,81,2
182,84,1
182,85,2
182,86,1
182,87,1
182,88,2
182,89,2
182,90,3
182,92,1
182,93,11
182,95,1
182,96,2
182,97,38
182,98,3
182,99,1
182,100,3
182,101,2
182,104,2
182,105,1
182,109,2
182,110,2
182,112,1
182,113,3
182,115,1
182,119,1
182,120,5
182,121,1
182,122,10
182,123,3
182,124,1
182,126,6
182,128,1
182,129,4
182,130,4
182,131,6
182,132,3
182,133,1
182,134,3
182,135,3
182,136,1
182,137,2
182,138,5
182,140,2
182,142,2
182,143,3
182,144,4
182,145,2
182,146,3
182,147,1
182,148,1
182,149,5
182,153,3
182,154,1
182,155,2
182,156,1
182,157,1
182,158,2
182,161,3
182,165,1
182,166,2
182,167,1
182,169,4
182,170,1
182,171,2
182,175,57
182,176,32
182,177,17
182,178,13
182,179,1
182,180,3
182,181,1
182,183,30
182,184,2
182,185,10
182,187,1
182,188,13
182,191,1
182,192,6
182,193,1
182,194,2
182,195,4
182,196,3
182,197,2
182,199,1
182,201,1
182,206,2
182,208,3
182,209,2
182,210,3
182,212,4
182,213,1
182,214,6
182,215,10
182,216,3
182,217,10
182,218,2
182,219,8
182,223,1
182,224,1
182,225,8
182,226,2
182,227,3
182,228,5
182,229,3
182,230,2
182,231,1
182,232,2
182,233,1
182,234,5
182,235,10
182,236,13
182,237,11
182,238,3
182,239,12
182,240,10
182,241,9
182,242,6
182,243,11
182,244,1
182,245,5
182,246,2
182,247,7
182,248,4
182,249,2
182,251,11
182,254,5
182,255,3
182,256,25
182,257,1
182,259,8
182,260,3
182,261,4
182,262,5
182,263,2
182,264,5
182,265,6
182,266,11
182,267,4
182,268,7
182,269,6
182,270,38
182,271,3
182,272,1
182,273,9
182,274,6
182,275,3
182,276,3
182,277,4
182,278,4
182,279,7
182,280,1
182,281,3
182,282,4
182,283,3
182,285,6
182,286,2
182,287,1
182,288,3
182,289,36
182,290,24
182,292,2
182,293,6
182,294,12
182,295,5
182,296,1
182,297,3
182,298,3
182,300,2
182,301,1
183,0,3
183,1,1
183,2,3
183,4,4
183,5,5
183,6,4
183,7,5
183,8,3
183,9,1
183,12,1
183,13,1
183,15,1
183,16,2
183,18,2
183,20,7
183,21,3
183,22,2
183,24,1
183,25,1
183,26,2
183,30,8
183,34,15
183,35,3
183,37,1
183,38,7
183,39,9
183,41,15
183,42,3
183,43,3
183,44,4
183,47,1
183,53,3
183,54,7
183,57,2
183,58,7
183,59,11
183,60,2
183,61,1
183,62,3
183,64,1
183,65,1
183,66,3
183,68,5
183,69,1
183,72,3
183,73,2
183,74,2
183,75,3
183,76,3
183,77,3
183,78,3
183,79,4
183,80,3
183,81,7
183,82,2
183,83,3
183,84,2
183,86,3
183,87,3
183,88,1
183,89,1
183,90,1
183,91,4
183,93,4
183,95,2
183,96,7
183,97,49
183,98,3
183,99,4
183,100,4
183,101,2
183,109,1
183,113,2
183,114,2
183,115,1
183,116,2
183,117,2
183,118,2
183,120,1
183,121,4
183,122,3
183,123,2
183,124,2
183,125,1
183,126,2
183,127,1
183,128,1
183,129,2
183,130,7
183,131,3
183,134,4
183,135,1
183,136,1
183,137,1
183,138,15
183,142,3
183,143,2
183,144,4
183,145,1
183,146,2
183,148,1
183,149,2
183,153,3
183,155,2
183,157,3
183,158,1
183,159,1
183,161,2
183,165,1
183,167,1
183,168,1
183,170,1
183,171,1
183,173,1
183,174,1
183,175,66
183,176,32
183,177,28
183,178,14
183,179,1
183,180,7
183,182,34
183,185,20
183,187,2
183,188,13
183,190,3
183,191,3
183,192,8
183,193,3
183,194,2
183,195,3
183,196,6
183,198,5
183,199,1
183,200,2
183,201,4
183,203,1
183,204,1
183,205,1
183,206,2
183,208,4
183,210,3
183,211,1
183,212,17
183,214,7
183,215,16
183,216,4
183,217,8
183,218,1
183,219,11
183,224,1
183,225,12
183,227,1
183,228,9
183,229,5
183,230,4
183,231,2
183,232,1
183,234,4
183,235,10
183,236,9
183,237,15
183,238,3
183,239,3
183,240,8
183,241,5
183,242,13
183,243,1
183,245,3
183,246,7
183,247,6
183,248,1
183,249,10
183,251,10
183,254,6
183,256,44
183,257,2
183,258,2
183,259,12
183,260,2
183,261,4
183,262,27
183,263,3
183,264,4
183,265,5
183,266,1
183,267,1
183,268,9
183,269,8
183,270,56
183,271,2
183,272,3
183,273,18
183,274,2
183,275,7
183,276,4
183,277,1
183,278,2
183,279,6
183,280,3
183,281,4
183,282,5
183,283,3
183,285,8
183,286,1
183,287,4
183,288,13
183,289,36
183,290,28
183,292,3
183,293,3
183,294,6
183,295,5
183,296,4
183,297,6
183,298,1
183,300,4
183,301,2
184,0,24
184,1,6
184,2,26
184,3,90
184,4,22
184,5,5
184,6,41
184,7,34
184,8,13
184,9,13
184,10,4
184,12,2
184,13,21
184,15,13
184,16,12
184,17,8
184,18,45
184,19,5
184,20,5
184,21,1
184,22,8
184,23,7
184,24,4
184,25,1
184,26,13
184,27,1
184,28,1
184,29,2
184,30,8
184,31,10
184,32,4
184,33,1
184,34,9
184,35,45
184,36,3
184,38,36
184,39,28
184,41,35
184,42,9
184,43,13
184,44,31
184,45,23
184,46,8
184,47,25
184,48,9
184,49,14
184,50,6
184,51,2
184,53,10
184,54,3
184,55,16
184,56,24
184,57,19
184,58,10
184,59,10
184,60,4
184,61,41
184,62,11
184,63,2
184,64,9
184,65,6
184,66,35
184,67,4
184,68,32
184,69,9
184,70,12
184,71,13
184,72,5
184,73,39
184,74,33
184,75,23
184,76,20
184,77,7
184,78,13
184,79,34
184,80,20
184,81,29
184,82,8
184,83,17
184,84,17
184,85,7
184,86,16
184,88,33
184,89,34
184,90,12
184,91,1
184,92,2
184,93,10
184,94,3
184,95,3
184,96,8
184,97,45
184,98,13
184,99,23
184,100,42
184,102,2
184,103,5
184,104,15
184,105,69
184,106,38
184,107,7
184,108,19
184,109,25
184,110,17
184,111,7
184,112,17
184,113,43
184,114,32
184,115,22
184,116,11
184,117,15
184,118,22
184,119,10
184,120,35
184,121,40
184,122,29
184,123,15
184,124,8
184,125,6
184,126,12
184,127,19
184,128,15
184,129,19
184,130,7
184,131,12
184,132,9
184,133,5
184,134,25
184,136,81
184,137,25
184,138,4
184,139,3
184,140,11
184,141,4
184,142,32
184,143,28
184,144,31
184,145,55
184,146,28
184,147,4
184,148,20
184,149,20
184,150,2
184,151,2
184,153,1
184,154,7
184,155,10
184,156,1
184,157,7
184,158,4
184,159,17
184,160,9
184,161,10
184,162,4
184,163,18
184,164,5
184,165,8
184,166,10
184,168,3
184,169,15
184,170,13
184,171,24
184,173,5
184,174,4
184,175,69
184,176,44
184,177,26
184,178,5
184,179,6
184,180,12
184,181,7
184,182,30
184,183,34
184,185,1
184,187,6
184,188,5
184,189,15
184,190,4
184,191,4
184,192,17
184,193,19
184,194,19
184,195,34
184,196,15
184,197,23
184,198,5
184,200,8
184,201,9
184,202,3
184,203,4
184,204,4
184,205,5
184,206,414
184,207,1
184,208,7
184,210,60
184,211,4
184,212,37
184,213,11
184,214,6
184,215,48
184,216,44
184,217,39
184,218,4
184,219,40
184,220,17
184,221,62
184,222,136
184,223,129
184,224,325
184,225,57
184,226,800
184,227,11
184,228,21
184,229,10
184,230,13
184,231,162
184,232,145
184,233,237
184,234,11
184,235,5
184,236,4
184,237,36
184,238,16
184,239,28
184,240,51
184,241,1417
184,242,25
184,243,988
184,244,117
184,245,10
184,246,22
184,247,29
184,248,537
184,249,7
184,250,3
184,251,14
184,252,1
184,253,2
184,254,11
184,255,34
184,256,6
184,257,34
184,258,4
184,259,21
184,260,15
184,261,12
184,262,13
184,263,36
184,264,51
184,265,49
184,266,9
184,267,5
184,268,23
184,269,9
184,270,28
184,271,10
184,272,8
184,273,9
184,274,30
184,275,13
184,276,8
184,277,22
184,278,32
184,279,139
184,280,1
184,281,54
184,282,6
184,283,20
184,284,6
184,285,6
184,286,5
184,287,27
184,288,24
184,289,19
184,290,32
184,291,4
184,292,21
184,293,10
184,294,10
184,295,18
184,297,39
184,298,24
184,299,10
184,300,22
184,301,6
185,0,4
185,1,3
185,2,6
185,3,10
185,4,7
185,5,4
185,6,6
185,7,8
185,8,12
185,9,2
185,10,2
185,13,1
185,16,3
185,18,7
185,19,4
185,20,5
185,21,1
185,23,2
185,24,3
185,25,1
185,26,7
185,27,1
185,30,3
185,31,6
185,34,21
185,35,21
185,37,1
185,38,10
185,39,3
185,40,1
185,41,22
185,43,6
185,44,11
185,45,3
185,50,1
185,53,3
185,54,4
185,56,2
185,57,1
185,58,9
185,59,3
185,60,5
185,61,13
185,62,6
185,64,5
185,65,4
185,66,1
185,68,2
185,69,1
185,70,3
185,71,2
185,72,10
185,73,7
185,74,10
185,75,6
185,76,7
185,77,4
185,78,1
185,79,8
185,80,2
185,81,10
185,82,5
185,83,7
185,84,3
185,86,2
185,87,1
185,88,1
185,89,1
185,91,7
185,92,1
185,93,4
185,94,1
185,95,5
185,96,10
185,97,57
185,98,5
185,99,1
185,100,4
185,104,2
185,106,3
185,107,1
185,109,3
185,112,1
185,113,2
185,114,2
185,115,1
185,118,3
185,119,2
185,120,3
185,121,4
185,122,4
185,123,2
185,125,3
185,126,3
185,127,3
185,128,1
185,129,5
185,130,16
185,131,2
185,132,5
185,133,3
185,134,4
185,135,4
185,136,1
185,137,1
185,138,9
185,139,2
185,140,4
185,142,2
185,143,3
185,144,7
185,145,8
185,146,5
185,148,4
185,149,1
185,153,2
185,154,4
185,155,2
185,156,1
185,157,4
185,159,2
185,161,3
185,163,2
185,165,1
185,166,4
185,169,1
185,171,3
185,175,59
185,176,89
185,177,25
185,178,20
185,179,1
185,180,15
185,182,50
185,183,48
185,184,2
185,186,1
185,187,5
185,188,16
185,189,2
185,190,3
185,191,1
185,192,17
185,194,4
185,195,13
185,196,8
185,197,5
185,199,1
185,200,2
185,201,2
185,202,1
185,204,1
185,205,3
185,206,7
185,208,4
185,209,17
185,210,5
185,211,2
185,212,12
185,213,1
185,214,7
185,215,14
185,216,3
185,217,26
185,218,1
185,219,17
185,222,1
185,223,2
185,224,3
185,225,19
185,226,2
185,227,9
185,228,10
185,229,9
185,230,5
185,231,2
185,232,3
185,233,1
185,234,6
185,235,16
185,236,9
185,237,13
185,238,8
185,239,20
185,240,7
185,241,6
185,242,18
185,243,9
185,245,10
185,246,4
185,247,5
185,248,6
185,249,8
185,251,11
185,253,1
185,254,10
185,255,3
185,256,35
185,257,2
185,258,1
185,259,20
185,260,5
185,261,12
185,262,19
185,263,6
185,264,9
185,265,10
185,266,2
185,268,7
185,269,11
185,270,226
185,271,4
185,272,3
185,273,9
185,274,1
185,275,4
185,276,6
185,277,14
185,278,8
185,279,6
185,280,2
185,281,5
185,282,3
185,283,4
185,285,2
185,286,1
185,287,4
185,288,2
185,289,20
185,290,36
185,292,3
185,293,1
185,294,3
185,295,5
185,296,4
185,297,4
185,298,9
185,299,1
185,300,3
185,301,6
186,0,7
186,2,16
186,3,2
186,5,6
186,6,1
186,7,6
186,8,3
186,9,7
186,12,3
186,13,3
186,16,3
186,18,2
186,20,2
186,21,1
186,23,2
186,24,4
186,26,1
186,29,2
186,31,1
186,34,1
186,35,1
186,38,4
186,39,11
186,41,3
186,43,1
186,45,2
186,47,4
186,48,3
186,50,3
186,53,4
186,55,2
186,56,3
186,57,2
186,60,2
186,61,5
186,62,1
186,66,7
186,68,4
186,72,10
186,74,1
186,75,5
186,76,6
186,77,2
186,78,1
186,79,23
186,80,11
186,81,6
186,82,1
186,83,5
186,84,10
186,85,1
186,86,3
186,88,1
186,89,3
186,90,16
186,95,1
186,98,3
186,99,1
186,100,4
186,103,2
186,104,2
186,105,1
186,107,1
186,108,2
186,109,10
186,110,5
186,111,3
186,112,3
186,113,8
186,114,2
186,115,8
186,116,2
186,117,2
186,118,7
186,119,8
186,120,15
186,121,5
186,122,1
186,123,5
186,124,2
186,125,2
186,126,5
186,127,1
186,128,2
186,129,1
186,130,1
186,131,1
186,132,1
186,133,1
186,136,44
186,137,1
186,139,1
186,140,1
186,141,1
186,154,2
186,155,3
186,157,5
186,158,1
186,160,3
186,161,5
186,163,3
186,165,13
186,166,4
186,168,1
186,169,30
186,170,11
186,171,9
186,174,10
186,175,2
186,178,3
186,179,2
186,182,1
186,183,1
186,184,1
186,187,2
186,188,7
186,189,1
186,190,2
186,192,1
186,193,1
186,195,3
186,196,1
186,197,1
186,198,1
186,200,1
186,206,2
186,207,6
186,209,7
186,210,16
186,216,6
186,222,1
186,223,1
186,224,2
186,226,9
186,227,2
186,228,2
186,231,1
186,232,1
186,234,1
186,235,1
186,237,4
186,238,1
186,239,4
186,240,2
186,241,8
186,242,1
186,243,6
186,245,1
186,246,1
186,248,5
186,249,1
186,250,1
186,254,1
186,255,1
186,256,1
186,257,1
186,260,1
186,261,1
186,262,7
186,263,17
186,264,1
186,265,3
186,266,3
186,268,1
186,269,1
186,271,1
186,272,1
186,273,10
186,274,21
186,275,11
186,276,2
186,278,1
186,279,9
186,280,2
186,281,1
186,282,10
186,283,4
186,285,1
186,286,3
186,287,4
186,288,3
186,289,41
186,290,6
186,292,2
186,293,23
186,295,138
186,296,2
186,297,3
186,298,1
186,299,1
187,0,22
187,1,3
187,2,16
187,3,4
187,4,8
187,5,8
187,6,2
187,7,9
187,8,8
187,9,7
187,10,2
187,15,4
187,16,1
187,18,3
187,20,5
187,21,16
187,23,4
187,24,2
187,25,6
187,26,13
187,27,1
187,28,1
187,29,3
187,30,1
187,31,45
187,33,1
187,34,9
187,35,5
187,38,3
187,39,2
187,41,3
187,43,2
187,45,4
187,48,1
187,50,1
187,56,1
187,57,3
187,58,2
187,60,7
187,61,10
187,62,4
187,63,1
187,64,4
187,65,1
187,66,5
187,67,1
187,68,3
187,69,1
187,70,2
187,71,2
187,72,2
187,73,4
187,74,4
187,75,7
187,76,11
187,77,3
187,78,4
187,79,11
187,80,10
187,81,14
187,82,1
187,83,14
187,84,6
187,85,6
187,86,6
187,88,3
187,89,1
187,90,6
187,91,1
187,93,3
187,94,4
187,95,4
187,96,5
187,97,5
187,98,6
187,99,2
187,100,3
187,101,5
187,103,7
187,105,2
187,106,3
187,107,12
187,108,2
187,109,3
187,110,1
187,113,1
187,114,3
187,115,6
187,117,1
187,118,1
187,119,3
187,120,1
187,121,3
187,122,4
187,123,1
187,124,26
187,125,20
187,126,1
187,127,7
187,128,5
187,129,5
187,131,6
187,132,4
187,133,1
187,134,6
187,135,1
187,136,16
187,138,13
187,139,7
187,140,13
187,142,3
187,143,1
187,144,3
187,145,7
187,146,4
187,147,1
187,148,5
187,149,2
187,150,1
187,154,26
187,155,5
187,157,20
187,158,3
187,159,6
187,161,55
187,162,2
187,163,17
187,164,3
187,165,5
187,166,27
187,168,3
187,169,2
187,170,6
187,171,5
187,173,2
187,174,2
187,175,12
187,176,4
187,177,3
187,178,2
187,179,3
187,180,3
187,181,3
187,182,7
187,183,7
187,184,3
187,186,2
187,188,5
187,189,2
187,191,3
187,192,8
187,193,3
187,194,2
187,195,6
187,196,3
187,197,4
187,198,1
187,200,7
187,201,2
187,202,2
187,204,1
187,205,2
187,206,4
187,207,1
187,208,2
187,210,5
187,211,4
187,212,4
187,213,2
187,214,1
187,215,4
187,216,5
187,217,7
187,218,1
187,219,4
187,223,4
187,224,5
187,225,7
187,226,3
187,227,24
187,228,2
187,229,6
187,230,12
187,231,3
187,232,2
187,234,6
187,235,2
187,237,6
187,238,3
187,239,1
187,240,2
187,241,9
187,242,7
187,243,8
187,244,4
187,245,5
187,246,5
187,247,1
187,248,4
187,249,3
187,250,1
187,251,4
187,252,2
187,254,4
187,255,7
187,256,5
187,257,2
187,258,1
187,259,15
187,260,2
187,261,12
187,262,4
187,263,5
187,264,15
187,265,12
187,266,12
187,267,1
187,268,3
187,269,7
187,270,6
187,271,4
187,272,7
187,273,35
187,274,2
187,275,31
187,276,14
187,277,1
187,278,5
187,279,3
187,280,12
187,281,6
187,282,11
187,283,2
187,284,3
187,285,8
187,286,34
187,287,11
187,288,9
187,289,27
187,290,5
187,291,1
187,292,10
187,293,18
187,294,1
187,295,109
187,296,2
187,297,7
187,298,8
187,299,2
187,300,2
187,301,12
188,0,14
188,1,7
188,2,38
188,3,15
188,4,26
188,5,57
188,6,36
188,7,14
188,8,57
188,9,4
188,10,5
188,11,2
188,12,6
188,13,6
188,14,1
188,15,3
188,16,10
188,17,1
188,18,18
188,19,3
188,20,40
188,21,11
188,22,5
188,23,14
188,24,16
188,25,15
188,26,26
188,27,7
188,28,1
188,29,7
188,30,7
188,31,26
188,32,2
188,34,137
188,35,23
188,38,27
188,39,28
188,41,41
188,42,3
188,43,13
188,44,13
188,45,6
188,46,2
188,47,2
188,48,7
188,49,1
188,50,1
188,53,16
188,54,7
188,55,5
188,56,3
188,57,6
188,58,19
188,59,8
188,60,16
188,61,41
188,62,24
188,63,1
188,64,11
188,65,3
188,66,17
188,67,2
188,68,11
188,69,3
188,70,3
188,71,7
188,72,11
188,73,16
188,74,10
188,75,39
188,76,34
188,77,18
188,78,26
188,79,86
188,80,42
188,81,44
188,82,15
188,83,33
188,84,27
188,85,8
188,86,25
188,87,1
188,88,14
188,89,6
188,90,12
188,91,2
188,92,6
188,93,10
188,94,2
188,95,7
188,96,13
188,97,136
188,98,13
188,99,21
188,100,6
188,101,12
188,102,5
188,103,6
188,104,5
188,105,4
188,106,12
188,107,7
188,108,10
188,109,6
188,110,8
188,111,1
188,112,8
188,113,14
188,114,7
188,115,12
188,116,3
188,117,7
188,118,6
188,119,8
188,120,10
188,121,6
188,122,12
188,123,5
188,124,22
188,125,18
188,126,7
188,127,14
188,128,10
188,129,32
188,130,22
188,131,36
188,132,23
188,133,17
188,134,44
188,135,2
188,136,34
188,137,3
188,138,24
188,139,33
188,140,24
188,141,3
188,142,22
188,143,12
188,144,17
188,145,33
188,146,19
188,148,17
188,149,19
188,150,7
188,152,1
188,153,2
188,154,13
188,155,7
188,156,1
188,157,15
188,158,4
188,159,9
188,160,4
188,161,22
188,162,2
188,163,15
188,164,6
188,165,17
188,166,23
188,167,1
188,168,2
188,169,20
188,170,8
188,171,13
188,172,1
188,173,7
188,174,9
188,175,109
188,176,99
188,177,61
188,178,39
188,179,2
188,180,68
188,181,2
188,182,127
188,183,134
188,184,13
188,185,16
188,187,5
188,189,5
188,190,22
188,191,5
188,192,104
188,193,20
188,194,27
188,195,32
188,196,48
188,197,24
188,198,8
188,199,1
188,200,11
188,201,5
188,202,6
188,203,7
188,204,3
188,205,15
188,206,21
188,207,1
188,208,28
188,210,31
188,211,1
188,212,36
188,213,4
188,214,56
188,215,48
188,216,11
188,217,38
188,218,1
188,219,27
188,220,2
188,221,2
188,222,1
188,223,9
188,224,13
188,225,42
188,226,30
188,227,6
188,228,90
188,229,7
188,230,8
188,231,3
188,232,17
188,233,7
188,234,26
188,235,30
188,236,28
188,237,40
188,238,26
188,239,35
188,240,19
188,241,34
188,242,72
188,243,50
188,244,8
188,245,38
188,246,21
188,247,22
188,248,28
188,249,41
188,250,2
188,251,61
188,252,1
188,253,3
188,254,77
188,255,12
188,256,94
188,257,5
188,258,2
188,259,130
188,260,17
188,261,18
188,262,92
188,263,21
188,264,36
188,265,52
188,266,5
188,267,7
188,268,14
188,269,25
188,270,110
188,271,15
188,272,23
188,273,150
188,274,15
188,275,86
188,276,9
188,277,23
188,278,14
188,279,33
188,280,6
188,281,35
188,282,222
188,283,14
188,284,3
188,285,6
188,286,18
188,287,17
188,288,35
188,289,622
188,290,86
188,291,5
188,292,23
188,293,16
188,294,10
188,295,59
188,296,8
188,297,50
188,298,23
188,299,14
188,300,7
188,301,20
189,0,1
189,2,8
189,4,1
189,5,3
189,6,2
189,7,4
189,8,8
189,10,39
189,14,10
189,15,2
189,16,1
189,17,1
189,18,1
189,19,2
189,21,1
189,25,1
189,30,1
189,31,2
189,32,47
189,38,1
189,41,6
189,42,1
189,45,3
189,46,1
189,48,2
189,50,1
189,53,1
189,54,1
189,55,2
189,56,3
189,58,1
189,59,1
189,60,9
189,61,30
189,62,8
189,66,3
189,67,1
189,68,2
189,70,2
189,71,2
189,72,1
189,73,3
189,75,6
189,78,5
189,79,5
189,80,5
189,81,4
189,82,1
189,84,5
189,86,3
189,88,1
189,89,3
189,94,1
189,95,2
189,97,2
189,98,1
189,100,1
189,101,2
189,104,1
189,105,1
189,106,1
189,107,2
189,108,1
189,109,2
189,114,1
189,115,1
189,120,1
189,121,2
189,122,2
189,126,1
189,129,4
189,131,1
189,132,2
189,134,2
189,136,2
189,137,1
189,138,2
189,139,2
189,141,1
189,143,2
189,149,1
189,153,2
189,161,2
189,164,1
189,166,2
189,169,1
189,171,1
189,178,1
189,179,1
189,188,1
189,190,1
189,191,1
189,192,1
189,196,2
189,197,2
189,198,2
189,200,2
189,201,1
189,206,3
189,210,2
189,213,48
189,214,2
189,215,4
189,216,6
189,217,1
189,219,1
189,221,1
189,224,2
189,225,5
189,226,2
189,227,1
189,231,1
189,233,2
189,234,3
189,235,1
189,236,3
189,237,3
189,238,3
189,239,2
189,243,2
189,244,2
189,246,3
189,247,1
189,248,4
189,250,24
189,252,29
189,254,2
189,255,4
189,256,4
189,258,27
189,259,3
189,260,5
189,261,1
189,263,7
189,264,2
189,265,106
189,266,3
189,267,2
189,268,2
189,270,2
189,271,4
189,274,1
189,275,1
189,276,2
189,277,1
189,278,5
189,279,16
189,281,30
189,282,3
189,283,9
189,286,1
189,287,1
189,288,16
189,289,4
189,290,2
189,291,30
189,292,11
189,293,1
189,295,4
189,296,1
189,297,7
189,298,2
189,299,50
189,300,4
190,0,1
190,2,3
190,4,1
190,5,3
190,6,2
190,7,3
190,8,3
190,12,1
190,13,1
190,16,3
190,18,2
190,20,1
190,23,5
190,24,1
190,25,10
190,26,3
190,28,2
190,34,10
190,35,4
190,36,1
190,39,1
190,41,2
190,43,1
190,44,5
190,46,1
190,47,1
190,48,1
190,53,1
190,56,1
190,59,1
190,60,1
190,61,4
190,62,4
190,64,1
190,65,1
190,67,1
190,68,1
190,70,1
190,71,1
190,73,1
190,76,4
190,77,2
190,79,1
190,81,4
190,83,1
190,84,3
190,86,1
190,88,3
190,89,1
190,90,1
190,92,1
190,93,1
190,96,1
190,97,4
190,98,1
190,99,2
190,100,3
190,101,1
190,107,1
190,109,1
190,110,2
190,112,1
190,118,1
190,119,1
190,122,1
190,123,1
190,125,1
190,126,1
190,128,2
190,129,4
190,130,1
190,131,2
190,133,1
190,134,4
190,136,3
190,138,6
190,142,1
190,143,2
190,144,4
190,145,1
190,153,7
190,154,3
190,159,1
190,161,2
190,163,3
190,169,2
190,170,2
190,171,1
190,174,1
190,175,8
190,176,1
190,177,1
190,178,1
190,180,1
190,181,1
190,182,4
190,183,6
190,186,1
190,188,2
190,191,2
190,192,9
190,194,1
190,195,1
190,196,1
190,197,3
190,203,2
190,205,1
190,206,1
190,208,12
190,210,3
190,212,1
190,214,10
190,216,2
190,217,1
190,218,1
190,219,3
190,223,1
190,225,3
190,228,39
190,232,1
190,235,1
190,237,1
190,239,3
190,240,1
190,241,2
190,242,10
190,243,4
190,244,2
190,245,22
190,246,2
190,248,2
190,249,29
190,251,22
190,254,16
190,255,2
190,256,3
190,259,12
190,262,7
190,263,3
190,264,2
190,265,4
190,267,1
190,268,4
190,270,4
190,271,1
190,272,21
190,273,4
190,274,1
190,275,7
190,278,3
190,279,2
190,280,2
190,281,6
190,282,2
190,283,2
190,286,1
190,287,1
190,288,2
190,289,12
190,290,7
190,293,2
190,295,5
190,297,2
190,299,1
190,300,2
190,301,2
191,0,13
191,2,5
191,3,13
191,4,1
191,5,3
191,6,8
191,7,32
191,8,3
191,20,2
191,21,32
191,23,1
191,24,1
191,25,2
191,26,2
191,31,4
191,34,6
191,35,1
191,38,2
191,41,1
191,43,1
191,44,2
191,46,1
191,47,2
191,48,2
191,50,1
191,51,1
191,53,1
191,55,2
191,56,3
191,57,2
191,60,1
191,61,9
191,62,7
191,64,1
191,65,1
191,66,13
191,68,3
191,69,1
191,73,1
191,74,1
191,75,3
191,76,7
191,77,2
191,78,4
191,79,5
191,80,5
191,81,9
191,82,2
191,83,4
191,84,12
191,85,3
191,86,5
191,88,6
191,89,9
191,90,8
191,96,2
191,97,3
191,98,1
191,100,9
191,101,3
191,104,2
191,105,1
191,106,1
191,108,5
191,109,12
191,110,5
191,111,4
191,112,15
191,113,26
191,114,10
191,115,5
191,116,8
191,117,5
191,118,14
191,119,7
191,120,8
191,121,10
191,122,11
191,123,4
191,125,2
191,126,9
191,127,2
191,128,1
191,129,8
191,130,2
191,131,6
191,132,9
191,133,3
191,134,4
191,135,1
191,136,17
191,137,5
191,138,7
191,139,1
191,144,2
191,145,2
191,146,1
191,148,2
191,149,1
191,153,1
191,154,1
191,155,2
191,157,2
191,158,1
191,159,1
191,161,2
191,163,3
191,164,2
191,165,7
191,166,2
191,168,1
191,169,7
191,170,7
191,171,5
191,173,1
191,175,6
191,176,2
191,179,9
191,180,1
191,181,9
191,182,2
191,183,2
191,184,1
191,187,1
191,188,1
191,189,1
191,192,4
191,193,25
191,194,39
191,195,104
191,196,102
191,197,51
191,198,37
191,199,1
191,200,56
191,201,27
191,202,15
191,203,30
191,204,9
191,205,47
191,206,5
191,208,3
191,210,11
191,212,2
191,214,3
191,215,1
191,216,17
191,217,3
191,223,2
191,224,1
191,225,2
191,226,1
191,227,11
191,228,5
191,229,6
191,230,5
191,231,1
191,232,1
191,234,2
191,235,1
191,236,2
191,237,5
191,238,1
191,241,2
191,242,9
191,243,8
191,245,10
191,246,1
191,248,6
191,249,6
191,250,1
191,251,6
191,254,6
191,255,38
191,256,1
191,257,2
191,259,86
191,263,27
191,264,2
191,265,10
191,267,2
191,268,3
191,269,7
191,270,3
191,271,1
191,272,3
191,273,15
191,274,12
191,275,8
191,277,2
191,278,33
191,279,6
191,280,6
191,281,19
191,282,3
191,283,1
191,284,14
191,286,5
191,287,1
191,288,151
191,289,10
191,290,2
191,292,4
191,294,2
191,295,7
191,297,30
191,298,16
191,299,3
191,300,17
191,301,42
192,0,10
192,1,5
192,2,10
192,4,6
192,5,3
192,6,7
192,7,8
192,8,27
192,12,1
192,13,3
192,15,1
192,16,2
192,18,5
192,20,5
192,21,5
192,22,1
192,23,2
192,24,4
192,25,9
192,26,9
192,27,4
192,28,1
192,29,2
192,30,1
192,31,3
192,34,28
192,35,5
192,38,3
192,39,3
192,41,6
192,42,2
192,43,3
192,44,6
192,45,3
192,49,2
192,51,1
192,53,2
192,54,1
192,55,1
192,56,1
192,58,1
192,59,2
192,60,1
192,61,7
192,62,1
192,65,1
192,66,3
192,67,2
192,68,1
192,69,1
192,70,2
192,71,1
192,72,2
192,73,1
192,74,1
192,75,32
192,76,28
192,77,5
192,78,1
192,79,5
192,80,4
192,81,2
192,83,2
192,84,5
192,86,2
192,89,3
192,90,3
192,94,2
192,95,3
192,96,1
192,97,24
192,98,4
192,99,4
192,100,1
192,101,3
192,102,2
192,103,1
192,104,1
192,105,1
192,106,7
192,107,10
192,108,3
192,109,3
192,112,12
192,113,2
192,115,1
192,117,1
192,118,1
192,119,1
192,120,3
192,121,4
192,122,1
192,123,1
192,124,6
192,125,4
192,126,1
192,127,2
192,128,1
192,129,12
192,130,4
192,131,8
192,132,3
192,133,1
192,134,9
192,136,6
192,137,1
192,138,10
192,139,7
192,140,9
192,141,1
192,142,3
192,143,4
192,144,2
192,145,2
192,146,3
192,148,5
192,149,1
192,150,2
192,152,1
192,153,5
192,154,1
192,155,3
192,156,1
192,157,6
192,158,2
192,161,12
192,162,3
192,163,3
192,164,1
192,165,3
192,166,2
192,169,3
192,170,3
192,173,1
192,174,2
192,175,37
192,176,12
192,177,8
192,178,5
192,180,10
192,182,26
192,183,18
192,184,1
192,185,1
192,187,2
192,188,23
192,189,2
192,190,18
192,191,6
192,193,3
192,194,5
192,195,13
192,196,16
192,197,2
192,198,5
192,200,13
192,201,7
192,202,2
192,203,4
192,204,1
192,205,3
192,206,2
192,208,8
192,210,4
192,212,3
192,213,2
192,214,35
192,215,9
192,216,2
192,217,5
192,219,9
192,221,1
192,222,1
192,224,4
192,225,4
192,226,6
192,228,36
192,231,2
192,234,8
192,235,4
192,236,2
192,237,7
192,238,4
192,239,8
192,240,5
192,241,4
192,242,30
192,243,9
192,244,2
192,245,22
192,246,3
192,247,3
192,248,5
192,249,42
192,251,21
192,253,1
192,254,31
192,255,3
192,256,14
192,257,1
192,258,1
192,259,75
192,261,3
192,262,14
192,263,2
192,264,4
192,265,18
192,266,1
192,267,1
192,268,10
192,269,4
192,270,16
192,271,7
192,272,19
192,273,18
192,274,9
192,275,33
192,276,4
192,277,3
192,278,4
192,279,8
192,280,3
192,281,9
192,282,12
192,283,6
192,284,6
192,285,4
192,286,6
192,287,2
192,288,9
192,289,52
192,290,24
192,292,4
192,293,7
192,294,5
192,295,17
192,296,2
192,297,11
192,298,6
192,299,1
192,300,3
192,301,7
193,0,7
193,3,18
193,4,1
193,5,1
193,6,2
193,7,14
193,8,2
193,9,2
193,10,1
193,11,1
193,13,2
193,16,3
193,18,2
193,21,2
193,22,1
193,23,1
193,24,2
193,25,2
193,26,1
193,28,1
193,30,1
193,31,7
193,34,3
193,38,2
193,41,3
193,44,1
193,45,1
193,47,3
193,48,2
193,49,3
193,51,1
193,53,3
193,55,3
193,56,8
193,57,2
193,60,1
193,61,3
193,62,3
193,66,5
193,68,3
193,69,1
193,71,1
193,73,1
193,74,3
193,76,1
193,77,3
193,78,4
193,79,1
193,80,2
193,81,3
193,82,1
193,83,3
193,84,3
193,86,1
193,87,1
193,89,2
193,90,5
193,93,2
193,96,1
193,97,2
193,98,4
193,100,3
193,104,3
193,105,1
193,107,3
193,108,5
193,109,7
193,110,2
193,111,1
193,112,1
193,113,7
193,114,3
193,115,3
193,116,1
193,118,2
193,119,4
193,120,3
193,121,3
193,122,4
193,123,1
193,126,3
193,129,7
193,131,9
193,132,3
193,133,2
193,134,8
193,136,6
193,138,3
193,139,2
193,140,4
193,143,3
193,144,7
193,145,3
193,146,4
193,148,1
193,149,1
193,151,1
193,153,7
193,155,4
193,156,1
193,157,1
193,158,1
193,160,2
193,161,4
193,163,2
193,165,1
193,166,2
193,169,7
193,170,2
193,171,9
193,175,6
193,177,1
193,178,1
193,179,10
193,181,1
193,182,2
193,183,3
193,184,3
193,185,1
193,188,3
193,189,1
193,190,1
193,191,17
193,192,4
193,194,29
193,195,36
193,196,47
193,197,89
193,198,19
193,199,2
193,200,31
193,201,18
193,202,12
193,203,23
193,204,4
193,205,26
193,206,1
193,208,3
193,210,8
193,212,3
193,213,2
193,214,2
193,216,9
193,217,5
193,219,3
193,222,1
193,224,5
193,226,2
193,227,7
193,229,2
193,230,11
193,232,2
193,233,2
193,235,2
193,236,2
193,237,1
193,238,5
193,239,4
193,241,2
193,242,14
193,243,4
193,245,3
193,246,3
193,248,3
193,249,1
193,251,1
193,253,1
193,255,19
193,256,1
193,259,73
193,260,1
193,261,1
193,262,1
193,263,19
193,264,6
193,265,2
193,267,2
193,268,4
193,269,7
193,270,3
193,271,3
193,272,5
193,273,9
193,274,6
193,275,3
193,276,1
193,278,22
193,279,2
193,281,21
193,282,1
193,283,3
193,284,9
193,285,1
193,286,3
193,288,62
193,289,20
193,291,1
193,293,2
193,294,1
193,295,4
193,296,2
193,297,20
193,298,9
193,300,17
193,301,2
194,0,29
194,1,4
194,2,20
194,3,14
194,4,12
194,5,8
194,6,2
194,7,37
194,8,12
194,9,1
194,10,2
194,11,3
194,12,1
194,13,4
194,15,1
194,16,1
194,17,2
194,18,2
194,19,2
194,20,4
194,22,2
194,23,1
194,24,2
194,25,10
194,26,4
194,30,1
194,31,3
194,34,7
194,35,2
194,38,1
194,39,2
194,41,2
194,42,1
194,43,1
194,44,6
194,45,3
194,46,1
194,47,3
194,48,7
194,49,1
194,50,2
194,53,2
194,55,3
194,56,1
194,57,1
194,60,1
194,61,9
194,62,5
194,63,1
194,64,5
194,66,12
194,67,1
194,68,5
194,69,1
194,70,2
194,72,2
194,73,2
194,74,3
194,75,1
194,76,5
194,77,6
194,78,13
194,79,2
194,80,6
194,81,2
194,82,3
194,84,1
194,85,1
194,88,8
194,89,10
194,90,2
194,92,1
194,94,1
194,95,1
194,96,2
194,97,11
194,99,2
194,100,6
194,101,1
194,102,1
194,103,1
194,104,3
194,105,3
194,106,2
194,107,1
194,108,6
194,109,7
194,110,5
194,112,4
194,113,6
194,114,17
194,115,8
194,116,3
194,117,5
194,118,5
194,119,3
194,120,5
194,121,11
194,122,3
194,123,4
194,125,4
194,126,4
194,128,3
194,129,8
194,130,2
194,131,10
194,132,7
194,133,2
194,134,8
194,136,24
194,137,1
194,139,3
194,140,3
194,141,1
194,142,2
194,143,1
194,144,6
194,145,3
194,146,11
194,148,1
194,149,1
194,150,2
194,151,2
194,153,4
194,155,1
194,157,3
194,158,1
194,160,2
194,161,9
194,163,4
194,165,3
194,166,3
194,168,1
194,169,5
194,170,5
194,171,4
194,173,2
194,174,1
194,175,9
194,176,2
194,177,5
194,179,11
194,180,2
194,181,6
194,182,12
194,183,11
194,184,1
194,185,1
194,186,1
194,187,1
194,188,2
194,189,2
194,190,2
194,191,21
194,192,5
194,193,60
194,195,61
194,196,45
194,197,58
194,198,23
194,199,3
194,200,23
194,201,33
194,202,20
194,203,40
194,204,21
194,205,82
194,206,2
194,208,1
194,210,9
194,211,1
194,212,2
194,213,1
194,215,2
194,216,2
194,217,2
194,219,7
194,221,2
194,222,1
194,224,1
194,225,8
194,226,3
194,227,10
194,228,1
194,229,4
194,230,10
194,231,1
194,234,5
194,235,9
194,236,6
194,237,5
194,238,6
194,240,2
194,241,4
194,242,12
194,243,13
194,244,2
194,245,6
194,246,6
194,247,1
194,248,7
194,249,11
194,250,1
194,251,4
194,252,1
194,253,1
194,254,7
194,255,26
194,256,6
194,257,2
194,259,84
194,260,8
194,261,1
194,262,5
194,263,26
194,264,8
194,265,19
194,267,3
194,268,6
194,269,3
194,270,7
194,271,1
194,272,5
194,273,9
194,274,10
194,275,4
194,276,3
194,277,3
194,278,35
194,279,6
194,281,26
194,282,11
194,284,17
194,285,1
194,286,6
194,287,2
194,288,87
194,289,14
194,290,1
194,292,4
194,293,3
194,294,1
194,295,4
194,296,2
194,297,31
194,298,11
194,299,2
194,300,22
194,301,7
195,0,15
195,1,3
195,2,13
195,3,12
195,4,1
195,5,4
195,6,8
195,7,22
195,8,2
195,9,1
195,10,4
195,11,1
195,15,1
195,21,2
195,23,2
195,24,1
195,25,13
195,26,9
195,27,1
195,30,3
195,31,2
195,34,4
195,35,3
195,38,1
195,40,1
195,41,4
195,43,1
195,44,1
195,45,3
195,47,1
195,49,2
195,50,1
195,51,2
195,53,1
195,54,2
195,55,1
195,56,5
195,57,2
195,58,1
195,59,1
195,60,3
195,61,4
195,62,2
195,63,2
195,64,3
195,65,1
195,66,12
195,67,2
195,68,4
195,72,1
195,73,6
195,76,2
195,77,2
195,78,3
195,79,5
195,80,2
195,81,3
195,84,1
195,85,1
195,86,1
195,88,2
195,89,5
195,90,6
195,92,2
195,93,1
195,94,1
195,95,1
195,96,1
195,97,3
195,98,2
195,99,2
195,100,3
195,104,4
195,105,1
195,107,2
195,108,7
195,109,7
195,110,2
195,112,2
195,113,3
195,114,3
195,115,3
195,116,2
195,117,1
195,118,2
195,120,6
195,121,4
195,122,8
195,123,2
195,124,1
195,125,1
195,126,4
195,127,1
195,128,2
195,129,9
195,131,7
195,132,2
195,133,1
195,134,5
195,135,1
195,136,14
195,138,5
195,139,2
195,140,3
195,144,3
195,145,5
195,146,3
195,147,1
195,148,2
195,149,1
195,153,4
195,155,1
195,157,3
195,159,1
195,161,1
195,163,3
195,165,3
195,166,2
195,168,1
195,169,5
195,170,2
195,171,1
195,172,1
195,174,3
195,175,7
195,176,3
195,177,2
195,178,2
195,179,6
195,180,1
195,181,3
195,182,4
195,183,7
195,184,3
195,185,1
195,186,1
195,187,1
195,188,1
195,191,27
195,192,5
195,193,18
195,194,26
195,196,45
195,197,45
195,198,39
195,199,2
195,200,35
195,201,37
195,202,19
195,203,41
195,204,17
195,205,105
195,206,3
195,208,1
195,210,10
195,211,1
195,213,1
195,214,3
195,216,3
195,217,7
195,219,4
195,220,1
195,222,1
195,223,1
195,224,2
195,225,6
195,226,2
195,227,9
195,228,3
195,229,2
195,230,8
195,232,2
195,233,2
195,234,6
195,237,5
195,238,2
195,240,1
195,241,4
195,242,7
195,243,7
195,244,1
195,245,4
195,246,2
195,247,1
195,248,3
195,249,6
195,250,1
195,251,4
195,252,1
195,254,2
195,255,19
195,256,3
195,257,7
195,259,72
195,260,1
195,261,1
195,262,9
195,263,22
195,264,9
195,265,13
195,267,2
195,268,6
195,269,5
195,270,5
195,271,4
195,272,3
195,273,7
195,274,6
195,275,3
195,276,3
195,278,21
195,279,1
195,280,1
195,281,18
195,282,2
195,284,20
195,286,7
195,287,2
195,288,69
195,289,10
195,290,1
195,292,3
195,293,3
195,294,1
195,295,9
195,296,3
195,297,24
195,298,14
195,299,1
195,300,6
195,301,6
196,0,5
196,2,4
196,3,13
196,4,3
196,5,2
196,6,6
196,7,23
196,8,4
196,9,1
196,10,2
196,11,1
196,13,1
196,15,1
196,19,1
196,20,3
196,21,1
196,22,1
196,24,1
196,25,11
196,26,10
196,27,1
196,28,5
196,30,2
196,31,3
196,34,5
196,35,1
196,39,2
196,41,2
196,43,2
196,46,1
196,47,3
196,48,1
196,50,1
196,53,1
196,55,3
196,57,3
196,58,1
196,60,1
196,61,4
196,64,1
196,66,4
196,68,4
196,71,1
196,72,2
196,73,1
196,74,4
196,76,2
196,77,2
196,78,1
196,79,4
196,80,2
196,81,2
196,83,1
196,84,1
196,85,1
196,87,1
196,88,3
196,89,5
196,90,1
196,93,1
196,95,2
196,97,2
196,100,1
196,102,1
196,103,1
196,104,1
196,105,1
196,106,1
196,108,4
196,110,1
196,112,1
196,113,2
196,114,1
196,115,2
196,116,1
196,118,2
196,119,2
196,120,2
196,121,5
196,122,2
196,123,2
196,124,2
196,125,2
196,126,3
196,127,3
196,128,3
196,129,4
196,130,1
196,131,2
196,132,1
196,133,5
196,134,4
196,136,7
196,137,2
196,138,3
196,139,2
196,140,2
196,141,1
196,143,4
196,144,5
196,145,5
196,148,1
196,153,4
196,155,1
196,157,2
196,159,1
196,161,3
196,162,2
196,163,3
196,164,1
196,165,3
196,166,3
196,170,1
196,171,4
196,175,6
196,176,1
196,177,2
196,179,4
196,180,3
196,181,2
196,183,4
196,185,1
196,187,1
196,188,7
196,189,1
196,190,1
196,191,24
196,192,5
196,193,28
196,194,22
196,195,29
196,197,11
196,198,11
196,199,1
196,200,28
196,201,13
196,202,22
196,203,24
196,204,8
196,205,46
196,206,4
196,210,6
196,212,3
196,214,2
196,215,2
196,216,4
196,217,1
196,218,1
196,219,2
196,222,1
196,223,1
196,224,3
196,227,14
196,229,1
196,230,4
196,231,1
196,233,1
196,234,2
196,235,2
196,236,5
196,237,3
196,238,1
196,240,4
196,241,7
196,242,4
196,243,3
196,245,4
196,246,2
196,248,5
196,249,7
196,251,7
196,254,1
196,255,21
196,256,1
196,257,3
196,259,41
196,260,2
196,261,2
196,262,5
196,263,10
196,264,4
196,265,7
196,267,3
196,268,2
196,269,6
196,271,3
196,272,2
196,273,3
196,274,4
196,275,2
196,276,1
196,277,2
196,278,19
196,279,4
196,281,17
196,283,1
196,284,9
196,285,1
196,286,6
196,287,1
196,288,38
196,289,13
196,290,6
196,292,1
196,293,1
196,295,7
196,296,4
196,297,12
196,298,6
196,300,8
196,301,4
197,0,5
197,1,4
197,2,7
197,3,5
197,4,3
197,6,3
197,7,14
197,8,2
197,11,1
197,13,3
197,17,1
197,18,1
197,20,1
197,21,1
197,22,4
197,23,2
197,24,2
197,25,3
197,26,2
197,28,1
197,29,8
197,30,2
197,34,1
197,35,2
197,40,1
197,44,2
197,47,1
197,49,2
197,50,1
197,53,1
197,55,2
197,56,1
197,57,3
197,59,3
197,60,1
197,61,5
197,62,1
197,63,1
197,64,1
197,65,1
197,66,6
197,70,2
197,71,2
197,72,4
197,73,1
197,74,1
197,75,2
197,76,5
197,77,4
197,79,1
197,80,2
197,81,4
197,83,1
197,86,1
197,88,2
197,89,4
197,90,4
197,91,1
197,92,1
197,93,1
197,94,1
197,95,1
197,97,3
197,99,2
197,100,8
197,104,3
197,108,3
197,109,4
197,110,2
197,111,1
197,112,2
197,113,2
197,114,2
197,115,5
197,116,3
197,117,1
197,118,2
197,119,2
197,120,4
197,121,7
197,122,1
197,125,1
197,126,5
197,127,2
197,128,1
197,129,2
197,131,4
197,132,2
197,134,3
197,136,8
197,138,1
197,139,3
197,140,1
197,142,3
197,143,1
197,144,7
197,145,4
197,146,2
197,147,1
197,148,3
197,149,1
197,153,1
197,157,4
197,161,3
197,166,2
197,168,2
197,169,2
197,170,1
197,171,4
197,173,1
197,174,2
197,175,12
197,176,5
197,177,1
197,178,3
197,179,3
197,181,1
197,182,5
197,183,3
197,184,4
197,187,2
197,188,4
197,189,2
197,190,1
197,191,17
197,192,1
197,193,25
197,194,29
197,195,35
197,196,26
197,198,36
197,199,4
197,200,30
197,201,21
197,202,23
197,203,25
197,204,6
197,205,58
197,206,2
197,208,1
197,210,3
197,212,1
197,214,1
197,215,1
197,216,5
197,217,1
197,224,3
197,225,2
197,226,1
197,227,4
197,230,9
197,232,4
197,234,3
197,236,1
197,239,2
197,240,1
197,241,7
197,242,5
197,243,2
197,244,1
197,245,1
197,246,1
197,247,2
197,248,1
197,249,1
197,251,1
197,252,2
197,254,5
197,255,13
197,256,4
197,257,3
197,259,31
197,260,1
197,261,3
197,262,4
197,263,10
197,264,2
197,265,6
197,266,2
197,267,2
197,268,8
197,269,3
197,270,4
197,271,1
197,272,1
197,273,2
197,274,6
197,275,3
197,276,3
197,277,1
197,278,16
197,279,1
197,281,10
197,282,1
197,283,1
197,284,8
197,286,2
197,287,1
197,288,67
197,289,5
197,290,5
197,292,1
197,295,1
197,296,1
197,297,9
197,298,3
197,299,2
197,300,2
198,0,2
198,2,2
198,3,3
198,4,3
198,7,6
198,8,2
198,9,1
198,20,1
198,24,1
198,25,3
198,29,3
198,31,1
198,35,2
198,42,2
198,45,1
198,46,1
198,50,1
198,51,2
198,55,1
198,56,1
198,61,1
198,62,3
198,64,1
198,65,2
198,66,3
198,69,1
198,70,1
198,72,1
198,73,1
198,76,3
198,77,2
198,79,4
198,80,3
198,81,1
198,83,1
198,84,1
198,88,1
198,89,2
198,90,2
198,94,1
198,95,1
198,96,1
198,97,1
198,98,2
198,100,2
198,102,1
198,105,1
198,106,2
198,107,1
198,110,1
198,111,1
198,113,3
198,114,2
198,116,1
198,117,1
198,119,1
198,120,2
198,121,1
198,122,1
198,124,1
198,126,1
198,128,1
198,129,1
198,131,2
198,134,1
198,136,1
198,138,1
198,139,1
198,140,1
198,145,2
198,146,2
198,148,1
198,150,1
198,153,1
198,155,2
198,161,1
198,163,1
198,170,1
198,171,2
198,175,2
198,176,1
198,179,4
198,180,1
198,182,3
198,183,2
198,184,1
198,188,1
198,189,2
198,190,2
198,191,7
198,192,5
198,193,14
198,194,17
198,195,21
198,196,22
198,197,50
198,199,5
198,200,26
198,201,16
198,202,26
198,203,21
198,204,5
198,205,53
198,206,1
198,208,1
198,210,2
198,212,1
198,216,6
198,217,2
198,219,1
198,221,1
198,224,1
198,226,1
198,227,4
198,230,2
198,231,1
198,232,4
198,234,2
198,238,1
198,239,1
198,242,2
198,243,1
198,245,1
198,249,3
198,251,3
198,254,4
198,255,11
198,256,1
198,257,1
198,259,18
198,262,3
198,263,4
198,264,3
198,265,3
198,266,1
198,267,1
198,268,1
198,269,2
198,270,3
198,272,2
198,276,1
198,277,2
198,278,9
198,279,1
198,281,9
198,282,1
198,283,1
198,284,12
198,286,3
198,288,35
198,289,3
198,290,2
198,295,1
198,297,7
198,298,3
198,299,1
198,300,5
198,301,1
199,0,1
199,29,3
199,30,1
199,35,2
199,53,1
199,56,1
199,66,2
199,68,2
199,76,1
199,80,1
199,81,1
199,134,3
199,157,1
199,163,1
199,169,1
199,179,1
199,191,1
199,193,1
199,194,3
199,195,3
199,196,3
199,197,3
199,198,8
199,200,7
199,201,7
199,202,1
199,203,3
199,204,4
199,205,8
199,208,1
199,213,1
199,216,1
199,229,1
199,236,1
199,241,2
199,249,1
199,255,2
199,259,5
199,263,1
199,265,2
199,268,1
199,278,1
199,281,1
199,284,1
199,286,2
199,288,8
199,289,1
199,290,1
199,295,1
199,296,1
199,297,1
200,0,5
200,1,1
200,2,2
200,3,1
200,4,2
200,5,1
200,6,3
200,7,8
200,8,1
200,14,1
200,20,2
200,21,2
200,25,1
200,35,1
200,38,1
200,43,3
200,44,1
200,53,2
200,55,1
200,57,1
200,60,1
200,61,2
200,64,1
200,66,3
200,74,1
200,75,1
200,76,2
200,77,1
200,79,1
200,80,1
200,83,2
200,85,1
200,88,2
200,90,3
200,97,4
200,101,1
200,104,1
200,105,3
200,107,1
200,109,1
200,113,1
200,115,1
200,118,1
200,120,1
200,121,4
200,122,2
200,123,1
200,124,3
200,127,2
200,128,1
200,130,1
200,131,1
200,132,7
200,133,2
200,134,4
200,136,2
200,138,2
200,142,1
200,145,1
200,148,2
200,149,2
200,153,1
200,157,1
200,161,1
200,162,1
200,165,1
200,166,1
200,169,2
200,171,1
200,173,3
200,174,1
200,175,4
200,176,1
200,177,1
200,180,1
200,182,2
200,183,2
200,188,1
200,191,9
200,192,10
200,193,10
200,194,15
200,195,24
200,196,32
200,197,28
200,198,19
200,199,2
200,201,17
200,202,18
200,203,28
200,204,4
200,205,50
200,208,1
200,210,2
200,216,2
200,217,3
200,219,1
200,227,5
200,234,1
200,236,2
200,237,3
200,239,1
200,240,1
200,241,3
200,242,2
200,243,3
200,247,1
200,248,4
200,249,3
200,251,3
200,254,1
200,255,3
200,256,1
200,257,1
200,259,21
200,260,1
200,263,7
200,265,3
200,268,4
200,269,6
200,271,1
200,272,3
200,273,1
200,274,4
200,275,1
200,278,7
200,279,2
200,281,6
200,282,3
200,283,1
200,284,6
200,286,5
200,287,1
200,288,36
200,289,5
200,290,1
200,296,1
200,297,4
200,298,1
200,300,2
200,301,1
201,0,2
201,2,6
201,3,2
201,4,3
201,5,1
201,6,1
201,7,8
201,15,1
201,16,2
201,24,1
201,30,1
201,31,1
201,34,1
201,53,2
201,58,1
201,61,2
201,65,1
201,67,2
201,68,3
201,69,1
201,70,2
201,74,1
201,80,3
201,82,1
201,83,1
201,85,1
201,93,2
201,99,1
201,108,1
201,114,3
201,115,4
201,118,1
201,121,1
201,122,1
201,123,2
201,125,2
201,129,1
201,136,3
201,140,2
201,143,1
201,145,2
201,146,1
201,149,1
201,157,1
201,159,1
201,160,1
201,161,1
201,169,2
201,170,1
201,171,1
201,175,2
201,176,3
201,181,2
201,182,4
201,183,2
201,191,7
201,192,5
201,193,6
201,194,10
201,195,19
201,196,17
201,197,18
201,198,7
201,199,2
201,200,16
201,202,15
201,203,7
201,204,8
201,205,29
201,208,1
201,212,1
201,214,1
201,216,1
201,219,1
201,222,1
201,227,3
201,229,1
201,230,3
201,234,1
201,235,3
201,236,2
201,238,1
201,241,1
201,242,1
201,243,1
201,245,1
201,248,1
201,251,1
201,254,2
201,255,4
201,256,1
201,257,1
201,259,11
201,260,1
201,261,1
201,262,2
201,263,4
201,264,2
201,272,1
201,273,1
201,274,1
201,275,1
201,276,5
201,278,1
201,281,3
201,282,1
201,284,3
201,285,1
201,286,2
201,288,16
201,289,1
201,291,1
201,293,1
201,295,1
201,297,4
201,298,1
201,300,2
201,301,3
202,0,1
202,3,2
202,7,7
202,9,1
202,15,1
202,18,1
202,20,2
202,24,1
202,25,1
202,26,1
202,35,1
202,39,1
202,41,1
202,48,1
202,61,1
202,69,1
202,72,1
202,74,1
202,75,1
202,76,1
202,78,7
202,79,1
202,80,1
202,81,1
202,83,1
202,86,2
202,88,1
202,93,1
202,97,1
202,99,1
202,100,1
202,104,1
202,108,1
202,115,1
202,118,2
202,121,2
202,122,2
202,123,2
202,124,2
202,126,1
202,129,1
202,130,1
202,133,2
202,136,3
202,148,2
202,149,1
202,156,1
202,168,1
202,170,1
202,177,1
202,182,4
202,183,3
202,191,6
202,193,8
202,194,10
202,195,12
202,196,20
202,197,16
202,198,16
202,199,1
202,200,15
202,201,11
202,203,15
202,204,5
202,205,13
202,210,1
202,213,1
202,218,2
202,222,4
202,224,1
202,226,2
202,228,1
202,229,1
202,232,1
202,234,2
202,238,1
202,239,1
202,240,1
202,242,1
202,248,1
202,251,5
202,254,3
202,255,9
202,256,1
202,258,1
202,259,9
202,261,1
202,262,1
202,263,3
202,264,1
202,268,3
202,274,1
202,275,2
202,276,2
202,278,10
202,279,1
202,280,2
202,281,4
202,284,4
202,286,1
202,288,29
202,289,2
202,293,1
202,295,1
202,296,1
202,297,4
202,301,2
203,0,5
203,2,1
203,4,3
203,6,3
203,7,7
203,8,1
203,9,2
203,26,1
203,34,1
203,35,1
203,38,1
203,41,2
203,45,1
203,47,2
203,53,1
203,54,3
203,59,1
203,61,2
203,66,1
203,68,2
203,70,2
203,72,1
203,73,1
203,74,1
203,76,2
203,78,2
203,79,2
203,83,3
203,85,2
203,86,1
203,93,1
203,97,1
203,100,1
203,102,1
203,105,2
203,108,2
203,109,4
203,110,1
203,113,2
203,114,2
203,118,1
203,119,2
203,120,1
203,121,2
203,126,2
203,128,1
203,129,1
203,130,1
203,131,1
203,132,1
203,133,1
203,134,1
203,140,1
203,142,1
203,148,1
203,149,3
203,153,2
203,154,1
203,155,1
203,163,2
203,168,1
203,175,4
203,178,1
203,180,2
203,181,2
203,184,2
203,187,1
203,190,1
203,191,4
203,192,2
203,193,8
203,194,14
203,195,38
203,196,26
203,197,13
203,198,16
203,199,4
203,200,12
203,201,9
203,202,32
203,204,7
203,205,22
203,206,2
203,210,1
203,215,1
203,217,1
203,227,1
203,229,1
203,230,2
203,232,1
203,234,1
203,235,1
203,237,1
203,238,2
203,239,1
203,242,4
203,243,4
203,245,1
203,248,3
203,249,2
203,251,3
203,254,2
203,255,11
203,256,3
203,259,10
203,260,1
203,262,3
203,263,2
203,265,3
203,266,1
203,268,2
203,270,1
203,272,2
203,275,1
203,276,3
203,278,5
203,279,1
203,281,3
203,284,6
203,286,1
203,288,23
203,289,2
203,295,1
203,296,1
203,297,4
203,298,1
203,299,1
203,300,1
203,301,1
204,0,2
204,1,1
204,3,1
204,7,2
204,8,1
204,24,1
204,39,1
204,48,1
204,64,1
204,66,1
204,77,1
204,88,1
204,90,2
204,96,4
204,98,1
204,100,2
204,109,1
204,114,1
204,115,1
204,121,2
204,123,1
204,134,1
204,140,1
204,145,1
204,149,1
204,161,1
204,164,1
204,165,3
204,177,1
204,179,1
204,184,1
204,187,1
204,191,2
204,192,3
204,193,5
204,194,10
204,195,14
204,196,10
204,197,4
204,198,5
204,199,3
204,200,1
204,201,6
204,202,7
204,203,11
204,205,10
204,216,1
204,222,1
204,223,1
204,227,2
204,242,1
204,245,2
204,248,1
204,249,1
204,255,7
204,256,1
204,257,1
204,259,6
204,261,1
204,264,1
204,265,1
204,269,1
204,270,1
204,276,3
204,278,1
204,281,2
204,282,1
204,284,2
204,286,2
204,288,7
204,289,1
204,295,1
204,297,1
204,298,1
204,300,1
205,1,2
205,6,1
205,7,1
205,18,1
205,20,1
205,23,1
205,24,1
205,61,1
205,62,1
205,65,1
205,68,1
205,74,1
205,75,1
205,78,1
205,82,2
205,86,6
205,88,2
205,95,1
205,99,1
205,108,3
205,109,1
205,113,1
205,114,1
205,125,1
205,126,1
205,127,2
205,128,1
205,129,1
205,132,1
205,136,2
205,149,1
205,153,2
205,157,1
205,163,1
205,164,1
205,169,1
205,170,1
205,171,1
205,175,1
205,181,2
205,191,9
205,192,2
205,193,11
205,194,16
205,195,23
205,196,21
205,197,13
205,198,7
205,199,6
205,200,17
205,201,14
205,202,10
205,203,7
205,204,3
205,211,1
205,216,1
205,219,1
205,225,1
205,227,2
205,229,1
205,230,2
205,234,2
205,238,1
205,245,2
205,248,1
205,249,1
205,251,1
205,254,1
205,255,5
205,259,17
205,263,2
205,268,2
205,269,3
205,272,2
205,281,3
205,284,4
205,286,1
205,288,7
205,289,1
205,297,4
205,298,2
205,300,6
205,301,2
206,0,26
206,1,15
206,2,27
206,3,139
206,4,21
206,5,4
206,6,24
206,7,23
206,8,16
206,9,18
206,10,7
206,13,8
206,15,5
206,16,7
206,17,5
206,18,44
206,19,4
206,20,7
206,21,3
206,22,14
206,23,8
206,24,7
206,25,6
206,26,9
206,27,1
206,28,1
206,29,6
206,30,14
206,31,8
206,32,1
206,33,1
206,34,15
206,35,37
206,36,1
206,38,29
206,39,31
206,41,28
206,42,6
206,43,12
206,44,22
206,45,20
206,46,9
206,47,18
206,48,11
206,49,4
206,50,10
206,51,1
206,53,8
206,54,6
206,55,12
206,56,24
206,57,15
206,58,14
206,59,7
206,60,9
206,61,23
206,62,9
206,63,3
206,64,9
206,65,3
206,66,45
206,67,2
206,68,16
206,69,7
206,70,6
206,71,9
206,72,4
206,73,19
206,74,25
206,75,13
206,76,24
206,77,19
206,78,3
206,79,32
206,80,22
206,81,23
206,82,10
206,83,18
206,84,17
206,85,8
206,86,14
206,88,29
206,89,28
206,90,18
206,93,14
206,94,3
206,95,5
206,96,8
206,97,46
206,98,6
206,99,7
206,100,36
206,101,2
206,103,2
206,104,13
206,105,9
206,106,46
206,107,49
206,108,17
206,109,18
206,110,16
206,111,4
206,112,18
206,113,35
206,114,19
206,115,25
206,116,8
206,117,11
206,118,16
206,119,13
206,120,29
206,121,30
206,122,25
206,123,9
206,124,5
206,125,9
206,126,19
206,127,19
206,128,21
206,129,23
206,130,10
206,131,17
206,132,9
206,133,3
206,134,16
206,135,2
206,136,45
206,137,8
206,138,7
206,139,8
206,140,10
206,142,11
206,143,27
206,144,30
206,145,39
206,146,22
206,147,4
206,148,8
206,149,19
206,150,2
206,151,1
206,152,1
206,153,3
206,154,3
206,155,12
206,156,1
206,157,11
206,158,3
206,159,16
206,160,5
206,161,9
206,162,5
206,163,4
206,164,6
206,165,7
206,166,9
206,167,5
206,168,5
206,169,23
206,170,12
206,171,10
206,173,5
206,174,2
206,175,60
206,176,42
206,177,28
206,178,4
206,179,5
206,180,15
206,181,6
206,182,46
206,183,17
206,184,142
206,185,3
206,186,2
206,187,2
206,188,12
206,189,4
206,190,4
206,191,4
206,192,16
206,193,12
206,194,16
206,195,16
206,196,22
206,197,12
206,198,9
206,199,1
206,200,6
206,201,3
206,202,1
206,203,8
206,204,4
206,205,3
206,207,2
206,208,7
206,210,62
206,211,4
206,212,30
206,213,7
206,214,7
206,215,50
206,216,40
206,217,30
206,218,10
206,219,24
206,220,10
206,221,32
206,222,76
206,223,71
206,224,162
206,225,46
206,226,379
206,227,4
206,228,14
206,229,16
206,230,14
206,231,72
206,232,69
206,233,109
206,234,10
206,235,1
206,236,3
206,237,42
206,238,13
206,239,24
206,240,55
206,241,665
206,242,14
206,243,544
206,244,94
206,245,13
206,246,12
206,247,25
206,248,333
206,249,9
206,250,1
206,251,20
206,252,4
206,253,2
206,254,12
206,255,32
206,256,20
206,257,37
206,258,2
206,259,28
206,260,11
206,261,19
206,262,14
206,263,28
206,264,43
206,265,35
206,266,11
206,267,8
206,268,13
206,269,9
206,270,28
206,271,9
206,272,9
206,273,12
206,274,10
206,275,4
206,276,10
206,277,13
206,278,32
206,279,105
206,280,2
206,281,29
206,282,7
206,283,28
206,284,2
206,285,9
206,286,6
206,287,35
206,288,25
206,289,18
206,290,29
206,291,5
206,292,41
206,293,7
206,294,13
206,295,16
206,296,1
206,297,30
206,298,12
206,299,13
206,300,13
206,301,4
207,1,1
207,2,8
207,3,3
207,4,6
207,5,21
207,6,7
207,7,1
207,8,8
207,9,11
207,12,4
207,13,1
207,15,1
207,16,4
207,17,1
207,18,6
207,20,8
207,21,2
207,23,6
207,24,1
207,25,1
207,26,4
207,28,1
207,29,3
207,30,1
207,31,3
207,33,1
207,34,1
207,35,2
207,39,39
207,41,1
207,42,1
207,44,3
207,46,2
207,47,3
207,50,2
207,53,4
207,55,4
207,56,1
207,57,1
207,59,2
207,61,1
207,62,3
207,66,4
207,68,4
207,73,2
207,74,2
207,75,5
207,76,12
207,77,5
207,78,2
207,79,17
207,80,12
207,81,10
207,82,2
207,83,15
207,84,10
207,85,2
207,86,7
207,87,1
207,88,3
207,89,5
207,90,24
207,92,4
207,95,2
207,97,5
207,98,3
207,99,1
207,100,10
207,101,3
207,104,3
207,105,2
207,106,1
207,107,2
207,108,4
207,109,4
207,110,1
207,111,2
207,112,4
207,113,5
207,114,4
207,115,6
207,116,3
207,117,2
207,118,3
207,119,1
207,120,7
207,121,5
207,122,5
207,123,2
207,124,1
207,125,1
207,126,2
207,127,1
207,129,6
207,130,1
207,131,5
207,132,5
207,133,5
207,134,3
207,135,2
207,136,31
207,138,3
207,139,2
207,140,1
207,141,1
207,142,2
207,143,2
207,144,1
207,145,2
207,146,3
207,147,1
207,148,4
207,149,1
207,150,1
207,154,1
207,155,2
207,157,2
207,159,1
207,160,7
207,161,4
207,162,1
207,163,3
207,164,2
207,165,10
207,166,9
207,169,20
207,170,11
207,171,8
207,174,17
207,175,3
207,176,1
207,177,1
207,178,1
207,179,1
207,180,1
207,182,3
207,183,5
207,186,9
207,188,5
207,192,2
207,193,1
207,195,1
207,196,1
207,200,1
207,202,1
207,203,1
207,206,4
207,208,2
207,209,25
207,210,11
207,215,3
207,216,12
207,221,1
207,222,4
207,223,1
207,224,5
207,225,2
207,226,4
207,228,3
207,229,1
207,231,1
207,232,5
207,235,1
207,236,33
207,237,34
207,239,3
207,240,4
207,241,10
207,243,14
207,244,2
207,245,3
207,246,10
207,247,1
207,248,5
207,251,3
207,255,1
207,256,23
207,257,8
207,259,4
207,261,2
207,262,8
207,263,9
207,264,5
207,265,4
207,267,1
207,268,4
207,269,3
207,270,1
207,271,1
207,272,2
207,273,7
207,274,15
207,275,1
207,278,4
207,279,10
207,281,3
207,282,25
207,283,3
207,285,3
207,286,1
207,287,4
207,288,6
207,289,7
207,290,3
207,292,1
207,293,4
207,295,75
207,296,2
207,297,3
207,298,3
207,300,1
207,301,3
208,0,3
208,1,3
208,2,2
208,3,1
208,4,3
208,5,1
208,6,3
208,7,3
208,8,2
208,10,1
208,12,3
208,15,1
208,16,3
208,17,1
208,18,1
208,20,1
208,21,2
208,23,1
208,24,2
208,25,20
208,26,11
208,29,1
208,34,7
208,35,4
208,38,1
208,39,1
208,41,2
208,42,1
208,49,1
208,50,1
208,51,1
208,53,3
208,56,1
208,57,1
208,58,2
208,60,2
208,61,3
208,62,1
208,64,1
208,66,2
208,70,2
208,71,3
208,72,1
208,74,1
208,76,1
208,77,3
208,79,3
208,81,2
208,82,1
208,83,1
208,84,5
208,85,1
208,88,1
208,90,2
208,92,1
208,97,8
208,98,3
208,99,1
208,100,2
208,101,3
208,105,1
208,109,1
208,110,2
208,112,1
208,113,4
208,114,1
208,115,1
208,119,2
208,120,1
208,122,1
208,125,1
208,126,2
208,129,6
208,130,1
208,131,4
208,133,1
208,134,1
208,136,3
208,137,1
208,138,2
208,139,4
208,144,2
208,145,1
208,146,2
208,149,1
208,154,2
208,159,1
208,161,2
208,163,2
208,167,1
208,168,1
208,170,1
208,171,3
208,173,1
208,175,13
208,176,3
208,177,2
208,178,1
208,180,1
208,181,1
208,182,3
208,183,5
208,184,1
208,187,1
208,188,3
208,189,1
208,190,14
208,191,1
208,192,17
208,193,2
208,194,4
208,195,1
208,197,1
208,200,3
208,201,1
208,205,1
208,206,1
208,210,1
208,212,3
208,213,1
208,214,15
208,215,3
208,216,1
208,217,1
208,219,3
208,221,1
208,222,2
208,223,1
208,224,1
208,225,4
208,226,4
208,227,1
208,228,23
208,233,1
208,234,1
208,235,2
208,236,2
208,237,2
208,238,1
208,241,6
208,242,11
208,243,4
208,245,21
208,247,5
208,248,1
208,249,37
208,251,15
208,254,7
208,255,4
208,256,5
208,259,13
208,260,2
208,261,2
208,262,7
208,263,1
208,264,1
208,265,2
208,267,1
208,268,1
208,269,2
208,270,5
208,271,2
208,272,6
208,273,4
208,274,2
208,275,7
208,279,3
208,280,2
208,281,11
208,286,2
208,288,4
208,289,29
208,290,3
208,291,1
208,292,3
208,293,7
208,295,1
208,296,1
208,297,7
208,300,1
208,301,5
209,1,1
209,2,5
209,3,3
209,4,1
209,5,7
209,6,2
209,7,1
209,8,3
209,9,5
209,10,2
209,11,1
209,12,2
209,15,1
209,16,2
209,18,2
209,20,3
209,21,1
209,23,3
209,24,6
209,25,1
209,26,3
209,27,1
209,29,1
209,30,1
209,31,2
209,39,8
209,45,1
209,48,4
209,53,2
209,56,1
209,61,4
209,62,2
209,66,4
209,68,2
209,71,2
209,72,1
209,73,2
209,74,2
209,75,8
209,76,5
209,77,3
209,78,1
209,79,7
209,80,7
209,81,2
209,82,1
209,83,6
209,84,4
209,86,1
209,88,5
209,89,1
209,90,4
209,91,1
209,92,1
209,93,2
209,96,1
209,98,3
209,99,2
209,101,2
209,103,1
209,107,1
209,108,3
209,111,1
209,113,1
209,114,3
209,115,3
209,117,1
209,118,2
209,119,1
209,120,3
209,121,3
209,122,1
209,123,4
209,125,1
209,127,3
209,128,3
209,129,6
209,130,1
209,131,6
209,133,3
209,134,2
209,136,17
209,138,6
209,139,2
209,140,1
209,141,3
209,142,1
209,144,1
209,145,1
209,153,1
209,155,2
209,159,1
209,160,1
209,161,2
209,163,1
209,165,6
209,166,3
209,168,1
209,169,9
209,170,6
209,171,9
209,174,6
209,175,1
209,176,1
209,180,2
209,182,1
209,183,4
209,184,1
209,185,50
209,186,4
209,188,3
209,194,1
209,196,1
209,197,1
209,204,1
209,206,2
209,207,23
209,210,5
209,211,6
209,212,12
209,215,1
209,216,1
209,218,1
209,222,1
209,223,1
209,224,3
209,226,4
209,228,1
209,230,1
209,232,4
209,233,5
209,234,1
209,236,2
209,237,2
209,239,5
209,240,3
209,241,5
209,243,11
209,244,1
209,246,3
209,248,4
209,250,2
209,251,1
209,255,2
209,262,3
209,263,9
209,264,6
209,268,5
209,270,18
209,271,1
209,273,3
209,274,4
209,276,1
209,277,3
209,278,4
209,279,3
209,280,2
209,281,1
209,282,1
209,288,3
209,289,2
209,290,1
209,293,6
209,295,49
209,296,1
209,297,2
209,298,1
209,301,4
210,0,5
210,1,3
210,2,13
210,3,1
210,4,2
210,5,5
210,6,26
210,7,29
210,8,5
210,9,15
210,10,2
210,11,1
210,16,2
210,19,1
210,20,1
210,21,2
210,23,2
210,24,2
210,25,3
210,26,3
210,29,2
210,31,6
210,35,7
210,36,1
210,38,7
210,39,3
210,41,2
210,42,2
210,43,4
210,44,2
210,45,51
210,46,30
210,47,68
210,48,57
210,49,22
210,50,27
210,51,16
210,53,1
210,54,1
210,55,95
210,56,107
210,57,98
210,58,1
210,60,1
210,61,11
210,62,9
210,63,4
210,64,1
210,65,1
210,66,44
210,68,26
210,70,2
210,71,3
210,72,1
210,73,3
210,74,2
210,75,2
210,76,5
210,77,3
210,78,1
210,79,5
210,80,4
210,81,7
210,82,1
210,84,6
210,86,2
210,87,2
210,88,130
210,89,112
210,90,2
210,92,5
210,93,2
210,94,1
210,95,1
210,96,2
210,97,6
210,98,5
210,99,1
210,100,62
210,101,2
210,104,43
210,105,2
210,108,14
210,109,3
210,110,1
210,113,2
210,114,1
210,115,4
210,119,1
210,120,3
210,121,3
210,122,2
210,123,1
210,126,2
210,127,2
210,128,2
210,129,4
210,131,3
210,132,7
210,133,4
210,134,11
210,136,11
210,137,11
210,138,8
210,139,5
210,140,3
210,141,2
210,142,4
210,143,2
210,144,2
210,145,5
210,146,4
210,149,1
210,153,4
210,154,2
210,155,2
210,157,1
210,159,1
210,160,1
210,161,3
210,163,3
210,164,2
210,165,4
210,166,2
210,168,1
210,169,2
210,170,4
210,171,8
210,172,1
210,174,4
210,175,9
210,176,3
210,178,2
210,179,3
210,180,2
210,182,6
210,183,4
210,184,4
210,186,2
210,188,3
210,189,4
210,191,1
210,192,2
210,193,6
210,194,10
210,195,4
210,196,8
210,197,3
210,198,1
210,199,1
210,200,1
210,202,1
210,203,4
210,205,1
210,206,6
210,211,2
210,212,2
210,213,3
210,215,7
210,216,121
210,217,3
210,218,3
210,221,1
210,222,4
210,223,1
210,224,1
210,225,3
210,226,6
210,227,4
210,228,1
210,229,2
210,230,2
210,232,2
210,233,2
210,234,4
210,235,3
210,237,3
210,238,2
210,239,5
210,240,2
210,241,10
210,243,9
210,244,1
210,245,1
210,246,11
210,247,5
210,248,10
210,249,1
210,250,1
210,251,1
210,252,2
210,254,2
210,255,7
210,256,2
210,257,5
210,258,1
210,259,3
210,260,1
210,261,1
210,262,3
210,263,11
210,264,4
210,265,11
210,266,11
210,267,7
210,268,20
210,269,4
210,270,2
210,271,3
210,272,5
210,273,9
210,274,10
210,275,2
210,277,2
210,278,9
210,279,21
210,281,9
210,282,3
210,283,5
210,284,10
210,285,1
210,286,4
210,287,1
210,288,45
210,289,8
210,290,5
210,291,3
210,292,2
210,293,4
210,294,4
210,295,7
210,296,2
210,297,7
210,298,1
210,299,5
210,300,2
210,301,6
211,0,3
211,2,2
211,3,1
211,5,2
211,8,3
211,17,1
211,19,1
211,25,1
211,30,2
211,32,1
211,33,1
211,34,3
211,36,1
211,38,1
211,43,1
211,55,2
211,57,2
211,58,1
211,62,1
211,64,1
211,65,1
211,66,2
211,70,1
211,72,1
211,73,1
211,74,1
211,75,1
211,79,2
211,81,1
211,84,1
211,89,1
211,93,2
211,95,2
211,97,2
211,100,2
211,101,1
211,102,2
211,103,1
211,104,1
211,105,1
211,106,1
211,107,1
211,109,2
211,110,1
211,111,1
211,112,2
211,113,2
211,114,2
211,116,1
211,117,1
211,118,1
211,120,1
211,121,14
211,122,4
211,124,1
211,126,2
211,127,1
211,129,1
211,130,4
211,132,1
211,134,1
211,138,1
211,140,1
211,144,2
211,145,2
211,146,1
211,148,1
211,151,2
211,155,1
211,157,2
211,167,1
211,175,12
211,176,12
211,177,2
211,178,5
211,179,1
211,180,2
211,181,1
211,182,2
211,183,1
211,185,16
211,189,2
211,192,1
211,194,1
211,195,1
211,196,1
211,206,1
211,209,1
211,210,4
211,212,8
211,216,1
211,217,2
211,219,7
211,225,13
211,227,1
211,229,2
211,231,1
211,233,1
211,234,1
211,237,1
211,240,2
211,241,1
211,242,1
211,243,5
211,245,1
211,247,1
211,248,1
211,254,1
211,256,1
211,260,3
211,262,2
211,264,1
211,265,4
211,268,2
211,269,1
211,270,17
211,271,7
211,273,1
211,274,2
211,275,1
211,276,1
211,277,2
211,278,3
211,279,2
211,281,1
211,282,1
211,285,5
211,288,1
211,289,4
211,290,1
211,291,1
211,292,2
211,294,1
211,295,1
211,297,3
211,300,1
211,301,1
212,0,12
212,1,3
212,2,12
212,3,6
212,4,12
212,5,2
212,6,4
212,7,2
212,8,5
212,12,1
212,15,2
212,16,2
212,17,2
212,18,1
212,20,2
212,22,1
212,25,1
212,30,1
212,31,1
212,34,4
212,35,2
212,39,1
212,41,4
212,42,1
212,43,5
212,44,3
212,47,2
212,51,1
212,52,1
212,58,1
212,59,2
212,60,2
212,61,3
212,62,4
212,64,5
212,65,2
212,69,2
212,70,2
212,72,1
212,73,2
212,74,4
212,75,2
212,76,3
212,78,1
212,79,1
212,80,2
212,81,1
212,84,1
212,86,1
212,87,1
212,88,1
212,89,2
212,90,2
212,93,5
212,95,3
212,96,2
212,97,6
212,98,3
212,100,1
212,101,3
212,102,2
212,103,2
212,105,1
212,106,4
212,107,1
212,109,5
212,110,1
212,112,3
212,113,3
212,115,7
212,116,1
212,117,1
212,118,2
212,119,3
212,120,7
212,121,6
212,122,12
212,123,5
212,125,3
212,126,15
212,127,3
212,128,9
212,129,3
212,130,7
212,131,3
212,133,2
212,134,5
212,135,4
212,136,6
212,138,6
212,139,2
212,140,2
212,142,3
212,143,5
212,144,3
212,145,7
212,146,3
212,148,3
212,149,6
212,153,2
212,155,1
212,157,3
212,159,2
212,162,3
212,163,3
212,165,1
212,168,1
212,169,1
212,170,4
212,171,1
212,173,1
212,174,5
212,175,11
212,176,10
212,177,3
212,178,2
212,180,1
212,182,8
212,183,18
212,184,4
212,185,4
212,188,7
212,190,1
212,192,1
212,194,2
212,196,2
212,197,3
212,206,5
212,207,1
212,208,1
212,209,5
212,210,1
212,211,10
212,214,2
212,215,1
212,216,1
212,217,9
212,219,5
212,222,1
212,225,32
212,226,3
212,228,4
212,230,3
212,231,1
212,234,1
212,235,5
212,236,6
212,237,9
212,238,5
212,239,3
212,240,4
212,241,8
212,242,2
212,243,2
212,246,3
212,248,1
212,251,2
212,252,1
212,254,1
212,255,1
212,256,13
212,257,9
212,259,1
212,260,2
212,261,4
212,262,9
212,263,5
212,264,7
212,265,10
212,266,3
212,267,1
212,268,4
212,269,9
212,270,39
212,271,6
212,273,3
212,274,7
212,276,2
212,277,10
212,278,10
212,279,6
212,281,7
212,282,4
212,283,2
212,285,14
212,287,2
212,288,11
212,289,11
212,290,6
212,292,5
212,294,5
212,295,7
212,297,2
212,298,3
212,300,1
212,301,4
213,2,2
213,3,5
213,4,1
213,5,1
213,7,2
213,9,1
213,10,19
213,11,1
213,14,3
213,15,1
213,16,1
213,17,1
213,20,1
213,22,1
213,30,1
213,32,24
213,38,1
213,44,1
213,45,2
213,48,1
213,54,1
213,56,1
213,57,1
213,59,1
213,60,8
213,61,29
213,62,7
213,63,1
213,66,1
213,67,1
213,69,1
213,72,2
213,78,1
213,80,1
213,81,3
213,83,4
213,86,1
213,89,1
213,90,1
213,95,1
213,100,1
213,101,2
213,105,1
213,106,2
213,108,1
213,109,1
213,110,2
213,112,1
213,115,2
213,117,1
213,118,3
213,121,1
213,122,1
213,126,3
213,127,1
213,129,1
213,131,2
213,134,1
213,136,3
213,138,1
213,139,1
213,143,2
213,144,1
213,145,1
213,154,1
213,155,1
213,161,1
213,162,1
213,163,6
213,164,1
213,165,2
213,174,1
213,175,1
213,178,1
213,184,1
213,187,2
213,189,41
213,190,1
213,191,1
213,193,1
213,194,1
213,195,1
213,196,1
213,203,1
213,206,1
213,208,2
213,210,2
213,215,1
213,216,1
213,218,2
213,222,1
213,224,2
213,227,1
213,228,1
213,231,1
213,233,1
213,234,1
213,235,1
213,238,1
213,239,1
213,241,4
213,242,2
213,243,1
213,248,3
213,250,21
213,251,3
213,252,15
213,254,1
213,255,2
213,258,18
213,259,2
213,260,3
213,263,4
213,265,73
213,266,1
213,268,5
213,269,1
213,273,1
213,278,1
213,279,14
213,281,18
213,282,2
213,283,9
213,285,2
213,288,13
213,289,5
213,291,20
213,292,5
213,293,2
213,294,1
213,295,2
213,297,3
213,298,4
213,299,42
213,300,2
213,301,3
214,0,1
214,2,3
214,3,2
214,5,3
214,6,2
214,7,2
214,8,5
214,9,1
214,17,1
214,18,2
214,20,3
214,21,3
214,22,1
214,23,2
214,24,1
214,25,1
214,26,10
214,29,1
214,34,7
214,39,3
214,41,4
214,45,1
214,47,2
214,50,1
214,51,1
214,55,1
214,61,4
214,62,1
214,64,1
214,67,1
214,70,2
214,72,2
214,76,3
214,77,3
214,81,2
214,84,3
214,85,1
214,86,1
214,87,2
214,88,1
214,89,1
214,97,5
214,99,2
214,100,1
214,102,1
214,105,1
214,106,2
214,107,1
214,109,4
214,114,1
214,119,2
214,120,1
214,121,1
214,122,2
214,123,1
214,124,1
214,126,1
214,129,1
214,133,2
214,134,5
214,136,2
214,138,3
214,140,1
214,141,1
214,143,1
214,144,2
214,145,2
214,147,1
214,151,2
214,153,2
214,154,1
214,155,1
214,157,5
214,160,2
214,161,2
214,163,3
214,165,1
214,166,2
214,169,2
214,170,2
214,174,1
214,175,7
214,177,3
214,179,2
214,180,3
214,181,1
214,182,3
214,183,3
214,185,1
214,188,4
214,190,7
214,191,1
214,192,9
214,193,2
214,195,1
214,197,3
214,201,1
214,202,1
214,208,16
214,212,3
214,219,1
214,222,1
214,224,1
214,225,3
214,226,2
214,228,20
214,229,4
214,230,1
214,232,1
214,233,3
214,234,1
214,235,1
214,236,5
214,237,3
214,240,2
214,242,14
214,245,31
214,246,2
214,247,1
214,248,1
214,249,50
214,251,23
214,253,1
214,254,20
214,255,1
214,259,12
214,260,2
214,261,1
214,263,5
214,264,1
214,265,1
214,268,4
214,269,1
214,270,9
214,272,9
214,273,5
214,274,2
214,275,4
214,276,2
214,277,2
214,278,4
214,279,2
214,280,2
214,281,6
214,282,1
214,283,2
214,285,1
214,287,1
214,288,2
214,289,20
214,290,10
214,291,3
214,293,1
214,294,1
214,295,5
214,297,3
214,298,1
214,301,5
215,0,1
215,1,3
215,2,4
215,3,3
215,4,12
215,5,3
215,6,7
215,7,13
215,8,6
215,9,3
215,10,2
215,12,2
215,13,1
215,15,1
215,16,3
215,17,4
215,19,3
215,21,2
215,22,15
215,24,3
215,25,1
215,26,1
215,27,1
215,30,21
215,33,1
215,34,2
215,35,42
215,37,2
215,38,61
215,39,1
215,41,51
215,42,11
215,43,8
215,44,18
215,45,4
215,46,1
215,47,2
215,48,4
215,49,1
215,50,1
215,53,2
215,54,11
215,55,5
215,56,3
215,57,2
215,58,14
215,59,13
215,60,1
215,61,8
215,62,2
215,63,1
215,64,3
215,65,1
215,66,15
215,68,3
215,69,2
215,70,4
215,73,7
215,74,4
215,75,2
215,76,1
215,77,2
215,78,1
215,79,8
215,80,1
215,81,3
215,83,1
215,84,3
215,85,2
215,86,1
215,87,9
215,88,2
215,89,2
215,90,1
215,91,9
215,93,2
215,96,2
215,97,25
215,98,1
215,99,2
215,100,2
215,101,2
215,102,1
215,103,1
215,104,5
215,106,1
215,107,1
215,108,1
215,109,2
215,113,2
215,114,1
215,115,1
215,118,1
215,121,2
215,122,1
215,123,1
215,127,2
215,128,3
215,129,4
215,130,3
215,131,6
215,132,5
215,133,2
215,134,5
215,136,11
215,137,11
215,138,5
215,139,3
215,140,3
215,141,1
215,142,2
215,143,1
215,144,2
215,145,6
215,148,1
215,149,1
215,150,1
215,153,3
215,155,1
215,157,2
215,159,3
215,163,1
215,164,1
215,165,1
215,166,1
215,167,7
215,169,2
215,170,3
215,171,1
215,175,35
215,176,6
215,177,8
215,178,5
215,180,14
215,181,1
215,182,14
215,183,18
215,184,5
215,185,7
215,189,3
215,192,4
215,193,1
215,194,2
215,195,1
215,196,2
215,197,1
215,200,2
215,201,1
215,206,5
215,208,2
215,210,6
215,212,2
215,214,2
215,216,5
215,217,4
215,218,5
215,219,3
215,222,1
215,223,2
215,224,1
215,226,4
215,227,1
215,228,3
215,229,1
215,231,2
215,232,1
215,233,1
215,234,1
215,235,4
215,236,5
215,237,4
215,240,3
215,241,4
215,243,10
215,244,4
215,245,1
215,246,10
215,247,82
215,248,2
215,249,3
215,250,2
215,251,1
215,252,1
215,254,1
215,255,4
215,256,14
215,257,5
215,259,4
215,260,2
215,262,8
215,263,1
215,264,8
215,265,8
215,266,23
215,267,3
215,268,7
215,269,1
215,270,9
215,272,2
215,273,5
215,274,6
215,275,6
215,276,1
215,277,3
215,278,1
215,279,14
215,281,8
215,282,1
215,283,2
215,284,1
215,285,3
215,287,4
215,288,14
215,289,8
215,290,3
215,292,3
215,293,3
215,294,8
215,295,3
215,296,1
215,297,6
215,298,1
215,299,1
215,300,1
216,1,1
216,2,8
216,3,3
216,4,1
216,5,3
216,6,23
216,7,24
216,8,6
216,9,10
216,11,2
216,16,2
216,17,2
216,18,2
216,19,1
216,20,1
216,21,1
216,23,1
216,25,2
216,31,2
216,32,1
216,34,1
216,35,4
216,38,1
216,39,2
216,41,1
216,43,1
216,44,2
216,45,14
216,46,6
216,47,19
216,48,11
216,49,9
216,50,11
216,51,1
216,54,2
216,55,19
216,56,29
216,57,18
216,59,1
216,60,1
216,61,9
216,62,2
216,63,8
216,66,16
216,68,31
216,69,1
216,74,1
216,75,2
216,76,1
216,77,4
216,79,2
216,80,2
216,81,1
216,82,1
216,84,1
216,87,1
216,88,42
216,89,24
216,90,6
216,97,1
216,98,2
216,99,3
216,100,31
216,104,39
216,105,1
216,108,10
216,109,3
216,110,1
216,112,3
216,113,1
216,114,2
216,115,1
216,118,2
216,120,1
216,121,2
216,122,3
216,124,2
216,125,1
216,126,1
216,127,1
216,128,1
216,129,8
216,131,1
216,132,1
216,133,4
216,134,8
216,136,12
216,137,3
216,138,2
216,139,2
216,140,1
216,141,1
216,144,1
216,145,3
216,146,1
216,149,1
216,153,4
216,157,2
216,161,1
216,163,2
216,165,5
216,166,1
216,167,2
216,169,2
216,170,3
216,171,10
216,174,6
216,175,4
216,176,1
216,177,1
216,178,1
216,184,3
216,186,2
216,188,1
216,189,2
216,191,1
216,192,1
216,193,4
216,194,4
216,195,5
216,196,3
216,197,1
216,200,2
216,201,1
216,205,1
216,206,6
216,210,76
216,214,2
216,215,3
216,222,1
216,223,1
216,224,1
216,226,1
216,227,1
216,229,1
216,230,1
216,231,1
216,232,2
216,233,1
216,234,1
216,237,2
216,239,2
216,241,4
216,242,1
216,243,6
216,246,10
216,247,3
216,248,4
216,249,1
216,251,2
216,252,2
216,254,1
216,255,9
216,257,2
216,259,1
216,260,4
216,262,1
216,263,8
216,265,4
216,266,5
216,267,5
216,268,16
216,269,2
216,270,5
216,271,1
216,273,5
216,274,9
216,275,1
216,276,2
216,278,4
216,279,7
216,281,8
216,282,1
216,283,4
216,284,3
216,286,1
216,287,2
216,288,6
216,289,7
216,290,1
216,292,3
216,293,1
216,294,3
216,295,14
216,296,1
216,297,7
216,299,1
216,300,2
216,301,6
217,0,5
217,1,17
217,2,8
217,3,7
217,4,30
217,5,1
217,6,2
217,7,6
217,8,3
217,9,3
217,12,1
217,15,1
217,17,4
217,18,1
217,19,1
217,20,5
217,21,1
217,22,7
217,23,1
217,24,2
217,25,3
217,26,2
217,29,1
217,30,12
217,33,2
217,34,7
217,35,5
217,36,3
217,38,1
217,39,4
217,41,2
217,43,6
217,44,11
217,45,1
217,49,1
217,53,2
217,55,1
217,57,2
217,58,3
217,59,4
217,60,3
217,61,8
217,62,12
217,64,14
217,65,5
217,67,1
217,68,2
217,69,2
217,70,2
217,71,4
217,72,3
217,73,1
217,74,7
217,75,2
217,76,3
217,77,1
217,78,2
217,79,3
217,80,3
217,82,1
217,83,4
217,84,2
217,85,1
217,87,3
217,88,1
217,89,2
217,90,3
217,91,3
217,93,5
217,94,3
217,96,3
217,97,12
217,98,3
217,99,2
217,101,1
217,102,2
217,103,1
217,105,2
217,106,2
217,107,2
217,108,1
217,109,10
217,110,1
217,112,2
217,113,7
217,114,2
217,115,8
217,117,3
217,118,2
217,119,2
217,120,2
217,121,7
217,122,12
217,123,5
217,125,4
217,126,3
217,127,3
217,128,3
217,129,5
217,130,11
217,131,7
217,132,3
217,133,1
217,134,6
217,135,12
217,136,8
217,138,9
217,139,6
217,142,6
217,143,9
217,144,15
217,145,17
217,146,8
217,147,1
217,148,4
217,149,15
217,151,1
217,153,4
217,155,3
217,156,1
217,157,1
217,159,4
217,160,2
217,161,4
217,162,1
217,164,3
217,166,2
217,167,1
217,169,5
217,170,1
217,175,20
217,176,12
217,177,12
217,178,2
217,179,1
217,180,4
217,181,1
217,182,8
217,183,5
217,184,4
217,185,6
217,188,4
217,189,1
217,190,1
217,191,1
217,192,4
217,193,1
217,195,2
217,196,2
217,197,2
217,201,4
217,202,1
217,204,1
217,206,4
217,210,4
217,212,11
217,213,3
217,214,1
217,216,2
217,218,1
217,219,42
217,224,3
217,225,16
217,226,7
217,227,2
217,228,8
217,229,1
217,233,1
217,234,11
217,235,2
217,236,6
217,237,2
217,238,2
217,240,11
217,241,6
217,242,3
217,243,4
217,244,2
217,247,2
217,248,3
217,249,2
217,252,1
217,254,2
217,255,5
217,256,11
217,257,6
217,259,5
217,260,6
217,261,1
217,262,5
217,263,4
217,264,11
217,265,9
217,267,1
217,268,6
217,269,18
217,270,21
217,271,12
217,272,1
217,273,13
217,274,4
217,275,2
217,276,7
217,277,15
217,278,17
217,279,11
217,280,1
217,281,10
217,282,1
217,283,6
217,285,11
217,286,2
217,287,7
217,288,10
217,289,17
217,290,5
217,292,1
217,293,1
217,294,1
217,295,4
217,297,4
217,298,3
217,299,1
217,300,5
217,301,2
218,2,2
218,4,13
218,6,2
218,7,4
218,8,1
218,9,1
218,17,6
218,18,1
218,19,6
218,22,17
218,24,1
218,30,21
218,33,3
218,34,1
218,35,38
218,36,6
218,37,1
218,38,30
218,40,21
218,41,17
218,42,13
218,43,12
218,44,23
218,45,1
218,48,2
218,52,9
218,54,2
218,55,2
218,56,1
218,58,2
218,59,1
218,62,2
218,66,2
218,73,2
218,74,1
218,77,1
218,78,1
218,79,3
218,87,8
218,88,2
218,89,1
218,95,2
218,96,2
218,97,5
218,100,1
218,104,1
218,105,2
218,106,1
218,108,2
218,109,1
218,112,1
218,124,3
218,130,1
218,131,1
218,137,35
218,138,3
218,139,1
218,143,6
218,144,30
218,145,1
218,148,2
218,149,1
218,158,1
218,163,1
218,165,1
218,167,3
218,171,1
218,174,1
218,175,2
218,176,5
218,177,2
218,178,4
218,180,2
218,182,3
218,191,1
218,206,2
218,210,5
218,212,1
218,215,27
218,216,1
218,217,3
218,219,2
218,224,1
218,225,2
218,226,3
218,228,1
218,235,1
218,236,1
218,240,3
218,241,1
218,243,1
218,246,2
218,247,11
218,248,1
218,249,2
218,255,1
218,257,1
218,264,3
218,265,3
218,266,18
218,268,3
218,273,1
218,274,2
218,275,1
218,279,8
218,281,1
218,285,2
218,286,1
218,288,2
218,290,1
218,292,2
218,294,2
218,295,1
218,296,1
218,297,2
218,300,1
218,301,1
219,0,7
219,1,11
219,2,16
219,3,2
219,4,46
219,5,1
219,6,4
219,8,3
219,11,1
219,12,1
219,13,1
219,16,1
219,17,5
219,18,4
219,19,2
219,21,4
219,22,4
219,25,2
219,26,1
219,29,3
219,30,10
219,31,2
219,33,1
219,34,1
219,35,3
219,38,1
219,39,2
219,42,2
219,43,1
219,44,8
219,47,1
219,52,1
219,53,2
219,56,2
219,57,1
219,58,6
219,59,2
219,60,2
219,61,3
219,62,1
219,63,1
219,64,7
219,65,4
219,68,1
219,69,3
219,70,3
219,71,3
219,72,3
219,73,3
219,74,12
219,75,4
219,76,1
219,78,1
219,79,4
219,81,6
219,83,4
219,84,3
219,86,1
219,87,1
219,88,1
219,89,1
219,90,2
219,91,2
219,93,7
219,94,2
219,95,1
219,96,4
219,97,12
219,98,2
219,100,3
219,101,3
219,102,4
219,103,2
219,104,1
219,105,1
219,106,1
219,107,1
219,109,1
219,110,3
219,111,1
219,112,4
219,113,4
219,114,3
219,115,5
219,116,1
219,117,1
219,118,5
219,119,3
219,120,7
219,121,7
219,122,10
219,123,7
219,124,4
219,126,10
219,127,4
219,128,3
219,129,2
219,130,14
219,131,4
219,132,4
219,133,1
219,134,4
219,135,13
219,136,3
219,138,11
219,139,10
219,140,4
219,141,3
219,142,5
219,143,19
219,144,26
219,145,14
219,146,8
219,147,2
219,148,7
219,149,10
219,150,2
219,151,1
219,152,1
219,153,13
219,155,1
219,156,1
219,157,4
219,158,3
219,159,6
219,160,2
219,161,1
219,163,2
219,164,2
219,165,2
219,169,3
219,170,2
219,171,2
219,173,4
219,174,1
219,175,13
219,176,7
219,177,4
219,178,3
219,179,1
219,182,8
219,183,7
219,184,2
219,185,5
219,188,5
219,189,2
219,192,8
219,194,5
219,195,4
219,196,1
219,197,1
219,198,2
219,201,3
219,202,1
219,203,1
219,206,5
219,210,2
219,211,2
219,212,13
219,213,1
219,214,1
219,215,2
219,217,23
219,218,1
219,221,1
219,222,1
219,223,2
219,224,2
219,225,32
219,226,4
219,227,7
219,228,2
219,229,5
219,230,3
219,231,2
219,232,3
219,234,2
219,235,1
219,236,3
219,237,2
219,238,3
219,239,2
219,240,7
219,241,2
219,242,3
219,243,2
219,244,3
219,245,6
219,247,2
219,248,2
219,249,3
219,250,1
219,251,4
219,254,3
219,255,1
219,256,6
219,257,6
219,258,1
219,259,10
219,260,9
219,261,2
219,262,5
219,263,1
219,264,19
219,265,3
219,266,4
219,267,1
219,268,4
219,269,7
219,270,14
219,271,7
219,272,2
219,273,12
219,274,12
219,275,5
219,276,2
219,277,12
219,278,3
219,279,6
219,281,9
219,283,6
219,285,11
219,286,4
219,287,1
219,288,9
219,289,11
219,290,4
219,291,1
219,292,7
219,293,2
219,294,1
219,295,4
219,296,1
219,297,6
219,298,3
219,301,2
220,0,1
220,48,1
220,81,1
220,86,1
220,89,1
220,90,1
220,99,1
220,120,1
220,129,1
220,131,1
220,136,1
220,155,1
220,175,1
220,184,3
220,206,4
220,210,1
220,216,1
220,221,19
220,222,34
220,223,37
220,224,82
220,226,25
220,231,1
220,232,2
220,233,7
220,237,1
220,241,30
220,243,22
220,244,3
220,248,14
220,254,1
220,255,1
220,257,1
220,264,1
220,265,2
220,268,16
220,270,1
220,271,1
220,273,1
220,279,1
220,281,1
220,287,1
220,288,2
220,290,1
221,0,1
221,3,1
221,6,2
221,17,2
221,35,2
221,38,1
221,39,1
221,43,1
221,44,1
221,45,2
221,55,1
221,56,1
221,58,1
221,61,3
221,64,1
221,68,1
221,76,1
221,81,1
221,83,1
221,100,1
221,107,1
221,110,1
221,113,1
221,114,1
221,115,1
221,116,2
221,121,1
221,127,1
221,130,1
221,131,2
221,149,1
221,153,2
221,164,2
221,170,1
221,172,1
221,174,1
221,175,1
221,181,1
221,184,9
221,194,1
221,206,6
221,215,3
221,216,1
221,220,21
221,222,21
221,223,23
221,224,29
221,225,2
221,226,33
221,229,1
221,231,1
221,232,7
221,233,15
221,234,1
221,235,1
221,237,3
221,239,2
221,240,2
221,241,26
221,242,1
221,243,32
221,244,5
221,248,24
221,252,1
221,255,1
221,263,1
221,265,1
221,267,1
221,268,4
221,270,1
221,275,1
221,278,2
221,279,3
221,281,3
221,287,3
221,292,2
221,293,2
221,297,1
221,298,2
221,301,1
222,0,1
222,1,2
222,3,15
222,4,1
222,5,1
222,6,1
222,7,3
222,9,2
222,11,1
222,18,1
222,20,1
222,26,1
222,30,1
222,34,2
222,35,4
222,39,2
222,41,2
222,42,1
222,47,1
222,54,2
222,56,2
222,58,1
222,61,2
222,62,2
222,66,2
222,72,1
222,73,1
222,76,2
222,77,3
222,79,2
222,81,1
222,84,1
222,89,1
222,93,2
222,97,1
222,100,1
222,104,3
222,109,1
222,110,1
222,113,1
222,116,1
222,118,2
222,119,2
222,120,2
222,121,2
222,122,3
222,126,1
222,127,1
222,128,2
222,129,1
222,131,24
222,132,1
222,135,1
222,136,4
222,137,2
222,138,1
222,145,1
222,149,2
222,153,4
222,154,1
222,169,1
222,173,1
222,175,2
222,176,2
222,177,1
222,178,1
222,182,2
222,184,11
222,193,2
222,195,1
222,200,1
222,206,14
222,210,2
222,215,2
222,216,1
222,217,1
222,218,1
222,220,20
222,221,24
222,223,55
222,224,60
222,225,3
222,226,56
222,229,1
222,231,6
222,232,6
222,233,26
222,234,1
222,237,3
222,239,2
222,240,5
222,241,56
222,243,69
222,244,6
222,246,2
222,247,2
222,248,46
222,255,1
222,257,3
222,259,2
222,262,2
222,263,4
222,264,3
222,265,2
222,267,1
222,268,1
222,269,2
222,271,1
222,272,1
222,273,2
222,274,2
222,278,4
222,279,5
222,280,1
222,281,6
222,282,1
222,287,1
222,288,5
222,289,4
222,290,3
222,292,1
222,293,1
222,295,1
222,301,2
223,0,1
223,2,1
223,3,8
223,4,4
223,6,1
223,7,1
223,8,1
223,9,3
223,15,1
223,18,5
223,21,1
223,22,1
223,26,1
223,30,1
223,38,1
223,39,1
223,40,1
223,41,1
223,42,1
223,48,2
223,55,2
223,57,2
223,61,4
223,68,1
223,71,1
223,72,1
223,74,2
223,75,1
223,76,1
223,78,2
223,79,1
223,80,2
223,89,1
223,97,1
223,109,2
223,112,2
223,113,2
223,115,2
223,118,2
223,120,3
223,121,2
223,122,1
223,123,1
223,124,1
223,127,2
223,131,2
223,132,3
223,140,1
223,144,1
223,146,1
223,148,2
223,149,2
223,150,1
223,153,1
223,158,1
223,159,1
223,161,2
223,162,1
223,166,1
223,169,2
223,175,1
223,179,1
223,180,1
223,182,1
223,183,1
223,184,10
223,187,1
223,188,3
223,195,1
223,196,2
223,206,11
223,208,2
223,214,1
223,215,1
223,216,3
223,219,1
223,220,16
223,221,18
223,222,51
223,224,62
223,225,1
223,226,42
223,227,1
223,228,2
223,231,6
223,232,9
223,233,16
223,237,5
223,238,1
223,239,5
223,240,3
223,241,52
223,243,55
223,244,10
223,246,7
223,248,41
223,249,1
223,251,1
223,254,1
223,256,1
223,257,10
223,260,2
223,261,1
223,262,1
223,263,3
223,264,3
223,265,3
223,267,1
223,268,6
223,269,1
223,270,2
223,273,8
223,274,1
223,276,1
223,277,3
223,278,2
223,279,9
223,281,3
223,283,1
223,286,1
223,288,5
223,289,2
223,290,2
223,291,1
223,292,2
223,293,1
223,295,5
223,297,5
223,298,2
223,300,1
223,301,1
224,0,7
224,1,1
224,2,4
224,3,17
224,4,2
224,5,2
224,6,10
224,7,4
224,8,5
224,9,9
224,13,1
224,18,6
224,21,3
224,22,1
224,24,2
224,25,4
224,26,1
224,28,2
224,29,1
224,34,3
224,35,2
224,38,4
224,39,7
224,44,3
224,47,1
224,48,1
224,50,1
224,53,1
224,55,4
224,56,4
224,57,1
224,58,3
224,61,11
224,62,6
224,66,6
224,68,2
224,69,3
224,70,1
224,72,2
224,73,3
224,74,4
224,75,6
224,76,5
224,78,1
224,79,2
224,80,1
224,81,4
224,83,1
224,84,1
224,86,1
224,88,1
224,89,1
224,90,4
224,91,1
224,92,1
224,93,1
224,95,1
224,96,2
224,97,1
224,98,2
224,99,2
224,100,7
224,103,1
224,104,2
224,106,2
224,108,1
224,112,1
224,113,1
224,114,2
224,115,1
224,117,4
224,120,2
224,121,3
224,122,5
224,123,1
224,126,1
224,127,3
224,128,1
224,129,2
224,131,6
224,132,1
224,134,2
224,136,9
224,137,1
224,138,2
224,140,2
224,142,1
224,143,2
224,145,11
224,149,1
224,153,22
224,154,1
224,159,1
224,160,2
224,161,2
224,162,1
224,164,1
224,165,1
224,167,1
224,169,2
224,170,2
224,174,1
224,175,4
224,176,3
224,177,1
224,179,2
224,181,1
224,182,2
224,183,1
224,184,31
224,190,1
224,191,1
224,192,6
224,193,3
224,194,4
224,195,2
224,196,6
224,198,1
224,203,1
224,204,1
224,206,36
224,210,2
224,211,1
224,212,3
224,214,2
224,215,4
224,216,6
224,217,1
224,219,5
224,220,37
224,221,37
224,222,53
224,223,105
224,225,2
224,226,156
224,227,3
224,228,2
224,229,2
224,230,2
224,231,16
224,232,33
224,233,75
224,236,1
224,237,7
224,238,1
224,239,2
224,240,7
224,241,116
224,242,2
224,243,159
224,244,13
224,245,1
224,246,1
224,248,112
224,249,1
224,255,5
224,256,5
224,257,12
224,259,5
224,260,5
224,262,4
224,263,6
224,264,4
224,265,7
224,266,2
224,267,1
224,268,8
224,269,2
224,270,5
224,271,1
224,273,2
224,274,2
224,276,1
224,277,2
224,278,4
224,279,21
224,280,3
224,281,17
224,282,2
224,283,1
224,286,3
224,287,10
224,288,20
224,289,5
224,290,5
224,292,1
224,293,4
224,294,2
224,295,4
224,297,3
224,298,3
224,299,4
224,300,5
224,301,2
225,0,8
225,1,9
225,2,13
225,3,6
225,4,64
225,6,4
225,7,1
225,8,6
225,9,3
225,16,1
225,17,2
225,18,3
225,19,1
225,20,1
225,21,2
225,22,1
225,24,1
225,25,1
225,29,2
225,30,2
225,34,1
225,35,3
225,37,1
225,38,3
225,39,1
225,41,3
225,42,2
225,43,5
225,44,4
225,53,1
225,54,1
225,55,2
225,57,2
225,58,4
225,59,6
225,60,1
225,61,6
225,64,1
225,66,2
225,67,1
225,68,1
225,69,1
225,71,3
225,72,1
225,73,7
225,74,11
225,76,3
225,77,1
225,78,2
225,79,4
225,80,1
225,81,6
225,82,1
225,84,2
225,86,2
225,87,2
225,90,2
225,91,2
225,93,11
225,96,7
225,97,10
225,98,1
225,101,3
225,102,2
225,105,2
225,106,3
225,107,1
225,109,4
225,110,4
225,112,2
225,113,8
225,114,3
225,115,5
225,116,2
225,117,3
225,118,11
225,120,11
225,121,8
225,122,14
225,123,9
225,125,1
225,126,6
225,127,6
225,128,4
225,129,1
225,130,8
225,131,4
225,132,2
225,133,4
225,134,8
225,135,55
225,136,6
225,138,8
225,139,9
225,140,6
225,141,7
225,142,6
225,143,22
225,144,29
225,145,10
225,146,10
225,147,2
225,148,2
225,149,5
225,150,3
225,151,1
225,153,8
225,155,3
225,159,4
225,161,2
225,162,1
225,163,1
225,164,3
225,165,1
225,166,1
225,168,3
225,169,1
225,170,2
225,171,1
225,172,1
225,174,3
225,175,7
225,176,7
225,177,7
225,178,2
225,180,4
225,182,11
225,183,5
225,184,3
225,185,4
225,187,3
225,188,2
225,189,3
225,190,1
225,191,1
225,192,4
225,195,1
225,197,3
225,200,1
225,201,1
225,202,1
225,205,1
225,206,6
225,210,4
225,211,2
225,212,18
225,213,1
225,214,5
225,215,7
225,216,2
225,217,13
225,218,2
225,219,18
225,221,1
225,222,2
225,223,2
225,224,2
225,226,3
225,227,4
225,228,1
225,229,4
225,230,2
225,231,4
225,232,3
225,233,2
225,234,2
225,235,4
225,237,7
225,238,3
225,240,6
225,241,2
225,243,6
225,245,2
225,246,3
225,247,1
225,248,7
225,249,1
225,250,1
225,254,5
225,255,2
225,256,8
225,257,4
225,258,1
225,259,4
225,260,6
225,261,2
225,262,1
225,263,2
225,264,13
225,265,5
225,266,4
225,267,3
225,268,5
225,269,12
225,270,19
225,271,4
225,273,10
225,274,3
225,276,1
225,277,12
225,278,14
225,279,4
225,280,1
225,281,9
225,282,4
225,283,1
225,284,1
225,285,14
225,286,4
225,287,6
225,288,9
225,289,9
225,290,5
225,292,5
225,293,3
225,295,3
225,297,1
225,298,9
225,300,2
225,301,1
226,0,7
226,1,4
226,2,1
226,3,14
226,8,5
226,9,4
226,10,2
226,16,1
226,18,3
226,20,2
226,23,1
226,24,1
226,25,1
226,26,1
226,30,2
226,31,2
226,34,2
226,35,4
226,39,4
226,41,2
226,44,1
226,54,4
226,59,1
226,60,3
226,61,8
226,62,2
226,65,1
226,66,2
226,68,1
226,72,2
226,73,1
226,74,1
226,75,1
226,76,6
226,77,1
226,79,4
226,80,2
226,81,1
226,83,3
226,84,1
226,85,1
226,86,2
226,88,1
226,89,4
226,92,1
226,97,3
226,98,1
226,99,1
226,100,2
226,101,1
226,102,1
226,106,1
226,108,3
226,109,3
226,110,2
226,112,3
226,113,2
226,114,1
226,115,4
226,118,3
226,119,2
226,120,3
226,121,3
226,123,1
226,124,4
226,126,2
226,127,1
226,129,4
226,131,2
226,132,1
226,133,3
226,134,5
226,136,1
226,137,1
226,138,1
226,141,4
226,142,1
226,145,4
226,148,5
226,149,2
226,153,4
226,160,4
226,162,2
226,163,1
226,165,3
226,166,1
226,167,2
226,168,2
226,169,3
226,170,2
226,171,1
226,174,1
226,175,1
226,176,1
226,177,5
226,179,3
226,181,1
226,182,3
226,183,1
226,184,27
226,186,1
226,187,2
226,188,3
226,191,1
226,192,5
226,193,1
226,194,7
226,195,4
226,197,2
226,198,1
226,204,1
226,206,26
226,209,1
226,210,2
226,213,1
226,214,3
226,215,6
226,216,1
226,217,2
226,219,1
226,220,19
226,221,22
226,222,36
226,223,30
226,224,89
226,225,5
226,227,1
226,229,1
226,231,10
226,232,10
226,233,21
226,235,1
226,237,4
226,238,3
226,239,4
226,240,5
226,241,34
226,242,2
226,243,63
226,244,6
226,246,2
226,248,77
226,251,1
226,254,2
226,256,1
226,257,7
226,259,4
226,260,4
226,261,4
226,262,2
226,263,4
226,264,2
226,267,6
226,268,10
226,270,1
226,271,3
226,272,3
226,273,5
226,274,2
226,275,2
226,276,2
226,278,1
226,279,23
226,280,1
226,281,17
226,282,2
226,287,7
226,288,14
226,289,14
226,290,6
226,293,1
226,294,1
226,295,8
226,296,1
226,297,5
226,298,2
226,300,7
226,301,1
227,0,9
227,1,18
227,2,7
227,3,19
227,4,18
227,5,6
227,6,3
227,7,42
227,8,16
227,9,1
227,12,2
227,16,1
227,18,5
227,19,1
227,20,6
227,21,12
227,22,1
227,23,13
227,24,8
227,25,15
227,26,9
227,27,2
227,28,2
227,29,7
227,30,5
227,31,7
227,35,2
227,38,2
227,39,3
227,41,1
227,42,1
227,43,1
227,44,5
227,45,3
227,46,1
227,47,3
227,48,2
227,49,1
227,50,1
227,51,2
227,53,2
227,56,6
227,57,3
227,58,2
227,59,5
227,60,2
227,61,10
227,62,9
227,63,2
227,64,4
227,65,3
227,66,23
227,68,4
227,69,2
227,70,5
227,71,5
227,72,1
227,73,5
227,74,7
227,75,4
227,76,2
227,77,5
227,78,6
227,79,11
227,80,4
227,81,12
227,82,6
227,83,10
227,84,14
227,85,2
227,86,1
227,88,9
227,89,7
227,90,6
227,91,1
227,92,5
227,93,8
227,94,2
227,95,2
227,96,3
227,97,8
227,98,10
227,99,1
227,100,12
227,104,5
227,106,1
227,107,1
227,108,2
227,109,12
227,110,2
227,111,4
227,112,11
227,113,20
227,114,9
227,115,10
227,116,3
227,117,3
227,118,7
227,119,6
227,120,8
227,121,13
227,122,10
227,123,5
227,124,5
227,125,9
227,126,2
227,127,11
227,128,6
227,129,10
227,130,2
227,131,11
227,132,3
227,133,8
227,134,3
227,135,1
227,136,25
227,138,24
227,139,4
227,140,9
227,141,2
227,142,5
227,143,7
227,144,9
227,145,14
227,146,6
227,147,1
227,148,4
227,149,2
227,152,1
227,153,2
227,154,13
227,155,4
227,156,2
227,157,16
227,158,1
227,159,5
227,160,4
227,161,17
227,162,1
227,163,15
227,164,1
227,165,4
227,166,11
227,167,1
227,169,10
227,170,2
227,171,9
227,173,2
227,174,2
227,175,6
227,176,3
227,177,5
227,178,2
227,179,3
227,180,1
227,181,2
227,182,4
227,183,7
227,184,2
227,185,1
227,186,1
227,187,13
227,188,4
227,189,1
227,191,6
227,193,5
227,194,4
227,195,8
227,196,20
227,197,12
227,198,11
227,200,10
227,201,3
227,202,6
227,203,5
227,204,1
227,205,10
227,206,1
227,210,7
227,212,6
227,214,6
227,215,1
227,216,9
227,217,7
227,218,1
227,219,3
227,221,2
227,222,1
227,224,1
227,225,3
227,226,3
227,228,6
227,229,22
227,230,41
227,231,1
227,232,2
227,233,1
227,234,20
227,235,8
227,236,17
227,237,4
227,238,6
227,239,8
227,240,6
227,241,2
227,242,3
227,243,2
227,244,2
227,245,11
227,246,4
227,247,3
227,248,5
227,249,5
227,251,3
227,252,1
227,253,2
227,254,1
227,255,29
227,256,15
227,257,5
227,258,1
227,259,23
227,260,8
227,261,10
227,262,9
227,263,27
227,264,28
227,265,14
227,266,3
227,268,14
227,269,21
227,270,3
227,271,3
227,272,6
227,273,18
227,274,8
227,275,3
227,276,12
227,277,6
227,278,25
227,279,4
227,280,2
227,281,10
227,282,1
227,283,6
227,284,24
227,285,3
227,286,73
227,287,4
227,288,194
227,289,18
227,290,8
227,291,1
227,292,3
227,293,2
227,295,10
227,296,1
227,297,15
227,298,12
227,299,1
227,300,15
227,301,39
228,0,3
228,2,2
228,4,2
228,5,2
228,6,6
228,7,4
228,8,4
228,9,2
228,17,1
228,18,1
228,19,1
228,21,7
228,23,4
228,25,9
228,26,11
228,27,3
228,29,3
228,30,1
228,33,2
228,34,14
228,35,3
228,39,1
228,41,3
228,42,1
228,43,3
228,44,2
228,53,1
228,55,1
228,56,1
228,60,1
228,62,4
228,67,1
228,70,1
228,71,1
228,72,1
228,73,1
228,74,1
228,76,2
228,77,2
228,79,1
228,80,2
228,81,2
228,90,2
228,92,1
228,93,2
228,97,5
228,98,1
228,109,1
228,113,1
228,114,1
228,118,1
228,119,1
228,122,1
228,123,1
228,128,1
228,129,1
228,130,1
228,131,3
228,132,1
228,134,2
228,136,2
228,138,2
228,139,1
228,143,1
228,145,1
228,146,2
228,148,1
228,153,5
228,154,2
228,157,1
228,160,1
228,161,1
228,163,1
228,165,1
228,166,2
228,168,1
228,169,1
228,171,1
228,175,10
228,176,1
228,177,7
228,180,1
228,182,2
228,183,9
228,184,2
228,185,2
228,187,1
228,188,5
228,190,9
228,191,1
228,192,14
228,194,1
228,195,2
228,196,1
228,201,2
228,203,1
228,206,1
228,208,15
228,210,1
228,213,3
228,214,24
228,215,1
228,217,1
228,219,2
228,223,1
228,224,1
228,225,1
228,227,1
228,229,4
228,230,1
228,231,1
228,232,1
228,236,1
228,237,1
228,238,1
228,239,3
228,240,1
228,242,21
228,243,1
228,245,26
228,248,1
228,249,61
228,250,2
228,251,27
228,254,38
228,255,6
228,256,3
228,257,3
228,258,1
228,259,19
228,260,2
228,261,2
228,262,3
228,263,5
228,264,3
228,265,3
228,268,2
228,269,1
228,270,5
228,271,3
228,272,15
228,273,5
228,274,2
228,275,7
228,278,6
228,279,2
228,281,8
228,282,3
228,285,1
228,287,2
228,288,8
228,289,14
228,290,3
228,292,5
228,293,4
228,294,1
228,295,4
228,297,3
228,300,1
228,301,1
229,0,5
229,1,19
229,2,12
229,3,1
229,4,29
229,6,1
229,7,15
229,8,4
229,10,2
229,11,1
229,13,1
229,14,1
229,15,1
229,16,1
229,18,5
229,20,2
229,21,5
229,22,3
229,23,3
229,24,3
229,25,13
229,26,20
229,27,4
229,30,4
229,31,4
229,33,2
229,34,3
229,39,10
229,41,2
229,43,5
229,44,14
229,47,1
229,49,3
229,53,1
229,55,2
229,56,6
229,58,9
229,59,3
229,60,4
229,61,6
229,62,4
229,64,14
229,65,3
229,66,5
229,68,2
229,69,4
229,70,5
229,71,5
229,73,4
229,74,1
229,75,1
229,76,4
229,77,4
229,78,1
229,79,9
229,80,3
229,81,4
229,82,2
229,83,3
229,84,3
229,85,1
229,86,3
229,87,1
229,88,2
229,90,4
229,91,4
229,92,3
229,93,8
229,94,1
229,96,8
229,97,12
229,98,3
229,100,3
229,104,1
229,105,1
229,106,3
229,108,5
229,109,4
229,110,2
229,111,3
229,112,2
229,113,8
229,114,3
229,115,6
229,117,3
229,118,2
229,119,1
229,120,6
229,121,2
229,122,2
229,123,4
229,124,6
229,125,9
229,126,1
229,127,6
229,128,5
229,129,4
229,130,1
229,131,10
229,132,4
229,133,1
229,134,5
229,136,6
229,138,20
229,139,4
229,140,3
229,141,2
229,142,8
229,143,8
229,144,3
229,145,9
229,146,8
229,148,9
229,149,8
229,150,1
229,151,1
229,152,1
229,153,1
229,154,16
229,155,3
229,156,3
229,157,7
229,158,2
229,159,5
229,161,20
229,163,14
229,164,1
229,165,2
229,166,11
229,168,1
229,169,4
229,170,2
229,171,3
229,173,1
229,174,1
229,175,12
229,176,5
229,179,1
229,180,2
229,181,1
229,182,5
229,183,12
229,184,2
229,185,1
229,187,8
229,188,2
229,189,1
229,191,4
229,193,7
229,194,6
229,195,10
229,196,6
229,197,10
229,198,3
229,200,8
229,201,1
229,203,3
229,205,10
229,206,2
229,208,3
229,210,8
229,211,1
229,212,6
229,213,1
229,214,3
229,215,2
229,216,1
229,217,4
229,218,1
229,219,1
229,222,1
229,224,8
229,225,3
229,226,7
229,227,12
229,228,5
229,230,41
229,232,2
229,233,1
229,234,32
229,235,11
229,236,9
229,237,1
229,238,16
229,239,6
229,240,10
229,241,11
229,242,1
229,243,7
229,245,1
229,246,1
229,248,4
229,249,9
229,250,1
229,251,8
229,254,3
229,255,9
229,256,9
229,257,3
229,259,7
229,260,9
229,261,6
229,263,13
229,264,23
229,265,10
229,266,3
229,267,2
229,268,5
229,269,34
229,270,5
229,271,3
229,272,3
229,273,18
229,274,6
229,275,7
229,276,5
229,277,10
229,278,16
229,279,2
229,280,2
229,281,8
229,282,2
229,283,4
229,284,18
229,286,56
229,288,81
229,289,13
229,290,5
229,291,4
229,292,2
229,295,6
229,296,2
229,297,15
229,298,5
229,299,4
229,300,5
229,301,18
230,0,13
230,1,19
230,2,36
230,3,14
230,4,37
230,5,7
230,6,9
230,7,52
230,8,17
230,9,1
230,10,5
230,12,1
230,13,2
230,14,1
230,15,1
230,16,1
230,17,4
230,18,16
230,19,7
230,20,3
230,21,12
230,22,7
230,23,27
230,24,20
230,25,25
230,26,49
230,27,8
230,28,4
230,29,8
230,30,7
230,31,21
230,32,1
230,34,2
230,35,11
230,38,9
230,39,7
230,40,3
230,41,5
230,43,17
230,44,27
230,45,4
230,47,3
230,48,1
230,50,4
230,52,2
230,53,1
230,55,2
230,56,12
230,57,8
230,58,7
230,59,6
230,60,5
230,61,17
230,62,14
230,64,12
230,65,8
230,66,13
230,68,3
230,69,32
230,70,6
230,71,11
230,73,19
230,74,20
230,75,4
230,76,11
230,77,8
230,78,6
230,79,27
230,80,8
230,81,10
230,82,11
230,83,13
230,84,11
230,85,4
230,86,5
230,87,1
230,88,12
230,89,4
230,90,7
230,91,7
230,92,1
230,93,17
230,94,4
230,95,5
230,96,16
230,97,13
230,98,24
230,99,5
230,100,12
230,101,2
230,102,5
230,103,6
230,104,3
230,105,9
230,106,6
230,107,7
230,108,5
230,109,8
230,110,8
230,111,2
230,112,11
230,113,8
230,114,13
230,115,6
230,116,5
230,117,7
230,118,12
230,119,10
230,120,13
230,121,16
230,122,14
230,123,4
230,124,7
230,125,16
230,126,6
230,127,18
230,128,24
230,129,13
230,130,6
230,131,16
230,132,8
230,133,4
230,134,15
230,136,18
230,137,1
230,138,117
230,139,99
230,140,13
230,141,2
230,142,15
230,143,19
230,144,20
230,145,34
230,146,28
230,147,1
230,148,18
230,149,20
230,150,3
230,151,1
230,153,3
230,154,8
230,155,24
230,156,1
230,157,19
230,158,16
230,159,11
230,160,2
230,161,30
230,162,7
230,163,31
230,164,5
230,165,5
230,166,24
230,167,1
230,168,1
230,169,13
230,170,4
230,171,9
230,172,2
230,173,8
230,174,1
230,175,20
230,176,21
230,177,9
230,178,3
230,179,3
230,180,7
230,181,1
230,182,15
230,183,10
230,184,5
230,185,1
230,186,1
230,187,5
230,188,5
230,189,4
230,190,3
230,191,7
230,192,4
230,193,13
230,194,26
230,195,82
230,196,54
230,197,21
230,198,10
230,200,6
230,201,10
230,202,5
230,203,7
230,205,7
230,206,10
230,208,5
230,210,17
230,211,2
230,212,10
230,213,1
230,214,5
230,215,6
230,216,11
230,217,19
230,218,1
230,219,5
230,222,3
230,223,4
230,224,6
230,225,7
230,226,12
230,227,60
230,228,9
230,229,75
230,231,3
230,232,6
230,233,2
230,234,39
230,235,23
230,236,15
230,237,9
230,238,28
230,239,8
230,240,74
230,241,18
230,242,7
230,243,22
230,244,1
230,246,4
230,247,3
230,248,11
230,249,6
230,250,3
230,251,6
230,254,11
230,255,48
230,256,21
230,257,1
230,258,2
230,259,16
230,260,13
230,261,19
230,262,8
230,263,22
230,264,126
230,265,25
230,266,3
230,267,1
230,268,11
230,269,54
230,270,13
230,271,2
230,272,13
230,273,43
230,274,7
230,275,4
230,276,18
230,277,7
230,278,36
230,279,7
230,280,2
230,281,16
230,282,3
230,283,19
230,284,33
230,285,2
230,286,63
230,287,7
230,288,237
230,289,26
230,290,8
230,291,3
230,292,7
230,293,5
230,294,3
230,295,7
230,296,4
230,297,26
230,298,10
230,299,6
230,300,16
230,301,45
231,0,1
231,2,7
231,3,14
231,4,4
231,6,6
231,7,2
231,8,6
231,9,2
231,12,1
231,18,1
231,26,1
231,34,3
231,43,1
231,45,1
231,48,1
231,50,1
231,53,8
231,56,1
231,58,1
231,60,1
231,61,3
231,68,2
231,70,1
231,71,1
231,72,2
231,73,3
231,74,1
231,77,2
231,78,3
231,79,2
231,81,1
231,82,1
231,84,1
231,85,1
231,88,1
231,95,2
231,96,3
231,97,1
231,100,1
231,102,4
231,103,1
231,104,1
231,106,1
231,109,1
231,110,1
231,114,1
231,115,4
231,116,1
231,117,1
231,118,3
231,120,2
231,122,1
231,123,2
231,125,1
231,126,1
231,127,1
231,129,1
231,131,1
231,132,1
231,134,1
231,136,3
231,137,1
231,138,1
231,140,1
231,142,2
231,143,1
231,144,1
231,145,2
231,146,1
231,150,1
231,154,2
231,155,1
231,159,1
231,163,2
231,165,1
231,169,1
231,170,3
231,171,1
231,173,2
231,175,6
231,176,1
231,177,1
231,180,2
231,182,2
231,184,22
231,188,1
231,192,1
231,193,1
231,194,1
231,196,2
231,206,10
231,207,1
231,210,2
231,212,3
231,213,1
231,215,2
231,219,4
231,220,3
231,221,4
231,222,23
231,223,13
231,224,27
231,225,3
231,226,80
231,227,1
231,230,1
231,232,21
231,233,15
231,236,2
231,237,2
231,238,2
231,239,7
231,240,3
231,241,112
231,242,3
231,243,60
231,244,8
231,245,5
231,246,1
231,247,2
231,248,86
231,253,1
231,254,2
231,255,1
231,256,2
231,257,1
231,259,5
231,260,5
231,263,2
231,264,5
231,265,2
231,267,1
231,268,3
231,270,3
231,271,1
231,272,2
231,274,1
231,276,2
231,278,2
231,279,7
231,286,1
231,287,4
231,288,5
231,290,4
231,292,1
231,293,1
231,295,3
231,296,2
231,297,3
231,298,3
231,299,2
231,300,1
231,301,1
232,0,12
232,1,2
232,2,14
232,3,40
232,4,6
232,5,4
232,6,12
232,7,15
232,8,10
232,9,15
232,10,10
232,12,1
232,13,7
232,14,1
232,15,3
232,16,1
232,17,3
232,18,21
232,19,3
232,20,1
232,22,2
232,24,4
232,26,4
232,27,1
232,30,5
232,31,2
232,32,2
232,33,1
232,34,5
232,35,16
232,38,20
232,39,16
232,41,13
232,42,1
232,43,4
232,44,9
232,45,5
232,46,2
232,47,1
232,48,6
232,49,2
232,50,1
232,53,20
232,54,7
232,55,4
232,56,6
232,57,4
232,58,4
232,59,3
232,60,4
232,61,13
232,62,3
232,64,8
232,65,3
232,66,14
232,67,5
232,68,8
232,69,4
232,70,3
232,71,2
232,72,2
232,73,7
232,74,13
232,75,11
232,76,10
232,77,2
232,78,3
232,79,9
232,80,19
232,81,6
232,82,7
232,83,4
232,84,6
232,85,3
232,86,7
232,88,6
232,89,9
232,90,8
232,92,5
232,93,7
232,95,6
232,96,4
232,97,18
232,98,2
232,99,1
232,100,4
232,101,1
232,102,2
232,103,4
232,104,3
232,105,13
232,106,2
232,107,9
232,108,10
232,109,8
232,110,5
232,111,2
232,112,7
232,113,10
232,114,7
232,115,11
232,116,2
232,117,6
232,118,14
232,119,4
232,120,18
232,121,12
232,122,17
232,123,13
232,124,7
232,125,2
232,126,10
232,127,5
232,128,6
232,129,7
232,130,7
232,131,6
232,132,5
232,133,4
232,134,11
232,135,1
232,136,21
232,137,3
232,138,4
232,139,3
232,140,3
232,142,11
232,143,9
232,144,9
232,145,16
232,146,9
232,147,1
232,148,5
232,149,9
232,150,1
232,153,2
232,154,2
232,155,4
232,157,4
232,158,2
232,159,6
232,160,3
232,161,5
232,162,2
232,163,4
232,164,1
232,166,5
232,169,11
232,170,7
232,171,12
232,172,2
232,173,2
232,174,3
232,175,25
232,176,16
232,177,13
232,178,3
232,179,2
232,180,3
232,181,6
232,182,17
232,183,8
232,184,127
232,185,2
232,186,1
232,187,4
232,188,4
232,189,7
232,190,4
232,191,2
232,192,8
232,193,2
232,194,10
232,195,7
232,196,11
232,197,10
232,200,2
232,201,3
232,202,1
232,203,4
232,204,1
232,205,3
232,206,65
232,207,3
232,208,3
232,210,19
232,212,14
232,213,7
232,214,5
232,215,13
232,216,12
232,217,11
232,219,11
232,220,5
232,221,10
232,222,47
232,223,52
232,224,138
232,225,22
232,226,235
232,227,8
232,228,2
232,229,1
232,230,6
232,231,70
232,233,81
232,234,8
232,235,1
232,236,3
232,237,20
232,238,5
232,239,13
232,240,21
232,241,385
232,242,10
232,243,343
232,244,69
232,245,1
232,246,5
232,247,11
232,248,235
232,249,6
232,250,2
232,251,1
232,254,7
232,255,9
232,256,5
232,257,12
232,259,9
232,260,5
232,261,6
232,262,3
232,263,17
232,264,27
232,265,21
232,266,4
232,267,6
232,268,10
232,269,5
232,270,16
232,271,3
232,272,1
232,273,4
232,274,7
232,275,4
232,276,2
232,277,8
232,278,11
232,279,61
232,280,1
232,281,29
232,282,6
232,283,1
232,284,2
232,285,1
232,286,5
232,287,13
232,288,11
232,289,4
232,290,16
232,291,5
232,292,7
232,293,6
232,294,2
232,295,10
232,297,23
232,298,4
232,300,7
232,301,1
233,0,1
233,1,1
233,2,3
233,3,5
233,9,3
233,11,1
233,15,1
233,16,1
233,18,2
233,19,1
233,24,1
233,31,1
233,32,1
233,35,1
233,38,1
233,43,1
233,60,1
233,61,3
233,68,1
233,70,1
233,73,1
233,74,1
233,76,5
233,77,1
233,78,1
233,79,1
233,83,1
233,84,1
233,88,2
233,90,2
233,113,1
233,118,1
233,121,1
233,123,1
233,129,2
233,132,1
233,136,2
233,145,1
233,150,1
233,153,1
233,154,1
233,175,1
233,180,1
233,182,2
233,183,2
233,184,7
233,191,1
233,193,4
233,200,1
233,206,10
233,208,1
233,210,3
233,212,1
233,213,1
233,217,1
233,220,7
233,221,14
233,222,18
233,223,12
233,224,33
233,225,1
233,226,45
233,227,1
233,230,1
233,231,6
233,232,8
233,237,2
233,240,1
233,241,32
233,242,1
233,243,24
233,244,8
233,246,2
233,247,1
233,248,32
233,254,1
233,257,1
233,258,1
233,261,1
233,263,3
233,265,1
233,268,3
233,270,1
233,274,1
233,275,1
233,277,1
233,279,4
233,281,8
233,283,1
233,285,1
233,288,8
233,289,1
233,290,2
233,292,2
233,293,2
233,295,1
233,297,1
233,299,1
234,0,5
234,1,40
234,2,11
234,3,24
234,4,19
234,5,5
234,6,5
234,7,20
234,8,12
234,9,4
234,10,6
234,12,5
234,13,1
234,15,2
234,16,2
234,17,3
234,18,6
234,19,2
234,20,4
234,21,1
234,22,5
234,23,8
234,24,8
234,25,5
234,26,6
234,27,2
234,29,2
234,30,10
234,31,4
234,32,1
234,34,9
234,35,15
234,36,2
234,38,1
234,39,7
234,40,1
234,41,3
234,42,1
234,43,10
234,44,14
234,47,2
234,49,1
234,50,2
234,53,1
234,55,1
234,56,2
234,57,1
234,58,4
234,59,4
234,60,10
234,61,33
234,62,12
234,64,6
234,65,15
234,66,5
234,67,1
234,68,4
234,69,4
234,70,8
234,71,6
234,72,3
234,73,12
234,74,16
234,75,1
234,76,3
234,77,4
234,78,1
234,79,15
234,80,6
234,81,14
234,83,5
234,84,7
234,85,2
234,86,5
234,87,1
234,88,2
234,89,7
234,90,9
234,91,6
234,93,15
234,94,2
234,95,3
234,96,8
234,97,29
234,98,5
234,99,4
234,100,6
234,101,2
234,102,2
234,103,9
234,104,2
234,105,6
234,106,3
234,107,5
234,108,5
234,109,6
234,110,6
234,111,1
234,112,6
234,113,8
234,114,4
234,115,10
234,116,3
234,117,2
234,118,4
234,119,5
234,120,6
234,121,12
234,122,9
234,123,4
234,124,4
234,125,6
234,126,10
234,127,12
234,128,10
234,129,9
234,130,1
234,131,20
234,132,6
234,133,5
234,134,5
234,135,2
234,136,11
234,137,1
234,138,31
234,139,18
234,140,7
234,141,3
234,142,8
234,143,14
234,144,19
234,145,34
234,146,16
234,147,3
234,148,13
234,149,10
234,151,1
234,153,5
234,154,1
234,155,13
234,157,10
234,158,6
234,159,10
234,161,14
234,162,6
234,163,20
234,164,2
234,165,3
234,166,7
234,168,1
234,169,4
234,170,4
234,171,4
234,173,1
234,174,2
234,175,34
234,176,16
234,177,13
234,178,2
234,179,3
234,180,10
234,181,2
234,182,24
234,183,15
234,184,3
234,185,12
234,186,2
234,187,4
234,188,7
234,189,4
234,190,2
234,191,3
234,192,13
234,193,8
234,194,7
234,195,6
234,196,14
234,197,5
234,198,3
234,199,1
234,200,3
234,203,4
234,204,1
234,205,7
234,206,7
234,208,4
234,209,1
234,210,12
234,212,1
234,213,3
234,214,5
234,215,7
234,216,2
234,217,6
234,219,9
234,220,1
234,221,1
234,222,1
234,223,5
234,224,4
234,225,10
234,226,4
234,227,28
234,228,7
234,229,34
234,230,34
234,231,2
234,232,8
234,235,53
234,236,46
234,237,4
234,238,30
234,239,7
234,240,31
234,241,6
234,242,7
234,243,13
234,244,9
234,245,1
234,246,5
234,247,1
234,248,5
234,249,5
234,250,1
234,251,7
234,252,1
234,254,10
234,255,17
234,256,35
234,257,7
234,258,3
234,259,10
234,260,12
234,261,20
234,262,10
234,263,16
234,264,61
234,265,29
234,266,8
234,267,4
234,268,8
234,269,84
234,270,13
234,271,3
234,272,8
234,273,32
234,274,5
234,275,9
234,276,11
234,277,4
234,278,14
234,279,12
234,281,22
234,282,6
234,283,22
234,284,12
234,285,4
234,286,27
234,287,9
234,288,63
234,289,28
234,290,19
234,291,1
234,292,8
234,293,4
234,294,2
234,295,16
234,296,3
234,297,19
234,298,9
234,299,1
234,300,8
234,301,30
235,0,5
235,1,6
235,2,15
235,3,7
235,4,11
235,5,3
235,7,9
235,8,10
235,9,2
235,10,3
235,11,2
235,12,3
235,13,2
235,15,1
235,17,1
235,18,1
235,19,1
235,20,1
235,21,3
235,22,1
235,23,2
235,24,1
235,25,2
235,26,3
235,29,2
235,30,3
235,31,3
235,32,2
235,34,7
235,35,2
235,38,1
235,39,2
235,41,3
235,43,1
235,44,7
235,45,1
235,48,1
235,51,1
235,53,3
235,55,1
235,57,3
235,58,2
235,59,5
235,60,1
235,61,18
235,62,7
235,64,4
235,65,2
235,66,2
235,67,1
235,70,4
235,71,1
235,73,8
235,74,8
235,75,4
235,76,1
235,77,2
235,78,2
235,79,11
235,80,5
235,81,4
235,82,5
235,83,4
235,84,2
235,85,1
235,86,4
235,88,1
235,89,3
235,90,3
235,91,4
235,93,2
235,95,1
235,96,4
235,97,14
235,98,3
235,99,4
235,100,4
235,101,4
235,102,2
235,104,5
235,105,3
235,106,4
235,107,1
235,108,2
235,110,3
235,111,2
235,113,3
235,114,5
235,115,1
235,116,3
235,117,1
235,118,4
235,119,1
235,120,5
235,121,6
235,122,4
235,123,6
235,124,2
235,125,1
235,126,3
235,127,9
235,128,14
235,129,9
235,130,5
235,131,1
235,132,3
235,133,3
235,134,4
235,136,3
235,137,1
235,138,8
235,139,2
235,140,4
235,142,1
235,143,6
235,144,2
235,145,8
235,146,1
235,147,2
235,148,6
235,149,1
235,150,2
235,153,3
235,155,3
235,156,3
235,157,4
235,158,3
235,159,7
235,161,4
235,162,1
235,163,5
235,165,1
235,166,5
235,167,1
235,169,5
235,170,2
235,171,3
235,172,1
235,175,29
235,176,9
235,177,1
235,178,4
235,180,7
235,182,26
235,183,27
235,184,2
235,185,3
235,186,3
235,187,1
235,188,14
235,189,1
235,190,3
235,192,4
235,194,5
235,195,3
235,196,3
235,197,2
235,200,1
235,201,2
235,205,3
235,206,1
235,208,2
235,210,5
235,212,6
235,214,1
235,215,4
235,216,2
235,217,4
235,219,3
235,225,2
235,226,3
235,227,4
235,228,1
235,229,10
235,230,19
235,231,1
235,234,44
235,236,24
235,237,15
235,238,22
235,239,22
235,240,1
235,241,3
235,242,6
235,243,9
235,246,1
235,247,2
235,248,3
235,249,4
235,250,2
235,251,2
235,252,3
235,254,3
235,255,9
235,256,30
235,257,2
235,259,8
235,260,5
235,261,10
235,262,15
235,263,10
235,264,12
235,265,20
235,266,4
235,267,5
235,268,10
235,269,30
235,270,13
235,271,4
235,272,3
235,273,18
235,274,3
235,275,3
235,277,1
235,278,8
235,279,9
235,281,8
235,282,3
235,283,12
235,284,3
235,285,4
235,286,7
235,287,3
235,288,13
235,289,29
235,290,25
235,291,1
235,292,8
235,293,2
235,295,9
235,296,1
235,297,13
235,298,5
235,299,4
235,300,13
235,301,1
236,0,25
236,1,16
236,2,20
236,3,24
236,4,17
236,5,9
236,6,3
236,7,26
236,8,28
236,10,5
236,12,1
236,13,3
236,14,1
236,15,3
236,16,4
236,17,1
236,18,4
236,19,1
236,20,3
236,21,4
236,22,1
236,23,3
236,24,5
236,25,2
236,26,8
236,28,1
236,29,2
236,30,5
236,31,8
236,34,5
236,35,7
236,38,2
236,39,30
236,41,9
236,42,1
236,43,10
236,44,10
236,46,1
236,47,2
236,48,3
236,50,1
236,53,3
236,55,3
236,56,6
236,57,1
236,58,10
236,59,3
236,60,18
236,61,47
236,62,16
236,63,1
236,64,7
236,65,6
236,66,7
236,67,2
236,68,3
236,69,2
236,70,6
236,71,6
236,73,8
236,74,12
236,75,3
236,76,5
236,77,1
236,78,2
236,79,19
236,80,11
236,81,6
236,82,5
236,83,7
236,84,3
236,85,1
236,86,4
236,88,7
236,89,3
236,90,3
236,93,2
236,94,1
236,95,3
236,96,4
236,97,39
236,98,3
236,99,3
236,100,4
236,101,16
236,102,8
236,103,6
236,105,8
236,106,10
236,107,5
236,108,3
236,109,3
236,110,4
236,111,1
236,112,2
236,113,9
236,114,22
236,115,8
236,116,1
236,117,9
236,118,11
236,119,5
236,120,12
236,121,16
236,122,6
236,123,12
236,124,4
236,125,2
236,126,16
236,127,14
236,128,11
236,129,17
236,130,6
236,131,10
236,132,10
236,133,8
236,134,5
236,135,1
236,136,17
236,137,1
236,138,8
236,139,2
236,140,1
236,141,1
236,142,9
236,143,6
236,144,5
236,145,12
236,146,7
236,148,12
236,149,5
236,150,2
236,151,2
236,153,7
236,154,2
236,155,5
236,156,1
236,157,10
236,158,1
236,159,2
236,160,1
236,161,4
236,163,7
236,164,1
236,165,1
236,166,5
236,168,1
236,169,2
236,170,1
236,171,3
236,173,1
236,174,1
236,175,41
236,176,27
236,177,18
236,178,5
236,179,2
236,180,16
236,181,2
236,182,33
236,183,37
236,184,3
236,185,2
236,187,2
236,188,20
236,189,7
236,190,3
236,191,2
236,192,16
236,193,1
236,194,4
236,195,10
236,196,13
236,197,10
236,198,2
236,199,1
236,200,3
236,201,1
236,202,1
236,204,2
236,205,2
236,206,4
236,207,20
236,208,5
236,210,11
236,211,2
236,212,9
236,213,6
236,214,9
236,215,9
236,216,4
236,217,11
236,218,1
236,219,6
236,222,2
236,223,1
236,224,1
236,225,6
236,226,4
236,227,17
236,228,16
236,229,26
236,230,19
236,231,3
236,232,5
236,233,1
236,234,57
236,235,38
236,237,115
236,238,31
236,239,3
236,240,1
236,241,12
236,242,18
236,243,8
236,245,4
236,246,8
236,247,4
236,248,11
236,249,4
236,250,3
236,251,13
236,252,3
236,254,10
236,255,13
236,256,67
236,257,5
236,258,2
236,259,16
236,260,16
236,261,35
236,262,14
236,263,23
236,264,21
236,265,63
236,266,4
236,268,11
236,269,51
236,270,33
236,271,5
236,272,7
236,273,17
236,274,7
236,275,7
236,276,2
236,277,12
236,278,14
236,279,19
236,280,4
236,281,30
236,282,13
236,283,24
236,284,6
236,285,22
236,286,13
236,287,7
236,288,16
236,289,34
236,290,16
236,291,6
236,292,16
236,293,6
236,295,14
236,296,7
236,297,27
236,298,28
236,299,13
236,300,32
236,301,9
237,0,78
237,1,19
237,2,80
237,3,71
237,4,61
237,5,52
237,6,53
237,7,39
237,8,132
237,9,15
237,10,9
237,12,10
237,13,8
237,15,5
237,16,3
237,17,7
237,18,79
237,19,5
237,20,31
237,21,13
237,22,8
237,23,4
237,24,16
237,25,10
237,26,23
237,27,4
237,28,3
237,29,13
237,30,9
237,31,18
237,32,3
237,34,43
237,35,37
237,36,4
237,38,27
237,39,130
237,41,27
237,42,1
237,43,10
237,44,20
237,45,5
237,46,1
237,47,4
237,48,5
237,49,6
237,50,6
237,51,2
237,53,16
237,54,10
237,55,21
237,56,12
237,57,15
237,58,10
237,59,9
237,60,40
237,61,94
237,62,51
237,63,4
237,64,4
237,65,11
237,66,51
237,67,6
237,68,41
237,69,12
237,70,20
237,71,14
237,72,14
237,73,35
237,74,50
237,75,19
237,76,33
237,77,17
237,78,9
237,79,46
237,80,30
237,81,29
237,82,9
237,83,29
237,84,24
237,85,10
237,86,18
237,88,31
237,89,20
237,90,24
237,91,1
237,92,5
237,93,11
237,94,1
237,95,18
237,96,9
237,97,72
237,98,12
237,99,18
237,100,36
237,101,21
237,102,16
237,103,19
237,104,21
237,105,32
237,106,30
237,107,6
237,108,29
237,109,32
237,110,11
237,111,5
237,112,14
237,113,38
237,114,36
237,115,32
237,116,17
237,117,20
237,118,21
237,119,14
237,120,50
237,121,87
237,122,38
237,123,23
237,124,13
237,125,5
237,126,43
237,127,31
237,128,34
237,129,32
237,130,13
237,131,20
237,132,24
237,133,17
237,134,23
237,135,2
237,136,53
237,137,11
237,138,22
237,139,11
237,140,16
237,141,6
237,142,33
237,143,42
237,144,24
237,145,38
237,146,21
237,147,1
237,148,23
237,149,29
237,150,2
237,151,1
237,152,3
237,153,3
237,154,16
237,155,18
237,156,2
237,157,32
237,158,9
237,159,20
237,160,9
237,161,21
237,162,7
237,163,26
237,164,7
237,165,16
237,166,24
237,167,6
237,168,8
237,169,31
237,170,20
237,171,25
237,173,8
237,174,21
237,175,73
237,176,47
237,177,36
237,178,19
237,179,9
237,180,23
237,181,4
237,182,84
237,183,74
237,184,71
237,185,9
237,186,3
237,187,10
237,188,41
237,189,19
237,190,12
237,191,3
237,192,47
237,193,14
237,194,22
237,195,35
237,196,32
237,197,13
237,198,6
237,200,4
237,201,5
237,202,5
237,203,12
237,204,1
237,205,4
237,206,129
237,207,15
237,208,20
237,209,1
237,210,59
237,211,4
237,212,41
237,213,10
237,214,28
237,215,38
237,216,38
237,217,40
237,218,2
237,219,40
237,220,2
237,221,14
237,222,37
237,223,35
237,224,62
237,225,43
237,226,74
237,227,19
237,228,41
237,229,33
237,230,23
237,231,40
237,232,64
237,233,35
237,234,24
237,235,14
237,236,63
237,238,18
237,239,134
237,240,99
237,241,151
237,242,34
237,243,209
237,244,28
237,245,25
237,246,32
237,247,18
237,248,176
237,249,27
237,250,7
237,251,29
237,252,8
237,253,7
237,254,26
237,255,21
237,256,89
237,257,87
237,258,5
237,259,65
237,260,33
237,261,53
237,262,51
237,263,35
237,264,80
237,265,115
237,266,29
237,267,3
237,268,22
237,269,31
237,270,53
237,271,32
237,272,15
237,273,52
237,274,36
237,275,22
237,276,15
237,277,7
237,278,42
237,279,191
237,280,3
237,281,74
237,282,63
237,283,27
237,284,1
237,285,41
237,286,23
237,287,142
237,288,33
237,289,91
237,290,155
237,291,8
237,292,28
237,293,18
237,294,6
237,295,93
237,296,7
237,297,31
237,298,20
237,299,12
237,300,19
237,301,13
238,0,18
238,1,18
238,2,18
238,3,32
238,4,7
238,5,5
238,6,7
238,7,36
238,8,26
238,9,4
238,10,7
238,11,1
238,12,1
238,13,5
238,15,4
238,16,8
238,18,5
238,20,3
238,21,1
238,23,5
238,24,3
238,25,5
238,26,3
238,27,1
238,29,1
238,30,4
238,31,7
238,32,4
238,33,1
238,34,8
238,37,1
238,38,1
238,39,3
238,41,2
238,43,3
238,44,4
238,45,2
238,46,2
238,47,4
238,49,2
238,50,1
238,52,1
238,53,12
238,54,1
238,55,2
238,56,5
238,57,1
238,58,2
238,59,3
238,60,40
238,61,50
238,62,28
238,63,1
238,64,7
238,65,5
238,66,12
238,67,5
238,68,5
238,69,3
238,70,8
238,71,5
238,72,2
238,73,6
238,74,16
238,75,6
238,76,11
238,77,9
238,78,6
238,79,22
238,80,10
238,81,13
238,82,6
238,83,9
238,84,5
238,85,6
238,86,7
238,88,4
238,89,3
238,90,16
238,91,3
238,93,1
238,94,2
238,95,7
238,96,8
238,97,28
238,98,6
238,99,8
238,100,12
238,101,7
238,102,2
238,103,2
238,104,5
238,105,9
238,106,12
238,108,3
238,109,8
238,110,3
238,111,5
238,112,8
238,113,18
238,114,12
238,115,14
238,116,7
238,117,7
238,118,19
238,119,9
238,120,19
238,121,13
238,122,22
238,123,15
238,124,3
238,125,5
238,126,8
238,127,6
238,128,12
238,129,27
238,130,14
238,131,22
238,132,11
238,133,6
238,134,16
238,135,1
238,136,30
238,137,46
238,138,13
238,139,3
238,140,8
238,141,2
238,142,9
238,143,6
238,144,5
238,145,14
238,146,6
238,148,2
238,149,10
238,150,3
238,151,2
238,152,3
238,153,4
238,154,5
238,155,5
238,157,9
238,158,4
238,159,6
238,160,7
238,161,9
238,162,4
238,163,9
238,164,4
238,165,6
238,166,4
238,168,2
238,169,15
238,170,4
238,171,6
238,173,2
238,174,2
238,175,22
238,176,21
238,177,10
238,178,11
238,179,7
238,180,5
238,181,6
238,182,32
238,183,15
238,184,6
238,185,6
238,186,1
238,187,2
238,188,7
238,189,17
238,190,3
238,191,8
238,192,5
238,193,11
238,194,14
238,195,9
238,196,15
238,197,9
238,198,5
238,200,6
238,201,4
238,203,4
238,205,1
238,206,8
238,208,2
238,210,20
238,211,2
238,212,41
238,213,15
238,214,5
238,215,1
238,216,10
238,217,25
238,218,3
238,219,23
238,221,3
238,222,8
238,223,6
238,224,16
238,225,21
238,226,27
238,227,22
238,228,7
238,229,14
238,230,27
238,231,8
238,232,6
238,233,2
238,234,37
238,235,40
238,236,44
238,237,18
238,239,1
238,240,4
238,241,40
238,242,16
238,243,40
238,244,9
238,245,3
238,246,9
238,247,1
238,248,20
238,249,5
238,250,7
238,251,5
238,252,3
238,253,2
238,254,13
238,255,27
238,256,41
238,257,11
238,258,5
238,259,14
238,260,58
238,261,51
238,262,2
238,263,43
238,264,20
238,265,73
238,266,5
238,267,4
238,268,9
238,269,21
238,270,19
238,271,2
238,272,11
238,273,15
238,274,11
238,275,9
238,276,4
238,277,8
238,278,27
238,279,173
238,280,1
238,281,43
238,282,12
238,283,107
238,284,14
238,285,22
238,286,16
238,287,14
238,288,21
238,289,16
238,290,24
238,291,14
238,292,28
238,293,3
238,294,1
238,295,15
238,296,4
238,297,64
238,298,34
238,299,16
238,300,36
238,301,10
239,0,9
239,1,10
239,2,9
239,3,14
239,4,29
239,5,7
239,6,9
239,7,5
239,8,17
239,9,3
239,10,1
239,16,1
239,17,3
239,18,37
239,19,1
239,20,33
239,21,1
239,22,2
239,24,1
239,25,5
239,26,3
239,29,1
239,30,6
239,31,1
239,34,5
239,35,3
239,36,2
239,38,8
239,39,19
239,40,1
239,41,4
239,42,4
239,43,11
239,44,12
239,45,4
239,47,2
239,50,2
239,53,4
239,54,5
239,55,1
239,56,2
239,57,1
239,58,6
239,60,3
239,61,15
239,62,7
239,63,1
239,64,6
239,65,3
239,66,5
239,67,1
239,68,6
239,69,11
239,70,4
239,71,8
239,72,2
239,73,8
239,74,15
239,75,5
239,76,4
239,77,2
239,78,4
239,79,11
239,80,10
239,81,3
239,82,5
239,83,3
239,84,3
239,85,1
239,86,5
239,88,4
239,89,3
239,90,6
239,92,2
239,93,7
239,95,2
239,96,3
239,97,19
239,99,4
239,100,4
239,101,3
239,102,3
239,103,3
239,104,1
239,105,3
239,106,2
239,107,2
239,108,5
239,109,6
239,110,2
239,112,4
239,113,8
239,114,2
239,115,5
239,117,6
239,118,2
239,119,3
239,120,7
239,121,10
239,122,3
239,123,6
239,124,3
239,125,2
239,126,3
239,127,14
239,128,10
239,129,6
239,130,3
239,131,7
239,132,4
239,133,8
239,134,9
239,135,2
239,136,10
239,137,1
239,138,27
239,139,2
239,140,4
239,141,2
239,142,17
239,143,9
239,144,8
239,145,14
239,146,15
239,148,6
239,149,3
239,150,1
239,153,3
239,154,1
239,155,9
239,156,5
239,157,3
239,158,4
239,159,15
239,160,3
239,161,3
239,162,4
239,163,4
239,164,6
239,165,4
239,166,4
239,168,2
239,169,5
239,170,5
239,171,6
239,172,1
239,174,6
239,175,21
239,176,10
239,177,9
239,178,7
239,179,1
239,180,4
239,182,27
239,183,21
239,184,9
239,185,4
239,186,1
239,187,1
239,188,16
239,189,5
239,192,4
239,193,6
239,194,2
239,195,4
239,196,4
239,197,4
239,198,3
239,200,2
239,201,1
239,202,2
239,206,22
239,210,11
239,211,1
239,212,7
239,213,8
239,214,3
239,215,6
239,216,5
239,217,3
239,218,1
239,219,3
239,221,1
239,222,10
239,223,8
239,224,13
239,225,6
239,226,17
239,227,10
239,228,4
239,229,6
239,230,9
239,231,5
239,232,13
239,233,4
239,234,11
239,235,29
239,236,5
239,237,30
239,238,3
239,240,69
239,241,39
239,242,8
239,243,36
239,244,8
239,245,5
239,246,1
239,247,3
239,248,26
239,249,5
239,250,3
239,251,2
239,252,1
239,254,2
239,255,5
239,256,25
239,257,17
239,259,8
239,260,3
239,261,5
239,262,19
239,263,4
239,264,48
239,265,29
239,266,4
239,267,1
239,268,9
239,269,11
239,270,27
239,271,12
239,272,2
239,273,48
239,274,4
239,275,8
239,276,1
239,277,2
239,278,13
239,279,31
239,280,3
239,281,7
239,282,15
239,283,2
239,284,2
239,285,7
239,286,12
239,287,14
239,288,3
239,289,57
239,290,40
239,292,12
239,293,3
239,294,1
239,295,31
239,296,1
239,297,4
239,298,2
239,299,7
239,300,3
239,301,2
240,0,60
240,1,38
240,2,24
240,3,55
240,4,115
240,5,17
240,6,6
240,7,21
240,8,22
240,9,8
240,10,4
240,12,7
240,13,4
240,15,5
240,16,7
240,17,15
240,18,123
240,19,12
240,20,12
240,21,3
240,22,13
240,23,4
240,24,5
240,25,5
240,26,14
240,27,7
240,28,1
240,29,2
240,30,33
240,31,15
240,32,4
240,33,1
240,34,29
240,35,30
240,36,5
240,37,3
240,38,24
240,39,97
240,41,19
240,42,3
240,43,20
240,44,69
240,45,11
240,46,1
240,47,7
240,48,3
240,49,1
240,50,1
240,52,2
240,53,7
240,54,6
240,55,11
240,56,12
240,57,8
240,58,42
240,59,42
240,60,22
240,61,61
240,62,32
240,64,29
240,65,13
240,66,26
240,67,1
240,68,15
240,69,20
240,70,22
240,71,22
240,72,2
240,73,55
240,74,108
240,75,11
240,76,15
240,77,7
240,78,4
240,79,45
240,80,20
240,81,31
240,82,12
240,83,18
240,84,17
240,85,6
240,86,9
240,87,3
240,88,15
240,89,11
240,90,16
240,91,30
240,92,2
240,93,55
240,94,7
240,95,12
240,96,49
240,97,128
240,98,8
240,99,7
240,100,25
240,101,20
240,102,13
240,103,13
240,104,10
240,105,7
240,106,15
240,107,14
240,108,12
240,109,15
240,110,16
240,111,2
240,112,9
240,113,27
240,114,14
240,115,15
240,116,8
240,117,11
240,118,19
240,119,11
240,120,24
240,121,41
240,122,43
240,123,17
240,124,14
240,125,26
240,126,22
240,127,82
240,128,57
240,129,21
240,130,3
240,131,14
240,132,10
240,133,3
240,134,14
240,135,5
240,136,51
240,137,6
240,138,148
240,139,301
240,140,66
240,141,12
240,142,61
240,143,52
240,144,79
240,145,101
240,146,91
240,147,10
240,148,50
240,149,60
240,150,8
240,151,1
240,153,5
240,154,5
240,155,78
240,156,8
240,157,22
240,158,34
240,159,48
240,160,8
240,161,21
240,162,24
240,163,12
240,164,29
240,165,14
240,166,23
240,167,2
240,168,15
240,169,20
240,170,10
240,171,23
240,172,3
240,173,33
240,174,17
240,175,136
240,176,59
240,177,44
240,178,40
240,179,8
240,180,24
240,181,2
240,182,74
240,183,56
240,184,36
240,185,8
240,186,1
240,187,8
240,188,16
240,189,10
240,190,9
240,191,2
240,192,28
240,193,6
240,194,14
240,195,35
240,196,23
240,197,13
240,198,7
240,199,4
240,200,7
240,201,6
240,202,4
240,203,6
240,204,1
240,205,7
240,206,83
240,207,2
240,208,6
240,209,1
240,210,24
240,211,6
240,212,20
240,213,8
240,214,11
240,215,46
240,216,24
240,217,34
240,218,5
240,219,33
240,220,2
240,221,14
240,222,20
240,223,15
240,224,49
240,225,22
240,226,57
240,227,55
240,228,18
240,229,53
240,230,50
240,231,19
240,232,63
240,233,17
240,234,30
240,235,9
240,236,14
240,237,94
240,238,16
240,239,180
240,241,105
240,242,44
240,243,138
240,244,26
240,245,8
240,246,14
240,247,11
240,248,104
240,249,6
240,250,5
240,251,11
240,252,3
240,253,1
240,254,19
240,255,27
240,256,38
240,257,50
240,258,3
240,259,40
240,260,12
240,261,19
240,262,35
240,263,22
240,264,366
240,265,88
240,266,13
240,267,11
240,268,7
240,269,38
240,270,39
240,271,16
240,272,12
240,273,42
240,274,17
240,275,15
240,276,22
240,277,9
240,278,27
240,279,94
240,280,1
240,281,39
240,282,13
240,283,5
240,284,15
240,285,15
240,286,40
240,287,54
240,288,34
240,289,27
240,290,138
240,291,1
240,292,17
240,293,5
240,294,5
240,295,28
240,296,11
240,297,9
240,298,6
240,299,10
240,300,7
240,301,24
241,0,5
241,1,1
241,2,4
241,3,14
241,4,3
241,6,5
241,8,3
241,15,2
241,18,1
241,21,1
241,25,1
241,30,1
241,34,3
241,35,2
241,39,8
241,42,2
241,43,1
241,44,2
241,45,1
241,47,2
241,53,2
241,54,1
241,55,2
241,58,2
241,59,1
241,60,1
241,61,3
241,65,4
241,66,5
241,68,2
241,70,1
241,73,3
241,74,4
241,76,3
241,77,3
241,78,1
241,79,4
241,80,3
241,81,1
241,84,1
241,85,1
241,86,1
241,87,1
241,88,1
241,89,2
241,91,1
241,92,1
241,93,1
241,94,1
241,97,2
241,105,1
241,108,2
241,109,2
241,112,2
241,113,1
241,115,2
241,116,4
241,117,2
241,118,2
241,119,2
241,120,1
241,121,2
241,122,4
241,123,1
241,126,2
241,128,3
241,129,1
241,131,1
241,134,3
241,136,5
241,137,2
241,138,2
241,140,1
241,142,1
241,143,2
241,144,3
241,145,2
241,147,1
241,149,2
241,150,1
241,152,1
241,153,5
241,154,2
241,155,2
241,156,2
241,161,4
241,162,1
241,167,3
241,169,1
241,170,1
241,171,1
241,175,8
241,176,1
241,177,1
241,178,1
241,182,4
241,183,2
241,184,38
241,186,1
241,188,1
241,191,1
241,192,1
241,193,3
241,194,2
241,195,1
241,196,6
241,197,3
241,200,2
241,205,1
241,206,34
241,207,1
241,210,5
241,212,2
241,213,2
241,214,1
241,215,4
241,216,5
241,217,1
241,219,2
241,220,6
241,221,27
241,222,48
241,223,42
241,224,91
241,226,84
241,230,2
241,231,20
241,232,32
241,233,58
241,234,3
241,236,2
241,237,11
241,238,5
241,239,3
241,240,7
241,243,126
241,244,22
241,245,2
241,246,1
241,247,2
241,248,148
241,249,1
241,251,2
241,254,1
241,255,2
241,257,8
241,259,3
241,260,9
241,261,2
241,262,4
241,263,3
241,264,6
241,265,5
241,267,1
241,268,13
241,269,1
241,270,3
241,271,3
241,273,3
241,274,1
241,275,1
241,279,17
241,280,1
241,281,10
241,282,4
241,283,4
241,284,1
241,285,3
241,287,15
241,288,17
241,289,8
241,290,5
241,292,5
241,293,3
241,295,1
241,297,4
241,298,3
241,300,4
242,0,4
242,2,6
242,3,3
242,4,4
242,5,6
242,6,7
242,7,4
242,8,9
242,10,1
242,11,1
242,15,1
242,16,3
242,18,1
242,20,3
242,21,6
242,23,13
242,24,10
242,25,13
242,26,9
242,29,2
242,30,2
242,32,1
242,34,16
242,35,2
242,38,4
242,41,2
242,42,1
242,43,2
242,44,3
242,53,4
242,58,2
242,60,3
242,61,5
242,62,1
242,64,1
242,66,3
242,67,4
242,68,1
242,70,1
242,71,1
242,72,2
242,75,1
242,76,4
242,77,3
242,79,7
242,80,3
242,81,2
242,83,2
242,84,6
242,85,2
242,86,2
242,88,1
242,90,1
242,92,1
242,95,2
242,97,15
242,98,3
242,99,1
242,100,1
242,101,1
242,102,1
242,105,2
242,106,1
242,107,2
242,109,1
242,112,1
242,115,3
242,116,1
242,118,2
242,119,1
242,121,2
242,122,1
242,125,1
242,126,3
242,129,5
242,131,6
242,132,2
242,133,2
242,134,4
242,136,8
242,138,5
242,139,3
242,140,2
242,142,3
242,143,4
242,144,2
242,145,3
242,148,2
242,149,3
242,150,1
242,153,3
242,154,3
242,157,1
242,160,2
242,161,4
242,163,2
242,165,1
242,166,3
242,169,1
242,170,1
242,171,2
242,174,3
242,175,12
242,176,8
242,177,5
242,178,4
242,179,1
242,180,5
242,181,1
242,182,16
242,183,21
242,184,1
242,185,1
242,187,2
242,188,9
242,189,1
242,190,11
242,191,4
242,192,20
242,193,20
242,194,18
242,195,8
242,196,5
242,197,1
242,200,1
242,201,1
242,203,6
242,205,3
242,206,2
242,208,7
242,210,2
242,213,1
242,214,21
242,215,4
242,216,3
242,217,5
242,219,5
242,224,1
242,225,3
242,226,2
242,227,6
242,228,22
242,229,1
242,230,3
242,233,1
242,234,2
242,235,1
242,236,2
242,237,4
242,238,3
242,239,7
242,240,7
242,241,1
242,243,3
242,244,1
242,245,22
242,247,1
242,248,5
242,249,34
242,251,23
242,252,1
242,254,26
242,255,3
242,256,7
242,257,2
242,258,4
242,259,86
242,261,2
242,262,14
242,263,3
242,264,2
242,265,10
242,266,3
242,267,3
242,268,3
242,269,1
242,270,11
242,271,2
242,272,23
242,273,13
242,274,1
242,275,17
242,276,2
242,277,2
242,278,2
242,279,5
242,280,1
242,281,3
242,282,7
242,283,3
242,284,1
242,285,1
242,287,7
242,288,10
242,289,26
242,290,19
242,291,2
242,292,5
242,293,8
242,295,7
242,297,2
242,299,2
242,301,11
243,0,10
243,1,3
243,2,12
243,3,30
243,4,1
243,5,3
243,6,13
243,7,4
243,8,8
243,10,2
243,13,2
243,16,2
243,17,1
243,18,8
243,20,3
243,21,1
243,22,2
243,23,1
243,24,1
243,25,4
243,26,3
243,30,2
243,31,1
243,34,6
243,35,3
243,37,1
243,38,3
243,39,11
243,41,3
243,42,1
243,43,4
243,44,2
243,45,1
243,47,4
243,49,1
243,51,4
243,54,4
243,55,2
243,56,2
243,57,4
243,58,3
243,59,1
243,60,4
243,61,19
243,62,8
243,63,1
243,64,1
243,66,9
243,67,1
243,68,7
243,70,2
243,71,1
243,72,2
243,73,2
243,74,2
243,75,6
243,76,2
243,77,3
243,78,1
243,79,6
243,80,5
243,81,6
243,82,2
243,84,3
243,86,4
243,87,1
243,88,2
243,90,4
243,91,1
243,92,1
243,93,2
243,95,1
243,97,5
243,98,1
243,99,3
243,100,8
243,101,4
243,104,4
243,105,1
243,106,2
243,108,1
243,109,1
243,110,3
243,111,1
243,112,2
243,113,7
243,114,1
243,115,4
243,116,3
243,117,3
243,118,2
243,119,3
243,120,2
243,121,11
243,122,9
243,123,2
243,124,1
243,125,3
243,126,11
243,127,4
243,128,2
243,129,10
243,130,1
243,131,1
243,133,3
243,134,8
243,135,1
243,136,7
243,137,4
243,138,7
243,140,1
243,142,3
243,143,5
243,144,3
243,145,8
243,146,2
243,148,2
243,149,3
243,151,2
243,153,11
243,154,4
243,155,3
243,159,2
243,161,2
243,162,1
243,163,5
243,165,1
243,166,1
243,167,3
243,169,4
243,170,4
243,171,2
243,174,1
243,175,11
243,176,4
243,177,7
243,178,2
243,179,3
243,181,2
243,182,4
243,183,6
243,184,72
243,186,1
243,187,2
243,189,1
243,190,1
243,191,1
243,192,5
243,194,6
243,195,4
243,196,1
243,197,1
243,198,3
243,199,1
243,200,1
243,201,2
243,202,1
243,204,1
243,205,2
243,206,56
243,207,2
243,210,8
243,211,3
243,212,7
243,213,2
243,214,3
243,215,11
243,216,4
243,217,5
243,218,2
243,219,1
243,220,18
243,221,42
243,222,101
243,223,50
243,224,167
243,225,7
243,226,168
243,227,3
243,228,7
243,229,5
243,230,4
243,231,40
243,232,39
243,233,77
243,234,2
243,235,1
243,236,2
243,237,16
243,238,4
243,239,17
243,240,10
243,241,278
243,242,4
243,244,59
243,245,3
243,246,4
243,247,2
243,248,288
243,249,2
243,250,3
243,251,3
243,254,5
243,255,4
243,256,4
243,257,17
243,258,2
243,259,8
243,260,3
243,261,20
243,262,5
243,263,9
243,264,10
243,265,13
243,266,4
243,267,3
243,268,23
243,269,2
243,270,4
243,271,6
243,272,1
243,273,12
243,274,5
243,275,4
243,276,1
243,277,3
243,278,11
243,279,50
243,280,1
243,281,27
243,282,5
243,283,6
243,284,1
243,285,4
243,286,2
243,287,11
243,288,31
243,289,11
243,290,8
243,291,1
243,292,5
243,293,3
243,295,8
243,296,1
243,297,6
243,298,9
243,299,1
243,300,9
244,0,1
244,2,2
244,3,12
244,4,5
244,5,2
244,6,5
244,7,3
244,8,4
244,9,1
244,11,1
244,18,5
244,19,1
244,24,1
244,30,2
244,32,1
244,34,3
244,35,2
244,38,3
244,39,6
244,41,4
244,43,1
244,44,1
244,45,2
244,47,1
244,49,1
244,53,2
244,54,1
244,56,2
244,57,1
244,62,1
244,66,1
244,68,1
244,69,3
244,73,2
244,74,1
244,75,1
244,76,2
244,78,1
244,81,1
244,82,1
244,83,2
244,84,3
244,85,2
244,86,2
244,88,2
244,89,3
244,91,1
244,93,2
244,97,4
244,98,2
244,100,1
244,101,8
244,103,1
244,108,1
244,109,3
244,110,1
244,112,2
244,113,3
244,114,1
244,115,1
244,116,1
244,118,1
244,119,2
244,120,2
244,121,1
244,122,3
244,126,3
244,128,1
244,129,2
244,130,2
244,134,1
244,136,2
244,137,4
244,138,1
244,139,1
244,140,3
244,142,1
244,143,1
244,144,1
244,145,1
244,146,2
244,148,1
244,153,1
244,154,1
244,155,1
244,156,1
244,164,1
244,167,1
244,169,1
244,171,1
244,174,1
244,175,7
244,176,2
244,177,1
244,179,2
244,181,3
244,182,4
244,183,3
244,184,12
244,187,3
244,188,1
244,191,1
244,192,2
244,193,3
244,196,1
244,197,1
244,200,1
244,205,1
244,206,14
244,210,1
244,212,2
244,214,1
244,215,3
244,216,3
244,217,2
244,219,2
244,220,2
244,221,11
244,222,16
244,223,15
244,224,41
244,225,1
244,226,53
244,227,2
244,228,1
244,231,5
244,232,18
244,233,38
244,235,1
244,237,4
244,238,5
244,239,7
244,240,2
244,241,140
244,242,2
244,243,81
244,245,2
244,246,2
244,247,3
244,248,92
244,253,1
244,257,3
244,258,1
244,261,1
244,263,4
244,264,2
244,265,1
244,267,1
244,268,3
244,269,1
244,271,3
244,273,2
244,274,2
244,275,2
244,276,2
244,278,3
244,279,8
244,280,1
244,281,8
244,282,3
244,283,2
244,284,1
244,285,1
244,286,1
244,287,3
244,288,8
244,289,5
244,290,3
244,292,1
244,295,3
244,296,3
244,297,4
244,298,4
244,299,1
244,300,4
244,301,1
245,0,4
245,1,2
245,2,6
245,4,5
245,5,6
245,6,7
245,7,9
245,8,8
245,9,2
245,11,1
245,12,2
245,13,1
245,20,1
245,21,6
245,23,7
245,24,13
245,25,18
245,26,20
245,27,3
245,28,2
245,29,2
245,30,1
245,34,24
245,38,1
245,39,2
245,41,1
245,44,5
245,49,1
245,50,1
245,51,1
245,53,2
245,56,1
245,58,3
245,59,1
245,60,3
245,61,9
245,62,5
245,66,6
245,67,1
245,68,3
245,71,1
245,72,1
245,75,1
245,76,2
245,77,3
245,78,2
245,79,5
245,80,9
245,81,5
245,83,5
245,84,5
245,86,3
245,88,2
245,90,1
245,92,1
245,94,1
245,97,15
245,98,6
245,99,2
245,100,2
245,101,1
245,104,1
245,105,1
245,107,1
245,109,3
245,110,1
245,113,1
245,114,3
245,116,2
245,117,3
245,119,3
245,120,6
245,121,2
245,122,4
245,124,1
245,125,1
245,127,1
245,128,1
245,129,1
245,130,2
245,131,4
245,132,6
245,133,2
245,134,2
245,136,1
245,138,3
245,139,3
245,140,2
245,142,3
245,143,1
245,144,1
245,145,2
245,148,2
245,149,3
245,151,1
245,153,4
245,154,1
245,157,4
245,158,1
245,160,1
245,163,2
245,165,3
245,166,3
245,170,1
245,175,19
245,176,10
245,177,5
245,178,3
245,180,1
245,182,8
245,183,8
245,184,1
245,186,1
245,188,7
245,189,1
245,190,19
245,191,6
245,192,44
245,193,3
245,194,6
245,195,10
245,196,19
245,197,2
245,198,3
245,200,4
245,201,1
245,202,3
245,203,3
245,204,1
245,205,5
245,206,6
245,208,39
245,210,2
245,212,1
245,213,1
245,214,46
245,215,1
245,216,2
245,217,4
245,218,1
245,219,1
245,222,3
245,223,1
245,224,2
245,225,2
245,226,4
245,227,12
245,228,70
245,229,2
245,231,2
245,234,2
245,235,2
245,236,3
245,237,2
245,238,3
245,239,1
245,240,4
245,241,2
245,242,34
245,243,6
245,247,1
245,248,1
245,249,86
245,251,30
245,254,32
245,255,5
245,256,7
245,257,1
245,259,41
245,260,1
245,261,3
245,262,11
245,263,1
245,264,4
245,265,7
245,267,1
245,268,4
245,270,9
245,271,3
245,272,28
245,273,7
245,274,4
245,275,14
245,278,9
245,279,12
245,280,1
245,281,8
245,282,6
245,283,3
245,284,1
245,285,1
245,286,7
245,287,2
245,288,2
245,289,26
245,290,7
245,291,1
245,292,3
245,293,1
245,294,1
245,295,7
245,296,2
245,297,5
245,298,1
245,299,1
245,300,1
245,301,10
246,0,6
246,1,5
246,2,61
246,3,20
246,4,7
246,5,34
246,6,54
246,7,39
246,8,70
246,9,28
246,10,5
246,11,3
246,12,20
246,13,26
246,15,13
246,16,33
246,17,3
246,18,10
246,19,2
246,20,22
246,21,15
246,22,6
246,23,22
246,24,26
246,25,13
246,26,23
246,27,8
246,28,5
246,29,10
246,30,7
246,31,9
246,33,2
246,34,12
246,35,31
246,36,2
246,38,39
246,39,13
246,41,38
246,42,8
246,43,1
246,44,13
246,45,14
246,46,8
246,47,22
246,48,14
246,49,8
246,50,12
246,51,2
246,53,44
246,54,16
246,55,11
246,56,26
246,57,23
246,58,13
246,59,9
246,60,17
246,61,27
246,62,11
246,63,2
246,65,2
246,66,50
246,67,7
246,68,38
246,69,4
246,71,3
246,72,3
246,73,5
246,74,9
246,75,12
246,76,11
246,77,8
246,78,4
246,79,25
246,80,11
246,81,22
246,82,5
246,83,8
246,84,8
246,85,2
246,86,7
246,87,2
246,88,38
246,89,15
246,90,20
246,91,1
246,92,43
246,93,6
246,94,1
246,95,6
246,96,8
246,97,40
246,98,28
246,99,31
246,100,37
246,101,10
246,102,3
246,103,3
246,104,13
246,105,6
246,106,5
246,107,1
246,108,19
246,109,6
246,110,3
246,112,6
246,113,8
246,114,6
246,115,5
246,116,1
246,117,1
246,118,2
246,119,6
246,120,10
246,121,9
246,122,2
246,123,2
246,124,4
246,125,2
246,126,4
246,127,2
246,128,8
246,129,40
246,130,1
246,131,14
246,132,14
246,133,11
246,134,25
246,135,1
246,136,39
246,137,31
246,138,11
246,139,14
246,140,8
246,141,1
246,142,5
246,143,5
246,144,11
246,145,14
246,146,4
246,147,1
246,148,6
246,149,6
246,153,5
246,154,3
246,155,6
246,156,3
246,157,11
246,158,1
246,159,2
246,160,4
246,161,9
246,163,6
246,164,3
246,165,10
246,166,11
246,167,4
246,169,30
246,170,7
246,171,18
246,172,1
246,173,1
246,174,5
246,175,38
246,176,28
246,177,29
246,178,3
246,179,9
246,180,11
246,181,3
246,182,25
246,183,8
246,184,8
246,185,4
246,186,2
246,187,3
246,188,15
246,189,7
246,190,5
246,191,1
246,192,26
246,193,4
246,194,15
246,195,9
246,196,11
246,197,8
246,198,3
246,201,2
246,202,1
246,203,2
246,204,2
246,205,1
246,206,10
246,207,4
246,208,3
246,209,2
246,210,70
246,212,5
246,213,3
246,214,10
246,215,63
246,216,44
246,217,9
246,218,1
246,219,8
246,220,1
246,221,3
246,222,7
246,223,4
246,224,14
246,225,3
246,226,25
246,227,9
246,228,8
246,229,2
246,230,3
246,231,13
246,232,8
246,233,5
246,234,8
246,235,5
246,236,2
246,237,18
246,238,9
246,239,10
246,240,8
246,241,38
246,242,9
246,243,32
246,244,7
246,245,7
246,247,29
246,248,22
246,249,10
246,250,3
246,251,11
246,252,2
246,253,8
246,254,4
246,255,6
246,256,5
246,257,15
246,258,2
246,259,7
246,260,5
246,261,6
246,262,35
246,263,19
246,264,10
246,265,42
246,266,37
246,267,18
246,268,55
246,269,6
246,270,14
246,271,17
246,272,16
246,273,29
246,274,16
246,275,13
246,276,5
246,278,18
246,279,301
246,280,6
246,281,23
246,282,12
246,283,6
246,284,1
246,285,7
246,286,8
246,287,10
246,288,10
246,289,18
246,290,20
246,291,9
246,292,11
246,293,6
246,294,9
246,295,25
246,296,45
246,297,41
246,298,47
246,299,8
246,300,29
246,301,17
247,0,1
247,1,5
247,2,3
247,3,1
247,4,6
247,6,5
247,7,1
247,8,2
247,13,1
247,14,1
247,17,4
247,19,4
247,20,1
247,21,1
247,22,2
247,29,1
247,30,10
247,33,1
247,35,47
247,36,3
247,38,16
247,39,1
247,40,1
247,41,19
247,42,8
247,43,12
247,44,11
247,45,2
247,47,3
247,48,2
247,50,3
247,51,1
247,52,1
247,53,2
247,54,5
247,55,3
247,56,3
247,57,1
247,58,4
247,59,2
247,60,1
247,61,3
247,62,1
247,63,1
247,64,1
247,66,4
247,67,2
247,68,2
247,70,1
247,74,2
247,75,1
247,76,1
247,79,1
247,80,1
247,83,1
247,87,6
247,88,3
247,89,4
247,90,1
247,92,1
247,93,2
247,96,3
247,97,6
247,98,1
247,100,2
247,101,1
247,104,4
247,105,1
247,107,2
247,108,2
247,109,1
247,115,1
247,117,1
247,125,1
247,127,2
247,128,1
247,129,7
247,130,1
247,131,4
247,132,1
247,134,3
247,135,2
247,136,2
247,137,5
247,138,3
247,139,1
247,140,1
247,143,2
247,144,2
247,145,5
247,146,1
247,149,3
247,153,3
247,154,1
247,155,2
247,159,1
247,160,2
247,170,3
247,171,3
247,174,1
247,175,19
247,176,8
247,177,9
247,178,5
247,180,2
247,182,4
247,183,3
247,184,1
247,185,1
247,188,1
247,193,1
247,194,1
247,195,3
247,196,1
247,197,1
247,200,1
247,201,1
247,205,1
247,210,5
247,212,1
247,213,1
247,215,19
247,216,4
247,217,1
247,218,6
247,219,7
247,221,1
247,225,1
247,226,2
247,228,1
247,231,2
247,232,2
247,234,1
247,236,1
247,237,4
247,239,1
247,240,2
247,241,5
247,242,2
247,243,2
247,245,1
247,246,7
247,248,3
247,249,1
247,251,1
247,252,1
247,254,2
247,255,1
247,256,5
247,257,1
247,259,3
247,260,2
247,261,1
247,262,1
247,264,4
247,265,7
247,266,21
247,267,2
247,268,13
247,269,2
247,270,7
247,271,1
247,273,6
247,274,1
247,275,1
247,277,2
247,279,11
247,281,8
247,285,1
247,286,2
247,288,1
247,289,5
247,290,1
247,293,1
247,294,3
247,295,1
247,296,3
247,297,2
247,298,1
247,300,2
248,0,26
248,1,5
248,2,18
248,3,62
248,4,3
248,5,2
248,6,30
248,7,17
248,8,8
248,9,9
248,10,1
248,11,2
248,12,2
248,13,1
248,16,2
248,18,16
248,19,3
248,21,3
248,22,1
248,24,2
248,26,4
248,27,1
248,29,2
248,30,5
248,31,5
248,33,1
248,34,14
248,35,5
248,38,11
248,39,37
248,41,8
248,42,2
248,43,5
248,44,8
248,45,5
248,46,2
248,47,5
248,48,2
248,49,2
248,50,3
248,53,3
248,54,4
248,55,8
248,56,8
248,57,6
248,59,6
248,60,5
248,61,17
248,62,7
248,63,3
248,64,2
248,65,1
248,66,18
248,67,3
248,68,7
248,69,4
248,70,4
248,71,3
248,72,11
248,73,6
248,74,14
248,75,11
248,76,9
248,77,6
248,78,4
248,79,15
248,80,7
248,81,12
248,82,3
248,83,4
248,84,7
248,85,2
248,87,1
248,88,6
248,89,11
248,90,10
248,92,2
248,93,7
248,95,1
248,96,3
248,97,15
248,98,4
248,99,1
248,100,16
248,101,8
248,102,2
248,103,1
248,104,10
248,106,4
248,107,1
248,108,9
248,109,5
248,110,3
248,111,2
248,112,8
248,113,8
248,114,12
248,115,8
248,116,1
248,117,7
248,118,5
248,119,7
248,120,12
248,121,17
248,122,18
248,123,11
248,124,3
248,125,5
248,126,14
248,127,11
248,128,3
248,129,3
248,130,4
248,131,7
248,132,4
248,133,2
248,134,13
248,136,11
248,137,8
248,138,6
248,139,4
248,140,5
248,141,1
248,142,1
248,143,2
248,144,6
248,145,12
248,146,2
248,147,1
248,148,1
248,149,9
248,150,2
248,153,8
248,154,5
248,155,5
248,156,2
248,157,4
248,158,4
248,159,5
248,160,4
248,161,9
248,162,3
248,163,3
248,164,2
248,165,3
248,166,8
248,168,3
248,169,8
248,170,3
248,171,9
248,173,1
248,174,6
248,175,21
248,176,6
248,177,9
248,178,5
248,179,9
248,180,5
248,181,9
248,182,13
248,183,12
248,184,124
248,185,2
248,186,3
248,187,1
248,188,9
248,189,3
248,190,2
248,191,6
248,192,15
248,193,4
248,194,7
248,195,9
248,196,8
248,197,5
248,198,3
248,200,1
248,201,2
248,204,4
248,206,110
248,207,2
248,208,3
248,210,22
248,211,1
248,212,11
248,213,4
248,214,10
248,215,20
248,216,16
248,217,16
248,218,3
248,219,25
248,220,18
248,221,70
248,222,114
248,223,115
248,224,322
248,225,17
248,226,486
248,227,3
248,228,12
248,229,9
248,230,3
248,231,115
248,232,127
248,233,144
248,234,5
248,235,1
248,236,3
248,237,24
248,238,7
248,239,21
248,240,24
248,241,966
248,242,7
248,243,685
248,244,106
248,245,2
248,246,13
248,247,7
248,249,5
248,250,1
248,251,15
248,252,1
248,253,4
248,254,5
248,255,14
248,256,4
248,257,24
248,259,6
248,260,10
248,261,7
248,262,10
248,263,18
248,264,25
248,265,29
248,266,14
248,267,25
248,268,35
248,269,8
248,270,9
248,271,7
248,273,15
248,274,22
248,275,4
248,276,6
248,277,3
248,278,9
248,279,71
248,280,5
248,281,43
248,282,6
248,283,10
248,284,2
248,285,5
248,286,2
248,287,21
248,288,33
248,289,18
248,290,25
248,292,11
248,293,8
248,295,21
248,296,13
248,297,28
248,298,11
248,299,3
248,300,8
248,301,2
249,0,10
249,1,2
249,2,7
249,3,1
249,4,7
249,5,12
249,6,12
249,7,16
249,8,6
249,9,1
249,11,1
249,12,1
249,13,1
249,15,2
249,16,3
249,17,1
249,18,1
249,19,1
249,20,6
249,21,8
249,23,8
249,24,15
249,25,18
249,26,28
249,27,5
249,28,5
249,29,13
249,30,2
249,31,2
249,33,1
249,34,35
249,35,10
249,38,3
249,39,4
249,41,9
249,42,1
249,43,4
249,44,7
249,45,2
249,48,4
249,53,3
249,55,3
249,57,3
249,58,2
249,59,1
249,60,2
249,61,14
249,62,4
249,64,2
249,66,4
249,67,2
249,68,1
249,69,1
249,70,1
249,71,3
249,72,4
249,73,2
249,75,4
249,76,7
249,77,6
249,79,9
249,80,5
249,81,11
249,83,15
249,84,7
249,85,3
249,86,1
249,88,2
249,89,1
249,90,2
249,92,1
249,93,2
249,97,14
249,98,16
249,99,1
249,100,3
249,101,3
249,102,3
249,103,2
249,104,2
249,105,1
249,106,2
249,107,4
249,108,4
249,109,1
249,110,2
249,111,2
249,112,2
249,113,4
249,114,3
249,115,9
249,116,1
249,118,4
249,119,1
249,120,9
249,121,7
249,122,1
249,123,8
249,125,1
249,126,1
249,128,1
249,129,3
249,130,1
249,131,13
249,132,5
249,133,6
249,134,6
249,135,2
249,136,8
249,138,7
249,139,6
249,140,5
249,142,1
249,143,3
249,144,3
249,145,4
249,146,4
249,148,4
249,150,1
249,153,3
249,155,2
249,157,21
249,158,2
249,159,1
249,160,1
249,161,12
249,163,4
249,165,7
249,166,2
249,169,6
249,170,2
249,171,2
249,173,1
249,174,5
249,175,28
249,176,7
249,177,6
249,178,7
249,179,5
249,180,6
249,182,21
249,183,17
249,184,1
249,187,3
249,188,16
249,189,2
249,190,64
249,191,10
249,192,78
249,193,4
249,194,8
249,195,29
249,196,23
249,197,18
249,198,6
249,199,2
249,200,1
249,201,7
249,202,6
249,203,6
249,204,2
249,205,18
249,206,5
249,208,73
249,210,7
249,212,6
249,213,3
249,214,141
249,215,3
249,216,5
249,217,6
249,218,1
249,219,6
249,220,1
249,221,2
249,222,2
249,223,2
249,224,9
249,225,5
249,226,4
249,227,2
249,228,154
249,229,4
249,230,4
249,231,1
249,232,4
249,234,3
249,236,8
249,237,3
249,238,2
249,239,5
249,240,6
249,241,8
249,242,81
249,243,6
249,245,77
249,246,4
249,247,5
249,248,3
249,251,152
249,253,2
249,254,164
249,255,7
249,256,10
249,257,4
249,259,73
249,260,3
249,261,7
249,262,10
249,263,6
249,264,7
249,265,13
249,266,4
249,267,2
249,268,3
249,269,1
249,270,13
249,271,1
249,272,49
249,273,11
249,274,6
249,275,14
249,277,1
249,278,11
249,279,3
249,280,2
249,281,12
249,282,7
249,283,4
249,284,1
249,285,2
249,286,14
249,287,4
249,288,11
249,289,32
249,290,22
249,291,2
249,292,9
249,293,2
249,294,2
249,295,17
249,296,2
249,297,12
249,298,5
249,299,1
249,301,8
250,3,2
250,5,2
250,6,3
250,7,1
250,8,2
250,10,24
250,14,3
250,18,1
250,22,1
250,32,8
250,35,2
250,38,2
250,41,1
250,44,1
250,48,1
250,57,1
250,60,5
250,61,7
250,62,5
250,69,1
250,73,1
250,75,4
250,76,2
250,79,1
250,89,1
250,96,2
250,99,1
250,100,1
250,101,1
250,105,1
250,106,1
250,109,1
250,110,1
250,115,1
250,121,1
250,127,1
250,129,1
250,136,1
250,143,2
250,144,1
250,145,1
250,146,1
250,154,1
250,155,1
250,157,1
250,163,1
250,176,1
250,182,1
250,187,1
250,189,13
250,192,1
250,197,1
250,203,1
250,213,23
250,214,1
250,215,2
250,219,1
250,224,1
250,225,2
250,229,2
250,231,1
250,235,3
250,237,1
250,238,1
250,243,2
250,246,1
250,248,1
250,251,1
250,252,8
250,256,1
250,258,8
250,261,2
250,265,38
250,269,3
250,271,2
250,273,2
250,274,1
250,275,1
250,277,1
250,279,5
250,281,8
250,282,3
250,283,4
250,287,2
250,290,1
250,291,34
250,292,3
250,297,2
250,299,26
250,300,1
251,0,4
251,1,1
251,2,5
251,3,3
251,4,2
251,5,2
251,6,3
251,7,6
251,8,3
251,12,3
251,15,1
251,18,2
251,20,3
251,21,2
251,22,1
251,23,3
251,24,4
251,25,14
251,26,10
251,27,2
251,28,1
251,29,1
251,31,3
251,34,8
251,35,2
251,38,2
251,39,1
251,41,3
251,44,6
251,46,1
251,55,2
251,56,1
251,58,1
251,60,4
251,61,2
251,62,3
251,67,3
251,72,1
251,74,1
251,75,1
251,76,1
251,77,3
251,78,1
251,79,3
251,81,7
251,82,2
251,83,5
251,84,2
251,86,1
251,87,1
251,88,2
251,90,2
251,92,1
251,93,1
251,97,12
251,98,10
251,100,3
251,104,1
251,105,1
251,108,1
251,110,2
251,111,1
251,113,3
251,114,3
251,115,1
251,118,1
251,119,1
251,121,6
251,122,1
251,125,1
251,128,1
251,129,7
251,131,2
251,132,3
251,133,4
251,134,3
251,135,1
251,136,3
251,138,4
251,142,2
251,143,1
251,144,2
251,145,4
251,147,1
251,148,2
251,153,2
251,154,2
251,157,4
251,159,2
251,161,11
251,163,5
251,165,2
251,166,2
251,169,1
251,170,1
251,171,1
251,174,2
251,175,13
251,176,3
251,177,1
251,178,1
251,179,1
251,180,2
251,182,7
251,183,15
251,184,3
251,185,1
251,187,1
251,188,7
251,189,1
251,190,24
251,191,1
251,192,13
251,193,1
251,194,6
251,195,4
251,196,4
251,197,6
251,199,1
251,200,1
251,201,3
251,202,2
251,203,2
251,204,3
251,205,1
251,208,21
251,210,5
251,212,3
251,214,24
251,215,2
251,216,1
251,217,2
251,219,3
251,224,2
251,225,5
251,226,1
251,227,2
251,228,30
251,229,2
251,232,1
251,235,2
251,236,2
251,237,2
251,238,1
251,239,3
251,240,2
251,242,32
251,243,1
251,245,21
251,246,4
251,247,2
251,248,1
251,249,62
251,252,1
251,253,2
251,254,41
251,255,3
251,256,6
251,257,1
251,259,33
251,260,1
251,261,1
251,262,4
251,263,2
251,265,6
251,266,2
251,268,7
251,269,1
251,270,4
251,271,3
251,272,28
251,273,8
251,274,1
251,275,7
251,278,4
251,279,2
251,280,1
251,281,6
251,282,8
251,283,2
251,284,1
251,285,2
251,286,1
251,288,7
251,289,32
251,290,12
251,292,4
251,293,3
251,294,1
251,295,7
251,297,6
251,298,4
251,299,1
251,300,3
251,301,6
252,0,1
252,2,1
252,3,2
252,4,1
252,6,1
252,7,1
252,8,1
252,10,20
252,14,2
252,16,1
252,20,2
252,25,2
252,27,1
252,32,27
252,34,1
252,38,1
252,39,1
252,45,1
252,46,1
252,53,1
252,55,1
252,56,5
252,57,3
252,60,5
252,61,23
252,62,5
252,66,1
252,67,2
252,68,1
252,72,2
252,73,1
252,74,1
252,75,2
252,76,3
252,78,2
252,79,1
252,80,3
252,81,3
252,82,1
252,83,1
252,84,4
252,87,3
252,89,2
252,90,2
252,96,1
252,97,2
252,98,1
252,99,1
252,100,1
252,101,1
252,105,1
252,106,2
252,107,1
252,108,1
252,109,3
252,111,1
252,115,1
252,116,1
252,122,1
252,125,1
252,126,1
252,130,1
252,131,1
252,133,1
252,136,1
252,146,1
252,148,1
252,153,1
252,154,1
252,159,1
252,160,2
252,166,1
252,169,1
252,171,1
252,175,1
252,182,1
252,183,1
252,184,4
252,189,32
252,192,1
252,195,1
252,197,2
252,206,1
252,213,39
252,214,2
252,216,1
252,217,2
252,223,1
252,226,1
252,228,3
252,230,1
252,234,6
252,236,1
252,238,1
252,239,1
252,241,1
252,242,1
252,243,1
252,247,4
252,248,2
252,250,15
252,256,1
252,258,19
252,261,1
252,263,1
252,265,62
252,269,2
252,270,1
252,271,4
252,272,2
252,273,1
252,274,1
252,276,1
252,279,11
252,281,17
252,282,2
252,283,7
252,284,1
252,285,2
252,287,1
252,288,2
252,289,5
252,291,38
252,292,7
252,295,1
252,298,2
252,299,18
252,300,1
253,0,1
253,2,1
253,3,2
253,5,3
253,6,3
253,7,2
253,8,7
253,9,2
253,12,1
253,13,3
253,15,8
253,16,5
253,20,2
253,21,4
253,22,1
253,23,2
253,24,2
253,25,1
253,26,1
253,30,1
253,31,3
253,34,3
253,39,2
253,41,1
253,45,1
253,46,1
253,53,19
253,55,1
253,56,1
253,57,1
253,61,1
253,65,1
253,66,1
253,68,1
253,69,1
253,72,1
253,76,1
253,79,5
253,80,1
253,81,1
253,83,1
253,84,2
253,85,1
253,86,1
253,89,3
253,90,2
253,92,3
253,93,1
253,97,1
253,98,2
253,99,10
253,101,1
253,104,1
253,108,1
253,109,2
253,110,1
253,113,1
253,114,1
253,120,2
253,123,1
253,129,4
253,131,4
253,134,1
253,136,3
253,137,1
253,138,4
253,139,1
253,140,3
253,143,1
253,159,1
253,161,1
253,164,2
253,165,2
253,170,1
253,171,1
253,175,1
253,177,1
253,178,1
253,179,3
253,180,1
253,182,2
253,184,1
253,188,1
253,192,2
253,193,2
253,194,1
253,195,1
253,197,1
253,205,1
253,206,2
253,207,1
253,209,1
253,210,2
253,212,2
253,214,1
253,215,1
253,216,3
253,217,1
253,219,2
253,227,2
253,228,2
253,229,2
253,230,1
253,232,2
253,233,1
253,236,2
253,238,2
253,242,4
253,246,6
253,247,1
253,248,2
253,249,1
253,251,1
253,254,3
253,255,3
253,256,2
253,259,4
253,262,4
253,263,2
253,264,1
253,265,3
253,266,1
253,267,5
253,268,14
253,269,1
253,270,2
253,271,1
253,272,2
253,273,2
253,274,1
253,278,6
253,279,2
253,280,2
253,281,3
253,283,1
253,285,5
253,288,4
253,290,1
253,291,2
253,296,24
253,297,6
253,298,12
253,300,5
253,301,2
254,0,5
254,1,5
254,2,3
254,3,2
254,5,2
254,6,6
254,7,8
254,8,4
254,12,4
254,13,1
254,15,2
254,16,2
254,17,1
254,20,3
254,21,7
254,23,5
254,24,3
254,25,7
254,26,16
254,27,1
254,28,1
254,29,3
254,30,2
254,32,1
254,34,22
254,35,3
254,38,1
254,39,4
254,41,3
254,43,1
254,44,4
254,45,2
254,47,3
254,49,1
254,53,3
254,55,1
254,56,2
254,58,2
254,60,1
254,61,7
254,62,1
254,64,1
254,65,1
254,67,1
254,68,1
254,72,1
254,74,1
254,76,1
254,77,3
254,78,1
254,79,4
254,80,2
254,81,1
254,83,4
254,88,1
254,89,1
254,90,3
254,92,2
254,97,17
254,98,5
254,99,2
254,101,1
254,102,1
254,103,3
254,104,1
254,105,3
254,107,1
254,108,1
254,109,1
254,111,1
254,112,1
254,113,2
254,114,2
254,119,1
254,120,2
254,121,2
254,123,2
254,126,1
254,129,6
254,130,1
254,131,8
254,133,3
254,134,5
254,135,2
254,136,3
254,138,5
254,139,2
254,143,2
254,145,5
254,146,3
254,147,1
254,148,3
254,149,3
254,153,5
254,154,1
254,160,3
254,161,5
254,163,13
254,165,5
254,166,5
254,169,2
254,171,1
254,174,4
254,175,22
254,176,6
254,177,1
254,178,3
254,179,1
254,180,1
254,182,8
254,183,9
254,184,1
254,185,1
254,187,1
254,188,11
254,190,20
254,191,2
254,192,23
254,193,2
254,194,5
254,195,2
254,196,8
254,197,5
254,198,4
254,200,1
254,202,1
254,203,5
254,205,8
254,206,4
254,208,10
254,209,2
254,210,2
254,213,2
254,214,26
254,217,2
254,219,1
254,221,1
254,222,2
254,223,1
254,224,2
254,225,3
254,226,3
254,227,1
254,228,47
254,229,3
254,230,3
254,232,2
254,235,1
254,236,1
254,237,2
254,238,3
254,239,2
254,240,2
254,241,5
254,242,21
254,243,8
254,244,1
254,245,21
254,246,2
254,247,1
254,248,6
254,249,60
254,251,35
254,252,2
254,255,5
254,256,10
254,259,36
254,261,2
254,262,9
254,263,1
254,264,5
254,265,6
254,266,2
254,267,2
254,268,5
254,269,3
254,270,11
254,271,4
254,272,20
254,273,8
254,274,1
254,275,8
254,278,4
254,279,2
254,280,2
254,281,7
254,282,6
254,283,1
254,284,2
254,285,1
254,286,2
254,287,1
254,288,7
254,289,20
254,290,10
254,292,5
254,293,2
254,294,1
254,295,9
254,296,2
254,297,8
254,299,3
254,301,3
255,0,14
255,1,8
255,2,23
255,3,15
255,4,7
255,5,2
255,6,8
255,7,28
255,8,6
255,9,7
255,11,1
255,15,1
255,16,1
255,17,2
255,18,1
255,20,1
255,21,3
255,22,1
255,23,3
255,24,4
255,25,4
255,26,6
255,27,2
255,29,2
255,30,1
255,31,2
255,34,3
255,35,5
255,36,1
255,38,2
255,41,4
255,44,1
255,45,2
255,46,1
255,47,4
255,48,2
255,49,1
255,51,1
255,53,1
255,54,3
255,55,2
255,56,2
255,58,1
255,60,3
255,61,11
255,62,9
255,63,3
255,64,1
255,66,6
255,67,1
255,68,3
255,70,4
255,71,4
255,72,2
255,73,4
255,74,2
255,75,4
255,76,13
255,77,4
255,78,3
255,79,7
255,80,5
255,81,1
255,82,6
255,83,2
255,84,3
255,86,6
255,88,1
255,89,6
255,90,6
255,91,1
255,93,1
255,94,2
255,96,2
255,97,4
255,98,5
255,99,2
255,100,3
255,101,1
255,104,5
255,106,3
255,108,3
255,109,3
255,110,3
255,111,2
255,112,6
255,113,6
255,114,2
255,115,3
255,117,1
255,118,1
255,119,3
255,120,11
255,121,7
255,122,7
255,123,5
255,124,1
255,125,1
255,126,4
255,127,4
255,128,3
255,129,12
255,130,2
255,131,12
255,132,5
255,133,2
255,134,9
255,135,2
255,136,9
255,138,7
255,139,2
255,140,2
255,142,2
255,143,4
255,145,7
255,146,5
255,148,1
255,149,1
255,152,1
255,153,3
255,154,1
255,155,3
255,157,3
255,158,2
255,160,2
255,161,3
255,163,2
255,164,1
255,165,6
255,166,6
255,167,1
255,168,1
255,169,9
255,170,2
255,171,8
255,174,20
255,175,5
255,176,3
255,178,2
255,179,9
255,181,6
255,182,1
255,183,2
255,184,3
255,187,1
255,188,5
255,189,4
255,190,6
255,191,18
255,192,5
255,193,20
255,194,25
255,195,27
255,196,29
255,197,24
255,198,18
255,199,1
255,200,16
255,201,12
255,202,4
255,203,6
255,204,1
255,205,10
255,206,4
255,208,1
255,210,7
255,212,2
255,213,3
255,214,3
255,215,2
255,216,9
255,217,2
255,218,1
255,219,1
255,221,2
255,222,1
255,223,2
255,224,3
255,225,2
255,226,4
255,227,15
255,228,1
255,229,3
255,230,19
255,231,1
255,232,2
255,233,1
255,234,6
255,235,2
255,236,7
255,237,5
255,238,4
255,239,1
255,240,4
255,241,10
255,242,2
255,243,5
255,245,3
255,246,1
255,247,4
255,248,9
255,249,4
255,250,1
255,251,5
255,253,1
255,254,4
255,256,4
255,257,1
255,258,1
255,259,34
255,260,6
255,261,5
255,262,2
255,263,47
255,264,11
255,265,6
255,266,2
255,267,2
255,268,14
255,269,8
255,270,2
255,271,4
255,272,9
255,273,8
255,274,14
255,276,2
255,277,1
255,278,64
255,279,6
255,280,1
255,281,12
255,282,9
255,283,6
255,284,12
255,285,2
255,286,10
255,287,1
255,288,122
255,289,14
255,290,1
255,292,4
255,293,4
255,294,1
255,295,9
255,297,37
255,298,6
255,300,17
255,301,16
256,0,13
256,1,6
256,2,12
256,3,16
256,4,9
256,5,19
256,6,8
256,7,17
256,8,18
256,10,6
256,11,1
256,12,7
256,13,4
256,15,1
256,16,4
256,17,2
256,18,7
256,19,2
256,20,10
256,21,6
256,22,1
256,23,2
256,24,7
256,25,1
256,26,6
256,29,3
256,30,2
256,31,7
256,32,1
256,34,30
256,35,11
256,36,1
256,38,9
256,39,21
256,41,11
256,42,2
256,43,8
256,44,5
256,47,1
256,52,1
256,53,4
256,54,1
256,55,1
256,56,2
256,57,4
256,58,17
256,59,10
256,60,10
256,61,36
256,62,14
256,64,5
256,65,2
256,66,3
256,67,2
256,68,2
256,70,2
256,71,7
256,72,4
256,73,7
256,74,8
256,75,9
256,76,13
256,77,7
256,78,1
256,79,22
256,80,8
256,81,10
256,82,4
256,83,14
256,84,8
256,85,4
256,86,7
256,87,4
256,88,3
256,89,3
256,90,1
256,91,2
256,92,3
256,93,4
256,94,1
256,95,3
256,96,8
256,97,105
256,98,5
256,99,10
256,100,3
256,101,8
256,102,1
256,103,4
256,104,1
256,105,6
256,106,7
256,107,4
256,108,1
256,109,2
256,110,6
256,113,7
256,114,7
256,115,7
256,116,3
256,117,1
256,118,5
256,119,5
256,120,13
256,121,8
256,122,11
256,123,2
256,124,2
256,125,5
256,126,6
256,127,9
256,128,9
256,129,6
256,130,11
256,131,8
256,132,3
256,133,7
256,134,8
256,136,2
256,137,1
256,138,10
256,140,2
256,142,7
256,143,1
256,144,3
256,145,11
256,146,8
256,147,3
256,148,6
256,149,3
256,153,5
256,154,3
256,155,9
256,156,2
256,157,3
256,158,1
256,159,7
256,160,1
256,161,6
256,162,4
256,163,4
256,164,1
256,165,3
256,166,6
256,168,4
256,169,2
256,171,2
256,173,4
256,174,2
256,175,83
256,176,54
256,177,44
256,178,21
256,179,2
256,180,22
256,182,107
256,183,108
256,184,2
256,185,16
256,187,2
256,188,31
256,189,7
256,190,9
256,191,1
256,192,31
256,193,6
256,194,6
256,195,9
256,196,18
256,197,6
256,198,3
256,200,4
256,201,1
256,203,2
256,204,3
256,206,3
256,207,18
256,208,4
256,209,1
256,210,4
256,211,1
256,212,22
256,213,4
256,214,19
256,215,26
256,216,4
256,217,21
256,219,15
256,220,2
256,221,3
256,222,3
256,223,3
256,224,4
256,225,14
256,226,3
256,227,25
256,228,13
256,229,10
256,230,16
256,231,3
256,232,3
256,233,3
256,234,44
256,235,21
256,236,38
256,237,58
256,238,31
256,239,10
256,240,10
256,241,16
256,242,28
256,243,12
256,244,3
256,245,13
256,246,6
256,247,11
256,248,15
256,249,14
256,250,3
256,251,22
256,254,21
256,255,14
256,257,7
256,258,2
256,259,24
256,260,9
256,261,13
256,262,33
256,263,22
256,264,28
256,265,39
256,266,4
256,267,6
256,268,10
256,269,37
256,270,71
256,271,7
256,272,3
256,273,23
256,274,4
256,275,14
256,276,5
256,277,10
256,278,15
256,279,15
256,280,6
256,281,16
256,282,11
256,283,18
256,284,3
256,285,9
256,286,14
256,287,13
256,288,20
256,289,60
256,290,74
256,291,6
256,292,6
256,294,3
256,295,8
256,296,3
256,297,24
256,298,18
256,299,8
256,300,9
256,301,12
257,0,18
257,1,4
257,2,65
257,3,29
257,4,18
257,5,8
257,6,22
257,7,10
257,8,32
257,9,10
257,10,3
257,13,2
257,15,3
257,16,4
257,17,3
257,18,32
257,19,1
257,20,3
257,21,3
257,22,1
257,23,3
257,24,6
257,25,5
257,26,13
257,27,2
257,28,1
257,29,6
257,30,5
257,31,7
257,32,1
257,33,2
257,34,13
257,35,5
257,38,14
257,39,17
257,40,4
257,41,9
257,42,1
257,43,8
257,44,10
257,45,3
257,46,3
257,47,5
257,48,3
257,49,3
257,50,5
257,51,1
257,53,7
257,54,2
257,55,4
257,56,9
257,57,2
257,58,4
257,59,10
257,60,3
257,61,19
257,62,14
257,64,8
257,65,5
257,66,14
257,67,39
257,68,12
257,69,2
257,70,7
257,71,1
257,73,14
257,74,12
257,75,2
257,76,11
257,77,3
257,78,3
257,79,13
257,80,10
257,81,8
257,82,2
257,83,5
257,84,3
257,85,1
257,86,6
257,88,7
257,89,9
257,90,14
257,91,3
257,92,7
257,93,10
257,94,4
257,95,6
257,96,14
257,97,24
257,98,27
257,99,3
257,100,12
257,101,7
257,102,8
257,103,3
257,104,4
257,105,5
257,106,20
257,107,7
257,108,13
257,109,24
257,110,14
257,111,2
257,112,30
257,113,41
257,114,24
257,115,43
257,116,14
257,117,22
257,118,31
257,119,15
257,120,41
257,121,61
257,122,57
257,123,33
257,124,4
257,125,6
257,126,34
257,127,8
257,128,14
257,129,25
257,130,24
257,131,21
257,132,16
257,133,17
257,134,14
257,135,5
257,136,34
257,137,4
257,138,3
257,139,1
257,140,10
257,141,2
257,142,9
257,143,24
257,144,13
257,145,17
257,146,7
257,148,9
257,149,3
257,150,1
257,151,1
257,153,10
257,154,8
257,155,3
257,157,4
257,159,7
257,160,5
257,161,9
257,162,3
257,163,11
257,164,5
257,165,10
257,166,5
257,167,1
257,168,1
257,169,19
257,170,6
257,171,14
257,173,3
257,174,6
257,175,24
257,176,16
257,177,15
257,178,6
257,179,3
257,180,5
257,181,8
257,182,22
257,183,21
257,184,23
257,185,1
257,186,1
257,187,7
257,188,13
257,189,2
257,190,3
257,191,1
257,192,7
257,193,5
257,194,10
257,195,20
257,196,16
257,197,8
257,198,3
257,200,9
257,201,5
257,202,2
257,203,4
257,205,1
257,206,40
257,208,4
257,209,1
257,210,22
257,211,6
257,212,56
257,213,5
257,214,10
257,215,23
257,216,18
257,217,42
257,218,4
257,219,44
257,220,2
257,221,4
257,222,13
257,223,17
257,224,35
257,225,59
257,226,65
257,227,11
257,228,7
257,229,6
257,230,7
257,231,18
257,232,25
257,233,14
257,234,13
257,235,2
257,236,14
257,237,81
257,238,20
257,239,19
257,240,29
257,241,104
257,242,8
257,243,107
257,244,14
257,245,5
257,246,11
257,247,7
257,248,79
257,249,11
257,251,4
257,252,3
257,254,7
257,255,15
257,256,17
257,258,1
257,259,11
257,260,50
257,261,15
257,262,8
257,263,15
257,264,35
257,265,30
257,266,10
257,267,2
257,268,13
257,269,12
257,270,56
257,271,38
257,272,5
257,273,13
257,274,41
257,275,1
257,276,8
257,277,9
257,278,53
257,279,206
257,280,1
257,281,15
257,282,13
257,283,15
257,284,3
257,285,38
257,286,1
257,287,75
257,288,12
257,289,16
257,290,24
257,291,4
257,292,11
257,293,2
257,295,20
257,296,3
257,297,18
257,298,11
257,299,11
257,300,9
257,301,6
258,7,1
258,10,6
258,14,4
258,32,8
258,38,1
258,60,4
258,61,5
258,62,5
258,67,2
258,79,1
258,86,1
258,91,1
258,94,2
258,105,1
258,119,1
258,121,1
258,122,2
258,126,2
258,128,1
258,131,3
258,136,1
258,144,1
258,153,2
258,163,1
258,169,1
258,171,1
258,182,1
258,189,21
258,192,1
258,195,1
258,208,1
258,210,2
258,213,11
258,224,1
258,234,1
258,236,3
258,239,2
258,241,1
258,248,1
258,250,11
258,252,8
258,254,1
258,261,1
258,265,31
258,273,1
258,274,1
258,277,1
258,279,3
258,281,3
258,282,2
258,283,1
258,286,1
258,287,1
258,288,5
258,291,23
258,298,1
258,299,5
258,300,1
259,0,25
259,1,9
259,2,24
259,3,23
259,4,21
259,5,8
259,6,14
259,7,68
259,8,36
259,9,5
259,10,3
259,11,2
259,12,4
259,13,7
259,15,5
259,16,8
259,17,2
259,18,7
259,19,2
259,20,14
259,21,16
259,22,7
259,23,38
259,24,31
259,25,24
259,26,24
259,27,7
259,28,2
259,29,16
259,30,7
259,31,31
259,32,1
259,34,65
259,35,14
259,36,2
259,38,13
259,39,4
259,41,18
259,42,2
259,43,3
259,44,12
259,45,9
259,46,2
259,47,6
259,48,8
259,49,3
259,50,3
259,51,5
259,53,8
259,54,1
259,55,6
259,56,12
259,57,11
259,58,5
259,59,7
259,60,14
259,61,35
259,62,14
259,64,4
259,65,1
259,66,15
259,67,2
259,68,8
259,70,3
259,71,5
259,72,7
259,73,13
259,74,13
259,75,7
259,76,17
259,77,13
259,78,6
259,79,33
259,80,18
259,81,29
259,82,15
259,83,19
259,84,32
259,85,8
259,86,9
259,88,10
259,89,15
259,90,23
259,91,1
259,92,1
259,93,5
259,94,3
259,95,1
259,96,12
259,97,69
259,98,30
259,99,6
259,100,18
259,101,2
259,102,4
259,103,8
259,104,9
259,105,3
259,106,3
259,107,1
259,108,11
259,109,17
259,110,7
259,111,5
259,112,19
259,113,29
259,114,14
259,115,26
259,116,12
259,117,13
259,118,18
259,119,12
259,120,29
259,121,30
259,122,8
259,123,11
259,124,11
259,125,9
259,126,10
259,127,8
259,128,8
259,129,21
259,130,9
259,131,25
259,132,16
259,133,6
259,134,16
259,135,3
259,136,31
259,137,1
259,138,29
259,139,6
259,140,20
259,141,4
259,142,4
259,143,13
259,144,16
259,145,19
259,146,7
259,147,1
259,148,7
259,149,9
259,150,3
259,151,1
259,152,1
259,153,6
259,154,8
259,155,5
259,156,2
259,157,17
259,158,6
259,159,5
259,160,6
259,161,34
259,162,1
259,163,14
259,164,4
259,165,8
259,166,21
259,167,3
259,168,1
259,169,17
259,170,5
259,171,8
259,173,2
259,174,6
259,175,68
259,176,30
259,177,18
259,178,7
259,179,12
259,180,11
259,181,7
259,182,47
259,183,58
259,184,3
259,185,5
259,186,1
259,187,15
259,188,36
259,189,9
259,190,41
259,191,90
259,192,129
259,193,151
259,194,189
259,195,269
259,196,266
259,197,212
259,198,99
259,199,6
259,200,127
259,201,51
259,202,65
259,203,85
259,204,19
259,205,145
259,206,5
259,208,40
259,210,19
259,212,16
259,213,2
259,214,85
259,215,17
259,216,25
259,217,17
259,218,2
259,219,27
259,220,2
259,222,3
259,223,4
259,224,12
259,225,16
259,226,9
259,227,33
259,228,115
259,229,16
259,230,17
259,231,3
259,232,10
259,233,4
259,234,13
259,235,10
259,236,14
259,237,24
259,238,14
259,239,18
259,240,13
259,241,20
259,242,198
259,243,23
259,244,4
259,245,111
259,246,2
259,247,16
259,248,18
259,249,131
259,250,2
259,251,141
259,254,129
259,255,79
259,256,25
259,257,8
259,258,4
259,260,6
259,261,13
259,262,29
259,263,50
259,264,18
259,265,46
259,266,9
259,267,5
259,268,10
259,269,18
259,270,60
259,271,7
259,272,85
259,273,21
259,274,23
259,275,55
259,276,18
259,277,8
259,278,65
259,279,19
259,280,8
259,281,58
259,282,14
259,283,7
259,284,37
259,285,9
259,286,21
259,287,20
259,288,155
259,289,114
259,290,39
259,291,15
259,292,11
259,293,8
259,294,4
259,295,22
259,296,9
259,297,65
259,298,20
259,299,3
259,300,22
259,301,32
260,0,6
260,1,5
260,2,29
260,3,13
260,4,9
260,6,8
260,7,18
260,8,17
260,9,3
260,10,5
260,11,1
260,12,6
260,13,2
260,14,1
260,15,1
260,16,6
260,18,7
260,19,1
260,20,2
260,22,3
260,23,3
260,24,2
260,25,3
260,26,1
260,28,2
260,29,4
260,30,4
260,31,4
260,32,1
260,33,1
260,34,2
260,35,3
260,38,3
260,39,6
260,40,1
260,41,2
260,42,1
260,43,2
260,44,3
260,45,4
260,48,1
260,49,1
260,50,2
260,53,4
260,54,2
260,56,9
260,57,1
260,58,6
260,59,5
260,60,5
260,61,20
260,62,10
260,64,3
260,65,2
260,66,6
260,67,2
260,68,2
260,69,3
260,70,1
260,71,3
260,72,2
260,73,7
260,74,7
260,75,4
260,76,9
260,77,5
260,78,5
260,79,11
260,80,6
260,81,4
260,82,2
260,83,7
260,84,4
260,85,1
260,86,9
260,90,4
260,91,1
260,93,7
260,95,3
260,96,5
260,97,17
260,98,3
260,99,2
260,100,4
260,101,7
260,102,5
260,103,3
260,105,5
260,106,36
260,107,12
260,108,4
260,109,5
260,110,10
260,111,2
260,112,9
260,113,26
260,114,8
260,115,20
260,116,4
260,117,11
260,118,21
260,119,8
260,120,33
260,121,18
260,122,29
260,123,12
260,124,1
260,125,4
260,126,21
260,127,11
260,128,9
260,129,17
260,130,17
260,131,15
260,132,7
260,133,7
260,134,12
260,135,2
260,136,11
260,137,7
260,138,2
260,139,10
260,140,2
260,141,2
260,142,4
260,143,11
260,144,8
260,145,3
260,146,6
260,147,1
260,148,4
260,149,6
260,150,3
260,153,2
260,155,2
260,157,3
260,158,1
260,159,2
260,160,2
260,161,5
260,162,1
260,163,4
260,164,3
260,165,5
260,166,3
260,167,2
260,169,5
260,170,4
260,171,4
260,173,1
260,174,6
260,175,19
260,176,11
260,177,9
260,178,6
260,179,2
260,180,6
260,182,19
260,183,10
260,184,4
260,185,2
260,187,3
260,188,2
260,189,5
260,190,1
260,191,2
260,192,8
260,193,5
260,194,6
260,195,7
260,196,5
260,197,2
260,200,1
260,201,3
260,203,1
260,206,20
260,207,1
260,208,2
260,210,8
260,211,3
260,212,44
260,213,5
260,214,7
260,215,6
260,216,5
260,217,26
260,219,27
260,221,1
260,222,4
260,223,4
260,224,2
260,225,36
260,226,8
260,227,9
260,228,2
260,229,6
260,230,13
260,231,3
260,232,12
260,233,2
260,234,16
260,235,7
260,236,17
260,237,23
260,238,42
260,239,9
260,240,4
260,241,16
260,242,6
260,243,22
260,244,2
260,245,3
260,246,3
260,248,17
260,249,5
260,250,2
260,251,4
260,254,2
260,255,13
260,256,16
260,257,50
260,258,4
260,259,10
260,261,28
260,262,8
260,263,25
260,264,15
260,265,22
260,266,11
260,267,2
260,268,10
260,269,18
260,270,31
260,271,17
260,272,4
260,273,9
260,274,12
260,275,1
260,276,4
260,277,15
260,278,24
260,279,54
260,281,20
260,282,2
260,283,23
260,284,4
260,285,108
260,286,8
260,287,18
260,288,21
260,289,14
260,290,6
260,291,4
260,292,17
260,293,5
260,294,1
260,295,12
260,296,5
260,297,24
260,298,16
260,299,3
260,300,14
260,301,1
261,0,35
261,1,5
261,2,3
261,3,27
261,4,7
261,5,5
261,6,5
261,7,14
261,8,44
261,9,1
261,10,1
261,12,2
261,13,2
261,15,2
261,16,2
261,20,3
261,21,2
261,23,8
261,24,2
261,25,2
261,26,1
261,27,1
261,29,1
261,30,2
261,31,9
261,34,4
261,35,8
261,38,2
261,39,4
261,41,2
261,42,2
261,43,1
261,44,1
261,46,1
261,47,1
261,49,1
261,53,2
261,54,1
261,55,1
261,57,1
261,58,3
261,60,3
261,61,24
261,62,6
261,64,3
261,65,1
261,66,8
261,67,6
261,68,2
261,70,1
261,71,5
261,72,2
261,73,4
261,74,5
261,75,11
261,76,5
261,77,3
261,78,2
261,79,14
261,80,8
261,81,7
261,82,3
261,83,4
261,84,8
261,85,1
261,86,4
261,88,2
261,90,4
261,91,1
261,92,2
261,93,2
261,94,1
261,95,16
261,96,3
261,97,17
261,98,1
261,99,5
261,100,2
261,101,20
261,102,8
261,103,9
261,105,8
261,106,15
261,107,17
261,109,1
261,110,2
261,112,2
261,113,5
261,114,2
261,115,3
261,116,1
261,117,3
261,118,2
261,119,2
261,120,5
261,121,9
261,122,8
261,123,1
261,124,5
261,125,4
261,126,7
261,127,5
261,128,7
261,129,7
261,130,3
261,131,7
261,132,5
261,133,3
261,134,5
261,135,1
261,136,8
261,137,3
261,138,4
261,139,1
261,140,9
261,141,1
261,142,1
261,143,1
261,144,5
261,145,2
261,146,1
261,148,1
261,149,1
261,152,1
261,153,6
261,154,5
261,155,4
261,157,8
261,159,2
261,160,1
261,161,2
261,163,9
261,165,2
261,166,6
261,168,1
261,169,5
261,170,3
261,171,6
261,174,4
261,175,15
261,176,7
261,177,7
261,178,3
261,179,5
261,180,5
261,181,1
261,182,7
261,183,6
261,184,1
261,185,2
261,186,2
261,187,2
261,188,7
261,189,2
261,190,1
261,192,4
261,193,1
261,194,1
261,195,6
261,196,3
261,197,7
261,200,2
261,201,1
261,203,2
261,204,1
261,205,1
261,206,3
261,209,1
261,210,2
261,211,3
261,212,10
261,213,5
261,214,4
261,215,5
261,216,5
261,217,3
261,219,4
261,222,3
261,224,3
261,225,3
261,226,9
261,227,12
261,228,2
261,229,2
261,230,11
261,231,3
261,232,5
261,233,1
261,234,15
261,235,13
261,236,26
261,237,71
261,238,30
261,239,5
261,240,4
261,241,6
261,242,12
261,243,12
261,244,2
261,245,4
261,246,1
261,247,4
261,248,9
261,249,1
261,250,2
261,251,5
261,252,2
261,254,4
261,255,16
261,256,11
261,257,11
261,258,1
261,259,6
261,260,28
261,262,8
261,263,15
261,264,6
261,265,30
261,266,48
261,268,13
261,269,16
261,270,15
261,271,4
261,272,1
261,273,13
261,274,5
261,275,9
261,276,6
261,277,6
261,278,10
261,279,26
261,280,3
261,281,20
261,282,6
261,283,8
261,284,3
261,285,49
261,286,6
261,287,61
261,288,6
261,289,17
261,290,8
261,291,4
261,292,18
261,293,6
261,294,1
261,295,27
261,296,5
261,297,22
261,298,18
261,299,5
261,300,9
261,301,4
262,0,6
262,1,7
262,2,25
262,3,6
262,4,17
262,5,59
262,6,13
262,7,12
262,8,61
262,9,3
262,10,1
262,12,7
262,13,9
262,15,7
262,16,21
262,17,1
262,18,11
262,19,1
262,20,56
262,21,20
262,22,2
262,23,23
262,24,11
262,25,6
262,26,27
262,27,2
262,28,3
262,29,12
262,30,1
262,31,7
262,34,45
262,35,8
262,38,9
262,39,13
262,40,1
262,41,11
262,42,2
262,43,3
262,44,4
262,46,1
262,47,6
262,48,2
262,50,1
262,53,17
262,54,2
262,55,9
262,56,2
262,57,1
262,58,7
262,59,7
262,60,1
262,61,13
262,62,12
262,64,3
262,65,1
262,66,16
262,67,1
262,68,14
262,69,1
262,70,1
262,71,3
262,72,11
262,73,7
262,74,5
262,75,11
262,76,7
262,77,8
262,78,5
262,79,25
262,80,17
262,81,13
262,82,4
262,83,9
262,84,4
262,85,3
262,86,6
262,87,1
262,88,11
262,89,5
262,90,2
262,91,1
262,92,13
262,93,6
262,94,3
262,95,5
262,96,6
262,97,73
262,98,22
262,99,25
262,100,7
262,101,3
262,102,2
262,103,4
262,104,3
262,105,2
262,106,4
262,107,2
262,108,9
262,109,1
262,110,1
262,112,3
262,113,3
262,114,3
262,115,3
262,116,2
262,117,1
262,118,3
262,119,3
262,120,4
262,121,10
262,122,7
262,123,2
262,124,6
262,125,5
262,126,2
262,127,1
262,128,9
262,129,23
262,130,12
262,131,10
262,132,5
262,133,7
262,134,15
262,135,1
262,136,23
262,137,2
262,138,21
262,139,7
262,140,3
262,141,4
262,142,6
262,143,8
262,144,5
262,145,8
262,146,2
262,148,3
262,149,6
262,150,1
262,151,2
262,153,3
262,154,4
262,155,2
262,156,2
262,157,6
262,158,3
262,160,2
262,161,14
262,163,10
262,164,2
262,165,5
262,166,2
262,168,2
262,169,7
262,170,2
262,171,4
262,173,2
262,174,5
262,175,75
262,176,40
262,177,33
262,178,19
262,179,1
262,180,19
262,181,2
262,182,59
262,183,72
262,184,8
262,185,12
262,186,6
262,187,6
262,188,99
262,189,4
262,190,4
262,191,5
262,192,37
262,193,6
262,194,8
262,195,15
262,196,13
262,197,14
262,198,1
262,199,1
262,200,6
262,201,3
262,202,1
262,203,6
262,205,2
262,206,4
262,207,1
262,208,9
262,210,14
262,211,1
262,212,16
262,213,1
262,214,9
262,215,18
262,216,5
262,217,16
262,218,1
262,219,23
262,220,1
262,222,1
262,223,4
262,224,10
262,225,19
262,226,8
262,227,8
262,228,21
262,229,1
262,230,7
262,231,2
262,232,3
262,233,2
262,234,21
262,235,16
262,236,13
262,237,29
262,238,4
262,239,14
262,240,19
262,241,14
262,242,35
262,243,22
262,244,1
262,245,23
262,246,33
262,247,3
262,248,16
262,249,11
262,250,1
262,251,14
262,252,1
262,253,1
262,254,21
262,255,7
262,256,44
262,257,6
262,258,2
262,259,28
262,260,9
262,261,8
262,263,8
262,264,10
262,265,35
262,266,6
262,267,6
262,268,22
262,269,14
262,270,61
262,271,4
262,272,8
262,273,84
262,274,6
262,275,27
262,276,4
262,277,4
262,278,6
262,279,16
262,280,1
262,281,15
262,282,57
262,283,7
262,285,7
262,286,6
262,287,8
262,288,14
262,289,99
262,290,92
262,291,1
262,292,6
262,293,7
262,294,1
262,295,27
262,296,23
262,297,10
262,298,26
262,299,3
262,300,13
262,301,17
263,0,82
263,1,4
263,2,24
263,3,59
263,4,17
263,5,19
263,6,36
263,7,143
263,8,11
263,9,86
263,10,3
263,11,2
263,12,6
263,13,10
263,15,2
263,16,10
263,17,2
263,18,8
263,20,6
263,22,1
263,23,7
263,24,13
263,25,10
263,26,6
263,27,2
263,29,8
263,30,6
263,31,13
263,32,1
263,34,5
263,35,12
263,37,2
263,38,17
263,39,31
263,41,18
263,42,6
263,43,2
263,44,4
263,45,8
263,46,5
263,47,11
263,48,11
263,49,5
263,50,6
263,51,2
263,53,16
263,54,1
263,55,32
263,56,35
263,57,24
263,58,14
263,59,5
263,60,13
263,61,46
263,62,19
263,63,5
263,64,7
263,65,2
263,66,45
263,67,2
263,68,29
263,69,1
263,70,6
263,71,3
263,72,8
263,73,11
263,74,13
263,75,23
263,76,35
263,77,12
263,78,2
263,79,43
263,80,22
263,81,39
263,82,10
263,83,17
263,84,25
263,85,8
263,86,10
263,87,2
263,88,37
263,89,35
263,90,186
263,92,4
263,93,7
263,94,3
263,95,14
263,96,6
263,97,23
263,98,20
263,99,11
263,100,60
263,101,9
263,102,4
263,103,4
263,104,28
263,105,7
263,106,8
263,107,4
263,108,26
263,109,17
263,110,24
263,111,8
263,112,16
263,113,38
263,114,34
263,115,46
263,116,9
263,117,26
263,118,27
263,119,23
263,120,42
263,121,42
263,122,29
263,123,26
263,124,15
263,125,9
263,126,31
263,127,12
263,128,13
263,129,58
263,130,10
263,131,47
263,132,29
263,133,18
263,134,30
263,135,2
263,136,405
263,137,4
263,138,4
263,139,6
263,140,2
263,141,2
263,142,9
263,143,10
263,144,10
263,145,18
263,146,6
263,148,4
263,149,10
263,153,2
263,154,5
263,155,4
263,156,2
263,157,13
263,158,4
263,159,6
263,160,66
263,161,11
263,163,13
263,164,2
263,165,62
263,166,12
263,167,6
263,169,188
263,170,121
263,171,197
263,172,1
263,173,1
263,174,49
263,175,14
263,176,7
263,177,9
263,178,4
263,179,32
263,180,1
263,181,20
263,182,19
263,183,10
263,184,5
263,186,19
263,187,4
263,188,5
263,189,8
263,190,2
263,191,27
263,192,12
263,193,38
263,194,49
263,195,67
263,196,56
263,197,37
263,198,16
263,200,21
263,201,15
263,202,16
263,203,14
263,204,4
263,205,12
263,206,20
263,207,2
263,208,3
263,209,6
263,210,81
263,212,19
263,213,6
263,214,14
263,215,15
263,216,63
263,217,12
263,219,18
263,221,5
263,222,7
263,223,6
263,224,17
263,225,8
263,226,19
263,227,56
263,228,17
263,229,24
263,230,30
263,231,2
263,232,17
263,233,3
263,234,26
263,235,18
263,236,19
263,237,13
263,238,31
263,239,6
263,240,1
263,241,38
263,242,9
263,243,44
263,244,7
263,245,13
263,246,21
263,247,13
263,248,34
263,249,17
263,250,2
263,251,17
263,252,6
263,253,4
263,254,19
263,255,130
263,256,19
263,257,3
263,258,2
263,259,50
263,260,22
263,261,31
263,262,11
263,264,39
263,265,53
263,266,10
263,267,15
263,268,27
263,269,23
263,270,14
263,271,12
263,272,14
263,273,17
263,274,92
263,275,9
263,276,7
263,277,10
263,278,144
263,279,28
263,280,2
263,281,100
263,282,18
263,283,27
263,284,27
263,285,11
263,286,29
263,287,7
263,288,207
263,289,32
263,290,15
263,291,7
263,292,12
263,293,31
263,294,2
263,295,65
263,296,17
263,297,185
263,298,49
263,299,11
263,300,70
263,301,30
264,0,18
264,1,222
264,2,95
264,3,28
264,4,269
264,5,11
264,6,67
264,7,53
264,8,16
264,9,17
264,10,5
264,12,5
264,13,7
264,15,1
264,16,8
264,17,33
264,18,95
264,19,18
264,20,14
264,21,10
264,22,50
264,23,19
264,24,8
264,25,20
264,26,31
264,27,9
264,28,4
264,29,13
264,30,72
264,31,15
264,32,1
264,33,8
264,34,19
264,35,55
264,36,13
264,38,28
264,39,42
264,40,3
264,41,13
264,42,7
264,43,78
264,44,137
264,45,9
264,46,1
264,47,4
264,48,14
264,49,5
264,50,1
264,51,3
264,52,6
264,53,4
264,54,5
264,55,12
264,56,15
264,57,7
264,58,75
264,59,75
264,60,22
264,61,39
264,62,23
264,63,1
264,64,66
264,65,52
264,66,22
264,67,1
264,68,11
264,69,67
264,70,75
264,71,63
264,72,7
264,73,122
264,74,200
264,75,20
264,76,35
264,77,24
264,78,7
264,79,47
264,80,34
264,81,41
264,82,11
264,83,32
264,84,32
264,85,8
264,86,32
264,87,3
264,88,13
264,89,24
264,90,11
264,91,52
264,92,5
264,93,112
264,94,9
264,95,6
264,96,79
264,97,61
264,98,26
264,99,9
264,100,27
264,101,8
264,102,4
264,103,9
264,104,6
264,105,4
264,106,5
264,107,8
264,108,8
264,109,12
264,110,7
264,111,1
264,112,9
264,113,26
264,114,11
264,115,16
264,116,9
264,117,11
264,118,16
264,119,9
264,120,35
264,121,31
264,122,21
264,123,17
264,124,31
264,125,31
264,126,7
264,127,155
264,128,103
264,129,97
264,130,15
264,131,108
264,132,64
264,133,50
264,134,67
264,135,19
264,136,34
264,137,5
264,138,182
264,139,154
264,140,99
264,141,48
264,142,166
264,143,116
264,144,153
264,145,249
264,146,234
264,147,17
264,148,136
264,149,150
264,150,29
264,151,4
264,153,23
264,154,7
264,155,140
264,156,19
264,157,28
264,158,55
264,159,102
264,160,9
264,161,63
264,162,38
264,163,36
264,164,59
264,165,16
264,166,22
264,167,3
264,168,35
264,169,16
264,170,8
264,171,16
264,173,44
264,174,7
264,175,58
264,176,30
264,177,28
264,178,13
264,179,7
264,180,14
264,181,1
264,182,52
264,183,20
264,184,24
264,185,1
264,186,1
264,187,11
264,188,10
264,189,4
264,190,8
264,191,15
264,192,23
264,193,18
264,194,23
264,195,47
264,196,38
264,197,30
264,198,4
264,199,1
264,200,7
264,201,12
264,202,6
264,203,24
264,204,6
264,205,10
264,206,49
264,207,1
264,208,11
264,209,2
264,210,27
264,211,5
264,212,23
264,213,4
264,214,13
264,215,22
264,216,20
264,217,75
264,218,10
264,219,62
264,220,4
264,221,3
264,222,29
264,223,12
264,224,45
264,225,63
264,226,37
264,227,88
264,228,20
264,229,75
264,230,108
264,231,7
264,232,32
264,233,6
264,234,71
264,235,52
264,236,34
264,237,44
264,238,36
264,239,71
264,240,242
264,241,83
264,242,5
264,243,92
264,244,12
264,245,9
264,246,16
264,247,14
264,248,81
264,249,10
264,250,1
264,251,6
264,252,1
264,253,7
264,254,15
264,255,66
264,256,45
264,257,25
264,258,4
264,259,18
264,260,19
264,261,21
264,262,20
264,263,36
264,265,55
264,266,8
264,267,24
264,268,53
264,269,105
264,270,30
264,271,12
264,272,16
264,273,101
264,274,23
264,275,7
264,276,41
264,277,49
264,278,64
264,279,39
264,280,6
264,281,47
264,282,20
264,283,20
264,284,47
264,285,7
264,286,75
264,287,30
264,288,91
264,289,91
264,290,68
264,291,5
264,292,28
264,293,11
264,294,13
264,295,90
264,296,4
264,297,82
264,298,13
264,299,5
264,300,16
264,301,61
265,0,15
265,1,8
265,2,28
265,3,18
265,4,12
265,5,6
265,6,23
265,7,21
265,8,35
265,9,8
265,10,161
265,11,2
265,13,2
265,14,20
265,15,4
265,16,6
265,18,3
265,20,11
265,21,3
265,23,1
265,24,3
265,25,4
265,26,3
265,27,3
265,30,5
265,31,2
265,32,120
265,34,7
265,35,7
265,38,6
265,39,4
265,41,10
265,42,2
265,43,2
265,44,7
265,45,7
265,46,1
265,47,3
265,48,2
265,49,2
265,50,3
265,51,1
265,52,1
265,53,7
265,54,1
265,55,5
265,56,6
265,57,4
265,58,7
265,60,89
265,61,204
265,62,88
265,63,2
265,64,3
265,65,1
265,66,21
265,67,16
265,68,5
265,69,1
265,70,4
265,71,1
265,72,15
265,73,6
265,74,4
265,75,25
265,76,24
265,77,14
265,78,11
265,79,43
265,80,21
265,81,22
265,82,9
265,83,28
265,84,15
265,85,14
265,86,12
265,87,3
265,88,2
265,89,12
265,90,11
265,93,1
265,94,1
265,95,6
265,96,3
265,97,5
265,98,8
265,99,8
265,100,13
265,101,15
265,102,3
265,103,3
265,104,4
265,105,12
265,106,9
265,107,8
265,108,6
265,109,2
265,110,2
265,111,1
265,112,1
265,113,15
265,114,5
265,115,10
265,116,2
265,117,2
265,118,7
265,119,5
265,120,9
265,121,13
265,122,15
265,123,3
265,124,3
265,125,8
265,126,27
265,127,9
265,128,4
265,129,5
265,130,6
265,131,10
265,132,8
265,133,6
265,134,13
265,135,3
265,136,6
265,138,21
265,139,6
265,140,5
265,141,2
265,142,2
265,143,14
265,144,10
265,145,16
265,146,5
265,148,1
265,149,2
265,151,1
265,152,4
265,153,11
265,154,4
265,157,7
265,158,1
265,159,3
265,160,3
265,161,6
265,163,10
265,164,1
265,165,1
265,166,5
265,167,1
265,168,1
265,169,12
265,170,8
265,171,6
265,173,2
265,174,4
265,175,22
265,176,6
265,177,2
265,178,4
265,179,16
265,180,2
265,181,3
265,182,13
265,183,6
265,184,8
265,187,5
265,188,8
265,189,247
265,190,4
265,191,2
265,192,5
265,193,3
265,194,8
265,195,8
265,196,9
265,197,3
265,198,3
265,199,1
265,200,1
265,201,3
265,202,2
265,203,3
265,204,2
265,206,4
265,208,6
265,210,14
265,211,1
265,212,11
265,213,209
265,214,13
265,215,6
265,216,14
265,217,6
265,218,1
265,219,8
265,220,3
265,221,1
265,222,1
265,223,2
265,224,8
265,225,6
265,226,5
265,227,2
265,228,12
265,229,2
265,230,5
265,231,1
265,232,6
265,233,1
265,234,10
265,235,8
265,236,21
265,237,14
265,238,21
265,239,11
265,240,4
265,241,14
265,242,13
265,243,8
265,244,2
265,245,10
265,246,13
265,247,9
265,248,38
265,249,7
265,250,59
265,251,6
265,252,60
265,254,10
265,255,13
265,256,18
265,257,7
265,258,133
265,259,15
265,260,15
265,261,15
265,262,19
265,263,30
265,264,16
265,266,10
265,267,4
265,268,25
265,269,11
265,270,8
265,271,24
265,272,4
265,273,14
265,274,7
265,275,8
265,276,2
265,277,11
265,278,14
265,279,130
265,280,1
265,281,160
265,282,28
265,283,52
265,284,8
265,285,10
265,286,6
265,287,11
265,288,78
265,289,59
265,290,12
265,291,177
265,292,79
265,293,15
265,294,4
265,295,17
265,297,35
265,298,21
265,299,291
265,300,20
265,301,7
266,0,45
266,1,5
266,2,7
266,3,4
266,4,4
266,5,1
266,6,7
266,7,3
266,8,11
266,9,5
266,10,1
266,11,1
266,15,2
266,16,4
266,17,4
266,18,3
266,19,1
266,20,2
266,22,4
266,23,1
266,24,2
266,25,2
266,28,1
266,30,6
266,31,3
266,32,4
266,34,1
266,35,27
266,36,2
266,38,24
266,39,3
266,41,24
266,42,7
266,43,1
266,44,11
266,45,6
266,47,6
266,48,3
266,49,1
266,50,5
266,52,1
266,54,10
266,55,4
266,56,5
266,57,6
266,58,7
266,59,5
266,60,2
266,61,11
266,62,2
266,64,1
266,66,10
266,67,1
266,68,3
266,69,1
266,70,2
266,71,2
266,73,1
266,74,3
266,75,2
266,76,1
266,78,1
266,79,10
266,80,7
266,81,10
266,82,1
266,83,2
266,84,3
266,86,3
266,88,7
266,89,11
266,90,8
266,91,1
266,93,3
266,95,6
266,96,2
266,97,17
266,98,2
266,99,5
266,100,14
266,101,16
266,102,6
266,103,5
266,104,4
266,105,10
266,106,11
266,107,4
266,108,7
266,109,1
266,110,3
266,111,1
266,113,4
266,114,1
266,115,3
266,116,1
266,118,1
266,119,1
266,120,1
266,121,4
266,122,2
266,124,2
266,125,3
266,126,2
266,127,3
266,128,1
266,129,4
266,130,4
266,131,4
266,133,2
266,134,8
266,136,5
266,137,13
266,138,2
266,139,1
266,140,2
266,142,1
266,144,2
266,145,4
266,146,2
266,148,1
266,149,6
266,153,3
266,154,3
266,155,5
266,157,9
266,158,2
266,161,3
266,163,5
266,166,1
266,167,20
266,168,1
266,169,7
266,171,1
266,173,1
266,174,3
266,175,25
266,176,21
266,177,11
266,178,4
266,179,1
266,180,5
266,182,22
266,183,1
266,184,4
266,185,1
266,187,4
266,189,1
266,190,2
266,191,1
266,192,2
266,195,1
266,196,4
266,197,4
266,206,5
266,208,1
266,209,1
266,210,15
266,211,1
266,212,3
266,213,4
266,214,2
266,215,24
266,216,14
266,217,3
266,218,4
266,220,1
266,222,3
266,223,1
266,224,5
266,225,4
266,226,1
266,227,2
266,228,6
266,229,1
266,230,1
266,232,2
266,233,2
266,234,2
266,235,2
266,236,2
266,237,6
266,238,7
266,239,2
266,240,2
266,241,14
266,242,2
266,243,12
266,244,1
266,245,1
266,246,7
266,247,20
266,248,7
266,249,2
266,252,1
266,254,4
266,255,2
266,256,2
266,257,6
266,258,1
266,259,6
266,260,6
266,261,7
266,262,6
266,263,7
266,264,2
266,265,17
266,267,1
266,268,9
266,269,3
266,270,2
266,271,1
266,272,3
266,273,2
266,274,2
266,275,1
266,277,3
266,278,2
266,279,32
266,280,1
266,281,11
266,282,1
266,283,4
266,285,71
266,286,3
266,287,5
266,288,5
266,289,9
266,290,2
266,291,3
266,292,12
266,293,6
266,294,9
266,295,19
266,296,5
266,297,9
266,299,1
266,300,5
266,301,1
267,0,18
267,1,4
267,2,33
267,3,15
267,4,39
267,5,9
267,6,39
267,7,10
267,8,19
267,9,5
267,10,1
267,11,84
267,12,21
267,13,31
267,15,11
267,16,26
267,17,2
267,18,3
267,20,1
267,21,5
267,23,11
267,24,16
267,25,13
267,26,17
267,27,6
267,28,5
267,29,7
267,30,3
267,31,3
267,34,9
267,36,1
267,37,1
267,38,9
267,39,3
267,41,5
267,42,1
267,43,8
267,44,1
267,45,1
267,46,2
267,47,1
267,48,2
267,51,2
267,53,18
267,54,2
267,55,4
267,57,1
267,58,3
267,59,1
267,60,3
267,61,7
267,62,4
267,63,1
267,64,4
267,65,1
267,66,8
267,67,2
267,68,12
267,69,2
267,70,6
267,71,4
267,72,5
267,73,5
267,74,5
267,75,4
267,76,10
267,77,8
267,78,5
267,79,12
267,80,7
267,81,9
267,82,2
267,83,5
267,84,1
267,85,1
267,86,4
267,87,2
267,88,7
267,89,3
267,90,1
267,92,12
267,95,1
267,96,3
267,97,6
267,98,16
267,99,34
267,100,4
267,101,1
267,104,2
267,106,1
267,107,3
267,108,2
267,109,3
267,110,3
267,112,8
267,113,3
267,114,2
267,115,11
267,116,1
267,117,1
267,118,4
267,119,3
267,120,3
267,121,13
267,122,7
267,123,5
267,124,2
267,125,2
267,126,7
267,127,6
267,128,9
267,129,193
267,130,2
267,131,150
267,132,73
267,133,71
267,134,79
267,136,1
267,137,3
267,138,31
267,139,20
267,140,3
267,141,17
267,142,17
267,143,6
267,144,12
267,145,19
267,146,5
267,149,6
267,152,1
267,153,84
267,154,2
267,155,3
267,156,2
267,157,5
267,158,1
267,159,2
267,161,9
267,162,1
267,163,4
267,165,2
267,166,3
267,167,4
267,170,1
267,171,4
267,173,1
267,174,3
267,175,14
267,176,3
267,177,5
267,178,2
267,179,5
267,180,1
267,181,5
267,182,5
267,183,8
267,184,2
267,185,2
267,187,2
267,188,5
267,189,1
267,190,2
267,191,1
267,192,9
267,193,9
267,194,4
267,195,9
267,196,8
267,197,7
267,198,2
267,201,3
267,202,3
267,203,5
267,205,2
267,206,1
267,208,4
267,210,4
267,211,1
267,212,5
267,213,3
267,214,4
267,215,12
267,216,7
267,217,4
267,219,5
267,220,1
267,223,1
267,224,6
267,225,6
267,227,7
267,228,10
267,229,3
267,230,4
267,232,3
267,233,3
267,234,3
267,235,4
267,236,2
267,237,1
267,238,5
267,239,3
267,242,6
267,244,1
267,245,5
267,246,14
267,247,6
267,248,69
267,249,5
267,251,5
267,252,1
267,253,4
267,254,10
267,255,8
267,256,8
267,257,3
267,258,1
267,259,6
267,260,5
267,261,6
267,262,17
267,263,11
267,264,34
267,265,8
267,266,6
267,268,226
267,269,9
267,270,7
267,271,2
267,272,12
267,273,20
267,274,11
267,275,4
267,276,2
267,277,1
267,278,20
267,279,3
267,281,20
267,282,3
267,283,3
267,284,2
267,285,5
267,286,6
267,287,12
267,288,26
267,289,25
267,290,5
267,292,6
267,293,3
267,294,3
267,295,45
267,296,14
267,297,87
267,298,25
267,300,10
267,301,12
268,0,94
268,1,27
268,2,171
268,3,67
268,4,175
268,5,50
268,6,164
268,7,59
268,8,89
268,9,27
268,10,8
268,11,68
268,12,63
268,13,133
268,14,1
268,15,60
268,16,118
268,17,18
268,18,39
268,19,8
268,20,37
268,21,45
268,22,30
268,23,43
268,24,119
268,25,54
268,26,64
268,27,15
268,28,19
268,29,63
268,30,36
268,31,32
268,32,1
268,33,2
268,34,38
268,35,70
268,36,8
268,37,4
268,38,58
268,39,26
268,40,2
268,41,48
268,42,17
268,43,42
268,44,43
268,45,8
268,46,5
268,47,9
268,48,21
268,49,10
268,50,10
268,51,4
268,52,9
268,53,110
268,54,11
268,55,47
268,56,16
268,57,16
268,58,20
268,59,15
268,60,11
268,61,62
268,62,25
268,64,11
268,65,23
268,66,52
268,67,2
268,68,26
268,69,18
268,70,28
268,71,35
268,72,9
268,73,35
268,74,72
268,75,39
268,76,32
268,77,28
268,78,28
268,79,53
268,80,37
268,81,53
268,82,23
268,83,30
268,84,29
268,85,11
268,86,34
268,87,7
268,88,24
268,89,28
268,90,10
268,91,3
268,92,39
268,93,14
268,94,7
268,95,4
268,96,17
268,97,34
268,98,52
268,99,123
268,100,32
268,101,3
268,102,3
268,103,8
268,104,16
268,105,10
268,106,12
268,107,22
268,108,19
268,109,34
268,110,18
268,111,4
268,112,23
268,113,31
268,114,19
268,115,42
268,116,11
268,117,16
268,118,23
268,119,23
268,120,44
268,121,42
268,122,46
268,123,20
268,124,25
268,125,27
268,126,43
268,127,42
268,128,51
268,129,664
268,130,10
268,131,513
268,132,275
268,133,187
268,134,226
268,135,4
268,136,20
268,137,15
268,138,109
268,139,122
268,140,36
268,141,45
268,142,98
268,143,78
268,144,73
268,145,154
268,146,51
268,147,10
268,148,21
268,149,51
268,150,9
268,151,8
268,152,3
268,153,101
268,154,6
268,155,17
268,156,3
268,157,45
268,158,13
268,159,36
268,160,3
268,161,30
268,162,6
268,163,35
268,164,13
268,165,17
268,166,41
268,167,6
268,168,8
268,169,5
268,170,4
268,171,14
268,172,2
268,173,10
268,174,23
268,175,108
268,176,42
268,177,34
268,178,26
268,179,30
268,180,13
268,181,17
268,182,53
268,183,38
268,184,8
268,185,2
268,186,1
268,187,10
268,188,22
268,189,5
268,190,19
268,191,7
268,192,37
268,193,34
268,194,48
268,195,35
268,196,42
268,197,24
268,198,9
268,199,2
268,200,22
268,201,6
268,202,14
268,203,18
268,204,3
268,205,8
268,206,22
268,207,10
268,208,26
268,209,4
268,210,59
268,211,8
268,212,24
268,213,6
268,214,22
268,215,53
268,216,32
268,217,48
268,218,8
268,219,38
268,220,10
268,221,6
268,222,8
268,223,1
268,224,34
268,225,23
268,226,14
268,227,34
268,228,18
268,229,24
268,230,22
268,231,1
268,232,10
268,233,8
268,234,28
268,235,22
268,236,24
268,237,17
268,238,22
268,239,24
268,240,16
268,241,39
268,242,39
268,243,19
268,244,7
268,245,30
268,246,133
268,247,45
268,248,31
268,249,29
268,250,4
268,251,34
268,252,2
268,253,17
268,254,49
268,255,47
268,256,35
268,257,20
268,258,3
268,259,46
268,260,33
268,261,29
268,262,85
268,263,67
268,264,129
268,265,53
268,266,14
268,267,296
268,269,48
268,270,41
268,271,9
268,272,46
268,273,97
268,274,50
268,275,12
268,276,48
268,277,24
268,278,50
268,279,51
268,280,22
268,281,198
268,282,12
268,283,23
268,284,13
268,285,21
268,286,19
268,287,45
268,288,328
268,289,125
268,290,41
268,291,4
268,292,29
268,293,16
268,294,6
268,295,215
268,296,36
268,297,346
268,298,144
268,299,12
268,300,27
268,301,48
269,0,21
269,1,141
269,2,23
269,3,33
269,4,22
269,5,7
269,6,19
269,7,43
269,8,11
269,10,5
269,12,5
269,13,3
269,16,3
269,17,6
269,18,25
269,19,3
269,20,4
269,21,2
269,22,11
269,23,9
269,24,7
269,25,6
269,26,16
269,27,1
269,28,1
269,29,8
269,30,14
269,31,11
269,32,3
269,33,2
269,34,8
269,35,21
269,36,2
269,37,1
269,38,9
269,39,4
269,41,6
269,42,3
269,43,17
269,44,31
269,45,2
269,47,5
269,48,1
269,49,1
269,50,4
269,51,3
269,53,7
269,54,3
269,55,5
269,56,11
269,57,6
269,58,50
269,59,51
269,60,13
269,61,37
269,62,21
269,64,27
269,65,24
269,66,16
269,67,3
269,68,5
269,69,22
269,70,31
269,71,23
269,72,6
269,73,52
269,74,98
269,75,11
269,76,15
269,77,8
269,78,4
269,79,19
269,80,13
269,81,20
269,82,5
269,83,15
269,84,14
269,85,4
269,86,9
269,87,1
269,88,8
269,89,12
269,90,7
269,91,24
269,92,1
269,93,101
269,94,7
269,95,6
269,96,53
269,97,45
269,98,14
269,99,4
269,100,14
269,101,17
269,102,8
269,103,10
269,104,6
269,105,6
269,106,9
269,107,6
269,108,6
269,109,8
269,110,8
269,112,3
269,113,20
269,114,13
269,115,12
269,116,4
269,117,6
269,118,9
269,119,13
269,120,25
269,121,14
269,122,12
269,123,6
269,124,11
269,125,16
269,126,4
269,127,51
269,128,46
269,129,22
269,130,15
269,131,29
269,132,12
269,133,10
269,134,14
269,135,10
269,136,27
269,137,1
269,138,37
269,139,18
269,140,40
269,141,24
269,142,16
269,143,25
269,144,34
269,145,75
269,146,40
269,147,2
269,148,27
269,149,29
269,150,5
269,151,1
269,153,5
269,154,6
269,155,71
269,156,9
269,157,11
269,158,27
269,159,41
269,160,3
269,161,26
269,162,17
269,163,25
269,164,20
269,165,1
269,166,12
269,167,3
269,168,12
269,169,12
269,170,4
269,171,8
269,173,23
269,174,4
269,175,48
269,176,36
269,177,23
269,178,8
269,179,8
269,180,5
269,182,36
269,183,18
269,184,4
269,185,10
269,187,3
269,188,7
269,189,5
269,190,4
269,191,7
269,192,13
269,193,5
269,194,10
269,195,27
269,196,21
269,197,13
269,198,4
269,199,1
269,200,10
269,201,8
269,202,3
269,203,5
269,205,9
269,206,11
269,208,3
269,210,26
269,211,5
269,212,19
269,213,7
269,214,6
269,215,27
269,216,8
269,217,25
269,218,3
269,219,27
269,221,4
269,222,3
269,223,3
269,224,9
269,225,18
269,226,8
269,227,37
269,228,9
269,229,43
269,230,38
269,231,1
269,232,11
269,233,6
269,234,80
269,235,37
269,236,35
269,237,9
269,238,31
269,239,18
269,240,34
269,241,34
269,242,6
269,243,37
269,244,8
269,245,7
269,246,7
269,247,4
269,248,17
269,249,5
269,250,4
269,251,4
269,252,4
269,253,3
269,254,11
269,255,36
269,256,34
269,257,5
269,258,3
269,259,18
269,260,10
269,261,14
269,262,9
269,263,27
269,264,93
269,265,59
269,266,10
269,267,8
269,268,21
269,270,23
269,271,8
269,272,7
269,273,23
269,274,8
269,275,6
269,276,21
269,277,26
269,278,31
269,279,11
269,280,6
269,281,40
269,282,5
269,283,24
269,284,19
269,285,7
269,286,28
269,287,7
269,288,201
269,289,21
269,290,17
269,291,1
269,292,15
269,293,3
269,294,8
269,295,15
269,296,5
269,297,22
269,298,20
269,299,2
269,300,16
269,301,30
270,0,22
270,1,11
270,2,33
270,3,10
270,4,23
270,5,9
270,6,5
270,7,8
270,8,7
270,9,2
270,10,1
270,11,4
270,12,2
270,15,1
270,16,4
270,17,1
270,18,6
270,20,10
270,21,3
270,22,7
270,23,2
270,24,1
270,25,3
270,26,7
270,27,1
270,28,3
270,29,1
270,30,10
270,31,2
270,33,1
270,34,17
270,35,12
270,36,2
270,38,19
270,39,6
270,40,1
270,41,12
270,43,4
270,44,23
270,45,2
270,47,1
270,48,2
270,50,1
270,53,4
270,54,3
270,55,2
270,56,2
270,57,1
270,58,13
270,59,4
270,60,2
270,61,9
270,62,11
270,64,10
270,65,5
270,66,5
270,68,4
270,69,5
270,70,4
270,71,2
270,72,4
270,73,6
270,74,14
270,75,6
270,76,5
270,78,4
270,79,12
270,80,4
270,81,7
270,82,6
270,83,12
270,84,6
270,85,2
270,86,2
270,88,2
270,89,2
270,90,1
270,91,4
270,93,11
270,95,2
270,96,12
270,97,77
270,98,8
270,99,3
270,100,4
270,101,8
270,102,1
270,103,2
270,105,3
270,106,5
270,107,6
270,109,10
270,110,2
270,111,4
270,112,6
270,113,5
270,114,4
270,115,8
270,116,7
270,117,5
270,118,8
270,119,7
270,120,11
270,121,12
270,122,19
270,123,8
270,124,2
270,125,4
270,126,11
270,127,6
270,128,4
270,129,8
270,130,39
270,131,12
270,132,5
270,133,7
270,134,6
270,135,6
270,136,4
270,137,1
270,138,18
270,139,3
270,140,1
270,142,5
270,143,7
270,144,7
270,145,16
270,146,11
270,148,12
270,149,6
270,150,1
270,151,2
270,153,6
270,154,3
270,155,7
270,156,1
270,157,2
270,158,2
270,159,3
270,160,1
270,161,5
270,162,1
270,163,5
270,164,2
270,165,3
270,166,5
270,167,4
270,168,1
270,169,3
270,171,4
270,173,5
270,174,1
270,175,121
270,176,55
270,177,41
270,178,32
270,179,1
270,180,30
270,181,1
270,182,74
270,183,108
270,185,105
270,187,3
270,188,17
270,189,2
270,190,3
270,191,1
270,192,16
270,193,3
270,194,3
270,195,5
270,196,7
270,197,5
270,198,2
270,200,2
270,201,1
270,203,1
270,205,3
270,206,9
270,208,5
270,209,12
270,210,2
270,211,12
270,212,66
270,213,2
270,214,9
270,215,24
270,216,3
270,217,72
270,218,6
270,219,77
270,221,2
270,222,1
270,223,3
270,224,1
270,225,90
270,226,2
270,227,4
270,228,15
270,229,6
270,230,8
270,231,2
270,232,4
270,234,12
270,235,21
270,236,24
270,237,21
270,238,10
270,239,21
270,240,15
270,241,7
270,242,11
270,243,10
270,244,1
270,245,8
270,246,7
270,247,17
270,248,7
270,249,5
270,250,2
270,251,12
270,253,3
270,254,18
270,255,5
270,256,48
270,257,21
270,259,18
270,260,15
270,261,2
270,262,35
270,263,7
270,264,10
270,265,10
270,266,7
270,267,1
270,268,8
270,269,8
270,271,7
270,272,2
270,273,21
270,274,6
270,275,14
270,276,4
270,277,34
270,278,13
270,279,14
270,281,8
270,282,7
270,283,4
270,285,21
270,286,1
270,287,2
270,288,10
270,289,29
270,290,38
270,291,1
270,292,7
270,293,6
270,294,3
270,295,13
270,296,1
270,297,8
270,298,4
270,299,2
270,300,6
270,301,6
271,0,11
271,1,2
271,2,257
271,3,13
271,4,21
271,5,11
271,6,28
271,7,5
271,8,261
271,9,15
271,10,9
271,12,3
271,14,1
271,15,1
271,16,8
271,18,10
271,19,1
271,20,4
271,21,2
271,22,1
271,23,3
271,24,2
271,25,1
271,26,3
271,27,1
271,29,2
271,30,4
271,32,3
271,34,11
271,35,4
271,38,5
271,39,8
271,41,6
271,42,1
271,43,3
271,44,3
271,45,1
271,46,2
271,48,3
271,53,1
271,54,2
271,55,2
271,56,1
271,57,4
271,58,5
271,59,1
271,60,28
271,61,106
271,62,61
271,64,7
271,65,2
271,66,5
271,67,57
271,68,3
271,69,1
271,70,2
271,71,2
271,72,14
271,73,11
271,74,6
271,75,40
271,76,38
271,77,30
271,78,20
271,79,68
271,80,34
271,81,51
271,82,14
271,83,31
271,84,23
271,85,6
271,86,36
271,87,1
271,88,2
271,89,2
271,90,10
271,91,4
271,92,55
271,93,10
271,94,2
271,95,2
271,96,14
271,97,24
271,98,2
271,99,4
271,100,6
271,101,5
271,102,8
271,103,9
271,104,1
271,105,5
271,106,7
271,107,4
271,108,7
271,109,29
271,110,24
271,111,7
271,112,24
271,113,58
271,114,40
271,115,53
271,116,32
271,117,25
271,118,30
271,119,23
271,120,67
271,121,93
271,122,60
271,123,57
271,124,3
271,125,5
271,126,66
271,127,4
271,128,3
271,129,15
271,130,39
271,131,14
271,132,12
271,133,16
271,134,26
271,135,7
271,136,31
271,137,6
271,138,18
271,139,16
271,140,2
271,141,2
271,142,7
271,143,5
271,144,4
271,145,10
271,146,3
271,147,1
271,148,2
271,149,7
271,153,6
271,154,4
271,156,1
271,157,4
271,158,1
271,159,4
271,160,8
271,161,6
271,163,6
271,164,2
271,165,9
271,166,8
271,167,2
271,169,16
271,170,5
271,171,10
271,174,11
271,175,38
271,176,12
271,177,10
271,178,5
271,179,1
271,180,6
271,181,2
271,182,17
271,183,23
271,184,10
271,185,2
271,186,1
271,187,1
271,188,13
271,189,15
271,190,3
271,191,5
271,192,12
271,193,3
271,194,5
271,195,16
271,196,14
271,197,12
271,199,1
271,200,4
271,201,4
271,202,2
271,203,3
271,204,1
271,205,2
271,206,10
271,207,1
271,208,7
271,210,6
271,211,6
271,212,39
271,213,19
271,214,12
271,215,11
271,216,5
271,217,40
271,218,2
271,219,51
271,222,3
271,223,3
271,224,16
271,225,40
271,226,14
271,227,3
271,228,9
271,229,2
271,230,15
271,231,8
271,232,9
271,233,3
271,234,14
271,235,5
271,236,8
271,237,30
271,238,12
271,239,17
271,240,5
271,241,25
271,242,14
271,243,43
271,244,9
271,245,13
271,246,15
271,247,2
271,248,28
271,249,4
271,250,8
271,251,9
271,252,5
271,254,6
271,255,13
271,256,10
271,257,53
271,258,7
271,259,24
271,260,29
271,261,9
271,262,7
271,263,16
271,264,14
271,265,156
271,266,11
271,267,2
271,268,8
271,269,6
271,270,27
271,272,8
271,273,23
271,274,71
271,275,5
271,276,4
271,277,27
271,278,64
271,279,93
271,281,74
271,282,61
271,283,36
271,284,3
271,285,27
271,286,5
271,287,28
271,288,42
271,289,66
271,290,17
271,291,5
271,292,58
271,293,18
271,294,2
271,295,49
271,296,1
271,297,30
271,298,9
271,299,23
271,300,13
271,301,5
272,0,7
272,1,6
272,2,6
272,3,1
272,4,6
272,5,6
272,6,5
272,7,9
272,8,8
272,9,1
272,10,3
272,11,1
272,12,1
272,13,2
272,15,1
272,16,6
272,18,4
272,19,1
272,20,7
272,21,15
272,22,3
272,23,20
272,24,27
272,25,27
272,26,32
272,27,9
272,28,7
272,29,14
272,30,1
272,31,6
272,32,1
272,33,1
272,34,11
272,35,4
272,38,2
272,39,4
272,40,1
272,41,4
272,42,1
272,43,2
272,44,5
272,45,1
272,48,1
272,53,4
272,54,1
272,55,3
272,57,3
272,60,1
272,61,7
272,62,6
272,64,1
272,66,4
272,67,1
272,68,1
272,69,1
272,70,3
272,71,5
272,72,2
272,73,2
272,74,1
272,76,5
272,77,2
272,78,3
272,79,7
272,80,7
272,81,9
272,82,2
272,83,8
272,84,2
272,85,2
272,86,4
272,87,1
272,89,1
272,90,1
272,92,2
272,93,1
272,94,1
272,96,1
272,97,12
272,98,29
272,99,1
272,100,3
272,101,2
272,106,1
272,107,3
272,108,3
272,109,4
272,110,6
272,111,1
272,112,2
272,113,4
272,114,2
272,115,4
272,116,1
272,117,1
272,118,3
272,119,4
272,120,2
272,122,2
272,123,1
272,124,1
272,125,5
272,126,1
272,128,1
272,129,12
272,130,2
272,131,13
272,132,2
272,134,5
272,136,4
272,138,10
272,139,8
272,140,1
272,141,1
272,142,4
272,143,3
272,144,6
272,145,8
272,146,1
272,147,1
272,149,2
272,150,1
272,153,2
272,155,3
272,156,1
272,157,3
272,161,3
272,162,1
272,163,2
272,165,1
272,166,3
272,168,3
272,169,6
272,171,1
272,174,3
272,175,17
272,176,11
272,177,7
272,179,2
272,180,2
272,182,14
272,183,10
272,184,2
272,186,2
272,187,2
272,188,6
272,189,2
272,190,14
272,191,3
272,192,42
272,193,10
272,194,11
272,195,14
272,196,16
272,197,5
272,198,2
272,199,1
272,200,3
272,201,4
272,202,2
272,203,5
272,205,5
272,206,2
272,208,22
272,210,8
272,211,1
272,214,27
272,215,3
272,216,3
272,217,2
272,219,4
272,223,2
272,224,7
272,225,2
272,226,3
272,227,13
272,228,35
272,229,2
272,230,2
272,231,1
272,232,2
272,233,1
272,234,5
272,235,2
272,236,3
272,237,2
272,238,5
272,239,3
272,240,2
272,241,2
272,242,37
272,243,3
272,245,30
272,246,3
272,247,1
272,248,3
272,249,35
272,251,40
272,252,2
272,253,1
272,254,35
272,255,3
272,256,9
272,258,2
272,259,31
272,260,1
272,261,4
272,262,8
272,263,6
272,264,6
272,265,9
272,266,2
272,267,3
272,268,9
272,269,1
272,270,7
272,271,2
272,273,24
272,274,2
272,275,11
272,276,5
272,277,1
272,278,6
272,279,8
272,280,2
272,281,7
272,282,2
272,284,2
272,285,2
272,286,13
272,287,2
272,288,11
272,289,19
272,290,7
272,291,1
272,292,9
272,293,4
272,294,2
272,295,4
272,296,5
272,297,8
272,298,5
272,300,1
272,301,14
273,0,91
273,1,87
273,2,266
273,3,33
273,4,397
273,5,90
273,6,198
273,7,68
273,8,137
273,9,38
273,10,10
273,11,7
273,12,30
273,13,31
273,15,30
273,16,82
273,17,15
273,18,60
273,19,15
273,20,246
273,21,94
273,22,44
273,23,151
273,24,149
273,25,135
273,26,153
273,27,49
273,28,56
273,29,88
273,30,81
273,31,52
273,32,2
273,33,3
273,34,70
273,35,57
273,36,4
273,37,3
273,38,45
273,39,30
273,40,2
273,41,47
273,42,10
273,43,102
273,44,116
273,45,16
273,46,5
273,47,23
273,48,27
273,49,12
273,50,12
273,51,6
273,52,7
273,53,91
273,54,13
273,55,46
273,56,40
273,57,23
273,58,20
273,59,21
273,60,41
273,61,97
273,62,61
273,63,3
273,64,47
273,65,34
273,66,104
273,67,4
273,68,80
273,69,33
273,70,65
273,71,63
273,72,37
273,73,112
273,74,113
273,75,82
273,76,81
273,77,54
273,78,18
273,79,129
273,80,71
273,81,98
273,82,45
273,83,71
273,84,60
273,85,23
273,86,49
273,87,16
273,88,32
273,89,39
273,90,38
273,91,16
273,92,40
273,93,34
273,94,7
273,95,16
273,96,51
273,97,89
273,98,107
273,99,35
273,100,60
273,101,20
273,102,18
273,103,19
273,104,31
273,105,21
273,106,23
273,107,48
273,108,38
273,109,46
273,110,30
273,111,13
273,112,43
273,113,76
273,114,60
273,115,54
273,116,20
273,117,38
273,118,58
273,119,30
273,120,78
273,121,89
273,122,56
273,123,37
273,124,56
273,125,46
273,126,34
273,127,104
273,128,86
273,129,236
273,130,17
273,131,244
273,132,177
273,133,139
273,134,213
273,135,9
273,136,89
273,137,20
273,138,505
273,139,364
273,140,50
273,141,75
273,142,216
273,143,142
273,144,146
273,145,264
273,146,149
273,147,14
273,148,109
273,149,164
273,150,25
273,151,12
273,152,3
273,153,31
273,154,40
273,155,52
273,156,2
273,157,68
273,158,34
273,159,49
273,160,23
273,161,63
273,162,24
273,163,52
273,164,15
273,165,23
273,166,57
273,167,11
273,168,13
273,169,30
273,170,16
273,171,39
273,172,1
273,173,32
273,174,34
273,175,117
273,176,57
273,177,55
273,178,22
273,179,20
273,180,30
273,181,11
273,182,121
273,183,108
273,184,12
273,185,4
273,186,4
273,187,38
273,188,103
273,189,15
273,190,21
273,191,6
273,192,41
273,193,21
273,194,22
273,195,52
273,196,33
273,197,35
273,198,13
273,199,2
273,200,15
273,201,15
273,202,5
273,203,10
273,204,1
273,205,6
273,206,26
273,207,14
273,208,32
273,209,3
273,210,118
273,211,1
273,212,40
273,213,14
273,214,48
273,215,48
273,216,68
273,217,100
273,218,1
273,219,81
273,220,2
273,221,6
273,222,6
273,223,30
273,224,41
273,225,81
273,226,43
273,227,75
273,228,73
273,229,19
273,230,70
273,231,6
273,232,28
273,233,9
273,234,69
273,235,26
273,236,41
273,237,47
273,238,31
273,239,43
273,240,27
273,241,66
273,242,70
273,243,81
273,244,11
273,245,46
273,246,103
273,247,28
273,248,29
273,249,35
273,250,10
273,251,51
273,252,7
273,253,13
273,254,98
273,255,33
273,256,46
273,257,31
273,258,12
273,259,62
273,260,28
273,261,29
273,262,90
273,263,77
273,264,302
273,265,161
273,266,26
273,267,32
273,268,137
273,269,93
273,270,86
273,271,10
273,272,120
273,274,50
273,275,90
273,276,66
273,277,51
273,278,74
273,279,66
273,280,118
273,281,125
273,282,61
273,283,34
273,284,18
273,285,17
273,286,41
273,287,36
273,288,112
273,289,1877
273,290,75
273,291,10
273,292,76
273,293,40
273,294,5
273,295,759
273,296,91
273,297,273
273,298,99
273,299,23
273,300,42
273,301,137
274,0,38
274,1,4
274,2,144
274,3,16
274,4,22
274,5,33
274,6,36
274,7,38
274,8,42
274,9,51
274,10,6
274,11,1
274,12,4
274,13,8
274,14,1
274,15,5
274,16,6
274,18,7
274,19,2
274,20,9
274,21,2
274,22,6
274,23,9
274,24,9
274,25,7
274,26,7
274,27,1
274,28,1
274,29,4
274,30,14
274,31,26
274,32,2
274,33,1
274,34,9
274,35,12
274,36,2
274,38,14
274,39,29
274,41,18
274,42,2
274,43,13
274,44,13
274,45,12
274,46,6
274,47,18
274,48,12
274,49,2
274,50,6
274,51,3
274,52,1
274,53,6
274,54,8
274,55,17
274,56,26
274,57,28
274,58,8
274,59,5
274,60,15
274,61,60
274,62,21
274,63,4
274,64,12
274,66,38
274,67,5
274,68,15
274,69,2
274,70,7
274,71,6
274,72,9
274,73,7
274,74,12
274,75,27
274,76,46
274,77,20
274,78,13
274,79,52
274,80,25
274,81,36
274,82,15
274,83,27
274,84,26
274,85,8
274,86,23
274,87,4
274,88,19
274,89,30
274,90,80
274,91,2
274,92,1
274,93,10
274,94,5
274,95,12
274,96,12
274,97,23
274,98,9
274,99,6
274,100,42
274,101,9
274,102,10
274,103,11
274,104,8
274,105,12
274,106,5
274,107,6
274,108,15
274,109,116
274,110,81
274,111,23
274,112,93
274,113,194
274,114,114
274,115,125
274,116,62
274,117,68
274,118,90
274,119,63
274,120,138
274,121,185
274,122,146
274,123,89
274,124,6
274,125,9
274,126,75
274,127,10
274,128,9
274,129,73
274,130,37
274,131,29
274,132,19
274,133,13
274,134,31
274,135,7
274,136,233
274,137,5
274,138,25
274,139,24
274,140,14
274,141,3
274,142,10
274,143,14
274,144,11
274,145,9
274,146,11
274,147,3
274,148,4
274,149,9
274,150,4
274,152,3
274,153,4
274,154,3
274,155,3
274,157,11
274,158,5
274,159,2
274,160,34
274,161,22
274,162,4
274,163,20
274,164,3
274,165,83
274,166,12
274,167,1
274,168,2
274,169,85
274,170,44
274,171,74
274,172,2
274,173,3
274,174,110
274,175,48
274,176,14
274,177,11
274,178,11
274,179,5
274,180,13
274,181,1
274,182,22
274,183,23
274,184,18
274,185,1
274,186,18
274,187,3
274,188,8
274,189,6
274,190,8
274,191,16
274,192,17
274,193,27
274,194,37
274,195,44
274,196,34
274,197,31
274,198,6
274,200,8
274,201,12
274,202,8
274,203,6
274,204,3
274,205,6
274,206,23
274,207,12
274,208,5
274,209,3
274,210,77
274,211,8
274,212,53
274,213,10
274,214,10
274,215,30
274,216,79
274,217,45
274,218,2
274,219,48
274,221,3
274,222,10
274,223,12
274,224,15
274,225,54
274,226,26
274,227,14
274,228,7
274,229,3
274,230,12
274,231,10
274,232,14
274,233,6
274,234,13
274,235,6
274,236,16
274,237,20
274,238,18
274,239,15
274,240,15
274,241,41
274,242,21
274,243,61
274,244,5
274,245,15
274,246,18
274,247,8
274,248,37
274,249,7
274,250,4
274,251,13
274,252,2
274,253,1
274,254,10
274,255,15
274,256,13
274,257,30
274,258,3
274,259,27
274,260,32
274,261,11
274,262,16
274,263,89
274,264,29
274,265,64
274,266,9
274,267,5
274,268,35
274,269,10
274,270,49
274,271,43
274,272,6
274,273,32
274,275,15
274,276,11
274,277,24
274,278,138
274,279,39
274,280,4
274,281,47
274,282,36
274,283,13
274,284,13
274,285,29
274,286,12
274,287,14
274,288,33
274,289,39
274,290,10
274,291,3
274,292,26
274,293,27
274,294,1
274,295,107
274,296,9
274,297,51
274,298,17
274,299,12
274,300,18
274,301,15
275,0,56
275,1,10
275,2,37
275,3,5
275,4,27
275,5,9
275,6,21
275,7,11
275,8,46
275,9,18
275,10,5
275,11,2
275,12,3
275,13,2
275,15,3
275,16,10
275,17,2
275,18,8
275,19,2
275,20,7
275,21,8
275,22,2
275,23,14
275,24,9
275,25,18
275,26,15
275,27,2
275,29,8
275,30,5
275,31,49
275,32,3
275,34,95
275,35,9
275,36,3
275,38,16
275,39,19
275,41,19
275,42,2
275,43,4
275,44,8
275,45,2
275,46,2
275,47,2
275,48,3
275,49,2
275,51,2
275,53,10
275,54,1
275,55,6
275,56,2
275,57,8
275,58,4
275,59,2
275,60,5
275,61,35
275,62,21
275,64,10
275,65,4
275,66,16
275,67,4
275,68,2
275,70,3
275,71,3
275,72,23
275,73,7
275,74,6
275,75,32
275,76,37
275,77,19
275,78,18
275,79,52
275,80,42
275,81,33
275,82,16
275,83,29
275,84,32
275,85,5
275,86,25
275,87,2
275,88,2
275,89,11
275,90,22
275,92,2
275,93,2
275,94,5
275,95,14
275,96,4
275,97,79
275,98,22
275,99,5
275,100,8
275,101,18
275,102,9
275,103,14
275,104,3
275,105,21
275,106,10
275,107,16
275,108,4
275,109,11
275,110,9
275,111,2
275,112,9
275,113,14
275,114,7
275,115,18
275,116,2
275,117,6
275,118,6
275,119,4
275,120,7
275,121,14
275,122,7
275,123,10
275,124,36
275,125,28
275,126,10
275,127,18
275,128,7
275,129,24
275,130,15
275,131,26
275,132,15
275,133,13
275,134,27
275,135,3
275,136,42
275,138,18
275,139,14
275,140,45
275,142,6
275,143,3
275,144,12
275,145,14
275,146,14
275,147,2
275,148,3
275,149,5
275,150,1
275,151,1
275,153,1
275,154,24
275,155,16
275,156,1
275,157,49
275,158,5
275,159,9
275,160,10
275,161,45
275,162,2
275,163,39
275,164,3
275,165,12
275,166,35
275,168,10
275,169,17
275,170,10
275,171,14
275,172,2
275,173,8
275,174,26
275,175,79
275,176,28
275,177,21
275,178,12
275,179,4
275,180,16
275,181,2
275,182,47
275,183,66
275,184,4
275,185,4
275,186,3
275,187,35
275,188,50
275,189,3
275,190,22
275,191,5
275,192,123
275,193,7
275,194,30
275,195,29
275,196,23
275,197,30
275,198,9
275,199,2
275,200,16
275,201,7
275,202,4
275,203,9
275,204,4
275,205,6
275,206,6
275,207,2
275,208,24
275,210,26
275,211,1
275,212,11
275,213,6
275,214,34
275,215,18
275,216,6
275,217,21
275,218,1
275,219,14
275,221,1
275,222,3
275,223,5
275,224,13
275,225,17
275,226,13
275,227,13
275,228,58
275,229,2
275,230,20
275,231,5
275,232,12
275,233,7
275,234,12
275,235,8
275,236,9
275,237,14
275,238,8
275,239,24
275,240,18
275,241,14
275,242,88
275,243,26
275,244,6
275,245,46
275,246,26
275,247,9
275,248,16
275,249,30
275,250,3
275,251,47
275,252,2
275,253,1
275,254,69
275,255,4
275,256,25
275,257,7
275,258,1
275,259,123
275,260,8
275,261,25
275,262,35
275,263,24
275,264,18
275,265,32
275,266,13
275,267,3
275,268,12
275,269,9
275,270,46
275,271,5
275,272,35
275,273,81
275,274,14
275,276,35
275,277,16
275,278,15
275,279,25
275,280,13
275,281,22
275,282,19
275,283,8
275,284,7
275,285,23
275,286,40
275,287,31
275,288,41
275,289,193
275,290,47
275,291,2
275,292,21
275,293,48
275,294,5
275,295,75
275,296,9
275,297,17
275,298,7
275,299,4
275,300,6
275,301,11
276,0,12
276,1,8
276,3,2
276,4,13
276,5,4
276,6,2
276,7,8
276,8,8
276,9,4
276,10,1
276,12,1
276,16,3
276,17,1
276,18,4
276,20,5
276,21,5
276,22,1
276,23,1
276,24,4
276,25,3
276,26,3
276,27,2
276,29,3
276,30,2
276,31,50
276,32,1
276,34,13
276,35,2
276,39,3
276,43,1
276,44,4
276,47,3
276,49,1
276,53,1
276,55,2
276,56,4
276,57,3
276,59,4
276,61,1
276,62,7
276,64,3
276,65,1
276,66,5
276,67,1
276,68,5
276,69,1
276,70,4
276,71,7
276,72,1
276,73,12
276,74,27
276,75,9
276,76,5
276,77,1
276,78,10
276,79,10
276,80,5
276,81,4
276,83,3
276,84,2
276,86,4
276,87,1
276,88,3
276,89,1
276,90,1
276,91,1
276,92,2
276,93,2
276,94,27
276,95,6
276,96,6
276,97,2
276,98,5
276,99,1
276,100,1
276,101,5
276,103,2
276,106,5
276,107,6
276,108,1
276,109,4
276,111,1
276,112,5
276,113,1
276,114,1
276,115,6
276,116,1
276,117,2
276,118,2
276,119,1
276,120,6
276,122,4
276,124,72
276,125,76
276,127,24
276,128,5
276,129,3
276,130,4
276,131,2
276,132,3
276,133,3
276,134,9
276,135,2
276,136,10
276,138,5
276,139,1
276,140,66
276,141,1
276,142,2
276,143,6
276,144,5
276,145,17
276,146,13
276,148,1
276,151,1
276,154,3
276,155,33
276,156,3
276,157,61
276,158,19
276,159,13
276,161,57
276,162,11
276,163,65
276,164,12
276,165,4
276,166,36
276,168,7
276,169,8
276,170,4
276,171,8
276,172,4
276,173,10
276,174,5
276,175,5
276,176,1
276,177,1
276,178,1
276,180,2
276,182,2
276,183,2
276,184,14
276,186,1
276,187,7
276,188,1
276,189,2
276,192,9
276,193,2
276,194,6
276,195,3
276,196,3
276,197,4
276,201,1
276,203,1
276,204,2
276,206,2
276,208,3
276,210,2
276,212,1
276,213,2
276,214,2
276,216,5
276,217,2
276,218,2
276,219,1
276,222,1
276,224,3
276,225,4
276,226,4
276,227,12
276,228,2
276,229,1
276,230,8
276,231,3
276,232,2
276,233,1
276,234,4
276,236,1
276,237,1
276,238,3
276,240,4
276,241,5
276,242,3
276,243,5
276,244,1
276,247,1
276,249,1
276,250,1
276,254,2
276,255,5
276,256,1
276,259,5
276,260,1
276,261,6
276,262,3
276,263,11
276,264,66
276,265,4
276,266,9
276,267,2
276,268,6
276,269,5
276,270,3
276,272,3
276,273,8
276,274,2
276,275,11
276,277,2
276,278,4
276,279,7
276,280,4
276,281,14
276,283,1
276,284,2
276,285,3
276,286,47
276,287,6
276,288,26
276,289,7
276,290,2
276,291,1
276,292,6
276,293,13
276,295,39
276,296,2
276,297,1
276,300,1
276,301,10
277,0,9
277,1,8
277,2,16
277,3,4
277,4,17
277,5,1
277,6,3
277,7,2
277,8,8
277,9,2
277,10,1
277,17,2
277,18,2
277,19,3
277,22,2
277,24,4
277,25,1
277,26,2
277,27,2
277,29,2
277,30,8
277,31,4
277,34,4
277,35,6
277,36,1
277,38,6
277,41,1
277,43,3
277,44,19
277,47,1
277,50,2
277,53,1
277,54,1
277,56,1
277,58,13
277,59,10
277,60,1
277,61,6
277,62,2
277,64,25
277,65,4
277,69,8
277,70,5
277,71,12
277,73,9
277,74,21
277,75,5
277,76,1
277,77,3
277,78,2
277,79,4
277,80,1
277,81,6
277,82,3
277,83,3
277,84,1
277,85,1
277,86,3
277,87,1
277,88,1
277,89,1
277,90,4
277,91,9
277,93,35
277,94,2
277,95,4
277,96,5
277,97,11
277,98,1
277,99,2
277,100,3
277,101,3
277,103,3
277,104,1
277,105,3
277,106,5
277,107,2
277,108,2
277,109,6
277,110,1
277,112,3
277,113,7
277,114,6
277,115,5
277,116,2
277,117,2
277,118,6
277,119,2
277,120,3
277,121,2
277,122,8
277,123,5
277,125,3
277,126,5
277,127,9
277,128,5
277,129,4
277,130,29
277,131,4
277,132,3
277,133,4
277,134,4
277,135,10
277,136,6
277,138,1
277,139,5
277,140,5
277,141,1
277,142,3
277,143,6
277,144,10
277,145,18
277,146,11
277,147,2
277,148,6
277,149,12
277,153,4
277,154,2
277,155,10
277,157,2
277,158,4
277,159,6
277,160,1
277,161,5
277,162,3
277,163,1
277,164,6
277,165,4
277,166,3
277,167,1
277,168,5
277,169,1
277,170,1
277,171,3
277,173,4
277,174,2
277,175,19
277,176,17
277,177,14
277,178,3
277,179,1
277,180,4
277,182,10
277,183,9
277,184,4
277,185,4
277,187,1
277,188,3
277,189,1
277,190,2
277,191,1
277,192,6
277,194,3
277,195,4
277,196,7
277,197,2
277,199,1
277,200,1
277,201,2
277,202,1
277,203,3
277,205,1
277,206,4
277,208,1
277,209,1
277,210,2
277,211,1
277,212,26
277,213,1
277,214,4
277,215,5
277,216,3
277,217,23
277,218,1
277,219,22
277,220,1
277,223,2
277,224,4
277,225,30
277,226,2
277,227,3
277,228,3
277,229,7
277,230,3
277,231,1
277,232,2
277,233,1
277,234,2
277,235,1
277,236,2
277,237,3
277,238,3
277,239,1
277,240,5
277,241,7
277,242,3
277,243,6
277,244,1
277,245,5
277,246,1
277,247,1
277,248,9
277,249,3
277,250,1
277,251,3
277,252,1
277,253,2
277,254,1
277,255,5
277,256,4
277,257,5
277,258,3
277,259,7
277,260,8
277,261,3
277,262,3
277,263,4
277,264,12
277,265,13
277,266,3
277,268,10
277,269,10
277,270,22
277,271,1
277,273,13
277,274,4
277,275,2
277,276,6
277,278,10
277,279,6
277,281,9
277,282,2
277,283,5
277,284,1
277,285,4
277,286,2
277,287,4
277,288,4
277,289,8
277,290,4
277,291,2
277,292,4
277,294,2
277,295,2
277,296,1
277,297,3
277,298,4
277,299,2
277,300,2
277,301,2
278,0,36
278,1,6
278,2,57
278,3,23
278,4,12
278,5,4
278,6,21
278,7,62
278,8,14
278,9,4
278,10,1
278,12,2
278,13,3
278,14,1
278,16,4
278,18,4
278,20,4
278,21,3
278,23,5
278,24,5
278,25,9
278,26,7
278,27,2
278,28,3
278,29,2
278,30,2
278,31,10
278,32,1
278,34,1
278,35,6
278,38,5
278,39,5
278,41,6
278,42,2
278,43,2
278,44,5
278,45,10
278,46,1
278,47,8
278,48,6
278,49,1
278,50,3
278,53,11
278,54,1
278,55,4
278,56,14
278,57,9
278,58,3
278,59,1
278,60,4
278,61,15
278,62,13
278,63,3
278,64,2
278,65,3
278,66,14
278,67,1
278,68,7
278,69,6
278,70,4
278,71,6
278,72,2
278,73,6
278,74,6
278,75,2
278,76,3
278,77,3
278,78,3
278,79,4
278,80,11
278,81,11
278,82,2
278,83,3
278,84,9
278,86,6
278,88,10
278,89,22
278,90,9
278,93,2
278,95,2
278,96,5
278,97,12
278,98,7
278,99,4
278,100,12
278,101,8
278,102,4
278,103,3
278,104,5
278,105,3
278,106,3
278,107,2
278,108,7
278,109,64
278,110,47
278,111,7
278,112,46
278,113,81
278,114,47
278,115,60
278,116,19
278,117,34
278,118,31
278,119,24
278,120,46
278,121,47
278,122,52
278,123,66
278,124,5
278,125,6
278,126,29
278,127,5
278,128,11
278,129,19
278,130,13
278,131,18
278,132,8
278,133,5
278,134,19
278,135,1
278,136,39
278,137,1
278,138,8
278,139,4
278,140,2
278,141,3
278,142,6
278,143,4
278,144,6
278,145,7
278,146,5
278,148,5
278,149,9
278,150,1
278,153,6
278,154,4
278,155,3
278,156,1
278,157,4
278,159,4
278,160,3
278,161,10
278,162,2
278,163,8
278,164,3
278,165,23
278,166,8
278,168,3
278,169,8
278,170,16
278,171,10
278,172,2
278,174,17
278,175,19
278,176,9
278,177,5
278,178,3
278,179,14
278,180,5
278,181,8
278,182,16
278,183,7
278,184,5
278,186,4
278,187,3
278,188,8
278,189,5
278,190,2
278,191,18
278,192,4
278,193,19
278,194,25
278,195,29
278,196,37
278,197,26
278,198,8
278,200,15
278,201,7
278,202,8
278,203,18
278,204,4
278,205,12
278,206,7
278,208,4
278,210,37
278,211,2
278,212,17
278,213,7
278,214,4
278,215,11
278,216,30
278,217,17
278,218,1
278,219,16
278,220,1
278,221,3
278,222,1
278,223,5
278,224,2
278,225,25
278,226,6
278,227,30
278,228,6
278,229,6
278,230,20
278,231,6
278,232,6
278,233,4
278,234,15
278,235,4
278,236,8
278,237,6
278,238,7
278,239,5
278,240,5
278,241,14
278,242,3
278,243,22
278,244,6
278,245,6
278,246,4
278,247,4
278,248,11
278,249,6
278,250,1
278,251,5
278,252,2
278,253,1
278,254,4
278,255,46
278,256,10
278,257,19
278,258,2
278,259,35
278,260,17
278,261,11
278,262,5
278,263,62
278,264,26
278,265,28
278,266,5
278,267,6
278,268,28
278,269,8
278,270,22
278,271,19
278,272,11
278,273,13
278,274,105
278,275,4
278,276,9
278,277,8
278,279,6
278,281,41
278,282,10
278,283,9
278,284,18
278,285,11
278,286,13
278,287,4
278,288,145
278,289,27
278,290,9
278,291,2
278,292,9
278,293,8
278,294,2
278,295,25
278,296,5
278,297,52
278,298,24
278,299,9
278,300,30
278,301,24
279,0,35
279,1,25
279,2,95
279,3,182
279,4,36
279,5,25
279,6,173
279,7,138
279,8,251
279,9,100
279,10,85
279,11,6
279,12,26
279,13,24
279,14,2
279,15,24
279,16,23
279,17,14
279,18,67
279,19,5
279,20,19
279,21,16
279,22,13
279,23,22
279,24,31
279,25,24
279,26,36
279,27,8
279,28,2
279,29,10
279,30,27
279,31,37
279,32,21
279,33,1
279,34,64
279,35,178
279,36,1
279,37,1
279,38,161
279,39,103
279,41,170
279,42,39
279,43,27
279,44,58
279,45,76
279,46,32
279,47,55
279,48,38
279,49,16
279,50,22
279,51,5
279,52,4
279,53,75
279,54,48
279,55,62
279,56,104
279,57,70
279,58,64
279,59,29
279,60,234
279,61,708
279,62,300
279,63,8
279,64,15
279,65,15
279,66,207
279,67,98
279,68,113
279,69,10
279,70,18
279,71,12
279,72,75
279,73,51
279,74,52
279,75,139
279,76,153
279,77,92
279,78,82
279,79,329
279,80,169
279,81,174
279,82,78
279,83,118
279,84,100
279,85,31
279,86,85
279,87,11
279,88,108
279,89,99
279,90,72
279,91,5
279,92,17
279,93,36
279,94,5
279,95,50
279,96,20
279,97,172
279,98,29
279,99,51
279,100,154
279,101,32
279,102,30
279,103,39
279,104,49
279,105,33
279,106,66
279,107,19
279,108,88
279,109,39
279,110,29
279,111,15
279,112,40
279,113,96
279,114,39
279,115,69
279,116,24
279,117,35
279,118,67
279,119,27
279,120,103
279,121,108
279,122,79
279,123,44
279,124,18
279,125,28
279,126,61
279,127,45
279,128,42
279,129,118
279,130,21
279,131,79
279,132,65
279,133,33
279,134,101
279,135,4
279,136,176
279,137,126
279,138,40
279,139,18
279,140,24
279,141,7
279,142,27
279,143,28
279,144,39
279,145,63
279,146,30
279,147,3
279,148,20
279,149,16
279,150,6
279,151,2
279,152,1
279,153,3
279,154,18
279,155,21
279,156,3
279,157,33
279,158,4
279,159,21
279,160,23
279,161,38
279,162,3
279,163,33
279,164,6
279,165,24
279,166,28
279,167,32
279,168,7
279,169,81
279,170,44
279,171,56
279,173,12
279,174,22
279,175,210
279,176,123
279,177,61
279,178,57
279,179,28
279,180,50
279,181,8
279,182,115
279,183,71
279,184,136
279,185,3
279,186,4
279,187,10
279,188,37
279,189,113
279,190,7
279,191,14
279,192,69
279,193,24
279,194,34
279,195,48
279,196,36
279,197,38
279,198,11
279,200,8
279,201,5
279,202,9
279,203,6
279,204,3
279,205,5
279,206,178
279,207,11
279,208,24
279,210,235
279,211,15
279,212,52
279,213,95
279,214,40
279,215,230
279,216,164
279,217,66
279,218,16
279,219,62
279,220,13
279,221,21
279,222,82
279,223,71
279,224,219
279,225,69
279,226,261
279,227,24
279,228,45
279,229,25
279,230,32
279,231,81
279,232,175
279,233,105
279,234,43
279,235,21
279,236,39
279,237,153
279,238,184
279,239,76
279,240,108
279,241,464
279,242,83
279,243,537
279,244,105
279,245,47
279,246,187
279,247,134
279,248,423
279,249,37
279,250,47
279,251,40
279,252,37
279,253,4
279,254,50
279,255,63
279,256,64
279,257,135
279,258,37
279,259,69
279,260,57
279,261,70
279,262,43
279,263,62
279,264,105
279,265,842
279,266,85
279,267,19
279,268,100
279,269,34
279,270,63
279,271,86
279,272,34
279,273,66
279,274,62
279,275,25
279,276,24
279,277,37
279,278,81
279,280,8
279,281,465
279,282,119
279,283,289
279,284,12
279,285,42
279,286,31
279,287,110
279,288,211
279,289,169
279,290,97
279,291,65
279,292,319
279,293,108
279,294,42
279,295,78
279,296,49
279,297,92
279,298,75
279,299,165
279,300,54
279,301,23
280,0,31
280,1,3
280,2,16
280,3,2
280,4,15
280,5,7
280,6,6
280,7,6
280,8,25
280,9,3
280,10,2
280,12,3
280,13,4
280,15,2
280,16,9
280,17,3
280,19,3
280,20,39
280,21,69
280,22,3
280,23,7
280,24,7
280,25,8
280,26,39
280,27,4
280,28,4
280,29,14
280,30,4
280,31,51
280,34,23
280,35,9
280,38,6
280,39,4
280,41,3
280,43,3
280,44,5
280,45,5
280,46,2
280,48,5
280,49,1
280,51,3
280,52,1
280,53,5
280,54,5
280,55,1
280,56,2
280,57,3
280,58,2
280,59,2
280,60,4
280,61,10
280,62,2
280,64,1
280,66,4
280,67,1
280,68,2
280,70,3
280,71,4
280,72,7
280,73,2
280,74,10
280,75,15
280,76,20
280,77,18
280,78,7
280,79,29
280,80,15
280,81,15
280,82,13
280,83,18
280,84,17
280,85,4
280,86,6
280,87,1
280,88,9
280,89,3
280,90,10
280,92,4
280,93,4
280,94,10
280,95,5
280,96,3
280,97,19
280,98,17
280,99,6
280,100,8
280,101,26
280,102,6
280,103,17
280,105,5
280,106,10
280,107,13
280,109,4
280,110,7
280,112,2
280,113,5
280,114,5
280,115,9
280,117,1
280,118,2
280,119,2
280,120,3
280,121,7
280,122,4
280,123,3
280,124,34
280,125,43
280,126,2
280,127,12
280,128,2
280,129,16
280,130,2
280,131,8
280,132,5
280,133,3
280,134,12
280,136,14
280,138,19
280,139,20
280,140,31
280,142,7
280,143,2
280,144,11
280,145,18
280,146,19
280,147,2
280,148,4
280,149,12
280,150,1
280,151,1
280,153,4
280,154,2
280,155,19
280,156,1
280,157,40
280,158,10
280,159,7
280,160,5
280,161,35
280,162,4
280,163,28
280,164,6
280,165,6
280,166,25
280,168,1
280,169,14
280,170,6
280,171,7
280,172,2
280,173,7
280,174,4
280,175,17
280,176,11
280,177,5
280,178,9
280,179,4
280,180,5
280,181,2
280,182,20
280,183,17
280,184,7
280,185,2
280,186,1
280,187,16
280,188,4
280,189,5
280,190,3
280,191,8
280,192,6
280,193,1
280,194,2
280,195,6
280,196,5
280,197,3
280,198,1
280,200,3
280,201,2
280,202,4
280,203,4
280,205,3
280,206,5
280,207,3
280,208,1
280,210,10
280,211,1
280,212,3
280,213,5
280,214,12
280,215,5
280,216,10
280,217,7
280,218,1
280,219,8
280,221,2
280,222,2
280,223,5
280,224,4
280,225,1
280,226,14
280,227,12
280,228,8
280,229,3
280,230,10
280,231,1
280,232,5
280,233,5
280,234,3
280,235,2
280,236,4
280,237,11
280,238,7
280,239,17
280,240,5
280,241,25
280,242,9
280,243,24
280,244,8
280,245,8
280,246,8
280,247,4
280,248,8
280,249,4
280,250,1
280,251,10
280,253,1
280,254,6
280,255,2
280,256,6
280,257,3
280,259,21
280,260,1
280,261,10
280,262,11
280,263,12
280,264,15
280,265,11
280,266,9
280,267,4
280,268,16
280,269,6
280,270,9
280,271,2
280,272,9
280,273,204
280,274,11
280,275,63
280,276,34
280,277,4
280,278,7
280,279,8
280,281,18
280,282,4
280,283,2
280,284,14
280,285,4
280,286,13
280,287,6
280,288,16
280,289,71
280,290,6
280,291,1
280,292,24
280,293,11
280,295,36
280,296,7
280,297,11
280,298,12
280,299,2
280,300,2
280,301,17
281,0,44
281,1,7
281,2,22
281,3,35
281,4,7
281,5,5
281,6,18
281,7,63
281,8,50
281,9,2
281,10,43
281,11,1
281,12,6
281,13,3
281,14,1
281,15,2
281,16,4
281,17,3
281,18,7
281,19,4
281,20,6
281,21,5
281,22,10
281,23,1
281,24,12
281,25,9
281,26,9
281,27,2
281,28,3
281,29,1
281,30,6
281,31,7
281,32,10
281,34,17
281,35,23
281,36,2
281,38,9
281,39,10
281,41,6
281,42,1
281,43,6
281,44,9
281,45,4
281,46,1
281,47,9
281,48,5
281,49,4
281,50,5
281,51,2
281,52,1
281,53,8
281,54,2
281,55,11
281,56,17
281,57,11
281,58,1
281,59,1
281,60,53
281,61,168
281,62,51
281,63,1
281,64,1
281,65,4
281,66,22
281,67,24
281,68,8
281,69,3
281,70,5
281,71,4
281,72,22
281,73,5
281,74,10
281,75,27
281,76,33
281,77,24
281,78,15
281,79,65
281,80,41
281,81,41
281,82,12
281,83,29
281,84,28
281,85,9
281,86,30
281,87,2
281,88,9
281,89,12
281,90,17
281,92,2
281,94,4
281,95,9
281,96,5
281,97,13
281,98,13
281,99,8
281,100,22
281,101,12
281,102,4
281,103,3
281,104,7
281,105,15
281,106,11
281,107,11
281,108,7
281,109,6
281,110,10
281,111,1
281,112,8
281,113,17
281,114,14
281,115,16
281,116,6
281,117,6
281,118,5
281,119,3
281,120,18
281,121,23
281,122,13
281,123,9
281,124,10
281,125,11
281,126,14
281,127,13
281,128,10
281,129,39
281,130,5
281,131,16
281,132,10
281,133,8
281,134,19
281,135,1
281,136,39
281,137,1
281,138,24
281,139,8
281,140,10
281,142,5
281,143,6
281,144,17
281,145,24
281,146,7
281,147,2
281,148,4
281,149,11
281,150,2
281,151,2
281,152,2
281,153,21
281,154,2
281,155,12
281,157,10
281,158,6
281,159,4
281,160,4
281,161,11
281,162,2
281,163,6
281,164,11
281,165,4
281,166,7
281,168,2
281,169,12
281,170,12
281,171,12
281,172,2
281,173,5
281,174,4
281,175,33
281,176,13
281,177,5
281,178,7
281,179,29
281,180,8
281,181,13
281,182,11
281,183,4
281,184,12
281,185,2
281,187,4
281,188,4
281,189,45
281,190,1
281,191,20
281,192,8
281,193,29
281,194,18
281,195,34
281,196,29
281,197,19
281,198,12
281,199,1
281,200,6
281,201,9
281,202,4
281,203,8
281,204,4
281,205,7
281,206,17
281,207,2
281,208,5
281,209,1
281,210,21
281,211,1
281,212,9
281,213,42
281,214,16
281,215,16
281,216,14
281,217,16
281,218,3
281,219,12
281,220,8
281,221,2
281,222,6
281,223,3
281,224,33
281,225,18
281,226,11
281,227,15
281,228,16
281,229,5
281,230,10
281,231,2
281,232,17
281,233,11
281,234,21
281,235,5
281,236,18
281,237,16
281,238,24
281,239,9
281,240,8
281,241,38
281,242,9
281,243,44
281,244,7
281,245,16
281,246,15
281,247,12
281,248,26
281,249,5
281,250,16
281,251,7
281,252,15
281,253,2
281,254,17
281,255,38
281,256,10
281,257,2
281,258,15
281,259,42
281,260,12
281,261,15
281,262,13
281,263,58
281,264,18
281,265,224
281,266,25
281,267,16
281,268,286
281,269,18
281,270,9
281,271,22
281,272,5
281,273,18
281,274,16
281,275,12
281,276,23
281,277,4
281,278,30
281,279,131
281,280,4
281,282,32
281,283,50
281,284,13
281,285,16
281,286,6
281,287,12
281,288,179
281,289,55
281,290,6
281,291,29
281,292,63
281,293,11
281,294,5
281,295,16
281,296,5
281,297,60
281,298,41
281,299,48
281,300,43
281,301,7
282,0,34
282,1,10
282,2,113
282,3,32
282,4,52
282,5,280
282,6,53
282,7,30
282,8,609
282,9,44
282,10,10
282,12,8
282,13,11
282,14,2
282,15,8
282,16,20
282,17,2
282,18,15
282,19,1
282,20,21
282,21,8
282,22,11
282,23,11
282,24,10
282,25,18
282,26,16
282,28,1
282,29,7
282,30,16
282,31,15
282,32,6
282,34,46
282,35,12
282,36,1
282,37,1
282,38,13
282,39,63
282,40,1
282,41,8
282,42,1
282,43,14
282,44,12
282,45,14
282,47,3
282,48,8
282,49,5
282,50,3
282,51,1
282,52,1
282,53,27
282,54,8
282,55,8
282,56,22
282,57,9
282,58,2
282,59,2
282,60,91
282,61,237
282,62,153
282,63,1
282,64,7
282,65,6
282,66,40
282,67,50
282,68,29
282,69,5
282,70,8
282,71,11
282,72,61
282,73,20
282,74,16
282,75,146
282,76,185
282,77,100
282,78,64
282,79,250
282,80,164
282,81,169
282,82,51
282,83,122
282,84,100
282,85,29
282,86,99
282,88,16
282,89,16
282,90,62
282,91,1
282,92,11
282,93,6
282,95,21
282,96,8
282,97,29
282,98,13
282,99,24
282,100,30
282,101,18
282,102,8
282,103,15
282,104,12
282,105,16
282,106,19
282,107,17
282,108,11
282,109,37
282,110,16
282,111,6
282,112,29
282,113,47
282,114,44
282,115,42
282,116,14
282,117,14
282,118,32
282,119,22
282,120,68
282,121,97
282,122,53
282,123,36
282,124,8
282,125,8
282,126,44
282,127,15
282,128,17
282,129,38
282,130,12
282,131,55
282,132,54
282,133,40
282,134,72
282,135,1
282,136,163
282,137,3
282,138,45
282,139,57
282,140,8
282,141,17
282,142,43
282,143,24
282,144,32
282,145,35
282,146,16
282,147,2
282,148,14
282,149,11
282,150,4
282,151,3
282,152,1
282,153,10
282,154,9
282,155,5
282,157,32
282,158,2
282,159,3
282,160,18
282,161,23
282,162,1
282,163,23
282,164,3
282,165,72
282,166,18
282,167,1
282,168,1
282,169,70
282,170,47
282,171,54
282,173,4
282,174,63
282,175,36
282,176,17
282,177,14
282,178,13
282,179,6
282,180,8
282,181,1
282,182,22
282,183,34
282,184,9
282,185,3
282,186,13
282,187,15
282,188,237
282,189,25
282,190,5
282,191,3
282,192,43
282,193,9
282,194,24
282,195,30
282,196,26
282,197,14
282,198,4
282,200,3
282,201,2
282,202,8
282,203,4
282,205,2
282,206,29
282,207,46
282,208,19
282,209,18
282,210,46
282,212,17
282,213,18
282,214,19
282,215,9
282,216,32
282,217,23
282,219,21
282,221,3
282,222,6
282,223,11
282,224,24
282,225,19
282,226,22
282,227,16
282,228,45
282,229,8
282,230,8
282,231,15
282,232,21
282,233,7
282,234,11
282,235,6
282,236,23
282,237,61
282,238,24
282,239,32
282,240,15
282,241,42
282,242,49
282,243,43
282,244,18
282,245,33
282,246,21
282,247,4
282,248,48
282,249,20
282,250,7
282,251,26
282,252,15
282,253,6
282,254,32
282,255,37
282,256,32
282,257,24
282,258,6
282,259,61
282,260,20
282,261,20
282,262,58
282,263,68
282,264,45
282,265,312
282,266,20
282,267,9
282,268,22
282,269,14
282,270,20
282,271,87
282,272,19
282,273,96
282,274,63
282,275,29
282,276,9
282,277,14
282,278,63
282,279,196
282,280,3
282,281,172
282,283,118
282,284,5
282,285,17
282,286,23
282,287,31
282,288,275
282,289,328
282,290,31
282,291,21
282,292,130
282,293,84
282,294,4
282,295,414
282,296,20
282,297,71
282,298,20
282,299,29
282,300,13
282,301,22
283,0,12
283,1,7
283,2,26
283,3,126
283,4,8
283,5,8
283,6,13
283,7,38
283,8,67
283,9,6
283,10,25
283,12,4
283,13,7
283,14,2
283,15,8
283,16,7
283,17,1
283,18,7
283,19,1
283,20,1
283,21,2
283,23,3
283,24,7
283,25,4
283,26,2
283,27,1
283,29,1
283,30,2
283,31,9
283,32,11
283,34,9
283,35,2
283,36,1
283,38,5
283,39,3
283,41,6
283,43,3
283,44,3
283,45,15
283,46,5
283,47,3
283,48,6
283,49,3
283,50,4
283,53,9
283,54,1
283,55,6
283,56,3
283,57,9
283,58,4
283,59,3
283,60,95
283,61,207
283,62,87
283,63,2
283,64,4
283,65,5
283,66,18
283,67,27
283,68,6
283,69,4
283,70,6
283,71,7
283,72,22
283,73,10
283,74,20
283,75,39
283,76,47
283,77,25
283,78,21
283,79,70
283,80,50
283,81,60
283,82,23
283,83,46
283,84,25
283,85,6
283,86,45
283,87,1
283,88,3
283,89,8
283,90,10
283,91,1
283,92,2
283,93,7
283,94,3
283,95,12
283,96,10
283,97,20
283,98,12
283,99,9
283,100,11
283,101,5
283,102,7
283,103,8
283,104,5
283,105,19
283,106,20
283,107,5
283,108,7
283,109,9
283,110,8
283,111,1
283,112,11
283,113,15
283,114,15
283,115,19
283,116,3
283,117,6
283,118,22
283,119,3
283,120,21
283,121,18
283,122,13
283,123,11
283,124,7
283,125,4
283,126,21
283,127,8
283,128,15
283,129,33
283,130,4
283,131,15
283,132,10
283,133,6
283,134,10
283,136,33
283,137,68
283,138,9
283,139,11
283,140,7
283,141,2
283,142,3
283,143,8
283,144,9
283,145,15
283,146,8
283,148,1
283,149,4
283,150,1
283,151,1
283,153,1
283,154,4
283,155,5
283,156,1
283,157,4
283,158,3
283,159,7
283,160,3
283,161,5
283,162,2
283,163,4
283,164,2
283,165,1
283,166,4
283,167,3
283,168,1
283,169,13
283,170,5
283,171,9
283,172,1
283,173,2
283,174,10
283,175,23
283,176,9
283,177,6
283,178,5
283,179,4
283,180,5
283,181,54
283,182,20
283,183,12
283,184,10
283,186,1
283,187,3
283,188,5
283,189,54
283,190,2
283,191,5
283,192,19
283,193,10
283,194,9
283,195,8
283,196,10
283,197,9
283,198,2
283,200,3
283,201,1
283,202,3
283,203,2
283,205,1
283,206,7
283,208,7
283,210,17
283,211,5
283,212,37
283,213,44
283,214,16
283,215,6
283,216,17
283,217,17
283,218,1
283,219,16
283,220,1
283,221,5
283,222,5
283,223,7
283,224,14
283,225,23
283,226,12
283,227,21
283,228,10
283,229,31
283,230,30
283,231,9
283,232,12
283,233,7
283,234,48
283,235,25
283,236,45
283,237,14
283,238,148
283,239,12
283,240,11
283,241,36
283,242,21
283,243,31
283,244,6
283,245,6
283,246,11
283,247,3
283,248,21
283,249,14
283,250,19
283,251,16
283,252,19
283,253,1
283,254,14
283,255,36
283,256,36
283,257,11
283,258,12
283,259,15
283,260,16
283,261,41
283,262,9
283,263,43
283,264,33
283,265,321
283,266,8
283,267,1
283,268,21
283,269,35
283,270,16
283,271,25
283,272,4
283,273,14
283,274,16
283,275,4
283,276,7
283,277,6
283,278,28
283,279,258
283,280,4
283,281,98
283,282,39
283,284,4
283,285,26
283,286,14
283,287,7
283,288,44
283,289,50
283,290,5
283,291,36
283,292,70
283,293,18
283,294,2
283,295,15
283,296,7
283,297,60
283,298,21
283,299,50
283,300,33
283,301,11
284,0,9
284,1,8
284,2,6
284,3,14
284,4,9
284,5,1
284,6,1
284,7,12
284,8,2
284,15,1
284,16,1
284,17,1
284,18,1
284,19,1
284,20,3
284,21,55
284,22,2
284,23,1
284,24,3
284,26,5
284,29,1
284,30,3
284,31,3
284,34,21
284,36,2
284,38,1
284,41,1
284,43,3
284,45,3
284,46,1
284,47,9
284,48,1
284,49,2
284,50,4
284,53,2
284,55,6
284,56,1
284,57,4
284,58,1
284,60,4
284,61,5
284,64,3
284,65,1
284,66,9
284,67,1
284,68,6
284,69,1
284,70,2
284,71,2
284,72,1
284,73,5
284,74,5
284,75,2
284,76,4
284,77,3
284,78,3
284,79,3
284,80,2
284,81,4
284,82,6
284,83,9
284,84,2
284,85,1
284,86,1
284,87,1
284,88,6
284,89,8
284,90,7
284,92,1
284,93,3
284,94,1
284,96,1
284,97,2
284,98,2
284,100,10
284,101,3
284,104,2
284,105,1
284,106,1
284,108,4
284,109,6
284,110,5
284,111,4
284,112,8
284,113,15
284,114,11
284,115,5
284,116,5
284,117,5
284,118,5
284,119,8
284,120,6
284,121,8
284,122,8
284,123,3
284,124,2
284,125,2
284,126,1
284,127,2
284,128,1
284,129,8
284,131,6
284,132,1
284,133,4
284,134,7
284,136,12
284,138,2
284,139,1
284,140,3
284,142,2
284,143,3
284,144,1
284,145,5
284,146,2
284,149,1
284,154,3
284,155,1
284,157,4
284,158,1
284,160,1
284,161,4
284,163,2
284,165,1
284,166,5
284,168,1
284,169,4
284,170,1
284,171,2
284,174,3
284,176,1
284,179,5
284,181,1
284,182,1
284,183,2
284,184,1
284,185,1
284,187,2
284,188,1
284,189,3
284,190,2
284,191,42
284,192,8
284,193,21
284,194,17
284,195,39
284,196,30
284,197,33
284,198,16
284,199,1
284,200,20
284,201,16
284,202,10
284,203,22
284,204,7
284,205,23
284,206,2
284,208,1
284,210,18
284,213,1
284,216,12
284,217,2
284,218,1
284,219,1
284,222,3
284,224,1
284,225,1
284,227,17
284,228,3
284,229,12
284,230,13
284,231,1
284,232,2
284,233,1
284,234,9
284,235,6
284,236,3
284,237,2
284,238,1
284,239,1
284,240,2
284,242,4
284,243,6
284,244,1
284,245,5
284,247,2
284,248,5
284,249,3
284,251,3
284,254,1
284,255,21
284,257,3
284,259,43
284,260,3
284,261,5
284,262,6
284,263,17
284,264,5
284,265,4
284,266,3
284,267,2
284,268,7
284,269,12
284,270,4
284,271,1
284,272,3
284,273,10
284,274,7
284,275,14
284,276,2
284,277,2
284,278,40
284,279,1
284,280,12
284,281,21
284,282,6
284,283,2
284,286,7
284,287,1
284,288,121
284,289,27
284,290,1
284,292,1
284,293,2
284,295,5
284,297,22
284,298,5
284,300,8
284,301,16
285,0,149
285,1,8
285,2,39
285,3,29
285,4,50
285,5,6
285,6,20
285,7,11
285,8,59
285,9,14
285,10,8
285,11,1
285,12,3
285,13,8
285,15,2
285,16,4
285,17,3
285,18,11
285,19,5
285,20,5
285,21,6
285,22,16
285,23,11
285,24,13
285,25,5
285,26,12
285,27,5
285,28,2
285,29,5
285,30,10
285,31,17
285,32,2
285,33,2
285,34,29
285,35,21
285,36,1
285,38,15
285,39,11
285,41,18
285,42,2
285,43,11
285,44,32
285,45,3
285,46,3
285,47,6
285,48,9
285,49,2
285,50,6
285,51,1
285,53,12
285,54,5
285,55,9
285,56,11
285,57,11
285,58,13
285,59,7
285,60,25
285,61,60
285,62,25
285,64,17
285,65,2
285,66,11
285,67,5
285,68,9
285,69,3
285,70,10
285,71,8
285,72,2
285,73,25
285,74,19
285,75,20
285,76,16
285,77,13
285,78,7
285,79,34
285,80,14
285,81,16
285,82,9
285,83,19
285,84,11
285,85,3
285,86,10
285,88,5
285,89,12
285,90,16
285,91,5
285,92,2
285,93,24
285,94,6
285,95,32
285,96,22
285,97,63
285,98,12
285,99,6
285,100,10
285,101,52
285,102,30
285,103,33
285,104,1
285,105,34
285,106,54
285,107,32
285,108,8
285,109,19
285,110,14
285,111,5
285,112,25
285,113,61
285,114,32
285,115,32
285,116,17
285,117,17
285,118,28
285,119,22
285,120,54
285,121,56
285,122,46
285,123,22
285,124,14
285,125,19
285,126,32
285,127,19
285,128,9
285,129,25
285,130,50
285,131,33
285,132,21
285,133,11
285,134,24
285,135,8
285,136,28
285,137,7
285,138,7
285,139,10
285,140,14
285,141,2
285,142,7
285,143,19
285,144,37
285,145,44
285,146,40
285,147,2
285,148,14
285,149,26
285,150,10
285,152,1
285,153,7
285,154,13
285,155,10
285,156,3
285,157,19
285,158,2
285,159,8
285,160,5
285,161,21
285,162,3
285,163,14
285,164,4
285,165,7
285,166,9
285,167,13
285,168,2
285,169,21
285,170,8
285,171,21
285,172,1
285,173,4
285,174,7
285,175,53
285,176,73
285,177,33
285,178,6
285,179,14
285,180,24
285,181,5
285,182,66
285,183,29
285,184,7
285,186,1
285,187,14
285,188,7
285,189,9
285,190,5
285,191,1
285,192,18
285,193,6
285,194,9
285,195,9
285,196,8
285,197,10
285,198,4
285,200,5
285,201,3
285,202,2
285,203,3
285,204,3
285,205,1
285,206,29
285,207,4
285,208,4
285,210,20
285,211,20
285,212,143
285,213,12
285,214,12
285,215,27
285,216,16
285,217,107
285,218,3
285,219,89
285,220,1
285,221,2
285,222,4
285,223,15
285,224,31
285,225,135
285,226,43
285,227,7
285,228,12
285,229,3
285,230,23
285,231,9
285,232,15
285,233,8
285,234,16
285,235,9
285,236,24
285,237,29
285,238,33
285,239,18
285,240,27
285,241,68
285,242,20
285,243,61
285,244,7
285,245,10
285,246,26
285,247,18
285,248,34
285,249,1
285,250,8
285,251,10
285,252,7
285,253,1
285,254,11
285,255,18
285,256,23
285,257,39
285,258,4
285,259,19
285,260,70
285,261,68
285,262,20
285,263,22
285,264,38
285,265,75
285,266,366
285,267,3
285,268,14
285,269,16
285,270,94
285,271,28
285,272,5
285,273,11
285,274,42
285,275,22
285,276,10
285,277,47
285,278,54
285,279,45
285,280,5
285,281,52
285,282,11
285,283,14
285,284,4
285,286,22
285,287,55
285,288,21
285,289,20
285,290,17
285,291,5
285,292,64
285,293,24
285,294,2
285,295,63
285,296,5
285,297,30
285,298,12
285,299,9
285,300,5
285,301,16
286,0,22
286,1,20
286,2,18
286,3,11
286,4,39
286,5,6
286,6,7
286,7,39
286,8,25
286,9,8
286,10,1
286,11,1
286,12,1
286,13,1
286,16,6
286,17,2
286,18,12
286,19,3
286,20,10
286,21,6
286,22,4
286,23,14
286,24,10
286,25,14
286,26,18
286,27,4
286,28,3
286,29,7
286,30,13
286,31,99
286,34,7
286,35,4
286,36,2
286,38,2
286,39,2
286,40,1
286,41,2
286,42,3
286,43,17
286,44,35
286,45,8
286,46,1
286,47,7
286,48,3
286,49,1
286,50,1
286,51,1
286,52,3
286,53,8
286,54,1
286,55,8
286,56,3
286,57,5
286,58,11
286,59,5
286,60,11
286,61,12
286,62,5
286,64,8
286,65,2
286,66,20
286,67,2
286,68,4
286,69,7
286,70,12
286,71,11
286,73,11
286,74,24
286,75,3
286,76,5
286,77,4
286,78,14
286,79,28
286,80,12
286,81,21
286,82,8
286,83,9
286,84,18
286,85,4
286,86,13
286,88,10
286,89,10
286,90,10
286,91,8
286,92,3
286,93,13
286,94,11
286,95,5
286,96,10
286,97,12
286,98,13
286,99,6
286,100,17
286,101,15
286,102,8
286,103,9
286,104,4
286,105,10
286,106,6
286,107,10
286,108,5
286,109,10
286,110,10
286,111,3
286,112,7
286,113,12
286,114,20
286,115,10
286,116,9
286,117,3
286,118,10
286,119,4
286,120,16
286,121,12
286,122,13
286,123,6
286,124,54
286,125,53
286,126,5
286,127,25
286,128,3
286,129,16
286,130,4
286,131,11
286,132,12
286,133,6
286,134,7
286,135,2
286,136,26
286,138,35
286,139,11
286,140,51
286,141,6
286,142,15
286,143,13
286,144,10
286,145,36
286,146,28
286,148,11
286,149,16
286,150,2
286,151,2
286,153,6
286,154,28
286,155,37
286,157,50
286,158,29
286,159,14
286,160,5
286,161,70
286,162,7
286,163,50
286,164,12
286,165,7
286,166,62
286,167,1
286,168,4
286,169,11
286,170,4
286,171,7
286,172,5
286,173,7
286,174,11
286,175,23
286,176,9
286,177,11
286,178,8
286,179,4
286,180,3
286,181,1
286,182,15
286,183,19
286,184,2
286,185,7
286,186,2
286,187,13
286,188,8
286,189,1
286,190,3
286,191,3
286,192,17
286,193,11
286,194,13
286,195,32
286,196,35
286,197,24
286,198,6
286,199,2
286,200,6
286,201,8
286,202,1
286,203,12
286,204,2
286,205,12
286,206,8
286,207,1
286,208,2
286,209,1
286,210,27
286,212,7
286,213,2
286,214,7
286,215,1
286,216,21
286,217,9
286,218,1
286,219,9
286,220,1
286,222,3
286,223,3
286,224,3
286,225,8
286,226,8
286,227,63
286,228,12
286,229,41
286,230,93
286,231,3
286,232,7
286,233,2
286,234,35
286,235,7
286,236,15
286,237,11
286,238,6
286,239,13
286,240,19
286,241,11
286,242,3
286,243,25
286,244,2
286,245,10
286,246,13
286,247,2
286,248,13
286,249,18
286,250,3
286,251,4
286,252,1
286,253,1
286,254,3
286,255,29
286,256,12
286,258,2
286,259,13
286,260,3
286,261,8
286,262,9
286,263,33
286,264,54
286,265,32
286,266,13
286,267,1
286,268,11
286,269,60
286,270,8
286,271,1
286,272,15
286,273,30
286,274,11
286,275,36
286,276,59
286,277,10
286,278,41
286,279,4
286,280,14
286,281,15
286,282,6
286,283,10
286,284,23
286,285,6
286,287,15
286,288,73
286,289,25
286,290,9
286,291,2
286,292,11
286,293,20
286,295,56
286,296,3
286,297,26
286,298,17
286,299,1
286,300,12
286,301,43
287,0,74
287,1,8
287,2,29
287,3,35
287,4,19
287,5,13
287,6,21
287,7,8
287,8,132
287,9,12
287,10,4
287,11,1
287,12,2
287,13,5
287,15,2
287,16,5
287,17,1
287,18,36
287,19,1
287,20,6
287,21,21
287,22,3
287,23,10
287,24,6
287,25,6
287,26,9
287,27,3
287,28,4
287,29,3
287,30,1
287,31,26
287,32,1
287,34,19
287,35,8
287,36,1
287,38,8
287,39,29
287,41,10
287,42,3
287,43,7
287,44,4
287,45,7
287,46,3
287,47,2
287,48,3
287,49,2
287,50,2
287,51,1
287,52,1
287,53,15
287,54,4
287,55,6
287,56,11
287,57,5
287,58,5
287,59,1
287,60,16
287,61,31
287,62,13
287,64,7
287,65,4
287,66,23
287,67,3
287,68,11
287,69,4
287,70,5
287,71,8
287,72,7
287,73,6
287,74,18
287,75,17
287,76,22
287,77,12
287,78,10
287,79,25
287,80,18
287,81,29
287,82,11
287,83,8
287,84,12
287,85,3
287,86,11
287,88,10
287,89,15
287,90,14
287,92,4
287,93,2
287,94,4
287,95,11
287,96,4
287,97,23
287,98,6
287,99,6
287,100,11
287,101,25
287,102,18
287,103,24
287,104,5
287,105,20
287,106,26
287,107,9
287,108,14
287,109,8
287,110,4
287,111,1
287,112,13
287,113,10
287,114,16
287,115,17
287,116,2
287,117,6
287,118,8
287,119,3
287,120,16
287,121,25
287,122,23
287,123,6
287,124,6
287,125,8
287,126,14
287,127,9
287,128,7
287,129,19
287,130,8
287,131,14
287,132,8
287,133,4
287,134,11
287,135,1
287,136,27
287,137,15
287,138,7
287,139,1
287,140,12
287,142,16
287,143,11
287,144,14
287,145,14
287,146,9
287,147,3
287,148,5
287,149,9
287,150,2
287,152,1
287,153,4
287,154,7
287,155,2
287,157,21
287,158,2
287,159,9
287,160,9
287,161,17
287,162,5
287,163,16
287,164,1
287,165,3
287,166,10
287,167,2
287,168,2
287,169,18
287,170,6
287,171,8
287,173,3
287,174,11
287,175,28
287,176,19
287,177,8
287,178,6
287,179,9
287,180,5
287,182,16
287,183,13
287,184,21
287,185,6
287,186,1
287,187,6
287,188,13
287,189,6
287,190,3
287,192,6
287,193,4
287,194,11
287,195,12
287,196,6
287,197,12
287,198,2
287,199,1
287,200,5
287,201,2
287,203,3
287,205,4
287,206,45
287,207,1
287,208,5
287,210,17
287,211,2
287,212,19
287,213,7
287,214,4
287,215,28
287,216,14
287,217,19
287,218,1
287,219,15
287,220,2
287,221,1
287,222,16
287,223,16
287,224,36
287,225,19
287,226,46
287,227,7
287,228,14
287,229,4
287,230,5
287,231,17
287,232,40
287,233,17
287,234,6
287,235,5
287,236,11
287,237,191
287,238,14
287,239,24
287,240,32
287,241,92
287,242,24
287,243,119
287,244,25
287,245,7
287,246,12
287,247,7
287,248,66
287,249,6
287,250,3
287,251,7
287,252,3
287,253,1
287,254,20
287,255,9
287,256,23
287,257,83
287,258,5
287,259,28
287,260,10
287,261,51
287,262,11
287,263,7
287,264,19
287,265,47
287,266,20
287,267,8
287,268,11
287,269,10
287,270,9
287,271,16
287,272,10
287,273,17
287,274,17
287,275,27
287,276,9
287,277,6
287,278,14
287,279,88
287,280,5
287,281,22
287,282,22
287,283,9
287,284,5
287,285,39
287,286,19
287,288,17
287,289,20
287,290,34
287,291,5
287,292,27
287,293,28
287,295,134
287,296,6
287,297,23
287,298,7
287,299,5
287,300,13
287,301,10
288,0,37
288,1,27
288,2,39
288,3,41
288,4,69
288,5,12
288,6,16
288,7,82
288,8,58
288,9,13
288,10,21
288,11,5
288,12,2
288,13,8
288,15,9
288,16,11
288,17,8
288,18,34
288,19,6
288,20,18
288,21,14
288,22,7
288,23,20
288,24,40
288,25,22
288,26,27
288,27,6
288,28,2
288,29,19
288,30,29
288,31,29
288,32,2
288,33,1
288,34,35
288,35,14
288,36,2
288,37,3
288,38,15
288,39,10
288,40,1
288,41,13
288,42,5
288,43,18
288,44,30
288,45,14
288,46,4
288,47,11
288,48,14
288,49,4
288,50,9
288,51,6
288,52,4
288,53,7
288,54,4
288,55,36
288,56,23
288,57,15
288,58,11
288,59,7
288,60,32
288,61,140
288,62,44
288,63,2
288,64,13
288,65,9
288,66,25
288,67,30
288,68,13
288,69,8
288,70,9
288,71,9
288,72,43
288,73,21
288,74,28
288,75,130
288,76,145
288,77,82
288,78,92
288,79,227
288,80,131
288,81,172
288,82,90
288,83,179
288,84,176
288,85,47
288,86,164
288,87,5
288,88,21
288,89,32
288,90,17
288,91,3
288,92,2
288,93,9
288,94,14
288,95,6
288,96,20
288,97,51
288,98,21
288,99,5
288,100,24
288,101,7
288,102,4
288,103,7
288,104,10
288,105,9
288,106,7
288,107,8
288,108,16
288,109,29
288,110,12
288,111,9
288,112,24
288,113,40
288,114,26
288,115,29
288,116,8
288,117,7
288,118,15
288,119,4
288,120,21
288,121,16
288,122,16
288,123,8
288,124,24
288,125,27
288,126,12
288,127,28
288,128,10
288,129,72
288,130,4
288,131,29
288,132,18
288,133,19
288,134,22
288,135,1
288,136,59
288,137,3
288,138,34
288,139,32
288,140,26
288,141,10
288,142,32
288,143,27
288,144,44
288,145,65
288,146,32
288,147,2
288,148,19
288,149,37
288,150,8
288,151,1
288,152,3
288,153,56
288,154,8
288,155,12
288,157,21
288,158,8
288,159,10
288,160,11
288,161,17
288,162,5
288,163,38
288,164,11
288,165,15
288,166,25
288,167,1
288,168,8
288,169,10
288,170,17
288,171,24
288,172,1
288,173,13
288,174,31
288,175,76
288,176,24
288,177,28
288,178,15
288,179,20
288,180,15
288,181,8
288,182,27
288,183,35
288,184,13
288,185,5
288,186,6
288,187,6
288,188,21
288,189,21
288,190,14
288,191,41
288,192,15
288,193,55
288,194,82
288,195,121
288,196,90
288,197,100
288,198,32
288,199,8
288,200,72
288,201,32
288,202,39
288,203,48
288,204,11
288,205,54
288,206,13
288,207,1
288,208,11
288,209,1
288,210,68
288,211,1
288,212,11
288,213,15
288,214,14
288,215,15
288,216,15
288,217,34
288,218,1
288,219,24
288,220,4
288,221,1
288,222,6
288,223,7
288,224,34
288,225,14
288,226,24
288,227,75
288,228,31
288,229,37
288,230,80
288,231,3
288,232,9
288,233,5
288,234,38
288,235,17
288,236,12
288,237,18
288,238,17
288,239,8
288,240,16
288,241,41
288,242,24
288,243,45
288,244,7
288,245,12
288,246,12
288,247,8
288,248,35
288,249,19
288,250,10
288,251,17
288,252,10
288,253,4
288,254,33
288,255,62
288,256,33
288,257,14
288,258,1
288,259,81
288,260,14
288,261,19
288,262,34
288,263,57
288,264,57
288,265,156
288,266,8
288,267,42
288,268,480
288,269,55
288,270,23
288,271,25
288,272,27
288,273,72
288,274,50
288,275,55
288,276,35
288,277,8
288,278,107
288,279,76
288,280,6
288,281,183
288,282,38
288,283,36
288,284,64
288,285,12
288,286,39
288,287,15
288,289,148
288,290,43
288,291,13
288,292,59
288,293,151
288,294,2
288,295,57
288,296,5
288,297,67
288,298,36
288,299,25
288,300,51
288,301,62
289,0,64
289,1,44
289,2,327
289,3,57
289,4,236
289,5,72
289,6,213
289,7,83
289,8,247
289,9,55
289,10,36
289,11,5
289,12,12
289,13,20
289,14,1
289,15,16
289,16,34
289,17,10
289,18,51
289,19,11
289,20,98
289,21,30
289,22,31
289,23,30
289,24,42
289,25,48
289,26,78
289,27,16
289,28,9
289,29,18
289,30,54
289,31,67
289,32,15
289,33,1
289,34,289
289,35,54
289,36,8
289,37,7
289,38,56
289,39,49
289,40,3
289,41,99
289,42,7
289,43,61
289,44,101
289,45,31
289,46,9
289,47,25
289,48,28
289,49,18
289,50,11
289,51,4
289,52,1
289,53,36
289,54,20
289,55,30
289,56,45
289,57,25
289,58,47
289,59,30
289,60,144
289,61,543
289,62,239
289,63,5
289,64,33
289,65,31
289,66,99
289,67,83
289,68,64
289,69,25
289,70,32
289,71,45
289,72,148
289,73,79
289,74,92
289,75,314
289,76,408
289,77,182
289,78,132
289,79,661
289,80,387
289,81,491
289,82,178
289,83,434
289,84,254
289,85,87
289,86,301
289,87,6
289,88,50
289,89,40
289,90,68
289,91,15
289,92,11
289,93,27
289,94,7
289,95,42
289,96,39
289,97,278
289,98,58
289,99,31
289,100,82
289,101,25
289,102,15
289,103,28
289,104,30
289,105,23
289,106,50
289,107,22
289,108,49
289,109,62
289,110,48
289,111,22
289,112,58
289,113,87
289,114,81
289,115,82
289,116,36
289,117,51
289,118,44
289,119,32
289,120,119
289,121,117
289,122,83
289,123,54
289,124,41
289,125,46
289,126,40
289,127,81
289,128,71
289,129,276
289,130,55
289,131,310
289,132,180
289,133,160
289,134,301
289,135,6
289,136,144
289,137,9
289,138,309
289,139,250
289,140,65
289,141,61
289,142,153
289,143,111
289,144,110
289,145,174
289,146,124
289,147,17
289,148,57
289,149,70
289,150,19
289,151,14
289,152,3
289,153,52
289,154,36
289,155,34
289,156,14
289,157,52
289,158,23
289,159,49
289,160,16
289,161,51
289,162,23
289,163,67
289,164,14
289,165,69
289,166,59
289,167,7
289,168,15
289,169,69
289,170,29
289,171,71
289,172,2
289,173,15
289,174,51
289,175,401
289,176,183
289,177,145
289,178,69
289,179,14
289,180,86
289,181,2
289,182,292
289,183,320
289,184,26
289,185,29
289,186,7
289,187,37
289,188,345
289,189,62
289,190,93
289,191,11
289,192,283
289,193,38
289,194,60
289,195,92
289,196,114
289,197,86
289,198,30
289,199,3
289,200,36
289,201,11
289,202,14
289,203,15
289,204,5
289,205,20
289,206,77
289,207,3
289,208,96
289,209,1
289,210,158
289,211,7
289,212,90
289,213,62
289,214,160
289,215,82
289,216,99
289,217,127
289,218,8
289,219,102
289,221,6
289,222,31
289,223,28
289,224,59
289,225,66
289,226,68
289,227,35
289,228,214
289,229,25
289,230,49
289,231,25
289,232,49
289,233,21
289,234,84
289,235,64
289,236,92
289,237,83
289,238,50
289,239,118
289,240,24
289,241,96
289,242,283
289,243,146
289,244,33
289,245,168
289,246,60
289,247,52
289,248,105
289,249,147
289,250,30
289,251,167
289,252,19
289,253,10
289,254,235
289,255,48
289,256,200
289,257,35
289,258,19
289,259,307
289,260,40
289,261,85
289,262,157
289,263,84
289,264,208
289,265,642
289,266,29
289,267,43
289,268,117
289,269,70
289,270,327
289,271,84
289,272,90
289,273,1881
289,274,88
289,275,202
289,276,46
289,277,58
289,278,77
289,279,268
289,280,38
289,281,393
289,282,256
289,283,195
289,284,8
289,285,49
289,286,56
289,287,88
289,288,387
289,290,262
289,291,34
289,292,220
289,293,141
289,294,6
289,295,637
289,296,32
289,297,384
289,298,42
289,299,86
289,300,45
289,301,44
290,0,14
290,1,5
290,2,32
290,3,20
290,4,15
290,5,27
290,6,8
290,7,6
290,8,25
290,9,4
290,10,2
290,11,1
290,12,7
290,13,1
290,15,1
290,16,2
290,17,2
290,18,24
290,20,14
290,21,6
290,22,3
290,23,7
290,24,6
290,25,6
290,26,7
290,27,5
290,28,1
290,29,2
290,30,7
290,31,8
290,32,1
290,34,51
290,35,10
290,38,13
290,39,52
290,41,16
290,42,1
290,43,2
290,44,7
290,45,2
290,47,1
290,48,4
290,53,6
290,54,4
290,55,6
290,56,7
290,57,3
290,58,11
290,59,7
290,60,10
290,61,11
290,62,5
290,64,1
290,65,2
290,66,12
290,67,3
290,68,7
290,69,2
290,70,2
290,71,9
290,72,5
290,73,22
290,74,16
290,75,10
290,76,12
290,77,8
290,78,7
290,79,49
290,80,16
290,81,32
290,82,4
290,83,15
290,84,11
290,85,2
290,86,12
290,88,8
290,89,3
290,90,11
290,92,4
290,93,7
290,94,3
290,96,6
290,97,93
290,98,8
290,99,3
290,100,13
290,101,1
290,102,4
290,103,3
290,104,5
290,105,4
290,106,6
290,107,2
290,108,6
290,109,10
290,110,6
290,111,1
290,112,4
290,113,7
290,114,6
290,115,6
290,117,6
290,118,16
290,119,3
290,120,11
290,121,15
290,122,14
290,123,10
290,124,6
290,125,4
290,126,8
290,127,19
290,128,25
290,129,19
290,130,11
290,131,10
290,132,10
290,133,7
290,134,12
290,135,4
290,136,17
290,137,4
290,138,19
290,139,3
290,140,8
290,141,2
290,142,6
290,143,11
290,144,11
290,145,11
290,146,11
290,148,7
290,149,15
290,153,6
290,154,2
290,155,3
290,157,13
290,158,3
290,159,12
290,160,4
290,161,8
290,162,2
290,163,1
290,164,1
290,165,6
290,166,7
290,168,3
290,169,10
290,170,4
290,171,8
290,173,4
290,174,12
290,175,95
290,176,47
290,177,35
290,178,15
290,179,3
290,180,23
290,181,1
290,182,103
290,183,78
290,184,16
290,185,17
290,186,1
290,187,5
290,188,34
290,189,2
290,190,7
290,191,1
290,192,29
290,193,4
290,194,4
290,195,14
290,196,20
290,197,14
290,198,6
290,200,3
290,201,1
290,202,3
290,203,4
290,204,1
290,206,21
290,207,1
290,208,12
290,209,1
290,210,11
290,211,1
290,212,30
290,213,3
290,214,22
290,215,24
290,216,10
290,217,7
290,218,2
290,219,11
290,220,1
290,221,5
290,222,11
290,223,4
290,224,16
290,225,13
290,226,25
290,227,7
290,228,26
290,229,8
290,230,15
290,231,8
290,232,14
290,233,13
290,234,46
290,235,30
290,236,15
290,237,100
290,238,9
290,239,60
290,240,58
290,241,35
290,242,35
290,243,45
290,244,7
290,245,14
290,246,9
290,247,6
290,248,41
290,249,16
290,250,1
290,251,26
290,252,2
290,254,24
290,255,10
290,256,83
290,257,9
290,258,2
290,259,42
290,260,9
290,261,25
290,262,75
290,263,7
290,264,34
290,265,36
290,266,6
290,267,5
290,268,16
290,269,15
290,270,48
290,271,7
290,272,12
290,273,43
290,274,7
290,275,24
290,276,3
290,277,11
290,278,12
290,279,38
290,280,3
290,281,11
290,282,29
290,283,8
290,285,6
290,286,11
290,287,27
290,288,19
290,289,94
290,291,1
290,292,7
290,293,7
290,294,4
290,295,23
290,296,2
290,297,14
290,298,6
290,299,4
290,300,7
290,301,4
291,0,1
291,3,3
291,4,1
291,6,2
291,7,1
291,8,4
291,9,1
291,10,21
291,14,9
291,17,1
291,21,2
291,26,1
291,32,25
291,34,4
291,35,3
291,39,1
291,41,1
291,46,1
291,48,1
291,49,2
291,55,1
291,58,1
291,60,5
291,61,25
291,62,10
291,66,3
291,67,1
291,71,2
291,75,3
291,76,4
291,77,2
291,78,3
291,79,1
291,80,1
291,81,1
291,88,1
291,92,1
291,99,1
291,102,1
291,104,1
291,107,1
291,108,1
291,113,1
291,118,1
291,121,7
291,122,1
291,123,1
291,129,2
291,130,1
291,132,1
291,134,1
291,143,1
291,145,2
291,147,1
291,153,3
291,154,1
291,161,1
291,169,1
291,170,1
291,175,1
291,178,2
291,179,1
291,181,1
291,188,2
291,189,37
291,196,1
291,206,1
291,213,20
291,215,1
291,219,3
291,225,2
291,227,1
291,230,1
291,233,1
291,234,1
291,236,1
291,237,2
291,238,3
291,239,1
291,240,1
291,241,1
291,242,5
291,247,1
291,248,1
291,249,1
291,250,26
291,251,1
291,252,27
291,254,1
291,255,1
291,256,3
291,257,1
291,258,23
291,259,3
291,261,2
291,263,3
291,264,2
291,265,82
291,266,2
291,269,1
291,271,1
291,273,3
291,274,1
291,278,1
291,279,11
291,281,14
291,283,2
291,285,2
291,288,8
291,289,1
291,292,2
291,293,2
291,297,1
291,298,1
291,299,38
292,0,51
292,1,2
292,2,10
292,3,26
292,4,10
292,5,6
292,6,10
292,7,10
292,8,32
292,9,6
292,10,25
292,12,2
292,13,1
292,14,1
292,15,2
292,16,1
292,17,1
292,18,3
292,19,2
292,20,5
292,21,2
292,22,4
292,23,3
292,24,5
292,25,3
292,26,14
292,27,1
292,29,1
292,30,5
292,31,7
292,32,2
292,34,55
292,35,12
292,36,1
292,38,6
292,39,4
292,41,13
292,42,1
292,43,3
292,44,8
292,45,6
292,46,5
292,47,3
292,48,4
292,49,1
292,50,1
292,53,3
292,54,2
292,55,2
292,56,7
292,57,5
292,58,5
292,59,2
292,60,50
292,61,109
292,62,58
292,64,1
292,66,17
292,67,21
292,68,13
292,69,3
292,70,2
292,71,1
292,72,30
292,73,5
292,74,5
292,75,34
292,76,26
292,77,20
292,78,12
292,79,55
292,80,23
292,81,42
292,82,8
292,83,28
292,84,20
292,85,3
292,86,14
292,87,1
292,88,4
292,89,5
292,90,12
292,91,3
292,92,1
292,93,4
292,94,4
292,95,35
292,96,4
292,97,15
292,98,6
292,99,3
292,100,13
292,101,41
292,102,15
292,103,29
292,104,5
292,105,29
292,106,33
292,107,27
292,108,7
292,109,11
292,110,6
292,112,4
292,113,8
292,114,10
292,115,14
292,116,3
292,117,3
292,118,7
292,119,4
292,120,5
292,121,12
292,122,17
292,123,7
292,124,5
292,125,10
292,126,17
292,127,6
292,128,4
292,129,22
292,130,6
292,131,10
292,132,7
292,133,2
292,134,7
292,136,11
292,137,11
292,138,9
292,139,2
292,140,9
292,142,2
292,143,4
292,144,7
292,145,12
292,146,3
292,148,4
292,149,6
292,150,2
292,151,1
292,153,2
292,154,5
292,155,5
292,156,1
292,157,9
292,159,3
292,160,2
292,161,19
292,162,4
292,163,13
292,165,4
292,166,5
292,168,2
292,169,6
292,170,7
292,171,5
292,172,1
292,173,1
292,174,5
292,175,20
292,176,11
292,177,10
292,178,2
292,179,5
292,180,6
292,181,33
292,182,6
292,183,10
292,184,9
292,187,11
292,188,3
292,189,23
292,190,3
292,191,1
292,192,7
292,193,2
292,194,11
292,195,10
292,196,5
292,197,4
292,200,1
292,203,2
292,204,1
292,206,39
292,207,1
292,208,3
292,210,22
292,211,4
292,212,23
292,213,14
292,214,5
292,215,15
292,216,13
292,217,7
292,218,2
292,219,10
292,222,4
292,223,3
292,224,5
292,225,20
292,226,9
292,227,3
292,228,11
292,229,6
292,230,8
292,231,1
292,232,4
292,233,4
292,234,8
292,235,2
292,236,12
292,237,23
292,238,15
292,239,3
292,240,8
292,241,19
292,242,11
292,243,19
292,244,1
292,245,12
292,246,3
292,247,6
292,248,8
292,249,4
292,250,13
292,251,8
292,252,12
292,254,8
292,255,5
292,256,10
292,257,3
292,258,20
292,259,13
292,260,4
292,261,17
292,262,8
292,263,11
292,264,18
292,265,146
292,266,217
292,267,6
292,268,14
292,269,7
292,270,14
292,271,25
292,272,6
292,273,13
292,274,10
292,275,16
292,276,10
292,277,7
292,278,10
292,279,99
292,280,2
292,281,81
292,282,36
292,283,54
292,285,26
292,286,7
292,287,17
292,288,39
292,289,46
292,290,2
292,291,12
292,293,10
292,294,4
292,295,39
292,296,1
292,297,14
292,298,9
292,299,41
292,300,23
292,301,5
293,0,53
293,1,10
293,2,58
293,3,6
293,4,21
293,5,26
293,6,18
293,7,14
293,8,95
293,9,22
293,10,9
293,12,2
293,13,5
293,15,7
293,16,13
293,17,1
293,18,7
293,19,2
293,20,5
293,21,6
293,22,2
293,23,14
293,24,17
293,25,16
293,26,14
293,27,1
293,28,1
293,29,7
293,30,4
293,31,42
293,32,1
293,34,28
293,35,5
293,37,1
293,38,15
293,39,26
293,41,14
293,42,5
293,43,2
293,44,13
293,45,8
293,46,7
293,47,5
293,48,2
293,49,2
293,50,6
293,53,9
293,54,2
293,55,12
293,56,5
293,57,15
293,58,8
293,59,4
293,60,24
293,61,80
293,62,48
293,64,3
293,65,4
293,66,21
293,67,12
293,68,9
293,69,4
293,70,5
293,71,6
293,72,34
293,73,12
293,74,13
293,75,63
293,76,110
293,77,64
293,78,36
293,79,158
293,80,90
293,81,90
293,82,37
293,83,89
293,84,93
293,85,25
293,86,88
293,87,1
293,88,18
293,89,16
293,90,43
293,91,1
293,92,2
293,93,4
293,94,3
293,95,17
293,96,7
293,97,20
293,98,11
293,99,8
293,100,18
293,101,26
293,102,9
293,103,13
293,104,8
293,105,17
293,106,20
293,107,21
293,108,9
293,109,25
293,110,12
293,111,4
293,112,17
293,113,27
293,114,32
293,115,12
293,116,8
293,117,12
293,118,7
293,119,17
293,120,24
293,121,19
293,122,16
293,123,7
293,124,17
293,125,23
293,126,36
293,127,10
293,128,6
293,129,37
293,130,8
293,131,22
293,132,19
293,133,24
293,134,26
293,136,135
293,137,1
293,138,21
293,139,27
293,140,26
293,141,5
293,142,15
293,143,11
293,144,10
293,145,25
293,146,16
293,147,3
293,148,10
293,149,17
293,151,1
293,153,7
293,154,11
293,155,8
293,156,2
293,157,32
293,158,6
293,159,7
293,160,13
293,161,40
293,162,3
293,163,41
293,164,9
293,165,29
293,166,15
293,168,3
293,169,53
293,170,29
293,171,26
293,172,2
293,173,4
293,174,52
293,175,38
293,176,23
293,177,8
293,178,8
293,179,5
293,180,7
293,182,38
293,183,35
293,184,6
293,185,2
293,186,24
293,187,13
293,188,20
293,189,13
293,190,5
293,191,2
293,192,36
293,193,5
293,194,10
293,195,13
293,196,7
293,197,10
293,198,4
293,200,9
293,201,3
293,203,4
293,204,1
293,205,2
293,206,10
293,207,6
293,208,10
293,209,5
293,210,31
293,211,1
293,212,16
293,213,18
293,214,15
293,215,12
293,216,23
293,217,29
293,218,2
293,219,11
293,222,10
293,223,5
293,224,20
293,225,20
293,226,14
293,227,9
293,228,22
293,229,9
293,230,9
293,231,6
293,232,14
293,233,8
293,234,12
293,235,5
293,236,14
293,237,16
293,238,14
293,239,9
293,240,6
293,241,41
293,242,33
293,243,40
293,244,6
293,245,16
293,246,23
293,247,7
293,248,29
293,249,10
293,250,4
293,251,17
293,252,5
293,253,6
293,254,20
293,255,11
293,256,11
293,257,10
293,258,2
293,259,26
293,260,4
293,261,33
293,262,22
293,263,53
293,264,19
293,265,98
293,266,44
293,267,4
293,268,30
293,269,13
293,270,26
293,271,26
293,272,18
293,273,23
293,274,67
293,275,82
293,276,25
293,277,13
293,278,19
293,279,57
293,280,8
293,281,59
293,282,55
293,283,33
293,284,7
293,285,12
293,286,30
293,287,33
293,288,328
293,289,110
293,290,19
293,291,10
293,292,48
293,294,2
293,295,213
293,296,10
293,297,29
293,298,16
293,299,10
293,300,6
293,301,10
294,0,1
294,1,3
294,2,5
294,3,1
294,4,2
294,5,3
294,6,2
294,7,2
294,8,1
294,9,2
294,11,1
294,13,2
294,17,2
294,18,1
294,19,2
294,22,3
294,23,1
294,26,1
294,30,4
294,34,4
294,35,7
294,37,1
294,38,10
294,41,12
294,42,2
294,43,1
294,44,2
294,45,3
294,46,1
294,47,1
294,50,2
294,52,1
294,54,12
294,56,1
294,57,1
294,58,16
294,59,8
294,61,4
294,62,2
294,64,2
294,66,2
294,68,3
294,69,1
294,70,2
294,71,1
294,72,3
294,73,3
294,74,2
294,77,1
294,79,2
294,80,1
294,81,1
294,82,1
294,83,1
294,84,2
294,88,1
294,91,1
294,93,3
294,96,4
294,97,19
294,98,2
294,99,2
294,100,4
294,104,6
294,105,1
294,106,1
294,107,2
294,108,4
294,112,2
294,113,1
294,115,1
294,118,1
294,120,1
294,122,1
294,123,1
294,125,1
294,126,1
294,127,5
294,129,2
294,130,2
294,131,1
294,134,5
294,136,4
294,137,7
294,140,2
294,141,1
294,143,1
294,144,1
294,145,1
294,146,2
294,149,1
294,157,2
294,158,1
294,159,2
294,165,1
294,167,1
294,169,3
294,170,1
294,175,16
294,176,10
294,177,10
294,178,7
294,180,6
294,182,12
294,183,13
294,185,1
294,187,2
294,188,2
294,192,8
294,193,1
294,196,1
294,200,1
294,206,2
294,210,2
294,211,2
294,212,4
294,214,4
294,215,5
294,216,4
294,217,2
294,218,3
294,219,8
294,221,1
294,222,1
294,224,3
294,225,4
294,226,2
294,227,1
294,228,1
294,229,1
294,230,1
294,231,3
294,233,1
294,234,2
294,235,1
294,236,4
294,237,1
294,239,3
294,241,1
294,243,1
294,245,1
294,246,6
294,247,10
294,248,1
294,249,3
294,251,1
294,252,1
294,254,5
294,256,2
294,257,1
294,259,4
294,260,1
294,261,2
294,262,2
294,263,4
294,264,4
294,265,3
294,266,10
294,267,1
294,268,1
294,269,4
294,270,12
294,271,1
294,272,1
294,273,3
294,275,2
294,276,1
294,277,2
294,279,13
294,281,2
294,286,2
294,288,4
294,289,2
294,290,4
294,292,1
294,293,1
294,295,1
294,296,1
294,297,1
294,298,1
294,299,1
295,0,215
295,1,42
295,2,769
295,3,58
295,4,186
295,5,111
295,6,192
295,7,54
295,8,333
295,9,78
295,10,6
295,11,6
295,12,5
295,13,24
295,15,18
295,16,48
295,17,11
295,18,50
295,19,8
295,20,32
295,21,23
295,22,17
295,23,42
295,24,47
295,25,41
295,26,77
295,27,9
295,28,9
295,29,40
295,30,26
295,31,117
295,32,1
295,33,1
295,34,107
295,35,47
295,36,7
295,37,1
295,38,27
295,39,95
295,40,4
295,41,42
295,42,11
295,43,41
295,44,64
295,45,34
295,46,15
295,47,20
295,48,17
295,49,7
295,50,8
295,51,3
295,52,1
295,53,58
295,54,7
295,55,26
295,56,33
295,57,36
295,58,21
295,59,13
295,60,36
295,61,147
295,62,60
295,63,2
295,64,48
295,65,21
295,66,72
295,67,10
295,68,44
295,69,20
295,70,33
295,71,26
295,72,33
295,73,85
295,74,70
295,75,109
295,76,160
295,77,59
295,78,34
295,79,187
295,80,93
295,81,150
295,82,45
295,83,91
295,84,79
295,85,25
295,86,67
295,87,3
295,88,47
295,89,55
295,90,136
295,91,7
295,92,24
295,93,42
295,94,18
295,95,57
295,96,28
295,97,91
295,98,50
295,99,21
295,100,63
295,101,101
295,102,56
295,103,60
295,104,25
295,105,56
295,106,60
295,107,61
295,108,50
295,109,53
295,110,25
295,111,14
295,112,60
295,113,69
295,114,52
295,115,71
295,116,37
295,117,27
295,118,43
295,119,40
295,120,67
295,121,81
295,122,45
295,123,32
295,124,62
295,125,56
295,126,95
295,127,65
295,128,66
295,129,271
295,130,29
295,131,330
295,132,227
295,133,165
295,134,321
295,135,4
295,136,255
295,137,21
295,138,216
295,139,269
295,140,105
295,141,48
295,142,142
295,143,59
295,144,90
295,145,143
295,146,88
295,147,9
295,148,57
295,149,67
295,150,20
295,151,2
295,152,1
295,153,29
295,154,54
295,155,40
295,156,9
295,157,100
295,158,22
295,159,31
295,160,37
295,161,150
295,162,9
295,163,115
295,164,14
295,165,109
295,166,88
295,167,4
295,168,9
295,169,144
295,170,66
295,171,109
295,172,8
295,173,17
295,174,127
295,175,104
295,176,50
295,177,38
295,178,16
295,179,15
295,180,21
295,181,8
295,182,76
295,183,62
295,184,21
295,185,6
295,186,74
295,187,45
295,188,74
295,189,15
295,190,27
295,191,7
295,192,94
295,193,20
295,194,43
295,195,41
295,196,53
295,197,50
295,198,12
295,200,23
295,201,10
295,202,7
295,203,8
295,204,2
295,205,4
295,206,46
295,207,60
295,208,29
295,209,55
295,210,140
295,211,6
295,212,68
295,213,14
295,214,59
295,215,73
295,216,89
295,217,85
295,218,4
295,219,63
295,221,4
295,222,16
295,223,17
295,224,37
295,225,50
295,226,50
295,227,43
295,228,68
295,229,17
295,230,33
295,231,11
295,232,35
295,233,13
295,234,37
295,235,29
295,236,29
295,237,66
295,238,52
295,239,50
295,240,16
295,241,92
295,242,104
295,243,138
295,244,28
295,245,38
295,246,73
295,247,29
295,248,72
295,249,41
295,250,12
295,251,66
295,252,5
295,253,10
295,254,58
295,255,23
295,256,42
295,257,36
295,258,6
295,259,116
295,260,20
295,261,79
295,262,53
295,263,128
295,264,178
295,265,166
295,266,125
295,267,41
295,268,108
295,269,60
295,270,50
295,271,48
295,272,35
295,273,368
295,274,144
295,275,88
295,276,82
295,277,28
295,278,63
295,279,103
295,280,31
295,281,82
295,282,143
295,283,46
295,284,8
295,285,62
295,286,65
295,287,130
295,288,97
295,289,551
295,290,64
295,291,8
295,292,113
295,293,127
295,294,3
295,296,39
295,297,342
295,298,74
295,299,22
295,300,33
295,301,56
296,3,4
296,4,1
296,5,5
296,6,4
296,7,2
296,8,17
296,11,4
296,12,2
296,13,7
296,14,1
296,15,12
296,16,7
296,19,1
296,20,6
296,21,3
296,23,8
296,24,7
296,25,5
296,26,3
296,27,1
296,34,1
296,35,1
296,38,3
296,39,1
296,41,1
296,42,1
296,43,1
296,45,2
296,53,17
296,55,1
296,57,1
296,58,1
296,61,2
296,62,1
296,66,1
296,68,2
296,75,1
296,77,1
296,78,1
296,81,1
296,83,1
296,84,1
296,85,2
296,89,4
296,90,1
296,92,3
296,93,1
296,94,1
296,97,2
296,98,5
296,99,17
296,100,1
296,101,2
296,104,1
296,107,1
296,108,1
296,109,1
296,113,1
296,114,1
296,117,2
296,118,2
296,121,1
296,122,2
296,127,1
296,129,4
296,130,1
296,131,2
296,133,1
296,135,1
296,136,1
296,137,2
296,138,3
296,139,3
296,140,1
296,143,3
296,145,1
296,146,1
296,149,1
296,153,2
296,157,1
296,163,2
296,166,4
296,167,1
296,169,1
296,171,1
296,175,4
296,176,2
296,177,1
296,178,3
296,179,1
296,180,1
296,181,2
296,182,2
296,183,2
296,189,1
296,192,1
296,194,1
296,195,4
296,196,1
296,197,1
296,201,1
296,203,1
296,206,2
296,207,1
296,210,5
296,215,1
296,216,2
296,218,1
296,219,1
296,223,1
296,226,1
296,227,1
296,228,2
296,231,1
296,232,1
296,237,2
296,238,1
296,239,1
296,242,2
296,243,1
296,244,4
296,246,4
296,247,3
296,248,32
296,249,2
296,253,7
296,254,3
296,255,3
296,256,2
296,259,3
296,261,3
296,262,9
296,263,1
296,264,1
296,265,3
296,266,2
296,267,10
296,268,14
296,269,1
296,270,2
296,272,3
296,273,3
296,275,1
296,276,2
296,277,1
296,278,2
296,279,6
296,281,3
296,282,1
296,283,1
296,284,1
296,285,1
296,286,1
296,287,1
296,288,4
296,289,1
296,290,3
296,292,2
296,293,1
296,295,5
296,297,2
296,298,13
296,300,2
296,301,4
297,0,211
297,1,31
297,2,237
297,3,167
297,4,126
297,5,20
297,6,297
297,7,192
297,8,62
297,9,64
297,10,22
297,11,9
297,12,9
297,13,18
297,14,2
297,15,13
297,16,47
297,17,8
297,18,19
297,19,7
297,20,13
297,21,10
297,22,9
297,23,30
297,24,24
297,25,22
297,26,38
297,27,5
297,28,4
297,29,9
297,30,27
297,31,25
297,32,6
297,33,1
297,34,21
297,35,39
297,36,3
297,37,7
297,38,44
297,39,19
297,40,2
297,41,54
297,42,5
297,43,20
297,44,27
297,45,31
297,46,14
297,47,18
297,48,27
297,49,14
297,50,20
297,51,6
297,52,3
297,53,50
297,54,4
297,55,51
297,56,43
297,57,53
297,58,16
297,59,7
297,60,46
297,61,148
297,62,78
297,63,7
297,64,20
297,65,10
297,66,133
297,67,12
297,68,63
297,69,7
297,70,22
297,71,20
297,72,17
297,73,51
297,74,42
297,75,37
297,76,61
297,77,36
297,78,26
297,79,108
297,80,74
297,81,77
297,82,37
297,83,49
297,84,38
297,85,12
297,86,20
297,87,6
297,88,67
297,89,65
297,90,76
297,91,7
297,92,9
297,93,18
297,94,7
297,95,27
297,96,12
297,97,84
297,98,33
297,99,18
297,100,119
297,101,22
297,102,16
297,103,18
297,104,33
297,105,43
297,106,31
297,107,9
297,108,44
297,109,42
297,110,28
297,111,24
297,112,40
297,113,89
297,114,68
297,115,89
297,116,40
297,117,42
297,118,90
297,119,32
297,120,89
297,121,85
297,122,82
297,123,55
297,124,25
297,125,14
297,126,28
297,127,39
297,128,30
297,129,620
297,130,28
297,131,777
297,132,505
297,133,305
297,134,408
297,135,3
297,136,293
297,137,10
297,138,104
297,139,121
297,140,23
297,141,40
297,142,64
297,143,43
297,144,57
297,145,103
297,146,70
297,147,5
297,148,36
297,149,31
297,150,12
297,151,4
297,152,3
297,153,39
297,154,10
297,155,11
297,156,6
297,157,29
297,158,11
297,159,22
297,160,27
297,161,35
297,162,8
297,163,31
297,164,10
297,165,29
297,166,20
297,167,18
297,168,6
297,169,87
297,170,43
297,171,43
297,172,1
297,173,4
297,174,12
297,175,80
297,176,40
297,177,18
297,178,16
297,179,106
297,180,15
297,181,84
297,182,58
297,183,38
297,184,21
297,185,3
297,187,14
297,188,23
297,189,28
297,190,14
297,191,48
297,192,42
297,193,83
297,194,115
297,195,170
297,196,142
297,197,85
297,198,33
297,199,2
297,200,45
297,201,36
297,202,16
297,203,28
297,204,7
297,205,39
297,206,42
297,207,1
297,208,16
297,210,163
297,211,4
297,212,51
297,213,27
297,214,30
297,215,59
297,216,130
297,217,55
297,218,3
297,219,51
297,220,1
297,221,4
297,222,12
297,223,11
297,224,43
297,225,25
297,226,61
297,227,73
297,228,44
297,229,45
297,230,28
297,231,25
297,232,41
297,233,17
297,234,54
297,235,30
297,236,63
297,237,24
297,238,98
297,239,24
297,240,1
297,241,118
297,242,34
297,243,120
297,244,27
297,245,19
297,246,39
297,247,37
297,248,84
297,249,30
297,250,9
297,251,26
297,252,8
297,253,8
297,254,59
297,255,287
297,256,39
297,257,22
297,258,8
297,259,100
297,260,47
297,261,67
297,262,41
297,263,301
297,264,119
297,265,193
297,266,29
297,267,74
297,268,228
297,269,42
297,270,52
297,271,35
297,272,23
297,273,136
297,274,32
297,275,18
297,276,11
297,277,27
297,278,253
297,279,69
297,280,9
297,281,247
297,282,37
297,283,66
297,284,61
297,285,23
297,286,51
297,287,19
297,288,466
297,289,162
297,290,38
297,291,11
297,292,61
297,293,20
297,294,14
297,295,366
297,296,30
297,298,161
297,299,36
297,300,261
297,301,59
298,0,80
298,1,11
298,2,14
298,3,97
298,4,6
298,5,17
298,6,17
298,7,44
298,8,48
298,9,9
298,10,9
298,11,7
298,12,15
298,13,15
298,14,1
298,15,23
298,16,50
298,18,5
298,19,2
298,20,15
298,21,9
298,22,2
298,23,16
298,24,8
298,25,9
298,26,17
298,27,4
298,28,1
298,29,9
298,30,5
298,31,7
298,32,2
298,34,5
298,35,7
298,38,18
298,39,3
298,41,13
298,42,6
298,43,1
298,44,11
298,45,10
298,46,5
298,47,12
298,48,2
298,50,1
298,51,2
298,53,38
298,54,5
298,55,10
298,56,9
298,57,4
298,58,6
298,59,2
298,60,19
298,61,47
298,62,31
298,63,1
298,64,4
298,65,4
298,66,23
298,68,1
298,69,1
298,70,4
298,71,7
298,72,2
298,73,11
298,74,7
298,75,7
298,76,8
298,77,9
298,78,4
298,79,14
298,80,13
298,81,11
298,82,6
298,83,9
298,84,10
298,85,1
298,86,10
298,87,2
298,88,20
298,89,15
298,90,19
298,91,2
298,92,13
298,93,1
298,95,7
298,96,2
298,97,15
298,98,18
298,99,29
298,100,18
298,101,4
298,102,5
298,103,10
298,104,4
298,105,10
298,106,6
298,107,3
298,108,11
298,109,8
298,110,9
298,111,4
298,112,5
298,113,10
298,114,20
298,115,21
298,116,5
298,117,9
298,118,12
298,119,8
298,120,16
298,121,17
298,122,9
298,123,14
298,124,1
298,125,4
298,126,3
298,127,7
298,128,12
298,129,97
298,130,2
298,131,16
298,132,11
298,133,3
298,134,31
298,136,44
298,137,4
298,138,8
298,139,8
298,140,7
298,141,1
298,142,14
298,143,5
298,144,5
298,145,13
298,146,10
298,148,3
298,149,4
298,150,1
298,153,6
298,154,1
298,155,1
298,157,6
298,158,2
298,159,5
298,160,4
298,161,9
298,163,6
298,164,1
298,165,8
298,166,2
298,167,1
298,169,30
298,170,6
298,171,10
298,173,3
298,174,3
298,175,28
298,176,7
298,177,5
298,178,4
298,179,55
298,180,1
298,181,15
298,182,19
298,183,16
298,184,13
298,185,1
298,186,1
298,187,1
298,188,7
298,189,8
298,190,3
298,191,11
298,192,11
298,193,25
298,194,38
298,195,50
298,196,29
298,197,21
298,198,18
298,199,2
298,200,16
298,201,8
298,202,4
298,203,5
298,204,1
298,205,12
298,206,19
298,207,1
298,208,3
298,210,25
298,212,16
298,213,11
298,214,7
298,215,18
298,216,24
298,217,16
298,218,1
298,219,16
298,220,1
298,221,4
298,222,13
298,223,14
298,224,14
298,225,23
298,226,18
298,227,12
298,228,5
298,229,7
298,230,12
298,231,8
298,232,10
298,233,6
298,234,31
298,235,24
298,236,20
298,237,11
298,238,23
298,239,4
298,240,3
298,241,41
298,242,6
298,243,53
298,244,6
298,245,9
298,246,56
298,247,10
298,248,32
298,249,8
298,250,9
298,251,9
298,252,5
298,253,10
298,254,7
298,255,39
298,256,27
298,257,5
298,258,7
298,259,17
298,260,18
298,261,27
298,262,31
298,263,53
298,264,19
298,265,85
298,266,4
298,267,20
298,268,64
298,269,17
298,270,8
298,271,6
298,272,15
298,273,26
298,274,11
298,275,4
298,276,12
298,277,9
298,278,54
298,279,109
298,280,5
298,281,94
298,282,16
298,283,19
298,284,16
298,285,5
298,286,16
298,287,7
298,288,102
298,289,16
298,290,1
298,291,6
298,292,13
298,293,7
298,294,1
298,295,23
298,296,69
298,297,104
298,299,10
298,300,101
298,301,28
299,0,1
299,2,1
299,3,4
299,4,3
299,6,2
299,7,1
299,8,6
299,10,44
299,14,10
299,21,1
299,24,1
299,25,1
299,26,1
299,29,1
299,31,1
299,32,45
299,34,1
299,35,2
299,47,1
299,60,23
299,61,39
299,62,8
299,63,2
299,67,1
299,72,1
299,75,7
299,77,1
299,78,1
299,79,4
299,81,2
299,83,1
299,84,1
299,86,1
299,88,1
299,95,1
299,96,1
299,100,1
299,104,1
299,106,3
299,107,1
299,109,2
299,112,2
299,113,2
299,114,1
299,115,1
299,120,3
299,121,1
299,123,1
299,124,1
299,125,1
299,126,3
299,131,2
299,133,1
299,134,1
299,136,1
299,138,1
299,139,1
299,140,1
299,142,1
299,143,1
299,144,2
299,153,4
299,154,1
299,155,1
299,161,1
299,165,1
299,166,2
299,167,1
299,169,2
299,171,1
299,175,4
299,177,1
299,178,1
299,179,2
299,180,1
299,181,1
299,189,46
299,192,2
299,194,2
299,197,2
299,198,1
299,201,1
299,206,1
299,208,1
299,210,2
299,212,1
299,213,60
299,215,2
299,216,2
299,219,1
299,222,2
299,224,1
299,225,4
299,226,2
299,227,1
299,228,1
299,229,3
299,231,1
299,236,2
299,238,1
299,239,2
299,241,2
299,242,1
299,243,1
299,245,1
299,246,2
299,248,1
299,249,1
299,250,20
299,252,13
299,256,1
299,258,24
299,259,2
299,261,2
299,263,1
299,264,2
299,265,133
299,266,3
299,267,3
299,268,3
299,269,1
299,271,2
299,273,1
299,274,1
299,275,1
299,277,1
299,278,2
299,279,28
299,281,24
299,282,4
299,283,7
299,288,15
299,289,6
299,290,1
299,291,68
299,292,6
299,293,1
299,295,2
299,297,2
299,298,2
299,300,4
300,0,124
300,1,8
300,2,47
300,3,60
300,4,14
300,5,11
300,6,38
300,7,64
300,8,11
300,9,9
300,10,6
300,11,1
300,13,4
300,14,1
300,15,12
300,16,9
300,17,1
300,18,5
300,19,3
300,20,3
300,21,2
300,22,2
300,23,4
300,24,8
300,25,4
300,26,11
300,27,5
300,28,2
300,29,3
300,31,10
300,32,2
300,33,1
300,35,6
300,38,1
300,39,3
300,41,4
300,44,3
300,45,9
300,46,5
300,47,4
300,48,7
300,49,3
300,50,2
300,51,3
300,53,8
300,55,9
300,56,7
300,57,11
300,58,3
300,59,1
300,60,24
300,61,61
300,62,32
300,64,5
300,65,2
300,66,25
300,67,3
300,68,6
300,69,3
300,70,4
300,71,3
300,72,3
300,73,6
300,74,5
300,75,11
300,76,14
300,77,12
300,78,6
300,79,29
300,80,18
300,81,15
300,82,2
300,83,12
300,84,6
300,85,1
300,86,5
300,88,19
300,89,26
300,90,30
300,92,4
300,93,2
300,94,1
300,95,7
300,96,4
300,97,8
300,98,9
300,99,15
300,100,38
300,101,17
300,102,7
300,103,5
300,104,8
300,105,10
300,106,12
300,107,1
300,108,12
300,109,16
300,110,7
300,111,7
300,112,15
300,113,27
300,114,27
300,115,16
300,116,13
300,117,10
300,118,19
300,119,14
300,120,26
300,121,45
300,122,16
300,123,15
300,124,7
300,125,2
300,126,14
300,127,5
300,128,3
300,129,37
300,130,12
300,131,16
300,132,25
300,133,16
300,134,99
300,135,1
300,136,76
300,137,3
300,138,13
300,139,3
300,140,6
300,141,3
300,142,3
300,143,5
300,144,12
300,145,6
300,146,1
300,147,1
300,148,2
300,149,2
300,153,4
300,154,1
300,155,5
300,156,1
300,157,16
300,159,4
300,160,12
300,161,5
300,163,6
300,164,1
300,165,8
300,166,11
300,169,33
300,170,22
300,171,16
300,172,1
300,173,2
300,174,4
300,175,22
300,176,5
300,177,9
300,178,5
300,179,60
300,180,3
300,181,26
300,182,12
300,183,13
300,184,9
300,185,1
300,187,1
300,188,8
300,189,9
300,190,4
300,191,15
300,192,6
300,193,42
300,194,58
300,195,71
300,196,60
300,197,38
300,198,12
300,199,3
300,200,16
300,201,17
300,202,7
300,203,18
300,204,1
300,205,32
300,206,10
300,207,1
300,208,2
300,209,1
300,210,47
300,211,5
300,212,18
300,213,9
300,214,10
300,215,11
300,216,30
300,217,19
300,219,15
300,220,4
300,221,2
300,222,5
300,223,10
300,224,31
300,225,7
300,226,23
300,227,34
300,228,9
300,229,14
300,230,19
300,231,3
300,232,15
300,233,8
300,234,34
300,235,23
300,236,27
300,237,8
300,238,39
300,239,13
300,240,3
300,241,60
300,242,8
300,243,59
300,244,8
300,245,6
300,246,30
300,247,3
300,248,38
300,249,9
300,250,9
300,251,7
300,252,6
300,253,1
300,254,19
300,255,75
300,256,23
300,257,4
300,258,4
300,259,41
300,260,20
300,261,21
300,262,15
300,263,102
300,264,13
300,265,88
300,266,6
300,267,7
300,268,21
300,269,18
300,270,11
300,271,14
300,272,6
300,273,21
300,274,15
300,275,3
300,276,5
300,277,6
300,278,77
300,279,36
300,280,1
300,281,131
300,282,10
300,283,14
300,284,20
300,285,3
300,286,21
300,287,7
300,288,310
300,289,23
300,290,9
300,291,11
300,292,16
300,293,4
300,294,3
300,295,22
300,296,11
300,297,269
300,298,75
300,299,13
300,301,17
301,0,25
301,1,19
301,2,20
301,3,14
301,4,26
301,5,23
301,6,7
301,7,37
301,8,22
301,9,3
301,10,3
301,11,4
301,12,11
301,13,14
301,15,3
301,16,10
301,17,2
301,18,5
301,19,3
301,20,23
301,21,59
301,22,7
301,23,26
301,24,18
301,25,32
301,26,39
301,27,8
301,28,12
301,29,19
301,30,9
301,31,35
301,32,2
301,34,3
301,35,11
301,36,2
301,38,9
301,39,6
301,41,6
301,42,2
301,43,4
301,44,19
301,45,7
301,46,4
301,47,6
301,48,2
301,52,1
301,53,10
301,54,4
301,55,9
301,56,14
301,57,11
301,58,4
301,59,3
301,60,3
301,61,24
301,62,10
301,64,10
301,65,6
301,66,15
301,67,1
301,68,4
301,69,3
301,70,6
301,71,8
301,72,3
301,73,23
301,74,14
301,75,11
301,76,11
301,77,7
301,78,3
301,79,22
301,80,17
301,81,20
301,82,9
301,83,13
301,84,17
301,85,3
301,86,8
301,88,12
301,89,15
301,90,14
301,91,5
301,92,12
301,93,7
301,94,5
301,95,1
301,96,7
301,97,11
301,98,50
301,99,11
301,100,27
301,101,5
301,102,4
301,103,4
301,104,10
301,105,4
301,106,2
301,107,4
301,108,6
301,109,18
301,110,4
301,111,5
301,112,15
301,113,21
301,114,23
301,115,16
301,116,7
301,117,9
301,118,6
301,119,12
301,120,21
301,121,24
301,122,7
301,123,7
301,124,14
301,125,15
301,126,9
301,127,24
301,128,11
301,129,24
301,130,4
301,131,10
301,132,15
301,133,4
301,134,17
301,135,2
301,136,27
301,137,2
301,138,24
301,139,9
301,140,16
301,141,2
301,142,17
301,143,12
301,144,10
301,145,25
301,146,16
301,147,2
301,148,9
301,149,11
301,150,1
301,152,1
301,153,3
301,154,3
301,155,11
301,156,1
301,157,16
301,158,10
301,159,8
301,160,2
301,161,39
301,162,4
301,163,25
301,164,4
301,165,3
301,166,12
301,167,1
301,169,11
301,170,6
301,171,13
301,172,3
301,173,6
301,174,1
301,175,16
301,176,14
301,177,8
301,178,4
301,179,5
301,180,5
301,181,2
301,182,8
301,183,18
301,184,3
301,185,3
301,186,1
301,187,12
301,188,11
301,189,1
301,190,13
301,191,71
301,192,8
301,193,7
301,194,12
301,195,27
301,196,30
301,197,17
301,198,7
301,200,10
301,201,9
301,202,3
301,203,6
301,204,3
301,205,10
301,206,7
301,207,1
301,208,8
301,210,26
301,212,9
301,213,2
301,214,12
301,215,6
301,216,21
301,217,6
301,219,9
301,221,2
301,222,1
301,223,5
301,224,7
301,225,13
301,226,10
301,227,76
301,228,28
301,229,26
301,230,52
301,231,2
301,232,5
301,233,5
301,234,33
301,235,5
301,236,15
301,237,5
301,238,2
301,240,3
301,241,19
301,242,21
301,243,24
301,244,2
301,245,15
301,246,16
301,247,5
301,248,8
301,249,18
301,250,3
301,251,22
301,253,2
301,254,19
301,255,55
301,256,8
301,257,3
301,258,1
301,259,75
301,260,6
301,261,9
301,262,14
301,263,39
301,264,38
301,265,32
301,266,3
301,267,7
301,268,26
301,269,59
301,270,9
301,271,1
301,272,26
301,273,65
301,274,17
301,275,11
301,276,19
301,277,6
301,278,47
301,279,14
301,280,13
301,281,28
301,282,6
301,283,7
301,284,15
301,285,10
301,286,35
301,287,7
301,288,308
301,289,31
301,290,8
301,291,1
301,292,5
301,293,3
301,294,1
301,295,24
301,296,13
301,297,31
301,298,20
301,300,32
