global_timeslot,date,timeslot,startTime,endTime,hour,minute,datetime,weekday
0,20170501,0,60000,61000,60,0,2017-05-01,0
1,20170501,1,61000,62000,61,0,2017-05-01,0
2,20170501,2,62000,63000,62,0,2017-05-01,0
3,20170501,3,63000,64000,63,0,2017-05-01,0
4,20170501,4,64000,65000,64,0,2017-05-01,0
5,20170501,5,65000,70000,65,0,2017-05-01,0
6,20170501,6,70000,71000,70,0,2017-05-01,0
7,20170501,7,71000,72000,71,0,2017-05-01,0
8,20170501,8,72000,73000,72,0,2017-05-01,0
9,20170501,9,73000,74000,73,0,2017-05-01,0
10,20170501,10,74000,75000,74,0,2017-05-01,0
11,20170501,11,75000,80000,75,0,2017-05-01,0
12,20170501,12,80000,81000,80,0,2017-05-01,0
13,20170501,13,81000,82000,81,0,2017-05-01,0
14,20170501,14,82000,83000,82,0,2017-05-01,0
15,20170501,15,83000,84000,83,0,2017-05-01,0
16,20170501,16,84000,85000,84,0,2017-05-01,0
17,20170501,17,85000,90000,85,0,2017-05-01,0
18,20170501,18,90000,91000,90,0,2017-05-01,0
19,20170501,19,91000,92000,91,0,2017-05-01,0
20,20170501,20,92000,93000,92,0,2017-05-01,0
21,20170501,21,93000,94000,93,0,2017-05-01,0
22,20170501,22,94000,95000,94,0,2017-05-01,0
23,20170501,23,95000,100000,95,0,2017-05-01,0
24,20170501,24,100000,101000,10,0,2017-05-01,0
25,20170501,25,101000,102000,10,1000,2017-05-01,0
26,20170501,26,102000,103000,10,2000,2017-05-01,0
27,20170501,27,103000,104000,10,3000,2017-05-01,0
28,20170501,28,104000,105000,10,4000,2017-05-01,0
29,20170501,29,105000,110000,10,5000,2017-05-01,0
30,20170501,30,110000,111000,11,0,2017-05-01,0
31,20170501,31,111000,112000,11,1000,2017-05-01,0
32,20170501,32,112000,113000,11,2000,2017-05-01,0
33,20170501,33,113000,114000,11,3000,2017-05-01,0
34,20170501,34,114000,115000,11,4000,2017-05-01,0
35,20170501,35,115000,120000,11,5000,2017-05-01,0
36,20170501,36,120000,121000,12,0,2017-05-01,0
37,20170501,37,121000,122000,12,1000,2017-05-01,0
38,20170501,38,122000,123000,12,2000,2017-05-01,0
39,20170501,39,123000,124000,12,3000,2017-05-01,0
40,20170501,40,124000,125000,12,4000,2017-05-01,0
41,20170501,41,125000,130000,12,5000,2017-05-01,0
42,20170501,42,130000,131000,13,0,2017-05-01,0
43,20170501,43,131000,132000,13,1000,2017-05-01,0
44,20170501,44,132000,133000,13,2000,2017-05-01,0
45,20170501,45,133000,134000,13,3000,2017-05-01,0
46,20170501,46,134000,135000,13,4000,2017-05-01,0
47,20170501,47,135000,140000,13,5000,2017-05-01,0
48,20170501,48,140000,141000,14,0,2017-05-01,0
49,20170501,49,141000,142000,14,1000,2017-05-01,0
50,20170501,50,142000,143000,14,2000,2017-05-01,0
51,20170501,51,143000,144000,14,3000,2017-05-01,0
52,20170501,52,144000,145000,14,4000,2017-05-01,0
53,20170501,53,145000,150000,14,5000,2017-05-01,0
54,20170501,54,150000,151000,15,0,2017-05-01,0
55,20170501,55,151000,152000,15,1000,2017-05-01,0
56,20170501,56,152000,153000,15,2000,2017-05-01,0
57,20170501,57,153000,154000,15,3000,2017-05-01,0
58,20170501,58,154000,155000,15,4000,2017-05-01,0
59,20170501,59,155000,160000,15,5000,2017-05-01,0
60,20170501,60,160000,161000,16,0,2017-05-01,0
61,20170501,61,161000,162000,16,1000,2017-05-01,0
62,20170501,62,162000,163000,16,2000,2017-05-01,0
63,20170501,63,163000,164000,16,3000,2017-05-01,0
64,20170501,64,164000,165000,16,4000,2017-05-01,0
65,20170501,65,165000,170000,16,5000,2017-05-01,0
66,20170501,66,170000,171000,17,0,2017-05-01,0
67,20170501,67,171000,172000,17,1000,2017-05-01,0
68,20170501,68,172000,173000,17,2000,2017-05-01,0
69,20170501,69,173000,174000,17,3000,2017-05-01,0
70,20170501,70,174000,175000,17,4000,2017-05-01,0
71,20170501,71,175000,180000,17,5000,2017-05-01,0
72,20170501,72,180000,181000,18,0,2017-05-01,0
73,20170501,73,181000,182000,18,1000,2017-05-01,0
74,20170501,74,182000,183000,18,2000,2017-05-01,0
75,20170501,75,183000,184000,18,3000,2017-05-01,0
76,20170501,76,184000,185000,18,4000,2017-05-01,0
77,20170501,77,185000,190000,18,5000,2017-05-01,0
78,20170501,78,190000,191000,19,0,2017-05-01,0
79,20170501,79,191000,192000,19,1000,2017-05-01,0
80,20170501,80,192000,193000,19,2000,2017-05-01,0
81,20170501,81,193000,194000,19,3000,2017-05-01,0
82,20170501,82,194000,195000,19,4000,2017-05-01,0
83,20170501,83,195000,200000,19,5000,2017-05-01,0
84,20170501,84,200000,201000,20,0,2017-05-01,0
85,20170501,85,201000,202000,20,1000,2017-05-01,0
86,20170501,86,202000,203000,20,2000,2017-05-01,0
87,20170501,87,203000,204000,20,3000,2017-05-01,0
88,20170501,88,204000,205000,20,4000,2017-05-01,0
89,20170501,89,205000,210000,20,5000,2017-05-01,0
90,20170501,90,210000,211000,21,0,2017-05-01,0
91,20170501,91,211000,212000,21,1000,2017-05-01,0
92,20170501,92,212000,213000,21,2000,2017-05-01,0
93,20170501,93,213000,214000,21,3000,2017-05-01,0
94,20170501,94,214000,215000,21,4000,2017-05-01,0
95,20170501,95,215000,220000,21,5000,2017-05-01,0
96,20170501,96,220000,221000,22,0,2017-05-01,0
97,20170501,97,221000,222000,22,1000,2017-05-01,0
98,20170501,98,222000,223000,22,2000,2017-05-01,0
99,20170501,99,223000,224000,22,3000,2017-05-01,0
100,20170501,100,224000,225000,22,4000,2017-05-01,0
101,20170501,101,225000,230000,22,5000,2017-05-01,0
102,20170502,102,60000,61000,60,0,2017-05-02,1
103,20170502,103,61000,62000,61,0,2017-05-02,1
104,20170502,104,62000,63000,62,0,2017-05-02,1
105,20170502,105,63000,64000,63,0,2017-05-02,1
106,20170502,106,64000,65000,64,0,2017-05-02,1
107,20170502,107,65000,70000,65,0,2017-05-02,1
108,20170502,108,70000,71000,70,0,2017-05-02,1
109,20170502,109,71000,72000,71,0,2017-05-02,1
110,20170502,110,72000,73000,72,0,2017-05-02,1
111,20170502,111,73000,74000,73,0,2017-05-02,1
112,20170502,112,74000,75000,74,0,2017-05-02,1
113,20170502,113,75000,80000,75,0,2017-05-02,1
114,20170502,114,80000,81000,80,0,2017-05-02,1
115,20170502,115,81000,82000,81,0,2017-05-02,1
116,20170502,116,82000,83000,82,0,2017-05-02,1
117,20170502,117,83000,84000,83,0,2017-05-02,1
118,20170502,118,84000,85000,84,0,2017-05-02,1
119,20170502,119,85000,90000,85,0,2017-05-02,1
120,20170502,120,90000,91000,90,0,2017-05-02,1
121,20170502,121,91000,92000,91,0,2017-05-02,1
122,20170502,122,92000,93000,92,0,2017-05-02,1
123,20170502,123,93000,94000,93,0,2017-05-02,1
124,20170502,124,94000,95000,94,0,2017-05-02,1
125,20170502,125,95000,100000,95,0,2017-05-02,1
126,20170502,126,100000,101000,10,0,2017-05-02,1
127,20170502,127,101000,102000,10,1000,2017-05-02,1
128,20170502,128,102000,103000,10,2000,2017-05-02,1
129,20170502,129,103000,104000,10,3000,2017-05-02,1
130,20170502,130,104000,105000,10,4000,2017-05-02,1
131,20170502,131,105000,110000,10,5000,2017-05-02,1
132,20170502,132,110000,111000,11,0,2017-05-02,1
133,20170502,133,111000,112000,11,1000,2017-05-02,1
134,20170502,134,112000,113000,11,2000,2017-05-02,1
135,20170502,135,113000,114000,11,3000,2017-05-02,1
136,20170502,136,114000,115000,11,4000,2017-05-02,1
137,20170502,137,115000,120000,11,5000,2017-05-02,1
138,20170502,138,120000,121000,12,0,2017-05-02,1
139,20170502,139,121000,122000,12,1000,2017-05-02,1
140,20170502,140,122000,123000,12,2000,2017-05-02,1
141,20170502,141,123000,124000,12,3000,2017-05-02,1
142,20170502,142,124000,125000,12,4000,2017-05-02,1
143,20170502,143,125000,130000,12,5000,2017-05-02,1
144,20170502,144,130000,131000,13,0,2017-05-02,1
145,20170502,145,131000,132000,13,1000,2017-05-02,1
146,20170502,146,132000,133000,13,2000,2017-05-02,1
147,20170502,147,133000,134000,13,3000,2017-05-02,1
148,20170502,148,134000,135000,13,4000,2017-05-02,1
149,20170502,149,135000,140000,13,5000,2017-05-02,1
150,20170502,150,140000,141000,14,0,2017-05-02,1
151,20170502,151,141000,142000,14,1000,2017-05-02,1
152,20170502,152,142000,143000,14,2000,2017-05-02,1
153,20170502,153,143000,144000,14,3000,2017-05-02,1
154,20170502,154,144000,145000,14,4000,2017-05-02,1
155,20170502,155,145000,150000,14,5000,2017-05-02,1
156,20170502,156,150000,151000,15,0,2017-05-02,1
157,20170502,157,151000,152000,15,1000,2017-05-02,1
158,20170502,158,152000,153000,15,2000,2017-05-02,1
159,20170502,159,153000,154000,15,3000,2017-05-02,1
160,20170502,160,154000,155000,15,4000,2017-05-02,1
161,20170502,161,155000,160000,15,5000,2017-05-02,1
162,20170502,162,160000,161000,16,0,2017-05-02,1
163,20170502,163,161000,162000,16,1000,2017-05-02,1
164,20170502,164,162000,163000,16,2000,2017-05-02,1
165,20170502,165,163000,164000,16,3000,2017-05-02,1
166,20170502,166,164000,165000,16,4000,2017-05-02,1
167,20170502,167,165000,170000,16,5000,2017-05-02,1
168,20170502,168,170000,171000,17,0,2017-05-02,1
169,20170502,169,171000,172000,17,1000,2017-05-02,1
170,20170502,170,172000,173000,17,2000,2017-05-02,1
171,20170502,171,173000,174000,17,3000,2017-05-02,1
172,20170502,172,174000,175000,17,4000,2017-05-02,1
173,20170502,173,175000,180000,17,5000,2017-05-02,1
174,20170502,174,180000,181000,18,0,2017-05-02,1
175,20170502,175,181000,182000,18,1000,2017-05-02,1
176,20170502,176,182000,183000,18,2000,2017-05-02,1
177,20170502,177,183000,184000,18,3000,2017-05-02,1
178,20170502,178,184000,185000,18,4000,2017-05-02,1
179,20170502,179,185000,190000,18,5000,2017-05-02,1
180,20170502,180,190000,191000,19,0,2017-05-02,1
181,20170502,181,191000,192000,19,1000,2017-05-02,1
182,20170502,182,192000,193000,19,2000,2017-05-02,1
183,20170502,183,193000,194000,19,3000,2017-05-02,1
184,20170502,184,194000,195000,19,4000,2017-05-02,1
185,20170502,185,195000,200000,19,5000,2017-05-02,1
186,20170502,186,200000,201000,20,0,2017-05-02,1
187,20170502,187,201000,202000,20,1000,2017-05-02,1
188,20170502,188,202000,203000,20,2000,2017-05-02,1
189,20170502,189,203000,204000,20,3000,2017-05-02,1
190,20170502,190,204000,205000,20,4000,2017-05-02,1
191,20170502,191,205000,210000,20,5000,2017-05-02,1
192,20170502,192,210000,211000,21,0,2017-05-02,1
193,20170502,193,211000,212000,21,1000,2017-05-02,1
194,20170502,194,212000,213000,21,2000,2017-05-02,1
195,20170502,195,213000,214000,21,3000,2017-05-02,1
196,20170502,196,214000,215000,21,4000,2017-05-02,1
197,20170502,197,215000,220000,21,5000,2017-05-02,1
198,20170502,198,220000,221000,22,0,2017-05-02,1
199,20170502,199,221000,222000,22,1000,2017-05-02,1
200,20170502,200,222000,223000,22,2000,2017-05-02,1
201,20170502,201,223000,224000,22,3000,2017-05-02,1
202,20170502,202,224000,225000,22,4000,2017-05-02,1
203,20170502,203,225000,230000,22,5000,2017-05-02,1
204,20170503,204,60000,61000,60,0,2017-05-03,2
205,20170503,205,61000,62000,61,0,2017-05-03,2
206,20170503,206,62000,63000,62,0,2017-05-03,2
207,20170503,207,63000,64000,63,0,2017-05-03,2
208,20170503,208,64000,65000,64,0,2017-05-03,2
209,20170503,209,65000,70000,65,0,2017-05-03,2
210,20170503,210,70000,71000,70,0,2017-05-03,2
211,20170503,211,71000,72000,71,0,2017-05-03,2
212,20170503,212,72000,73000,72,0,2017-05-03,2
213,20170503,213,73000,74000,73,0,2017-05-03,2
214,20170503,214,74000,75000,74,0,2017-05-03,2
215,20170503,215,75000,80000,75,0,2017-05-03,2
216,20170503,216,80000,81000,80,0,2017-05-03,2
217,20170503,217,81000,82000,81,0,2017-05-03,2
218,20170503,218,82000,83000,82,0,2017-05-03,2
219,20170503,219,83000,84000,83,0,2017-05-03,2
220,20170503,220,84000,85000,84,0,2017-05-03,2
221,20170503,221,85000,90000,85,0,2017-05-03,2
222,20170503,222,90000,91000,90,0,2017-05-03,2
223,20170503,223,91000,92000,91,0,2017-05-03,2
224,20170503,224,92000,93000,92,0,2017-05-03,2
225,20170503,225,93000,94000,93,0,2017-05-03,2
226,20170503,226,94000,95000,94,0,2017-05-03,2
227,20170503,227,95000,100000,95,0,2017-05-03,2
228,20170503,228,100000,101000,10,0,2017-05-03,2
229,20170503,229,101000,102000,10,1000,2017-05-03,2
230,20170503,230,102000,103000,10,2000,2017-05-03,2
231,20170503,231,103000,104000,10,3000,2017-05-03,2
232,20170503,232,104000,105000,10,4000,2017-05-03,2
233,20170503,233,105000,110000,10,5000,2017-05-03,2
234,20170503,234,110000,111000,11,0,2017-05-03,2
235,20170503,235,111000,112000,11,1000,2017-05-03,2
236,20170503,236,112000,113000,11,2000,2017-05-03,2
237,20170503,237,113000,114000,11,3000,2017-05-03,2
238,20170503,238,114000,115000,11,4000,2017-05-03,2
239,20170503,239,115000,120000,11,5000,2017-05-03,2
240,20170503,240,120000,121000,12,0,2017-05-03,2
241,20170503,241,121000,122000,12,1000,2017-05-03,2
242,20170503,242,122000,123000,12,2000,2017-05-03,2
243,20170503,243,123000,124000,12,3000,2017-05-03,2
244,20170503,244,124000,125000,12,4000,2017-05-03,2
245,20170503,245,125000,130000,12,5000,2017-05-03,2
246,20170503,246,130000,131000,13,0,2017-05-03,2
247,20170503,247,131000,132000,13,1000,2017-05-03,2
248,20170503,248,132000,133000,13,2000,2017-05-03,2
249,20170503,249,133000,134000,13,3000,2017-05-03,2
250,20170503,250,134000,135000,13,4000,2017-05-03,2
251,20170503,251,135000,140000,13,5000,2017-05-03,2
252,20170503,252,140000,141000,14,0,2017-05-03,2
253,20170503,253,141000,142000,14,1000,2017-05-03,2
254,20170503,254,142000,143000,14,2000,2017-05-03,2
255,20170503,255,143000,144000,14,3000,2017-05-03,2
256,20170503,256,144000,145000,14,4000,2017-05-03,2
257,20170503,257,145000,150000,14,5000,2017-05-03,2
258,20170503,258,150000,151000,15,0,2017-05-03,2
259,20170503,259,151000,152000,15,1000,2017-05-03,2
260,20170503,260,152000,153000,15,2000,2017-05-03,2
261,20170503,261,153000,154000,15,3000,2017-05-03,2
262,20170503,262,154000,155000,15,4000,2017-05-03,2
263,20170503,263,155000,160000,15,5000,2017-05-03,2
264,20170503,264,160000,161000,16,0,2017-05-03,2
265,20170503,265,161000,162000,16,1000,2017-05-03,2
266,20170503,266,162000,163000,16,2000,2017-05-03,2
267,20170503,267,163000,164000,16,3000,2017-05-03,2
268,20170503,268,164000,165000,16,4000,2017-05-03,2
269,20170503,269,165000,170000,16,5000,2017-05-03,2
270,20170503,270,170000,171000,17,0,2017-05-03,2
271,20170503,271,171000,172000,17,1000,2017-05-03,2
272,20170503,272,172000,173000,17,2000,2017-05-03,2
273,20170503,273,173000,174000,17,3000,2017-05-03,2
274,20170503,274,174000,175000,17,4000,2017-05-03,2
275,20170503,275,175000,180000,17,5000,2017-05-03,2
276,20170503,276,180000,181000,18,0,2017-05-03,2
277,20170503,277,181000,182000,18,1000,2017-05-03,2
278,20170503,278,182000,183000,18,2000,2017-05-03,2
279,20170503,279,183000,184000,18,3000,2017-05-03,2
280,20170503,280,184000,185000,18,4000,2017-05-03,2
281,20170503,281,185000,190000,18,5000,2017-05-03,2
282,20170503,282,190000,191000,19,0,2017-05-03,2
283,20170503,283,191000,192000,19,1000,2017-05-03,2
284,20170503,284,192000,193000,19,2000,2017-05-03,2
285,20170503,285,193000,194000,19,3000,2017-05-03,2
286,20170503,286,194000,195000,19,4000,2017-05-03,2
287,20170503,287,195000,200000,19,5000,2017-05-03,2
288,20170503,288,200000,201000,20,0,2017-05-03,2
289,20170503,289,201000,202000,20,1000,2017-05-03,2
290,20170503,290,202000,203000,20,2000,2017-05-03,2
291,20170503,291,203000,204000,20,3000,2017-05-03,2
292,20170503,292,204000,205000,20,4000,2017-05-03,2
293,20170503,293,205000,210000,20,5000,2017-05-03,2
294,20170503,294,210000,211000,21,0,2017-05-03,2
295,20170503,295,211000,212000,21,1000,2017-05-03,2
296,20170503,296,212000,213000,21,2000,2017-05-03,2
297,20170503,297,213000,214000,21,3000,2017-05-03,2
298,20170503,298,214000,215000,21,4000,2017-05-03,2
299,20170503,299,215000,220000,21,5000,2017-05-03,2
300,20170503,300,220000,221000,22,0,2017-05-03,2
301,20170503,301,221000,222000,22,1000,2017-05-03,2
302,20170503,302,222000,223000,22,2000,2017-05-03,2
303,20170503,303,223000,224000,22,3000,2017-05-03,2
304,20170503,304,224000,225000,22,4000,2017-05-03,2
305,20170503,305,225000,230000,22,5000,2017-05-03,2
306,20170504,306,60000,61000,60,0,2017-05-04,3
307,20170504,307,61000,62000,61,0,2017-05-04,3
308,20170504,308,62000,63000,62,0,2017-05-04,3
309,20170504,309,63000,64000,63,0,2017-05-04,3
310,20170504,310,64000,65000,64,0,2017-05-04,3
311,20170504,311,65000,70000,65,0,2017-05-04,3
312,20170504,312,70000,71000,70,0,2017-05-04,3
313,20170504,313,71000,72000,71,0,2017-05-04,3
314,20170504,314,72000,73000,72,0,2017-05-04,3
315,20170504,315,73000,74000,73,0,2017-05-04,3
316,20170504,316,74000,75000,74,0,2017-05-04,3
317,20170504,317,75000,80000,75,0,2017-05-04,3
318,20170504,318,80000,81000,80,0,2017-05-04,3
319,20170504,319,81000,82000,81,0,2017-05-04,3
320,20170504,320,82000,83000,82,0,2017-05-04,3
321,20170504,321,83000,84000,83,0,2017-05-04,3
322,20170504,322,84000,85000,84,0,2017-05-04,3
323,20170504,323,85000,90000,85,0,2017-05-04,3
324,20170504,324,90000,91000,90,0,2017-05-04,3
325,20170504,325,91000,92000,91,0,2017-05-04,3
326,20170504,326,92000,93000,92,0,2017-05-04,3
327,20170504,327,93000,94000,93,0,2017-05-04,3
328,20170504,328,94000,95000,94,0,2017-05-04,3
329,20170504,329,95000,100000,95,0,2017-05-04,3
330,20170504,330,100000,101000,10,0,2017-05-04,3
331,20170504,331,101000,102000,10,1000,2017-05-04,3
332,20170504,332,102000,103000,10,2000,2017-05-04,3
333,20170504,333,103000,104000,10,3000,2017-05-04,3
334,20170504,334,104000,105000,10,4000,2017-05-04,3
335,20170504,335,105000,110000,10,5000,2017-05-04,3
336,20170504,336,110000,111000,11,0,2017-05-04,3
337,20170504,337,111000,112000,11,1000,2017-05-04,3
338,20170504,338,112000,113000,11,2000,2017-05-04,3
339,20170504,339,113000,114000,11,3000,2017-05-04,3
340,20170504,340,114000,115000,11,4000,2017-05-04,3
341,20170504,341,115000,120000,11,5000,2017-05-04,3
342,20170504,342,120000,121000,12,0,2017-05-04,3
343,20170504,343,121000,122000,12,1000,2017-05-04,3
344,20170504,344,122000,123000,12,2000,2017-05-04,3
345,20170504,345,123000,124000,12,3000,2017-05-04,3
346,20170504,346,124000,125000,12,4000,2017-05-04,3
347,20170504,347,125000,130000,12,5000,2017-05-04,3
348,20170504,348,130000,131000,13,0,2017-05-04,3
349,20170504,349,131000,132000,13,1000,2017-05-04,3
350,20170504,350,132000,133000,13,2000,2017-05-04,3
351,20170504,351,133000,134000,13,3000,2017-05-04,3
352,20170504,352,134000,135000,13,4000,2017-05-04,3
353,20170504,353,135000,140000,13,5000,2017-05-04,3
354,20170504,354,140000,141000,14,0,2017-05-04,3
355,20170504,355,141000,142000,14,1000,2017-05-04,3
356,20170504,356,142000,143000,14,2000,2017-05-04,3
357,20170504,357,143000,144000,14,3000,2017-05-04,3
358,20170504,358,144000,145000,14,4000,2017-05-04,3
359,20170504,359,145000,150000,14,5000,2017-05-04,3
360,20170504,360,150000,151000,15,0,2017-05-04,3
361,20170504,361,151000,152000,15,1000,2017-05-04,3
362,20170504,362,152000,153000,15,2000,2017-05-04,3
363,20170504,363,153000,154000,15,3000,2017-05-04,3
364,20170504,364,154000,155000,15,4000,2017-05-04,3
365,20170504,365,155000,160000,15,5000,2017-05-04,3
366,20170504,366,160000,161000,16,0,2017-05-04,3
367,20170504,367,161000,162000,16,1000,2017-05-04,3
368,20170504,368,162000,163000,16,2000,2017-05-04,3
369,20170504,369,163000,164000,16,3000,2017-05-04,3
370,20170504,370,164000,165000,16,4000,2017-05-04,3
371,20170504,371,165000,170000,16,5000,2017-05-04,3
372,20170504,372,170000,171000,17,0,2017-05-04,3
373,20170504,373,171000,172000,17,1000,2017-05-04,3
374,20170504,374,172000,173000,17,2000,2017-05-04,3
375,20170504,375,173000,174000,17,3000,2017-05-04,3
376,20170504,376,174000,175000,17,4000,2017-05-04,3
377,20170504,377,175000,180000,17,5000,2017-05-04,3
378,20170504,378,180000,181000,18,0,2017-05-04,3
379,20170504,379,181000,182000,18,1000,2017-05-04,3
380,20170504,380,182000,183000,18,2000,2017-05-04,3
381,20170504,381,183000,184000,18,3000,2017-05-04,3
382,20170504,382,184000,185000,18,4000,2017-05-04,3
383,20170504,383,185000,190000,18,5000,2017-05-04,3
384,20170504,384,190000,191000,19,0,2017-05-04,3
385,20170504,385,191000,192000,19,1000,2017-05-04,3
386,20170504,386,192000,193000,19,2000,2017-05-04,3
387,20170504,387,193000,194000,19,3000,2017-05-04,3
388,20170504,388,194000,195000,19,4000,2017-05-04,3
389,20170504,389,195000,200000,19,5000,2017-05-04,3
390,20170504,390,200000,201000,20,0,2017-05-04,3
391,20170504,391,201000,202000,20,1000,2017-05-04,3
392,20170504,392,202000,203000,20,2000,2017-05-04,3
393,20170504,393,203000,204000,20,3000,2017-05-04,3
394,20170504,394,204000,205000,20,4000,2017-05-04,3
395,20170504,395,205000,210000,20,5000,2017-05-04,3
396,20170504,396,210000,211000,21,0,2017-05-04,3
397,20170504,397,211000,212000,21,1000,2017-05-04,3
398,20170504,398,212000,213000,21,2000,2017-05-04,3
399,20170504,399,213000,214000,21,3000,2017-05-04,3
400,20170504,400,214000,215000,21,4000,2017-05-04,3
401,20170504,401,215000,220000,21,5000,2017-05-04,3
402,20170504,402,220000,221000,22,0,2017-05-04,3
403,20170504,403,221000,222000,22,1000,2017-05-04,3
404,20170504,404,222000,223000,22,2000,2017-05-04,3
405,20170504,405,223000,224000,22,3000,2017-05-04,3
406,20170504,406,224000,225000,22,4000,2017-05-04,3
407,20170504,407,225000,230000,22,5000,2017-05-04,3
408,20170505,408,60000,61000,60,0,2017-05-05,4
409,20170505,409,61000,62000,61,0,2017-05-05,4
410,20170505,410,62000,63000,62,0,2017-05-05,4
411,20170505,411,63000,64000,63,0,2017-05-05,4
412,20170505,412,64000,65000,64,0,2017-05-05,4
413,20170505,413,65000,70000,65,0,2017-05-05,4
414,20170505,414,70000,71000,70,0,2017-05-05,4
415,20170505,415,71000,72000,71,0,2017-05-05,4
416,20170505,416,72000,73000,72,0,2017-05-05,4
417,20170505,417,73000,74000,73,0,2017-05-05,4
418,20170505,418,74000,75000,74,0,2017-05-05,4
419,20170505,419,75000,80000,75,0,2017-05-05,4
420,20170505,420,80000,81000,80,0,2017-05-05,4
421,20170505,421,81000,82000,81,0,2017-05-05,4
422,20170505,422,82000,83000,82,0,2017-05-05,4
423,20170505,423,83000,84000,83,0,2017-05-05,4
424,20170505,424,84000,85000,84,0,2017-05-05,4
425,20170505,425,85000,90000,85,0,2017-05-05,4
426,20170505,426,90000,91000,90,0,2017-05-05,4
427,20170505,427,91000,92000,91,0,2017-05-05,4
428,20170505,428,92000,93000,92,0,2017-05-05,4
429,20170505,429,93000,94000,93,0,2017-05-05,4
430,20170505,430,94000,95000,94,0,2017-05-05,4
431,20170505,431,95000,100000,95,0,2017-05-05,4
432,20170505,432,100000,101000,10,0,2017-05-05,4
433,20170505,433,101000,102000,10,1000,2017-05-05,4
434,20170505,434,102000,103000,10,2000,2017-05-05,4
435,20170505,435,103000,104000,10,3000,2017-05-05,4
436,20170505,436,104000,105000,10,4000,2017-05-05,4
437,20170505,437,105000,110000,10,5000,2017-05-05,4
438,20170505,438,110000,111000,11,0,2017-05-05,4
439,20170505,439,111000,112000,11,1000,2017-05-05,4
440,20170505,440,112000,113000,11,2000,2017-05-05,4
441,20170505,441,113000,114000,11,3000,2017-05-05,4
442,20170505,442,114000,115000,11,4000,2017-05-05,4
443,20170505,443,115000,120000,11,5000,2017-05-05,4
444,20170505,444,120000,121000,12,0,2017-05-05,4
445,20170505,445,121000,122000,12,1000,2017-05-05,4
446,20170505,446,122000,123000,12,2000,2017-05-05,4
447,20170505,447,123000,124000,12,3000,2017-05-05,4
448,20170505,448,124000,125000,12,4000,2017-05-05,4
449,20170505,449,125000,130000,12,5000,2017-05-05,4
450,20170505,450,130000,131000,13,0,2017-05-05,4
451,20170505,451,131000,132000,13,1000,2017-05-05,4
452,20170505,452,132000,133000,13,2000,2017-05-05,4
453,20170505,453,133000,134000,13,3000,2017-05-05,4
454,20170505,454,134000,135000,13,4000,2017-05-05,4
455,20170505,455,135000,140000,13,5000,2017-05-05,4
456,20170505,456,140000,141000,14,0,2017-05-05,4
457,20170505,457,141000,142000,14,1000,2017-05-05,4
458,20170505,458,142000,143000,14,2000,2017-05-05,4
459,20170505,459,143000,144000,14,3000,2017-05-05,4
460,20170505,460,144000,145000,14,4000,2017-05-05,4
461,20170505,461,145000,150000,14,5000,2017-05-05,4
462,20170505,462,150000,151000,15,0,2017-05-05,4
463,20170505,463,151000,152000,15,1000,2017-05-05,4
464,20170505,464,152000,153000,15,2000,2017-05-05,4
465,20170505,465,153000,154000,15,3000,2017-05-05,4
466,20170505,466,154000,155000,15,4000,2017-05-05,4
467,20170505,467,155000,160000,15,5000,2017-05-05,4
468,20170505,468,160000,161000,16,0,2017-05-05,4
469,20170505,469,161000,162000,16,1000,2017-05-05,4
470,20170505,470,162000,163000,16,2000,2017-05-05,4
471,20170505,471,163000,164000,16,3000,2017-05-05,4
472,20170505,472,164000,165000,16,4000,2017-05-05,4
473,20170505,473,165000,170000,16,5000,2017-05-05,4
474,20170505,474,170000,171000,17,0,2017-05-05,4
475,20170505,475,171000,172000,17,1000,2017-05-05,4
476,20170505,476,172000,173000,17,2000,2017-05-05,4
477,20170505,477,173000,174000,17,3000,2017-05-05,4
478,20170505,478,174000,175000,17,4000,2017-05-05,4
479,20170505,479,175000,180000,17,5000,2017-05-05,4
480,20170505,480,180000,181000,18,0,2017-05-05,4
481,20170505,481,181000,182000,18,1000,2017-05-05,4
482,20170505,482,182000,183000,18,2000,2017-05-05,4
483,20170505,483,183000,184000,18,3000,2017-05-05,4
484,20170505,484,184000,185000,18,4000,2017-05-05,4
485,20170505,485,185000,190000,18,5000,2017-05-05,4
486,20170505,486,190000,191000,19,0,2017-05-05,4
487,20170505,487,191000,192000,19,1000,2017-05-05,4
488,20170505,488,192000,193000,19,2000,2017-05-05,4
489,20170505,489,193000,194000,19,3000,2017-05-05,4
490,20170505,490,194000,195000,19,4000,2017-05-05,4
491,20170505,491,195000,200000,19,5000,2017-05-05,4
492,20170505,492,200000,201000,20,0,2017-05-05,4
493,20170505,493,201000,202000,20,1000,2017-05-05,4
494,20170505,494,202000,203000,20,2000,2017-05-05,4
495,20170505,495,203000,204000,20,3000,2017-05-05,4
496,20170505,496,204000,205000,20,4000,2017-05-05,4
497,20170505,497,205000,210000,20,5000,2017-05-05,4
498,20170505,498,210000,211000,21,0,2017-05-05,4
499,20170505,499,211000,212000,21,1000,2017-05-05,4
500,20170505,500,212000,213000,21,2000,2017-05-05,4
501,20170505,501,213000,214000,21,3000,2017-05-05,4
502,20170505,502,214000,215000,21,4000,2017-05-05,4
503,20170505,503,215000,220000,21,5000,2017-05-05,4
504,20170505,504,220000,221000,22,0,2017-05-05,4
505,20170505,505,221000,222000,22,1000,2017-05-05,4
506,20170505,506,222000,223000,22,2000,2017-05-05,4
507,20170505,507,223000,224000,22,3000,2017-05-05,4
508,20170505,508,224000,225000,22,4000,2017-05-05,4
509,20170505,509,225000,230000,22,5000,2017-05-05,4
510,20170506,510,60000,61000,60,0,2017-05-06,5
511,20170506,511,61000,62000,61,0,2017-05-06,5
512,20170506,512,62000,63000,62,0,2017-05-06,5
513,20170506,513,63000,64000,63,0,2017-05-06,5
514,20170506,514,64000,65000,64,0,2017-05-06,5
515,20170506,515,65000,70000,65,0,2017-05-06,5
516,20170506,516,70000,71000,70,0,2017-05-06,5
517,20170506,517,71000,72000,71,0,2017-05-06,5
518,20170506,518,72000,73000,72,0,2017-05-06,5
519,20170506,519,73000,74000,73,0,2017-05-06,5
520,20170506,520,74000,75000,74,0,2017-05-06,5
521,20170506,521,75000,80000,75,0,2017-05-06,5
522,20170506,522,80000,81000,80,0,2017-05-06,5
523,20170506,523,81000,82000,81,0,2017-05-06,5
524,20170506,524,82000,83000,82,0,2017-05-06,5
525,20170506,525,83000,84000,83,0,2017-05-06,5
526,20170506,526,84000,85000,84,0,2017-05-06,5
527,20170506,527,85000,90000,85,0,2017-05-06,5
528,20170506,528,90000,91000,90,0,2017-05-06,5
529,20170506,529,91000,92000,91,0,2017-05-06,5
530,20170506,530,92000,93000,92,0,2017-05-06,5
531,20170506,531,93000,94000,93,0,2017-05-06,5
532,20170506,532,94000,95000,94,0,2017-05-06,5
533,20170506,533,95000,100000,95,0,2017-05-06,5
534,20170506,534,100000,101000,10,0,2017-05-06,5
535,20170506,535,101000,102000,10,1000,2017-05-06,5
536,20170506,536,102000,103000,10,2000,2017-05-06,5
537,20170506,537,103000,104000,10,3000,2017-05-06,5
538,20170506,538,104000,105000,10,4000,2017-05-06,5
539,20170506,539,105000,110000,10,5000,2017-05-06,5
540,20170506,540,110000,111000,11,0,2017-05-06,5
541,20170506,541,111000,112000,11,1000,2017-05-06,5
542,20170506,542,112000,113000,11,2000,2017-05-06,5
543,20170506,543,113000,114000,11,3000,2017-05-06,5
544,20170506,544,114000,115000,11,4000,2017-05-06,5
545,20170506,545,115000,120000,11,5000,2017-05-06,5
546,20170506,546,120000,121000,12,0,2017-05-06,5
547,20170506,547,121000,122000,12,1000,2017-05-06,5
548,20170506,548,122000,123000,12,2000,2017-05-06,5
549,20170506,549,123000,124000,12,3000,2017-05-06,5
550,20170506,550,124000,125000,12,4000,2017-05-06,5
551,20170506,551,125000,130000,12,5000,2017-05-06,5
552,20170506,552,130000,131000,13,0,2017-05-06,5
553,20170506,553,131000,132000,13,1000,2017-05-06,5
554,20170506,554,132000,133000,13,2000,2017-05-06,5
555,20170506,555,133000,134000,13,3000,2017-05-06,5
556,20170506,556,134000,135000,13,4000,2017-05-06,5
557,20170506,557,135000,140000,13,5000,2017-05-06,5
558,20170506,558,140000,141000,14,0,2017-05-06,5
559,20170506,559,141000,142000,14,1000,2017-05-06,5
560,20170506,560,142000,143000,14,2000,2017-05-06,5
561,20170506,561,143000,144000,14,3000,2017-05-06,5
562,20170506,562,144000,145000,14,4000,2017-05-06,5
563,20170506,563,145000,150000,14,5000,2017-05-06,5
564,20170506,564,150000,151000,15,0,2017-05-06,5
565,20170506,565,151000,152000,15,1000,2017-05-06,5
566,20170506,566,152000,153000,15,2000,2017-05-06,5
567,20170506,567,153000,154000,15,3000,2017-05-06,5
568,20170506,568,154000,155000,15,4000,2017-05-06,5
569,20170506,569,155000,160000,15,5000,2017-05-06,5
570,20170506,570,160000,161000,16,0,2017-05-06,5
571,20170506,571,161000,162000,16,1000,2017-05-06,5
572,20170506,572,162000,163000,16,2000,2017-05-06,5
573,20170506,573,163000,164000,16,3000,2017-05-06,5
574,20170506,574,164000,165000,16,4000,2017-05-06,5
575,20170506,575,165000,170000,16,5000,2017-05-06,5
576,20170506,576,170000,171000,17,0,2017-05-06,5
577,20170506,577,171000,172000,17,1000,2017-05-06,5
578,20170506,578,172000,173000,17,2000,2017-05-06,5
579,20170506,579,173000,174000,17,3000,2017-05-06,5
580,20170506,580,174000,175000,17,4000,2017-05-06,5
581,20170506,581,175000,180000,17,5000,2017-05-06,5
582,20170506,582,180000,181000,18,0,2017-05-06,5
583,20170506,583,181000,182000,18,1000,2017-05-06,5
584,20170506,584,182000,183000,18,2000,2017-05-06,5
585,20170506,585,183000,184000,18,3000,2017-05-06,5
586,20170506,586,184000,185000,18,4000,2017-05-06,5
587,20170506,587,185000,190000,18,5000,2017-05-06,5
588,20170506,588,190000,191000,19,0,2017-05-06,5
589,20170506,589,191000,192000,19,1000,2017-05-06,5
590,20170506,590,192000,193000,19,2000,2017-05-06,5
591,20170506,591,193000,194000,19,3000,2017-05-06,5
592,20170506,592,194000,195000,19,4000,2017-05-06,5
593,20170506,593,195000,200000,19,5000,2017-05-06,5
594,20170506,594,200000,201000,20,0,2017-05-06,5
595,20170506,595,201000,202000,20,1000,2017-05-06,5
596,20170506,596,202000,203000,20,2000,2017-05-06,5
597,20170506,597,203000,204000,20,3000,2017-05-06,5
598,20170506,598,204000,205000,20,4000,2017-05-06,5
599,20170506,599,205000,210000,20,5000,2017-05-06,5
600,20170506,600,210000,211000,21,0,2017-05-06,5
601,20170506,601,211000,212000,21,1000,2017-05-06,5
602,20170506,602,212000,213000,21,2000,2017-05-06,5
603,20170506,603,213000,214000,21,3000,2017-05-06,5
604,20170506,604,214000,215000,21,4000,2017-05-06,5
605,20170506,605,215000,220000,21,5000,2017-05-06,5
606,20170506,606,220000,221000,22,0,2017-05-06,5
607,20170506,607,221000,222000,22,1000,2017-05-06,5
608,20170506,608,222000,223000,22,2000,2017-05-06,5
609,20170506,609,223000,224000,22,3000,2017-05-06,5
610,20170506,610,224000,225000,22,4000,2017-05-06,5
611,20170506,611,225000,230000,22,5000,2017-05-06,5
612,20170507,612,60000,61000,60,0,2017-05-07,6
613,20170507,613,61000,62000,61,0,2017-05-07,6
614,20170507,614,62000,63000,62,0,2017-05-07,6
615,20170507,615,63000,64000,63,0,2017-05-07,6
616,20170507,616,64000,65000,64,0,2017-05-07,6
617,20170507,617,65000,70000,65,0,2017-05-07,6
618,20170507,618,70000,71000,70,0,2017-05-07,6
619,20170507,619,71000,72000,71,0,2017-05-07,6
620,20170507,620,72000,73000,72,0,2017-05-07,6
621,20170507,621,73000,74000,73,0,2017-05-07,6
622,20170507,622,74000,75000,74,0,2017-05-07,6
623,20170507,623,75000,80000,75,0,2017-05-07,6
624,20170507,624,80000,81000,80,0,2017-05-07,6
625,20170507,625,81000,82000,81,0,2017-05-07,6
626,20170507,626,82000,83000,82,0,2017-05-07,6
627,20170507,627,83000,84000,83,0,2017-05-07,6
628,20170507,628,84000,85000,84,0,2017-05-07,6
629,20170507,629,85000,90000,85,0,2017-05-07,6
630,20170507,630,90000,91000,90,0,2017-05-07,6
631,20170507,631,91000,92000,91,0,2017-05-07,6
632,20170507,632,92000,93000,92,0,2017-05-07,6
633,20170507,633,93000,94000,93,0,2017-05-07,6
634,20170507,634,94000,95000,94,0,2017-05-07,6
635,20170507,635,95000,100000,95,0,2017-05-07,6
636,20170507,636,100000,101000,10,0,2017-05-07,6
637,20170507,637,101000,102000,10,1000,2017-05-07,6
638,20170507,638,102000,103000,10,2000,2017-05-07,6
639,20170507,639,103000,104000,10,3000,2017-05-07,6
640,20170507,640,104000,105000,10,4000,2017-05-07,6
641,20170507,641,105000,110000,10,5000,2017-05-07,6
642,20170507,642,110000,111000,11,0,2017-05-07,6
643,20170507,643,111000,112000,11,1000,2017-05-07,6
644,20170507,644,112000,113000,11,2000,2017-05-07,6
645,20170507,645,113000,114000,11,3000,2017-05-07,6
646,20170507,646,114000,115000,11,4000,2017-05-07,6
647,20170507,647,115000,120000,11,5000,2017-05-07,6
648,20170507,648,120000,121000,12,0,2017-05-07,6
649,20170507,649,121000,122000,12,1000,2017-05-07,6
650,20170507,650,122000,123000,12,2000,2017-05-07,6
651,20170507,651,123000,124000,12,3000,2017-05-07,6
652,20170507,652,124000,125000,12,4000,2017-05-07,6
653,20170507,653,125000,130000,12,5000,2017-05-07,6
654,20170507,654,130000,131000,13,0,2017-05-07,6
655,20170507,655,131000,132000,13,1000,2017-05-07,6
656,20170507,656,132000,133000,13,2000,2017-05-07,6
657,20170507,657,133000,134000,13,3000,2017-05-07,6
658,20170507,658,134000,135000,13,4000,2017-05-07,6
659,20170507,659,135000,140000,13,5000,2017-05-07,6
660,20170507,660,140000,141000,14,0,2017-05-07,6
661,20170507,661,141000,142000,14,1000,2017-05-07,6
662,20170507,662,142000,143000,14,2000,2017-05-07,6
663,20170507,663,143000,144000,14,3000,2017-05-07,6
664,20170507,664,144000,145000,14,4000,2017-05-07,6
665,20170507,665,145000,150000,14,5000,2017-05-07,6
666,20170507,666,150000,151000,15,0,2017-05-07,6
667,20170507,667,151000,152000,15,1000,2017-05-07,6
668,20170507,668,152000,153000,15,2000,2017-05-07,6
669,20170507,669,153000,154000,15,3000,2017-05-07,6
670,20170507,670,154000,155000,15,4000,2017-05-07,6
671,20170507,671,155000,160000,15,5000,2017-05-07,6
672,20170507,672,160000,161000,16,0,2017-05-07,6
673,20170507,673,161000,162000,16,1000,2017-05-07,6
674,20170507,674,162000,163000,16,2000,2017-05-07,6
675,20170507,675,163000,164000,16,3000,2017-05-07,6
676,20170507,676,164000,165000,16,4000,2017-05-07,6
677,20170507,677,165000,170000,16,5000,2017-05-07,6
678,20170507,678,170000,171000,17,0,2017-05-07,6
679,20170507,679,171000,172000,17,1000,2017-05-07,6
680,20170507,680,172000,173000,17,2000,2017-05-07,6
681,20170507,681,173000,174000,17,3000,2017-05-07,6
682,20170507,682,174000,175000,17,4000,2017-05-07,6
683,20170507,683,175000,180000,17,5000,2017-05-07,6
684,20170507,684,180000,181000,18,0,2017-05-07,6
685,20170507,685,181000,182000,18,1000,2017-05-07,6
686,20170507,686,182000,183000,18,2000,2017-05-07,6
687,20170507,687,183000,184000,18,3000,2017-05-07,6
688,20170507,688,184000,185000,18,4000,2017-05-07,6
689,20170507,689,185000,190000,18,5000,2017-05-07,6
690,20170507,690,190000,191000,19,0,2017-05-07,6
691,20170507,691,191000,192000,19,1000,2017-05-07,6
692,20170507,692,192000,193000,19,2000,2017-05-07,6
693,20170507,693,193000,194000,19,3000,2017-05-07,6
694,20170507,694,194000,195000,19,4000,2017-05-07,6
695,20170507,695,195000,200000,19,5000,2017-05-07,6
696,20170507,696,200000,201000,20,0,2017-05-07,6
697,20170507,697,201000,202000,20,1000,2017-05-07,6
698,20170507,698,202000,203000,20,2000,2017-05-07,6
699,20170507,699,203000,204000,20,3000,2017-05-07,6
700,20170507,700,204000,205000,20,4000,2017-05-07,6
701,20170507,701,205000,210000,20,5000,2017-05-07,6
702,20170507,702,210000,211000,21,0,2017-05-07,6
703,20170507,703,211000,212000,21,1000,2017-05-07,6
704,20170507,704,212000,213000,21,2000,2017-05-07,6
705,20170507,705,213000,214000,21,3000,2017-05-07,6
706,20170507,706,214000,215000,21,4000,2017-05-07,6
707,20170507,707,215000,220000,21,5000,2017-05-07,6
708,20170507,708,220000,221000,22,0,2017-05-07,6
709,20170507,709,221000,222000,22,1000,2017-05-07,6
710,20170507,710,222000,223000,22,2000,2017-05-07,6
711,20170507,711,223000,224000,22,3000,2017-05-07,6
712,20170507,712,224000,225000,22,4000,2017-05-07,6
713,20170507,713,225000,230000,22,5000,2017-05-07,6
714,20170508,714,60000,61000,60,0,2017-05-08,0
715,20170508,715,61000,62000,61,0,2017-05-08,0
716,20170508,716,62000,63000,62,0,2017-05-08,0
717,20170508,717,63000,64000,63,0,2017-05-08,0
718,20170508,718,64000,65000,64,0,2017-05-08,0
719,20170508,719,65000,70000,65,0,2017-05-08,0
720,20170508,720,70000,71000,70,0,2017-05-08,0
721,20170508,721,71000,72000,71,0,2017-05-08,0
722,20170508,722,72000,73000,72,0,2017-05-08,0
723,20170508,723,73000,74000,73,0,2017-05-08,0
724,20170508,724,74000,75000,74,0,2017-05-08,0
725,20170508,725,75000,80000,75,0,2017-05-08,0
726,20170508,726,80000,81000,80,0,2017-05-08,0
727,20170508,727,81000,82000,81,0,2017-05-08,0
728,20170508,728,82000,83000,82,0,2017-05-08,0
729,20170508,729,83000,84000,83,0,2017-05-08,0
730,20170508,730,84000,85000,84,0,2017-05-08,0
731,20170508,731,85000,90000,85,0,2017-05-08,0
732,20170508,732,90000,91000,90,0,2017-05-08,0
733,20170508,733,91000,92000,91,0,2017-05-08,0
734,20170508,734,92000,93000,92,0,2017-05-08,0
735,20170508,735,93000,94000,93,0,2017-05-08,0
736,20170508,736,94000,95000,94,0,2017-05-08,0
737,20170508,737,95000,100000,95,0,2017-05-08,0
738,20170508,738,100000,101000,10,0,2017-05-08,0
739,20170508,739,101000,102000,10,1000,2017-05-08,0
740,20170508,740,102000,103000,10,2000,2017-05-08,0
741,20170508,741,103000,104000,10,3000,2017-05-08,0
742,20170508,742,104000,105000,10,4000,2017-05-08,0
743,20170508,743,105000,110000,10,5000,2017-05-08,0
744,20170508,744,110000,111000,11,0,2017-05-08,0
745,20170508,745,111000,112000,11,1000,2017-05-08,0
746,20170508,746,112000,113000,11,2000,2017-05-08,0
747,20170508,747,113000,114000,11,3000,2017-05-08,0
748,20170508,748,114000,115000,11,4000,2017-05-08,0
749,20170508,749,115000,120000,11,5000,2017-05-08,0
750,20170508,750,120000,121000,12,0,2017-05-08,0
751,20170508,751,121000,122000,12,1000,2017-05-08,0
752,20170508,752,122000,123000,12,2000,2017-05-08,0
753,20170508,753,123000,124000,12,3000,2017-05-08,0
754,20170508,754,124000,125000,12,4000,2017-05-08,0
755,20170508,755,125000,130000,12,5000,2017-05-08,0
756,20170508,756,130000,131000,13,0,2017-05-08,0
757,20170508,757,131000,132000,13,1000,2017-05-08,0
758,20170508,758,132000,133000,13,2000,2017-05-08,0
759,20170508,759,133000,134000,13,3000,2017-05-08,0
760,20170508,760,134000,135000,13,4000,2017-05-08,0
761,20170508,761,135000,140000,13,5000,2017-05-08,0
762,20170508,762,140000,141000,14,0,2017-05-08,0
763,20170508,763,141000,142000,14,1000,2017-05-08,0
764,20170508,764,142000,143000,14,2000,2017-05-08,0
765,20170508,765,143000,144000,14,3000,2017-05-08,0
766,20170508,766,144000,145000,14,4000,2017-05-08,0
767,20170508,767,145000,150000,14,5000,2017-05-08,0
768,20170508,768,150000,151000,15,0,2017-05-08,0
769,20170508,769,151000,152000,15,1000,2017-05-08,0
770,20170508,770,152000,153000,15,2000,2017-05-08,0
771,20170508,771,153000,154000,15,3000,2017-05-08,0
772,20170508,772,154000,155000,15,4000,2017-05-08,0
773,20170508,773,155000,160000,15,5000,2017-05-08,0
774,20170508,774,160000,161000,16,0,2017-05-08,0
775,20170508,775,161000,162000,16,1000,2017-05-08,0
776,20170508,776,162000,163000,16,2000,2017-05-08,0
777,20170508,777,163000,164000,16,3000,2017-05-08,0
778,20170508,778,164000,165000,16,4000,2017-05-08,0
779,20170508,779,165000,170000,16,5000,2017-05-08,0
780,20170508,780,170000,171000,17,0,2017-05-08,0
781,20170508,781,171000,172000,17,1000,2017-05-08,0
782,20170508,782,172000,173000,17,2000,2017-05-08,0
783,20170508,783,173000,174000,17,3000,2017-05-08,0
784,20170508,784,174000,175000,17,4000,2017-05-08,0
785,20170508,785,175000,180000,17,5000,2017-05-08,0
786,20170508,786,180000,181000,18,0,2017-05-08,0
787,20170508,787,181000,182000,18,1000,2017-05-08,0
788,20170508,788,182000,183000,18,2000,2017-05-08,0
789,20170508,789,183000,184000,18,3000,2017-05-08,0
790,20170508,790,184000,185000,18,4000,2017-05-08,0
791,20170508,791,185000,190000,18,5000,2017-05-08,0
792,20170508,792,190000,191000,19,0,2017-05-08,0
793,20170508,793,191000,192000,19,1000,2017-05-08,0
794,20170508,794,192000,193000,19,2000,2017-05-08,0
795,20170508,795,193000,194000,19,3000,2017-05-08,0
796,20170508,796,194000,195000,19,4000,2017-05-08,0
797,20170508,797,195000,200000,19,5000,2017-05-08,0
798,20170508,798,200000,201000,20,0,2017-05-08,0
799,20170508,799,201000,202000,20,1000,2017-05-08,0
800,20170508,800,202000,203000,20,2000,2017-05-08,0
801,20170508,801,203000,204000,20,3000,2017-05-08,0
802,20170508,802,204000,205000,20,4000,2017-05-08,0
803,20170508,803,205000,210000,20,5000,2017-05-08,0
804,20170508,804,210000,211000,21,0,2017-05-08,0
805,20170508,805,211000,212000,21,1000,2017-05-08,0
806,20170508,806,212000,213000,21,2000,2017-05-08,0
807,20170508,807,213000,214000,21,3000,2017-05-08,0
808,20170508,808,214000,215000,21,4000,2017-05-08,0
809,20170508,809,215000,220000,21,5000,2017-05-08,0
810,20170508,810,220000,221000,22,0,2017-05-08,0
811,20170508,811,221000,222000,22,1000,2017-05-08,0
812,20170508,812,222000,223000,22,2000,2017-05-08,0
813,20170508,813,223000,224000,22,3000,2017-05-08,0
814,20170508,814,224000,225000,22,4000,2017-05-08,0
815,20170509,816,60000,61000,60,0,2017-05-09,1
816,20170509,817,61000,62000,61,0,2017-05-09,1
817,20170509,818,62000,63000,62,0,2017-05-09,1
818,20170509,819,63000,64000,63,0,2017-05-09,1
819,20170509,820,64000,65000,64,0,2017-05-09,1
820,20170509,821,65000,70000,65,0,2017-05-09,1
821,20170509,822,70000,71000,70,0,2017-05-09,1
822,20170509,823,71000,72000,71,0,2017-05-09,1
823,20170509,824,72000,73000,72,0,2017-05-09,1
824,20170509,825,73000,74000,73,0,2017-05-09,1
825,20170509,826,74000,75000,74,0,2017-05-09,1
826,20170509,827,75000,80000,75,0,2017-05-09,1
827,20170509,828,80000,81000,80,0,2017-05-09,1
828,20170509,829,81000,82000,81,0,2017-05-09,1
829,20170509,830,82000,83000,82,0,2017-05-09,1
830,20170509,831,83000,84000,83,0,2017-05-09,1
831,20170509,832,84000,85000,84,0,2017-05-09,1
832,20170509,833,85000,90000,85,0,2017-05-09,1
833,20170509,834,90000,91000,90,0,2017-05-09,1
834,20170509,835,91000,92000,91,0,2017-05-09,1
835,20170509,836,92000,93000,92,0,2017-05-09,1
836,20170509,837,93000,94000,93,0,2017-05-09,1
837,20170509,838,94000,95000,94,0,2017-05-09,1
838,20170509,839,95000,100000,95,0,2017-05-09,1
839,20170509,840,100000,101000,10,0,2017-05-09,1
840,20170509,841,101000,102000,10,1000,2017-05-09,1
841,20170509,842,102000,103000,10,2000,2017-05-09,1
842,20170509,843,103000,104000,10,3000,2017-05-09,1
843,20170509,844,104000,105000,10,4000,2017-05-09,1
844,20170509,845,105000,110000,10,5000,2017-05-09,1
845,20170509,846,110000,111000,11,0,2017-05-09,1
846,20170509,847,111000,112000,11,1000,2017-05-09,1
847,20170509,848,112000,113000,11,2000,2017-05-09,1
848,20170509,849,113000,114000,11,3000,2017-05-09,1
849,20170509,850,114000,115000,11,4000,2017-05-09,1
850,20170509,851,115000,120000,11,5000,2017-05-09,1
851,20170509,852,120000,121000,12,0,2017-05-09,1
852,20170509,853,121000,122000,12,1000,2017-05-09,1
853,20170509,854,122000,123000,12,2000,2017-05-09,1
854,20170509,855,123000,124000,12,3000,2017-05-09,1
855,20170509,856,124000,125000,12,4000,2017-05-09,1
856,20170509,857,125000,130000,12,5000,2017-05-09,1
857,20170509,858,130000,131000,13,0,2017-05-09,1
858,20170509,859,131000,132000,13,1000,2017-05-09,1
859,20170509,860,132000,133000,13,2000,2017-05-09,1
860,20170509,861,133000,134000,13,3000,2017-05-09,1
861,20170509,862,134000,135000,13,4000,2017-05-09,1
862,20170509,863,135000,140000,13,5000,2017-05-09,1
863,20170509,864,140000,141000,14,0,2017-05-09,1
864,20170509,865,141000,142000,14,1000,2017-05-09,1
865,20170509,866,142000,143000,14,2000,2017-05-09,1
866,20170509,867,143000,144000,14,3000,2017-05-09,1
867,20170509,868,144000,145000,14,4000,2017-05-09,1
868,20170509,869,145000,150000,14,5000,2017-05-09,1
869,20170509,870,150000,151000,15,0,2017-05-09,1
870,20170509,871,151000,152000,15,1000,2017-05-09,1
871,20170509,872,152000,153000,15,2000,2017-05-09,1
872,20170509,873,153000,154000,15,3000,2017-05-09,1
873,20170509,874,154000,155000,15,4000,2017-05-09,1
874,20170509,875,155000,160000,15,5000,2017-05-09,1
875,20170509,876,160000,161000,16,0,2017-05-09,1
876,20170509,877,161000,162000,16,1000,2017-05-09,1
877,20170509,878,162000,163000,16,2000,2017-05-09,1
878,20170509,879,163000,164000,16,3000,2017-05-09,1
879,20170509,880,164000,165000,16,4000,2017-05-09,1
880,20170509,881,165000,170000,16,5000,2017-05-09,1
881,20170509,882,170000,171000,17,0,2017-05-09,1
882,20170509,883,171000,172000,17,1000,2017-05-09,1
883,20170509,884,172000,173000,17,2000,2017-05-09,1
884,20170509,885,173000,174000,17,3000,2017-05-09,1
885,20170509,886,174000,175000,17,4000,2017-05-09,1
886,20170509,887,175000,180000,17,5000,2017-05-09,1
887,20170509,888,180000,181000,18,0,2017-05-09,1
888,20170509,889,181000,182000,18,1000,2017-05-09,1
889,20170509,890,182000,183000,18,2000,2017-05-09,1
890,20170509,891,183000,184000,18,3000,2017-05-09,1
891,20170509,892,184000,185000,18,4000,2017-05-09,1
892,20170509,893,185000,190000,18,5000,2017-05-09,1
893,20170509,894,190000,191000,19,0,2017-05-09,1
894,20170509,895,191000,192000,19,1000,2017-05-09,1
895,20170509,896,192000,193000,19,2000,2017-05-09,1
896,20170509,897,193000,194000,19,3000,2017-05-09,1
897,20170509,898,194000,195000,19,4000,2017-05-09,1
898,20170509,899,195000,200000,19,5000,2017-05-09,1
899,20170509,900,200000,201000,20,0,2017-05-09,1
900,20170509,901,201000,202000,20,1000,2017-05-09,1
901,20170509,902,202000,203000,20,2000,2017-05-09,1
902,20170509,903,203000,204000,20,3000,2017-05-09,1
903,20170509,904,204000,205000,20,4000,2017-05-09,1
904,20170509,905,205000,210000,20,5000,2017-05-09,1
905,20170509,906,210000,211000,21,0,2017-05-09,1
906,20170509,907,211000,212000,21,1000,2017-05-09,1
907,20170509,908,212000,213000,21,2000,2017-05-09,1
908,20170509,909,213000,214000,21,3000,2017-05-09,1
909,20170509,910,214000,215000,21,4000,2017-05-09,1
910,20170509,911,215000,220000,21,5000,2017-05-09,1
911,20170509,912,220000,221000,22,0,2017-05-09,1
912,20170509,913,221000,222000,22,1000,2017-05-09,1
913,20170509,914,222000,223000,22,2000,2017-05-09,1
914,20170509,915,223000,224000,22,3000,2017-05-09,1
915,20170509,916,224000,225000,22,4000,2017-05-09,1
916,20170509,917,225000,230000,22,5000,2017-05-09,1
917,20170510,918,60000,61000,60,0,2017-05-10,2
918,20170510,919,61000,62000,61,0,2017-05-10,2
919,20170510,920,62000,63000,62,0,2017-05-10,2
920,20170510,921,63000,64000,63,0,2017-05-10,2
921,20170510,922,64000,65000,64,0,2017-05-10,2
922,20170510,923,65000,70000,65,0,2017-05-10,2
923,20170510,924,70000,71000,70,0,2017-05-10,2
924,20170510,925,71000,72000,71,0,2017-05-10,2
925,20170510,926,72000,73000,72,0,2017-05-10,2
926,20170510,927,73000,74000,73,0,2017-05-10,2
927,20170510,928,74000,75000,74,0,2017-05-10,2
928,20170510,929,75000,80000,75,0,2017-05-10,2
929,20170510,930,80000,81000,80,0,2017-05-10,2
930,20170510,931,81000,82000,81,0,2017-05-10,2
931,20170510,932,82000,83000,82,0,2017-05-10,2
932,20170510,933,83000,84000,83,0,2017-05-10,2
933,20170510,934,84000,85000,84,0,2017-05-10,2
934,20170510,935,85000,90000,85,0,2017-05-10,2
935,20170510,936,90000,91000,90,0,2017-05-10,2
936,20170510,937,91000,92000,91,0,2017-05-10,2
937,20170510,938,92000,93000,92,0,2017-05-10,2
938,20170510,939,93000,94000,93,0,2017-05-10,2
939,20170510,940,94000,95000,94,0,2017-05-10,2
940,20170510,941,95000,100000,95,0,2017-05-10,2
941,20170510,942,100000,101000,10,0,2017-05-10,2
942,20170510,943,101000,102000,10,1000,2017-05-10,2
943,20170510,944,102000,103000,10,2000,2017-05-10,2
944,20170510,945,103000,104000,10,3000,2017-05-10,2
945,20170510,946,104000,105000,10,4000,2017-05-10,2
946,20170510,947,105000,110000,10,5000,2017-05-10,2
947,20170510,948,110000,111000,11,0,2017-05-10,2
948,20170510,949,111000,112000,11,1000,2017-05-10,2
949,20170510,950,112000,113000,11,2000,2017-05-10,2
950,20170510,951,113000,114000,11,3000,2017-05-10,2
951,20170510,952,114000,115000,11,4000,2017-05-10,2
952,20170510,953,115000,120000,11,5000,2017-05-10,2
953,20170510,954,120000,121000,12,0,2017-05-10,2
954,20170510,955,121000,122000,12,1000,2017-05-10,2
955,20170510,956,122000,123000,12,2000,2017-05-10,2
956,20170510,957,123000,124000,12,3000,2017-05-10,2
957,20170510,958,124000,125000,12,4000,2017-05-10,2
958,20170510,959,125000,130000,12,5000,2017-05-10,2
959,20170510,960,130000,131000,13,0,2017-05-10,2
960,20170510,961,131000,132000,13,1000,2017-05-10,2
961,20170510,962,132000,133000,13,2000,2017-05-10,2
962,20170510,963,133000,134000,13,3000,2017-05-10,2
963,20170510,964,134000,135000,13,4000,2017-05-10,2
964,20170510,965,135000,140000,13,5000,2017-05-10,2
965,20170510,966,140000,141000,14,0,2017-05-10,2
966,20170510,967,141000,142000,14,1000,2017-05-10,2
967,20170510,968,142000,143000,14,2000,2017-05-10,2
968,20170510,969,143000,144000,14,3000,2017-05-10,2
969,20170510,970,144000,145000,14,4000,2017-05-10,2
970,20170510,971,145000,150000,14,5000,2017-05-10,2
971,20170510,972,150000,151000,15,0,2017-05-10,2
972,20170510,973,151000,152000,15,1000,2017-05-10,2
973,20170510,974,152000,153000,15,2000,2017-05-10,2
974,20170510,975,153000,154000,15,3000,2017-05-10,2
975,20170510,976,154000,155000,15,4000,2017-05-10,2
976,20170510,977,155000,160000,15,5000,2017-05-10,2
977,20170510,978,160000,161000,16,0,2017-05-10,2
978,20170510,979,161000,162000,16,1000,2017-05-10,2
979,20170510,980,162000,163000,16,2000,2017-05-10,2
980,20170510,981,163000,164000,16,3000,2017-05-10,2
981,20170510,982,164000,165000,16,4000,2017-05-10,2
982,20170510,983,165000,170000,16,5000,2017-05-10,2
983,20170510,984,170000,171000,17,0,2017-05-10,2
984,20170510,985,171000,172000,17,1000,2017-05-10,2
985,20170510,986,172000,173000,17,2000,2017-05-10,2
986,20170510,987,173000,174000,17,3000,2017-05-10,2
987,20170510,988,174000,175000,17,4000,2017-05-10,2
988,20170510,989,175000,180000,17,5000,2017-05-10,2
989,20170510,990,180000,181000,18,0,2017-05-10,2
990,20170510,991,181000,182000,18,1000,2017-05-10,2
991,20170510,992,182000,183000,18,2000,2017-05-10,2
992,20170510,993,183000,184000,18,3000,2017-05-10,2
993,20170510,994,184000,185000,18,4000,2017-05-10,2
994,20170510,995,185000,190000,18,5000,2017-05-10,2
995,20170510,996,190000,191000,19,0,2017-05-10,2
996,20170510,997,191000,192000,19,1000,2017-05-10,2
997,20170510,998,192000,193000,19,2000,2017-05-10,2
998,20170510,999,193000,194000,19,3000,2017-05-10,2
999,20170510,1000,194000,195000,19,4000,2017-05-10,2
1000,20170510,1001,195000,200000,19,5000,2017-05-10,2
1001,20170510,1002,200000,201000,20,0,2017-05-10,2
1002,20170510,1003,201000,202000,20,1000,2017-05-10,2
1003,20170510,1004,202000,203000,20,2000,2017-05-10,2
1004,20170510,1005,203000,204000,20,3000,2017-05-10,2
1005,20170510,1006,204000,205000,20,4000,2017-05-10,2
1006,20170510,1007,205000,210000,20,5000,2017-05-10,2
1007,20170510,1008,210000,211000,21,0,2017-05-10,2
1008,20170510,1009,211000,212000,21,1000,2017-05-10,2
1009,20170510,1010,212000,213000,21,2000,2017-05-10,2
1010,20170510,1011,213000,214000,21,3000,2017-05-10,2
1011,20170510,1012,214000,215000,21,4000,2017-05-10,2
1012,20170510,1013,215000,220000,21,5000,2017-05-10,2
1013,20170510,1014,220000,221000,22,0,2017-05-10,2
1014,20170510,1015,221000,222000,22,1000,2017-05-10,2
1015,20170510,1016,222000,223000,22,2000,2017-05-10,2
1016,20170510,1017,223000,224000,22,3000,2017-05-10,2
1017,20170510,1018,224000,225000,22,4000,2017-05-10,2
1018,20170510,1019,225000,230000,22,5000,2017-05-10,2
1019,20170511,1020,60000,61000,60,0,2017-05-11,3
1020,20170511,1021,61000,62000,61,0,2017-05-11,3
1021,20170511,1022,62000,63000,62,0,2017-05-11,3
1022,20170511,1023,63000,64000,63,0,2017-05-11,3
1023,20170511,1024,64000,65000,64,0,2017-05-11,3
1024,20170511,1025,65000,70000,65,0,2017-05-11,3
1025,20170511,1026,70000,71000,70,0,2017-05-11,3
1026,20170511,1027,71000,72000,71,0,2017-05-11,3
1027,20170511,1028,72000,73000,72,0,2017-05-11,3
1028,20170511,1029,73000,74000,73,0,2017-05-11,3
1029,20170511,1030,74000,75000,74,0,2017-05-11,3
1030,20170511,1031,75000,80000,75,0,2017-05-11,3
1031,20170511,1032,80000,81000,80,0,2017-05-11,3
1032,20170511,1033,81000,82000,81,0,2017-05-11,3
1033,20170511,1034,82000,83000,82,0,2017-05-11,3
1034,20170511,1035,83000,84000,83,0,2017-05-11,3
1035,20170511,1036,84000,85000,84,0,2017-05-11,3
1036,20170511,1037,85000,90000,85,0,2017-05-11,3
1037,20170511,1038,90000,91000,90,0,2017-05-11,3
1038,20170511,1039,91000,92000,91,0,2017-05-11,3
1039,20170511,1040,92000,93000,92,0,2017-05-11,3
1040,20170511,1041,93000,94000,93,0,2017-05-11,3
1041,20170511,1042,94000,95000,94,0,2017-05-11,3
1042,20170511,1043,95000,100000,95,0,2017-05-11,3
1043,20170511,1044,100000,101000,10,0,2017-05-11,3
1044,20170511,1045,101000,102000,10,1000,2017-05-11,3
1045,20170511,1046,102000,103000,10,2000,2017-05-11,3
1046,20170511,1047,103000,104000,10,3000,2017-05-11,3
1047,20170511,1048,104000,105000,10,4000,2017-05-11,3
1048,20170511,1049,105000,110000,10,5000,2017-05-11,3
1049,20170511,1050,110000,111000,11,0,2017-05-11,3
1050,20170511,1051,111000,112000,11,1000,2017-05-11,3
1051,20170511,1052,112000,113000,11,2000,2017-05-11,3
1052,20170511,1053,113000,114000,11,3000,2017-05-11,3
1053,20170511,1054,114000,115000,11,4000,2017-05-11,3
1054,20170511,1055,115000,120000,11,5000,2017-05-11,3
1055,20170511,1056,120000,121000,12,0,2017-05-11,3
1056,20170511,1057,121000,122000,12,1000,2017-05-11,3
1057,20170511,1058,122000,123000,12,2000,2017-05-11,3
1058,20170511,1059,123000,124000,12,3000,2017-05-11,3
1059,20170511,1060,124000,125000,12,4000,2017-05-11,3
1060,20170511,1061,125000,130000,12,5000,2017-05-11,3
1061,20170511,1062,130000,131000,13,0,2017-05-11,3
1062,20170511,1063,131000,132000,13,1000,2017-05-11,3
1063,20170511,1064,132000,133000,13,2000,2017-05-11,3
1064,20170511,1065,133000,134000,13,3000,2017-05-11,3
1065,20170511,1066,134000,135000,13,4000,2017-05-11,3
1066,20170511,1067,135000,140000,13,5000,2017-05-11,3
1067,20170511,1068,140000,141000,14,0,2017-05-11,3
1068,20170511,1069,141000,142000,14,1000,2017-05-11,3
1069,20170511,1070,142000,143000,14,2000,2017-05-11,3
1070,20170511,1071,143000,144000,14,3000,2017-05-11,3
1071,20170511,1072,144000,145000,14,4000,2017-05-11,3
1072,20170511,1073,145000,150000,14,5000,2017-05-11,3
1073,20170511,1074,150000,151000,15,0,2017-05-11,3
1074,20170511,1075,151000,152000,15,1000,2017-05-11,3
1075,20170511,1076,152000,153000,15,2000,2017-05-11,3
1076,20170511,1077,153000,154000,15,3000,2017-05-11,3
1077,20170511,1078,154000,155000,15,4000,2017-05-11,3
1078,20170511,1079,155000,160000,15,5000,2017-05-11,3
1079,20170511,1080,160000,161000,16,0,2017-05-11,3
1080,20170511,1081,161000,162000,16,1000,2017-05-11,3
1081,20170511,1082,162000,163000,16,2000,2017-05-11,3
1082,20170511,1083,163000,164000,16,3000,2017-05-11,3
1083,20170511,1084,164000,165000,16,4000,2017-05-11,3
1084,20170511,1085,165000,170000,16,5000,2017-05-11,3
1085,20170511,1086,170000,171000,17,0,2017-05-11,3
1086,20170511,1087,171000,172000,17,1000,2017-05-11,3
1087,20170511,1088,172000,173000,17,2000,2017-05-11,3
1088,20170511,1089,173000,174000,17,3000,2017-05-11,3
1089,20170511,1090,174000,175000,17,4000,2017-05-11,3
1090,20170511,1091,175000,180000,17,5000,2017-05-11,3
1091,20170511,1092,180000,181000,18,0,2017-05-11,3
1092,20170511,1093,181000,182000,18,1000,2017-05-11,3
1093,20170511,1094,182000,183000,18,2000,2017-05-11,3
1094,20170511,1095,183000,184000,18,3000,2017-05-11,3
1095,20170511,1096,184000,185000,18,4000,2017-05-11,3
1096,20170511,1097,185000,190000,18,5000,2017-05-11,3
1097,20170511,1098,190000,191000,19,0,2017-05-11,3
1098,20170511,1099,191000,192000,19,1000,2017-05-11,3
1099,20170511,1100,192000,193000,19,2000,2017-05-11,3
1100,20170511,1101,193000,194000,19,3000,2017-05-11,3
1101,20170511,1102,194000,195000,19,4000,2017-05-11,3
1102,20170511,1103,195000,200000,19,5000,2017-05-11,3
1103,20170511,1104,200000,201000,20,0,2017-05-11,3
1104,20170511,1105,201000,202000,20,1000,2017-05-11,3
1105,20170511,1106,202000,203000,20,2000,2017-05-11,3
1106,20170511,1107,203000,204000,20,3000,2017-05-11,3
1107,20170511,1108,204000,205000,20,4000,2017-05-11,3
1108,20170511,1109,205000,210000,20,5000,2017-05-11,3
1109,20170511,1110,210000,211000,21,0,2017-05-11,3
1110,20170511,1111,211000,212000,21,1000,2017-05-11,3
1111,20170511,1112,212000,213000,21,2000,2017-05-11,3
1112,20170511,1113,213000,214000,21,3000,2017-05-11,3
1113,20170511,1114,214000,215000,21,4000,2017-05-11,3
1114,20170511,1115,215000,220000,21,5000,2017-05-11,3
1115,20170511,1116,220000,221000,22,0,2017-05-11,3
1116,20170511,1117,221000,222000,22,1000,2017-05-11,3
1117,20170511,1118,222000,223000,22,2000,2017-05-11,3
1118,20170511,1119,223000,224000,22,3000,2017-05-11,3
1119,20170511,1120,224000,225000,22,4000,2017-05-11,3
1120,20170511,1121,225000,230000,22,5000,2017-05-11,3
1121,20170512,1122,60000,61000,60,0,2017-05-12,4
1122,20170512,1123,61000,62000,61,0,2017-05-12,4
1123,20170512,1124,62000,63000,62,0,2017-05-12,4
1124,20170512,1125,63000,64000,63,0,2017-05-12,4
1125,20170512,1126,64000,65000,64,0,2017-05-12,4
1126,20170512,1127,65000,70000,65,0,2017-05-12,4
1127,20170512,1128,70000,71000,70,0,2017-05-12,4
1128,20170512,1129,71000,72000,71,0,2017-05-12,4
1129,20170512,1130,72000,73000,72,0,2017-05-12,4
1130,20170512,1131,73000,74000,73,0,2017-05-12,4
1131,20170512,1132,74000,75000,74,0,2017-05-12,4
1132,20170512,1133,75000,80000,75,0,2017-05-12,4
1133,20170512,1134,80000,81000,80,0,2017-05-12,4
1134,20170512,1135,81000,82000,81,0,2017-05-12,4
1135,20170512,1136,82000,83000,82,0,2017-05-12,4
1136,20170512,1137,83000,84000,83,0,2017-05-12,4
1137,20170512,1138,84000,85000,84,0,2017-05-12,4
1138,20170512,1139,85000,90000,85,0,2017-05-12,4
1139,20170512,1140,90000,91000,90,0,2017-05-12,4
1140,20170512,1141,91000,92000,91,0,2017-05-12,4
1141,20170512,1142,92000,93000,92,0,2017-05-12,4
1142,20170512,1143,93000,94000,93,0,2017-05-12,4
1143,20170512,1144,94000,95000,94,0,2017-05-12,4
1144,20170512,1145,95000,100000,95,0,2017-05-12,4
1145,20170512,1146,100000,101000,10,0,2017-05-12,4
1146,20170512,1147,101000,102000,10,1000,2017-05-12,4
1147,20170512,1148,102000,103000,10,2000,2017-05-12,4
1148,20170512,1149,103000,104000,10,3000,2017-05-12,4
1149,20170512,1150,104000,105000,10,4000,2017-05-12,4
1150,20170512,1151,105000,110000,10,5000,2017-05-12,4
1151,20170512,1152,110000,111000,11,0,2017-05-12,4
1152,20170512,1153,111000,112000,11,1000,2017-05-12,4
1153,20170512,1154,112000,113000,11,2000,2017-05-12,4
1154,20170512,1155,113000,114000,11,3000,2017-05-12,4
1155,20170512,1156,114000,115000,11,4000,2017-05-12,4
1156,20170512,1157,115000,120000,11,5000,2017-05-12,4
1157,20170512,1158,120000,121000,12,0,2017-05-12,4
1158,20170512,1159,121000,122000,12,1000,2017-05-12,4
1159,20170512,1160,122000,123000,12,2000,2017-05-12,4
1160,20170512,1161,123000,124000,12,3000,2017-05-12,4
1161,20170512,1162,124000,125000,12,4000,2017-05-12,4
1162,20170512,1163,125000,130000,12,5000,2017-05-12,4
1163,20170512,1164,130000,131000,13,0,2017-05-12,4
1164,20170512,1165,131000,132000,13,1000,2017-05-12,4
1165,20170512,1166,132000,133000,13,2000,2017-05-12,4
1166,20170512,1167,133000,134000,13,3000,2017-05-12,4
1167,20170512,1168,134000,135000,13,4000,2017-05-12,4
1168,20170512,1169,135000,140000,13,5000,2017-05-12,4
1169,20170512,1170,140000,141000,14,0,2017-05-12,4
1170,20170512,1171,141000,142000,14,1000,2017-05-12,4
1171,20170512,1172,142000,143000,14,2000,2017-05-12,4
1172,20170512,1173,143000,144000,14,3000,2017-05-12,4
1173,20170512,1174,144000,145000,14,4000,2017-05-12,4
1174,20170512,1175,145000,150000,14,5000,2017-05-12,4
1175,20170512,1176,150000,151000,15,0,2017-05-12,4
1176,20170512,1177,151000,152000,15,1000,2017-05-12,4
1177,20170512,1178,152000,153000,15,2000,2017-05-12,4
1178,20170512,1179,153000,154000,15,3000,2017-05-12,4
1179,20170512,1180,154000,155000,15,4000,2017-05-12,4
1180,20170512,1181,155000,160000,15,5000,2017-05-12,4
1181,20170512,1182,160000,161000,16,0,2017-05-12,4
1182,20170512,1183,161000,162000,16,1000,2017-05-12,4
1183,20170512,1184,162000,163000,16,2000,2017-05-12,4
1184,20170512,1185,163000,164000,16,3000,2017-05-12,4
1185,20170512,1186,164000,165000,16,4000,2017-05-12,4
1186,20170512,1187,165000,170000,16,5000,2017-05-12,4
1187,20170512,1188,170000,171000,17,0,2017-05-12,4
1188,20170512,1189,171000,172000,17,1000,2017-05-12,4
1189,20170512,1190,172000,173000,17,2000,2017-05-12,4
1190,20170512,1191,173000,174000,17,3000,2017-05-12,4
1191,20170512,1192,174000,175000,17,4000,2017-05-12,4
1192,20170512,1193,175000,180000,17,5000,2017-05-12,4
1193,20170512,1194,180000,181000,18,0,2017-05-12,4
1194,20170512,1195,181000,182000,18,1000,2017-05-12,4
1195,20170512,1196,182000,183000,18,2000,2017-05-12,4
1196,20170512,1197,183000,184000,18,3000,2017-05-12,4
1197,20170512,1198,184000,185000,18,4000,2017-05-12,4
1198,20170512,1199,185000,190000,18,5000,2017-05-12,4
1199,20170512,1200,190000,191000,19,0,2017-05-12,4
1200,20170512,1201,191000,192000,19,1000,2017-05-12,4
1201,20170512,1202,192000,193000,19,2000,2017-05-12,4
1202,20170512,1203,193000,194000,19,3000,2017-05-12,4
1203,20170512,1204,194000,195000,19,4000,2017-05-12,4
1204,20170512,1205,195000,200000,19,5000,2017-05-12,4
1205,20170512,1206,200000,201000,20,0,2017-05-12,4
1206,20170512,1207,201000,202000,20,1000,2017-05-12,4
1207,20170512,1208,202000,203000,20,2000,2017-05-12,4
1208,20170512,1209,203000,204000,20,3000,2017-05-12,4
1209,20170512,1210,204000,205000,20,4000,2017-05-12,4
1210,20170512,1211,205000,210000,20,5000,2017-05-12,4
1211,20170512,1212,210000,211000,21,0,2017-05-12,4
1212,20170512,1213,211000,212000,21,1000,2017-05-12,4
1213,20170512,1214,212000,213000,21,2000,2017-05-12,4
1214,20170512,1215,213000,214000,21,3000,2017-05-12,4
1215,20170512,1216,214000,215000,21,4000,2017-05-12,4
1216,20170512,1217,215000,220000,21,5000,2017-05-12,4
1217,20170512,1218,220000,221000,22,0,2017-05-12,4
1218,20170512,1219,221000,222000,22,1000,2017-05-12,4
1219,20170512,1220,222000,223000,22,2000,2017-05-12,4
1220,20170512,1221,223000,224000,22,3000,2017-05-12,4
1221,20170512,1222,224000,225000,22,4000,2017-05-12,4
1222,20170512,1223,225000,230000,22,5000,2017-05-12,4
1223,20170513,1224,60000,61000,60,0,2017-05-13,5
1224,20170513,1225,61000,62000,61,0,2017-05-13,5
1225,20170513,1226,62000,63000,62,0,2017-05-13,5
1226,20170513,1227,63000,64000,63,0,2017-05-13,5
1227,20170513,1228,64000,65000,64,0,2017-05-13,5
1228,20170513,1229,65000,70000,65,0,2017-05-13,5
1229,20170513,1230,70000,71000,70,0,2017-05-13,5
1230,20170513,1231,71000,72000,71,0,2017-05-13,5
1231,20170513,1232,72000,73000,72,0,2017-05-13,5
1232,20170513,1233,73000,74000,73,0,2017-05-13,5
1233,20170513,1234,74000,75000,74,0,2017-05-13,5
1234,20170513,1235,75000,80000,75,0,2017-05-13,5
1235,20170513,1236,80000,81000,80,0,2017-05-13,5
1236,20170513,1237,81000,82000,81,0,2017-05-13,5
1237,20170513,1238,82000,83000,82,0,2017-05-13,5
1238,20170513,1239,83000,84000,83,0,2017-05-13,5
1239,20170513,1240,84000,85000,84,0,2017-05-13,5
1240,20170513,1241,85000,90000,85,0,2017-05-13,5
1241,20170513,1242,90000,91000,90,0,2017-05-13,5
1242,20170513,1243,91000,92000,91,0,2017-05-13,5
1243,20170513,1244,92000,93000,92,0,2017-05-13,5
1244,20170513,1245,93000,94000,93,0,2017-05-13,5
1245,20170513,1246,94000,95000,94,0,2017-05-13,5
1246,20170513,1247,95000,100000,95,0,2017-05-13,5
1247,20170513,1248,100000,101000,10,0,2017-05-13,5
1248,20170513,1249,101000,102000,10,1000,2017-05-13,5
1249,20170513,1250,102000,103000,10,2000,2017-05-13,5
1250,20170513,1251,103000,104000,10,3000,2017-05-13,5
1251,20170513,1252,104000,105000,10,4000,2017-05-13,5
1252,20170513,1253,105000,110000,10,5000,2017-05-13,5
1253,20170513,1254,110000,111000,11,0,2017-05-13,5
1254,20170513,1255,111000,112000,11,1000,2017-05-13,5
1255,20170513,1256,112000,113000,11,2000,2017-05-13,5
1256,20170513,1257,113000,114000,11,3000,2017-05-13,5
1257,20170513,1258,114000,115000,11,4000,2017-05-13,5
1258,20170513,1259,115000,120000,11,5000,2017-05-13,5
1259,20170513,1260,120000,121000,12,0,2017-05-13,5
1260,20170513,1261,121000,122000,12,1000,2017-05-13,5
1261,20170513,1262,122000,123000,12,2000,2017-05-13,5
1262,20170513,1263,123000,124000,12,3000,2017-05-13,5
1263,20170513,1264,124000,125000,12,4000,2017-05-13,5
1264,20170513,1265,125000,130000,12,5000,2017-05-13,5
1265,20170513,1266,130000,131000,13,0,2017-05-13,5
1266,20170513,1267,131000,132000,13,1000,2017-05-13,5
1267,20170513,1268,132000,133000,13,2000,2017-05-13,5
1268,20170513,1269,133000,134000,13,3000,2017-05-13,5
1269,20170513,1270,134000,135000,13,4000,2017-05-13,5
1270,20170513,1271,135000,140000,13,5000,2017-05-13,5
1271,20170513,1272,140000,141000,14,0,2017-05-13,5
1272,20170513,1273,141000,142000,14,1000,2017-05-13,5
1273,20170513,1274,142000,143000,14,2000,2017-05-13,5
1274,20170513,1275,143000,144000,14,3000,2017-05-13,5
1275,20170513,1276,144000,145000,14,4000,2017-05-13,5
1276,20170513,1277,145000,150000,14,5000,2017-05-13,5
1277,20170513,1278,150000,151000,15,0,2017-05-13,5
1278,20170513,1279,151000,152000,15,1000,2017-05-13,5
1279,20170513,1280,152000,153000,15,2000,2017-05-13,5
1280,20170513,1281,153000,154000,15,3000,2017-05-13,5
1281,20170513,1282,154000,155000,15,4000,2017-05-13,5
1282,20170513,1283,155000,160000,15,5000,2017-05-13,5
1283,20170513,1284,160000,161000,16,0,2017-05-13,5
1284,20170513,1285,161000,162000,16,1000,2017-05-13,5
1285,20170513,1286,162000,163000,16,2000,2017-05-13,5
1286,20170513,1287,163000,164000,16,3000,2017-05-13,5
1287,20170513,1288,164000,165000,16,4000,2017-05-13,5
1288,20170513,1289,165000,170000,16,5000,2017-05-13,5
1289,20170513,1290,170000,171000,17,0,2017-05-13,5
1290,20170513,1291,171000,172000,17,1000,2017-05-13,5
1291,20170513,1292,172000,173000,17,2000,2017-05-13,5
1292,20170513,1293,173000,174000,17,3000,2017-05-13,5
1293,20170513,1294,174000,175000,17,4000,2017-05-13,5
1294,20170513,1295,175000,180000,17,5000,2017-05-13,5
1295,20170513,1296,180000,181000,18,0,2017-05-13,5
1296,20170513,1297,181000,182000,18,1000,2017-05-13,5
1297,20170513,1298,182000,183000,18,2000,2017-05-13,5
1298,20170513,1299,183000,184000,18,3000,2017-05-13,5
1299,20170513,1300,184000,185000,18,4000,2017-05-13,5
1300,20170513,1301,185000,190000,18,5000,2017-05-13,5
1301,20170513,1302,190000,191000,19,0,2017-05-13,5
1302,20170513,1303,191000,192000,19,1000,2017-05-13,5
1303,20170513,1304,192000,193000,19,2000,2017-05-13,5
1304,20170513,1305,193000,194000,19,3000,2017-05-13,5
1305,20170513,1306,194000,195000,19,4000,2017-05-13,5
1306,20170513,1307,195000,200000,19,5000,2017-05-13,5
1307,20170513,1308,200000,201000,20,0,2017-05-13,5
1308,20170513,1309,201000,202000,20,1000,2017-05-13,5
1309,20170513,1310,202000,203000,20,2000,2017-05-13,5
1310,20170513,1311,203000,204000,20,3000,2017-05-13,5
1311,20170513,1312,204000,205000,20,4000,2017-05-13,5
1312,20170513,1313,205000,210000,20,5000,2017-05-13,5
1313,20170513,1314,210000,211000,21,0,2017-05-13,5
1314,20170513,1315,211000,212000,21,1000,2017-05-13,5
1315,20170513,1316,212000,213000,21,2000,2017-05-13,5
1316,20170513,1317,213000,214000,21,3000,2017-05-13,5
1317,20170513,1318,214000,215000,21,4000,2017-05-13,5
1318,20170513,1319,215000,220000,21,5000,2017-05-13,5
1319,20170513,1320,220000,221000,22,0,2017-05-13,5
1320,20170513,1321,221000,222000,22,1000,2017-05-13,5
1321,20170513,1322,222000,223000,22,2000,2017-05-13,5
1322,20170513,1323,223000,224000,22,3000,2017-05-13,5
1323,20170513,1324,224000,225000,22,4000,2017-05-13,5
1324,20170513,1325,225000,230000,22,5000,2017-05-13,5
1325,20170514,1326,60000,61000,60,0,2017-05-14,6
1326,20170514,1327,61000,62000,61,0,2017-05-14,6
1327,20170514,1328,62000,63000,62,0,2017-05-14,6
1328,20170514,1329,63000,64000,63,0,2017-05-14,6
1329,20170514,1330,64000,65000,64,0,2017-05-14,6
1330,20170514,1331,65000,70000,65,0,2017-05-14,6
1331,20170514,1332,70000,71000,70,0,2017-05-14,6
1332,20170514,1333,71000,72000,71,0,2017-05-14,6
1333,20170514,1334,72000,73000,72,0,2017-05-14,6
1334,20170514,1335,73000,74000,73,0,2017-05-14,6
1335,20170514,1336,74000,75000,74,0,2017-05-14,6
1336,20170514,1337,75000,80000,75,0,2017-05-14,6
1337,20170514,1338,80000,81000,80,0,2017-05-14,6
1338,20170514,1339,81000,82000,81,0,2017-05-14,6
1339,20170514,1340,82000,83000,82,0,2017-05-14,6
1340,20170514,1341,83000,84000,83,0,2017-05-14,6
1341,20170514,1342,84000,85000,84,0,2017-05-14,6
1342,20170514,1343,85000,90000,85,0,2017-05-14,6
1343,20170514,1344,90000,91000,90,0,2017-05-14,6
1344,20170514,1345,91000,92000,91,0,2017-05-14,6
1345,20170514,1346,92000,93000,92,0,2017-05-14,6
1346,20170514,1347,93000,94000,93,0,2017-05-14,6
1347,20170514,1348,94000,95000,94,0,2017-05-14,6
1348,20170514,1349,95000,100000,95,0,2017-05-14,6
1349,20170514,1350,100000,101000,10,0,2017-05-14,6
1350,20170514,1351,101000,102000,10,1000,2017-05-14,6
1351,20170514,1352,102000,103000,10,2000,2017-05-14,6
1352,20170514,1353,103000,104000,10,3000,2017-05-14,6
1353,20170514,1354,104000,105000,10,4000,2017-05-14,6
1354,20170514,1355,105000,110000,10,5000,2017-05-14,6
1355,20170514,1356,110000,111000,11,0,2017-05-14,6
1356,20170514,1357,111000,112000,11,1000,2017-05-14,6
1357,20170514,1358,112000,113000,11,2000,2017-05-14,6
1358,20170514,1359,113000,114000,11,3000,2017-05-14,6
1359,20170514,1360,114000,115000,11,4000,2017-05-14,6
1360,20170514,1361,115000,120000,11,5000,2017-05-14,6
1361,20170514,1362,120000,121000,12,0,2017-05-14,6
1362,20170514,1363,121000,122000,12,1000,2017-05-14,6
1363,20170514,1364,122000,123000,12,2000,2017-05-14,6
1364,20170514,1365,123000,124000,12,3000,2017-05-14,6
1365,20170514,1366,124000,125000,12,4000,2017-05-14,6
1366,20170514,1367,125000,130000,12,5000,2017-05-14,6
1367,20170514,1368,130000,131000,13,0,2017-05-14,6
1368,20170514,1369,131000,132000,13,1000,2017-05-14,6
1369,20170514,1370,132000,133000,13,2000,2017-05-14,6
1370,20170514,1371,133000,134000,13,3000,2017-05-14,6
1371,20170514,1372,134000,135000,13,4000,2017-05-14,6
1372,20170514,1373,135000,140000,13,5000,2017-05-14,6
1373,20170514,1374,140000,141000,14,0,2017-05-14,6
1374,20170514,1375,141000,142000,14,1000,2017-05-14,6
1375,20170514,1376,142000,143000,14,2000,2017-05-14,6
1376,20170514,1377,143000,144000,14,3000,2017-05-14,6
1377,20170514,1378,144000,145000,14,4000,2017-05-14,6
1378,20170514,1379,145000,150000,14,5000,2017-05-14,6
1379,20170514,1380,150000,151000,15,0,2017-05-14,6
1380,20170514,1381,151000,152000,15,1000,2017-05-14,6
1381,20170514,1382,152000,153000,15,2000,2017-05-14,6
1382,20170514,1383,153000,154000,15,3000,2017-05-14,6
1383,20170514,1384,154000,155000,15,4000,2017-05-14,6
1384,20170514,1385,155000,160000,15,5000,2017-05-14,6
1385,20170514,1386,160000,161000,16,0,2017-05-14,6
1386,20170514,1387,161000,162000,16,1000,2017-05-14,6
1387,20170514,1388,162000,163000,16,2000,2017-05-14,6
1388,20170514,1389,163000,164000,16,3000,2017-05-14,6
1389,20170514,1390,164000,165000,16,4000,2017-05-14,6
1390,20170514,1391,165000,170000,16,5000,2017-05-14,6
1391,20170514,1392,170000,171000,17,0,2017-05-14,6
1392,20170514,1393,171000,172000,17,1000,2017-05-14,6
1393,20170514,1394,172000,173000,17,2000,2017-05-14,6
1394,20170514,1395,173000,174000,17,3000,2017-05-14,6
1395,20170514,1396,174000,175000,17,4000,2017-05-14,6
1396,20170514,1397,175000,180000,17,5000,2017-05-14,6
1397,20170514,1398,180000,181000,18,0,2017-05-14,6
1398,20170514,1399,181000,182000,18,1000,2017-05-14,6
1399,20170514,1400,182000,183000,18,2000,2017-05-14,6
1400,20170514,1401,183000,184000,18,3000,2017-05-14,6
1401,20170514,1402,184000,185000,18,4000,2017-05-14,6
1402,20170514,1403,185000,190000,18,5000,2017-05-14,6
1403,20170514,1404,190000,191000,19,0,2017-05-14,6
1404,20170514,1405,191000,192000,19,1000,2017-05-14,6
1405,20170514,1406,192000,193000,19,2000,2017-05-14,6
1406,20170514,1407,193000,194000,19,3000,2017-05-14,6
1407,20170514,1408,194000,195000,19,4000,2017-05-14,6
1408,20170514,1409,195000,200000,19,5000,2017-05-14,6
1409,20170514,1410,200000,201000,20,0,2017-05-14,6
1410,20170514,1411,201000,202000,20,1000,2017-05-14,6
1411,20170514,1412,202000,203000,20,2000,2017-05-14,6
1412,20170514,1413,203000,204000,20,3000,2017-05-14,6
1413,20170514,1414,204000,205000,20,4000,2017-05-14,6
1414,20170514,1415,205000,210000,20,5000,2017-05-14,6
1415,20170514,1416,210000,211000,21,0,2017-05-14,6
1416,20170514,1417,211000,212000,21,1000,2017-05-14,6
1417,20170514,1418,212000,213000,21,2000,2017-05-14,6
1418,20170514,1419,213000,214000,21,3000,2017-05-14,6
1419,20170514,1420,214000,215000,21,4000,2017-05-14,6
1420,20170514,1421,215000,220000,21,5000,2017-05-14,6
1421,20170514,1422,220000,221000,22,0,2017-05-14,6
1422,20170514,1423,221000,222000,22,1000,2017-05-14,6
1423,20170514,1424,222000,223000,22,2000,2017-05-14,6
1424,20170514,1425,223000,224000,22,3000,2017-05-14,6
1425,20170514,1426,224000,225000,22,4000,2017-05-14,6
1426,20170514,1427,225000,230000,22,5000,2017-05-14,6
1427,20170515,1428,60000,61000,60,0,2017-05-15,0
1428,20170515,1429,61000,62000,61,0,2017-05-15,0
1429,20170515,1430,62000,63000,62,0,2017-05-15,0
1430,20170515,1431,63000,64000,63,0,2017-05-15,0
1431,20170515,1432,64000,65000,64,0,2017-05-15,0
1432,20170515,1433,65000,70000,65,0,2017-05-15,0
1433,20170515,1434,70000,71000,70,0,2017-05-15,0
1434,20170515,1435,71000,72000,71,0,2017-05-15,0
1435,20170515,1436,72000,73000,72,0,2017-05-15,0
1436,20170515,1437,73000,74000,73,0,2017-05-15,0
1437,20170515,1438,74000,75000,74,0,2017-05-15,0
1438,20170515,1439,75000,80000,75,0,2017-05-15,0
1439,20170515,1440,80000,81000,80,0,2017-05-15,0
1440,20170515,1441,81000,82000,81,0,2017-05-15,0
1441,20170515,1442,82000,83000,82,0,2017-05-15,0
1442,20170515,1443,83000,84000,83,0,2017-05-15,0
1443,20170515,1444,84000,85000,84,0,2017-05-15,0
1444,20170515,1445,85000,90000,85,0,2017-05-15,0
1445,20170515,1446,90000,91000,90,0,2017-05-15,0
1446,20170515,1447,91000,92000,91,0,2017-05-15,0
1447,20170515,1448,92000,93000,92,0,2017-05-15,0
1448,20170515,1449,93000,94000,93,0,2017-05-15,0
1449,20170515,1450,94000,95000,94,0,2017-05-15,0
1450,20170515,1451,95000,100000,95,0,2017-05-15,0
1451,20170515,1452,100000,101000,10,0,2017-05-15,0
1452,20170515,1453,101000,102000,10,1000,2017-05-15,0
1453,20170515,1454,102000,103000,10,2000,2017-05-15,0
1454,20170515,1455,103000,104000,10,3000,2017-05-15,0
1455,20170515,1456,104000,105000,10,4000,2017-05-15,0
1456,20170515,1457,105000,110000,10,5000,2017-05-15,0
1457,20170515,1458,110000,111000,11,0,2017-05-15,0
1458,20170515,1459,111000,112000,11,1000,2017-05-15,0
1459,20170515,1460,112000,113000,11,2000,2017-05-15,0
1460,20170515,1461,113000,114000,11,3000,2017-05-15,0
1461,20170515,1462,114000,115000,11,4000,2017-05-15,0
1462,20170515,1463,115000,120000,11,5000,2017-05-15,0
1463,20170515,1464,120000,121000,12,0,2017-05-15,0
1464,20170515,1465,121000,122000,12,1000,2017-05-15,0
1465,20170515,1466,122000,123000,12,2000,2017-05-15,0
1466,20170515,1467,123000,124000,12,3000,2017-05-15,0
1467,20170515,1468,124000,125000,12,4000,2017-05-15,0
1468,20170515,1469,125000,130000,12,5000,2017-05-15,0
1469,20170515,1470,130000,131000,13,0,2017-05-15,0
1470,20170515,1471,131000,132000,13,1000,2017-05-15,0
1471,20170515,1472,132000,133000,13,2000,2017-05-15,0
1472,20170515,1473,133000,134000,13,3000,2017-05-15,0
1473,20170515,1474,134000,135000,13,4000,2017-05-15,0
1474,20170515,1475,135000,140000,13,5000,2017-05-15,0
1475,20170515,1476,140000,141000,14,0,2017-05-15,0
1476,20170515,1477,141000,142000,14,1000,2017-05-15,0
1477,20170515,1478,142000,143000,14,2000,2017-05-15,0
1478,20170515,1479,143000,144000,14,3000,2017-05-15,0
1479,20170515,1480,144000,145000,14,4000,2017-05-15,0
1480,20170515,1481,145000,150000,14,5000,2017-05-15,0
1481,20170515,1482,150000,151000,15,0,2017-05-15,0
1482,20170515,1483,151000,152000,15,1000,2017-05-15,0
1483,20170515,1484,152000,153000,15,2000,2017-05-15,0
1484,20170515,1485,153000,154000,15,3000,2017-05-15,0
1485,20170515,1486,154000,155000,15,4000,2017-05-15,0
1486,20170515,1487,155000,160000,15,5000,2017-05-15,0
1487,20170515,1488,160000,161000,16,0,2017-05-15,0
1488,20170515,1489,161000,162000,16,1000,2017-05-15,0
1489,20170515,1490,162000,163000,16,2000,2017-05-15,0
1490,20170515,1491,163000,164000,16,3000,2017-05-15,0
1491,20170515,1492,164000,165000,16,4000,2017-05-15,0
1492,20170515,1493,165000,170000,16,5000,2017-05-15,0
1493,20170515,1494,170000,171000,17,0,2017-05-15,0
1494,20170515,1495,171000,172000,17,1000,2017-05-15,0
1495,20170515,1496,172000,173000,17,2000,2017-05-15,0
1496,20170515,1497,173000,174000,17,3000,2017-05-15,0
1497,20170515,1498,174000,175000,17,4000,2017-05-15,0
1498,20170515,1499,175000,180000,17,5000,2017-05-15,0
1499,20170515,1500,180000,181000,18,0,2017-05-15,0
1500,20170515,1501,181000,182000,18,1000,2017-05-15,0
1501,20170515,1502,182000,183000,18,2000,2017-05-15,0
1502,20170515,1503,183000,184000,18,3000,2017-05-15,0
1503,20170515,1504,184000,185000,18,4000,2017-05-15,0
1504,20170515,1505,185000,190000,18,5000,2017-05-15,0
1505,20170515,1506,190000,191000,19,0,2017-05-15,0
1506,20170515,1507,191000,192000,19,1000,2017-05-15,0
1507,20170515,1508,192000,193000,19,2000,2017-05-15,0
1508,20170515,1509,193000,194000,19,3000,2017-05-15,0
1509,20170515,1510,194000,195000,19,4000,2017-05-15,0
1510,20170515,1511,195000,200000,19,5000,2017-05-15,0
1511,20170515,1512,200000,201000,20,0,2017-05-15,0
1512,20170515,1513,201000,202000,20,1000,2017-05-15,0
1513,20170515,1514,202000,203000,20,2000,2017-05-15,0
1514,20170515,1515,203000,204000,20,3000,2017-05-15,0
1515,20170515,1516,204000,205000,20,4000,2017-05-15,0
1516,20170515,1517,205000,210000,20,5000,2017-05-15,0
1517,20170515,1518,210000,211000,21,0,2017-05-15,0
1518,20170515,1519,211000,212000,21,1000,2017-05-15,0
1519,20170515,1520,212000,213000,21,2000,2017-05-15,0
1520,20170515,1521,213000,214000,21,3000,2017-05-15,0
1521,20170515,1522,214000,215000,21,4000,2017-05-15,0
1522,20170515,1523,215000,220000,21,5000,2017-05-15,0
1523,20170515,1524,220000,221000,22,0,2017-05-15,0
1524,20170515,1525,221000,222000,22,1000,2017-05-15,0
1525,20170515,1526,222000,223000,22,2000,2017-05-15,0
1526,20170515,1527,223000,224000,22,3000,2017-05-15,0
1527,20170515,1528,224000,225000,22,4000,2017-05-15,0
1528,20170515,1529,225000,230000,22,5000,2017-05-15,0
1529,20170516,1530,60000,61000,60,0,2017-05-16,1
1530,20170516,1531,61000,62000,61,0,2017-05-16,1
1531,20170516,1532,62000,63000,62,0,2017-05-16,1
1532,20170516,1533,63000,64000,63,0,2017-05-16,1
1533,20170516,1534,64000,65000,64,0,2017-05-16,1
1534,20170516,1535,65000,70000,65,0,2017-05-16,1
1535,20170516,1536,70000,71000,70,0,2017-05-16,1
1536,20170516,1537,71000,72000,71,0,2017-05-16,1
1537,20170516,1538,72000,73000,72,0,2017-05-16,1
1538,20170516,1539,73000,74000,73,0,2017-05-16,1
1539,20170516,1540,74000,75000,74,0,2017-05-16,1
1540,20170516,1541,75000,80000,75,0,2017-05-16,1
1541,20170516,1542,80000,81000,80,0,2017-05-16,1
1542,20170516,1543,81000,82000,81,0,2017-05-16,1
1543,20170516,1544,82000,83000,82,0,2017-05-16,1
1544,20170516,1545,83000,84000,83,0,2017-05-16,1
1545,20170516,1546,84000,85000,84,0,2017-05-16,1
1546,20170516,1547,85000,90000,85,0,2017-05-16,1
1547,20170516,1548,90000,91000,90,0,2017-05-16,1
1548,20170516,1549,91000,92000,91,0,2017-05-16,1
1549,20170516,1550,92000,93000,92,0,2017-05-16,1
1550,20170516,1551,93000,94000,93,0,2017-05-16,1
1551,20170516,1552,94000,95000,94,0,2017-05-16,1
1552,20170516,1553,95000,100000,95,0,2017-05-16,1
1553,20170516,1554,100000,101000,10,0,2017-05-16,1
1554,20170516,1555,101000,102000,10,1000,2017-05-16,1
1555,20170516,1556,102000,103000,10,2000,2017-05-16,1
1556,20170516,1557,103000,104000,10,3000,2017-05-16,1
1557,20170516,1558,104000,105000,10,4000,2017-05-16,1
1558,20170516,1559,105000,110000,10,5000,2017-05-16,1
1559,20170516,1560,110000,111000,11,0,2017-05-16,1
1560,20170516,1561,111000,112000,11,1000,2017-05-16,1
1561,20170516,1562,112000,113000,11,2000,2017-05-16,1
1562,20170516,1563,113000,114000,11,3000,2017-05-16,1
1563,20170516,1564,114000,115000,11,4000,2017-05-16,1
1564,20170516,1565,115000,120000,11,5000,2017-05-16,1
1565,20170516,1566,120000,121000,12,0,2017-05-16,1
1566,20170516,1567,121000,122000,12,1000,2017-05-16,1
1567,20170516,1568,122000,123000,12,2000,2017-05-16,1
1568,20170516,1569,123000,124000,12,3000,2017-05-16,1
1569,20170516,1570,124000,125000,12,4000,2017-05-16,1
1570,20170516,1571,125000,130000,12,5000,2017-05-16,1
1571,20170516,1572,130000,131000,13,0,2017-05-16,1
1572,20170516,1573,131000,132000,13,1000,2017-05-16,1
1573,20170516,1574,132000,133000,13,2000,2017-05-16,1
1574,20170516,1575,133000,134000,13,3000,2017-05-16,1
1575,20170516,1576,134000,135000,13,4000,2017-05-16,1
1576,20170516,1577,135000,140000,13,5000,2017-05-16,1
1577,20170516,1578,140000,141000,14,0,2017-05-16,1
1578,20170516,1579,141000,142000,14,1000,2017-05-16,1
1579,20170516,1580,142000,143000,14,2000,2017-05-16,1
1580,20170516,1581,143000,144000,14,3000,2017-05-16,1
1581,20170516,1582,144000,145000,14,4000,2017-05-16,1
1582,20170516,1583,145000,150000,14,5000,2017-05-16,1
1583,20170516,1584,150000,151000,15,0,2017-05-16,1
1584,20170516,1585,151000,152000,15,1000,2017-05-16,1
1585,20170516,1586,152000,153000,15,2000,2017-05-16,1
1586,20170516,1587,153000,154000,15,3000,2017-05-16,1
1587,20170516,1588,154000,155000,15,4000,2017-05-16,1
1588,20170516,1589,155000,160000,15,5000,2017-05-16,1
1589,20170516,1590,160000,161000,16,0,2017-05-16,1
1590,20170516,1591,161000,162000,16,1000,2017-05-16,1
1591,20170516,1592,162000,163000,16,2000,2017-05-16,1
1592,20170516,1593,163000,164000,16,3000,2017-05-16,1
1593,20170516,1594,164000,165000,16,4000,2017-05-16,1
1594,20170516,1595,165000,170000,16,5000,2017-05-16,1
1595,20170516,1596,170000,171000,17,0,2017-05-16,1
1596,20170516,1597,171000,172000,17,1000,2017-05-16,1
1597,20170516,1598,172000,173000,17,2000,2017-05-16,1
1598,20170516,1599,173000,174000,17,3000,2017-05-16,1
1599,20170516,1600,174000,175000,17,4000,2017-05-16,1
1600,20170516,1601,175000,180000,17,5000,2017-05-16,1
1601,20170516,1602,180000,181000,18,0,2017-05-16,1
1602,20170516,1603,181000,182000,18,1000,2017-05-16,1
1603,20170516,1604,182000,183000,18,2000,2017-05-16,1
1604,20170516,1605,183000,184000,18,3000,2017-05-16,1
1605,20170516,1606,184000,185000,18,4000,2017-05-16,1
1606,20170516,1607,185000,190000,18,5000,2017-05-16,1
1607,20170516,1608,190000,191000,19,0,2017-05-16,1
1608,20170516,1609,191000,192000,19,1000,2017-05-16,1
1609,20170516,1610,192000,193000,19,2000,2017-05-16,1
1610,20170516,1611,193000,194000,19,3000,2017-05-16,1
1611,20170516,1612,194000,195000,19,4000,2017-05-16,1
1612,20170516,1613,195000,200000,19,5000,2017-05-16,1
1613,20170516,1614,200000,201000,20,0,2017-05-16,1
1614,20170516,1615,201000,202000,20,1000,2017-05-16,1
1615,20170516,1616,202000,203000,20,2000,2017-05-16,1
1616,20170516,1617,203000,204000,20,3000,2017-05-16,1
1617,20170516,1618,204000,205000,20,4000,2017-05-16,1
1618,20170516,1619,205000,210000,20,5000,2017-05-16,1
1619,20170516,1620,210000,211000,21,0,2017-05-16,1
1620,20170516,1621,211000,212000,21,1000,2017-05-16,1
1621,20170516,1622,212000,213000,21,2000,2017-05-16,1
1622,20170516,1623,213000,214000,21,3000,2017-05-16,1
1623,20170516,1624,214000,215000,21,4000,2017-05-16,1
1624,20170516,1625,215000,220000,21,5000,2017-05-16,1
1625,20170516,1626,220000,221000,22,0,2017-05-16,1
1626,20170516,1627,221000,222000,22,1000,2017-05-16,1
1627,20170516,1628,222000,223000,22,2000,2017-05-16,1
1628,20170516,1629,223000,224000,22,3000,2017-05-16,1
1629,20170516,1630,224000,225000,22,4000,2017-05-16,1
1630,20170516,1631,225000,230000,22,5000,2017-05-16,1
1631,20170517,1632,60000,61000,60,0,2017-05-17,2
1632,20170517,1633,61000,62000,61,0,2017-05-17,2
1633,20170517,1634,62000,63000,62,0,2017-05-17,2
1634,20170517,1635,63000,64000,63,0,2017-05-17,2
1635,20170517,1636,64000,65000,64,0,2017-05-17,2
1636,20170517,1637,65000,70000,65,0,2017-05-17,2
1637,20170517,1638,70000,71000,70,0,2017-05-17,2
1638,20170517,1639,71000,72000,71,0,2017-05-17,2
1639,20170517,1640,72000,73000,72,0,2017-05-17,2
1640,20170517,1641,73000,74000,73,0,2017-05-17,2
1641,20170517,1642,74000,75000,74,0,2017-05-17,2
1642,20170517,1643,75000,80000,75,0,2017-05-17,2
1643,20170517,1644,80000,81000,80,0,2017-05-17,2
1644,20170517,1645,81000,82000,81,0,2017-05-17,2
1645,20170517,1646,82000,83000,82,0,2017-05-17,2
1646,20170517,1647,83000,84000,83,0,2017-05-17,2
1647,20170517,1648,84000,85000,84,0,2017-05-17,2
1648,20170517,1649,85000,90000,85,0,2017-05-17,2
1649,20170517,1650,90000,91000,90,0,2017-05-17,2
1650,20170517,1651,91000,92000,91,0,2017-05-17,2
1651,20170517,1652,92000,93000,92,0,2017-05-17,2
1652,20170517,1653,93000,94000,93,0,2017-05-17,2
1653,20170517,1654,94000,95000,94,0,2017-05-17,2
1654,20170517,1655,95000,100000,95,0,2017-05-17,2
1655,20170517,1656,100000,101000,10,0,2017-05-17,2
1656,20170517,1657,101000,102000,10,1000,2017-05-17,2
1657,20170517,1658,102000,103000,10,2000,2017-05-17,2
1658,20170517,1659,103000,104000,10,3000,2017-05-17,2
1659,20170517,1660,104000,105000,10,4000,2017-05-17,2
1660,20170517,1661,105000,110000,10,5000,2017-05-17,2
1661,20170517,1662,110000,111000,11,0,2017-05-17,2
1662,20170517,1663,111000,112000,11,1000,2017-05-17,2
1663,20170517,1664,112000,113000,11,2000,2017-05-17,2
1664,20170517,1665,113000,114000,11,3000,2017-05-17,2
1665,20170517,1666,114000,115000,11,4000,2017-05-17,2
1666,20170517,1667,115000,120000,11,5000,2017-05-17,2
1667,20170517,1668,120000,121000,12,0,2017-05-17,2
1668,20170517,1669,121000,122000,12,1000,2017-05-17,2
1669,20170517,1670,122000,123000,12,2000,2017-05-17,2
1670,20170517,1671,123000,124000,12,3000,2017-05-17,2
1671,20170517,1672,124000,125000,12,4000,2017-05-17,2
1672,20170517,1673,125000,130000,12,5000,2017-05-17,2
1673,20170517,1674,130000,131000,13,0,2017-05-17,2
1674,20170517,1675,131000,132000,13,1000,2017-05-17,2
1675,20170517,1676,132000,133000,13,2000,2017-05-17,2
1676,20170517,1677,133000,134000,13,3000,2017-05-17,2
1677,20170517,1678,134000,135000,13,4000,2017-05-17,2
1678,20170517,1679,135000,140000,13,5000,2017-05-17,2
1679,20170517,1680,140000,141000,14,0,2017-05-17,2
1680,20170517,1681,141000,142000,14,1000,2017-05-17,2
1681,20170517,1682,142000,143000,14,2000,2017-05-17,2
1682,20170517,1683,143000,144000,14,3000,2017-05-17,2
1683,20170517,1684,144000,145000,14,4000,2017-05-17,2
1684,20170517,1685,145000,150000,14,5000,2017-05-17,2
1685,20170517,1686,150000,151000,15,0,2017-05-17,2
1686,20170517,1687,151000,152000,15,1000,2017-05-17,2
1687,20170517,1688,152000,153000,15,2000,2017-05-17,2
1688,20170517,1689,153000,154000,15,3000,2017-05-17,2
1689,20170517,1690,154000,155000,15,4000,2017-05-17,2
1690,20170517,1691,155000,160000,15,5000,2017-05-17,2
1691,20170517,1692,160000,161000,16,0,2017-05-17,2
1692,20170517,1693,161000,162000,16,1000,2017-05-17,2
1693,20170517,1694,162000,163000,16,2000,2017-05-17,2
1694,20170517,1695,163000,164000,16,3000,2017-05-17,2
1695,20170517,1696,164000,165000,16,4000,2017-05-17,2
1696,20170517,1697,165000,170000,16,5000,2017-05-17,2
1697,20170517,1698,170000,171000,17,0,2017-05-17,2
1698,20170517,1699,171000,172000,17,1000,2017-05-17,2
1699,20170517,1700,172000,173000,17,2000,2017-05-17,2
1700,20170517,1701,173000,174000,17,3000,2017-05-17,2
1701,20170517,1702,174000,175000,17,4000,2017-05-17,2
1702,20170517,1703,175000,180000,17,5000,2017-05-17,2
1703,20170517,1704,180000,181000,18,0,2017-05-17,2
1704,20170517,1705,181000,182000,18,1000,2017-05-17,2
1705,20170517,1706,182000,183000,18,2000,2017-05-17,2
1706,20170517,1707,183000,184000,18,3000,2017-05-17,2
1707,20170517,1708,184000,185000,18,4000,2017-05-17,2
1708,20170517,1709,185000,190000,18,5000,2017-05-17,2
1709,20170517,1710,190000,191000,19,0,2017-05-17,2
1710,20170517,1711,191000,192000,19,1000,2017-05-17,2
1711,20170517,1712,192000,193000,19,2000,2017-05-17,2
1712,20170517,1713,193000,194000,19,3000,2017-05-17,2
1713,20170517,1714,194000,195000,19,4000,2017-05-17,2
1714,20170517,1715,195000,200000,19,5000,2017-05-17,2
1715,20170517,1716,200000,201000,20,0,2017-05-17,2
1716,20170517,1717,201000,202000,20,1000,2017-05-17,2
1717,20170517,1718,202000,203000,20,2000,2017-05-17,2
1718,20170517,1719,203000,204000,20,3000,2017-05-17,2
1719,20170517,1720,204000,205000,20,4000,2017-05-17,2
1720,20170517,1721,205000,210000,20,5000,2017-05-17,2
1721,20170517,1722,210000,211000,21,0,2017-05-17,2
1722,20170517,1723,211000,212000,21,1000,2017-05-17,2
1723,20170517,1724,212000,213000,21,2000,2017-05-17,2
1724,20170517,1725,213000,214000,21,3000,2017-05-17,2
1725,20170517,1726,214000,215000,21,4000,2017-05-17,2
1726,20170517,1727,215000,220000,21,5000,2017-05-17,2
1727,20170517,1728,220000,221000,22,0,2017-05-17,2
1728,20170517,1729,221000,222000,22,1000,2017-05-17,2
1729,20170517,1730,222000,223000,22,2000,2017-05-17,2
1730,20170517,1731,223000,224000,22,3000,2017-05-17,2
1731,20170517,1732,224000,225000,22,4000,2017-05-17,2
1732,20170517,1733,225000,230000,22,5000,2017-05-17,2
1733,20170518,1734,60000,61000,60,0,2017-05-18,3
1734,20170518,1735,61000,62000,61,0,2017-05-18,3
1735,20170518,1736,62000,63000,62,0,2017-05-18,3
1736,20170518,1737,63000,64000,63,0,2017-05-18,3
1737,20170518,1738,64000,65000,64,0,2017-05-18,3
1738,20170518,1739,65000,70000,65,0,2017-05-18,3
1739,20170518,1740,70000,71000,70,0,2017-05-18,3
1740,20170518,1741,71000,72000,71,0,2017-05-18,3
1741,20170518,1742,72000,73000,72,0,2017-05-18,3
1742,20170518,1743,73000,74000,73,0,2017-05-18,3
1743,20170518,1744,74000,75000,74,0,2017-05-18,3
1744,20170518,1745,75000,80000,75,0,2017-05-18,3
1745,20170518,1746,80000,81000,80,0,2017-05-18,3
1746,20170518,1747,81000,82000,81,0,2017-05-18,3
1747,20170518,1748,82000,83000,82,0,2017-05-18,3
1748,20170518,1749,83000,84000,83,0,2017-05-18,3
1749,20170518,1750,84000,85000,84,0,2017-05-18,3
1750,20170518,1751,85000,90000,85,0,2017-05-18,3
1751,20170518,1752,90000,91000,90,0,2017-05-18,3
1752,20170518,1753,91000,92000,91,0,2017-05-18,3
1753,20170518,1754,92000,93000,92,0,2017-05-18,3
1754,20170518,1755,93000,94000,93,0,2017-05-18,3
1755,20170518,1756,94000,95000,94,0,2017-05-18,3
1756,20170518,1757,95000,100000,95,0,2017-05-18,3
1757,20170518,1758,100000,101000,10,0,2017-05-18,3
1758,20170518,1759,101000,102000,10,1000,2017-05-18,3
1759,20170518,1760,102000,103000,10,2000,2017-05-18,3
1760,20170518,1761,103000,104000,10,3000,2017-05-18,3
1761,20170518,1762,104000,105000,10,4000,2017-05-18,3
1762,20170518,1763,105000,110000,10,5000,2017-05-18,3
1763,20170518,1764,110000,111000,11,0,2017-05-18,3
1764,20170518,1765,111000,112000,11,1000,2017-05-18,3
1765,20170518,1766,112000,113000,11,2000,2017-05-18,3
1766,20170518,1767,113000,114000,11,3000,2017-05-18,3
1767,20170518,1768,114000,115000,11,4000,2017-05-18,3
1768,20170518,1769,115000,120000,11,5000,2017-05-18,3
1769,20170518,1770,120000,121000,12,0,2017-05-18,3
1770,20170518,1771,121000,122000,12,1000,2017-05-18,3
1771,20170518,1772,122000,123000,12,2000,2017-05-18,3
1772,20170518,1773,123000,124000,12,3000,2017-05-18,3
1773,20170518,1774,124000,125000,12,4000,2017-05-18,3
1774,20170518,1775,125000,130000,12,5000,2017-05-18,3
1775,20170518,1776,130000,131000,13,0,2017-05-18,3
1776,20170518,1777,131000,132000,13,1000,2017-05-18,3
1777,20170518,1778,132000,133000,13,2000,2017-05-18,3
1778,20170518,1779,133000,134000,13,3000,2017-05-18,3
1779,20170518,1780,134000,135000,13,4000,2017-05-18,3
1780,20170518,1781,135000,140000,13,5000,2017-05-18,3
1781,20170518,1782,140000,141000,14,0,2017-05-18,3
1782,20170518,1783,141000,142000,14,1000,2017-05-18,3
1783,20170518,1784,142000,143000,14,2000,2017-05-18,3
1784,20170518,1785,143000,144000,14,3000,2017-05-18,3
1785,20170518,1786,144000,145000,14,4000,2017-05-18,3
1786,20170518,1787,145000,150000,14,5000,2017-05-18,3
1787,20170518,1788,150000,151000,15,0,2017-05-18,3
1788,20170518,1789,151000,152000,15,1000,2017-05-18,3
1789,20170518,1790,152000,153000,15,2000,2017-05-18,3
1790,20170518,1791,153000,154000,15,3000,2017-05-18,3
1791,20170518,1792,154000,155000,15,4000,2017-05-18,3
1792,20170518,1793,155000,160000,15,5000,2017-05-18,3
1793,20170518,1794,160000,161000,16,0,2017-05-18,3
1794,20170518,1795,161000,162000,16,1000,2017-05-18,3
1795,20170518,1796,162000,163000,16,2000,2017-05-18,3
1796,20170518,1797,163000,164000,16,3000,2017-05-18,3
1797,20170518,1798,164000,165000,16,4000,2017-05-18,3
1798,20170518,1799,165000,170000,16,5000,2017-05-18,3
1799,20170518,1800,170000,171000,17,0,2017-05-18,3
1800,20170518,1801,171000,172000,17,1000,2017-05-18,3
1801,20170518,1802,172000,173000,17,2000,2017-05-18,3
1802,20170518,1803,173000,174000,17,3000,2017-05-18,3
1803,20170518,1804,174000,175000,17,4000,2017-05-18,3
1804,20170518,1805,175000,180000,17,5000,2017-05-18,3
1805,20170518,1806,180000,181000,18,0,2017-05-18,3
1806,20170518,1807,181000,182000,18,1000,2017-05-18,3
1807,20170518,1808,182000,183000,18,2000,2017-05-18,3
1808,20170518,1809,183000,184000,18,3000,2017-05-18,3
1809,20170518,1810,184000,185000,18,4000,2017-05-18,3
1810,20170518,1811,185000,190000,18,5000,2017-05-18,3
1811,20170518,1812,190000,191000,19,0,2017-05-18,3
1812,20170518,1813,191000,192000,19,1000,2017-05-18,3
1813,20170518,1814,192000,193000,19,2000,2017-05-18,3
1814,20170518,1815,193000,194000,19,3000,2017-05-18,3
1815,20170518,1816,194000,195000,19,4000,2017-05-18,3
1816,20170518,1817,195000,200000,19,5000,2017-05-18,3
1817,20170518,1818,200000,201000,20,0,2017-05-18,3
1818,20170518,1819,201000,202000,20,1000,2017-05-18,3
1819,20170518,1820,202000,203000,20,2000,2017-05-18,3
1820,20170518,1821,203000,204000,20,3000,2017-05-18,3
1821,20170518,1822,204000,205000,20,4000,2017-05-18,3
1822,20170518,1823,205000,210000,20,5000,2017-05-18,3
1823,20170518,1824,210000,211000,21,0,2017-05-18,3
1824,20170518,1825,211000,212000,21,1000,2017-05-18,3
1825,20170518,1826,212000,213000,21,2000,2017-05-18,3
1826,20170518,1827,213000,214000,21,3000,2017-05-18,3
1827,20170518,1828,214000,215000,21,4000,2017-05-18,3
1828,20170518,1829,215000,220000,21,5000,2017-05-18,3
1829,20170518,1830,220000,221000,22,0,2017-05-18,3
1830,20170518,1831,221000,222000,22,1000,2017-05-18,3
1831,20170518,1832,222000,223000,22,2000,2017-05-18,3
1832,20170518,1833,223000,224000,22,3000,2017-05-18,3
1833,20170518,1834,224000,225000,22,4000,2017-05-18,3
1834,20170518,1835,225000,230000,22,5000,2017-05-18,3
1835,20170519,1836,60000,61000,60,0,2017-05-19,4
1836,20170519,1837,61000,62000,61,0,2017-05-19,4
1837,20170519,1838,62000,63000,62,0,2017-05-19,4
1838,20170519,1839,63000,64000,63,0,2017-05-19,4
1839,20170519,1840,64000,65000,64,0,2017-05-19,4
1840,20170519,1841,65000,70000,65,0,2017-05-19,4
1841,20170519,1842,70000,71000,70,0,2017-05-19,4
1842,20170519,1843,71000,72000,71,0,2017-05-19,4
1843,20170519,1844,72000,73000,72,0,2017-05-19,4
1844,20170519,1845,73000,74000,73,0,2017-05-19,4
1845,20170519,1846,74000,75000,74,0,2017-05-19,4
1846,20170519,1847,75000,80000,75,0,2017-05-19,4
1847,20170519,1848,80000,81000,80,0,2017-05-19,4
1848,20170519,1849,81000,82000,81,0,2017-05-19,4
1849,20170519,1850,82000,83000,82,0,2017-05-19,4
1850,20170519,1851,83000,84000,83,0,2017-05-19,4
1851,20170519,1852,84000,85000,84,0,2017-05-19,4
1852,20170519,1853,85000,90000,85,0,2017-05-19,4
1853,20170519,1854,90000,91000,90,0,2017-05-19,4
1854,20170519,1855,91000,92000,91,0,2017-05-19,4
1855,20170519,1856,92000,93000,92,0,2017-05-19,4
1856,20170519,1857,93000,94000,93,0,2017-05-19,4
1857,20170519,1858,94000,95000,94,0,2017-05-19,4
1858,20170519,1859,95000,100000,95,0,2017-05-19,4
1859,20170519,1860,100000,101000,10,0,2017-05-19,4
1860,20170519,1861,101000,102000,10,1000,2017-05-19,4
1861,20170519,1862,102000,103000,10,2000,2017-05-19,4
1862,20170519,1863,103000,104000,10,3000,2017-05-19,4
1863,20170519,1864,104000,105000,10,4000,2017-05-19,4
1864,20170519,1865,105000,110000,10,5000,2017-05-19,4
1865,20170519,1866,110000,111000,11,0,2017-05-19,4
1866,20170519,1867,111000,112000,11,1000,2017-05-19,4
1867,20170519,1868,112000,113000,11,2000,2017-05-19,4
1868,20170519,1869,113000,114000,11,3000,2017-05-19,4
1869,20170519,1870,114000,115000,11,4000,2017-05-19,4
1870,20170519,1871,115000,120000,11,5000,2017-05-19,4
1871,20170519,1872,120000,121000,12,0,2017-05-19,4
1872,20170519,1873,121000,122000,12,1000,2017-05-19,4
1873,20170519,1874,122000,123000,12,2000,2017-05-19,4
1874,20170519,1875,123000,124000,12,3000,2017-05-19,4
1875,20170519,1876,124000,125000,12,4000,2017-05-19,4
1876,20170519,1877,125000,130000,12,5000,2017-05-19,4
1877,20170519,1878,130000,131000,13,0,2017-05-19,4
1878,20170519,1879,131000,132000,13,1000,2017-05-19,4
1879,20170519,1880,132000,133000,13,2000,2017-05-19,4
1880,20170519,1881,133000,134000,13,3000,2017-05-19,4
1881,20170519,1882,134000,135000,13,4000,2017-05-19,4
1882,20170519,1883,135000,140000,13,5000,2017-05-19,4
1883,20170519,1884,140000,141000,14,0,2017-05-19,4
1884,20170519,1885,141000,142000,14,1000,2017-05-19,4
1885,20170519,1886,142000,143000,14,2000,2017-05-19,4
1886,20170519,1887,143000,144000,14,3000,2017-05-19,4
1887,20170519,1888,144000,145000,14,4000,2017-05-19,4
1888,20170519,1889,145000,150000,14,5000,2017-05-19,4
1889,20170519,1890,150000,151000,15,0,2017-05-19,4
1890,20170519,1891,151000,152000,15,1000,2017-05-19,4
1891,20170519,1892,152000,153000,15,2000,2017-05-19,4
1892,20170519,1893,153000,154000,15,3000,2017-05-19,4
1893,20170519,1894,154000,155000,15,4000,2017-05-19,4
1894,20170519,1895,155000,160000,15,5000,2017-05-19,4
1895,20170519,1896,160000,161000,16,0,2017-05-19,4
1896,20170519,1897,161000,162000,16,1000,2017-05-19,4
1897,20170519,1898,162000,163000,16,2000,2017-05-19,4
1898,20170519,1899,163000,164000,16,3000,2017-05-19,4
1899,20170519,1900,164000,165000,16,4000,2017-05-19,4
1900,20170519,1901,165000,170000,16,5000,2017-05-19,4
1901,20170519,1902,170000,171000,17,0,2017-05-19,4
1902,20170519,1903,171000,172000,17,1000,2017-05-19,4
1903,20170519,1904,172000,173000,17,2000,2017-05-19,4
1904,20170519,1905,173000,174000,17,3000,2017-05-19,4
1905,20170519,1906,174000,175000,17,4000,2017-05-19,4
1906,20170519,1907,175000,180000,17,5000,2017-05-19,4
1907,20170519,1908,180000,181000,18,0,2017-05-19,4
1908,20170519,1909,181000,182000,18,1000,2017-05-19,4
1909,20170519,1910,182000,183000,18,2000,2017-05-19,4
1910,20170519,1911,183000,184000,18,3000,2017-05-19,4
1911,20170519,1912,184000,185000,18,4000,2017-05-19,4
1912,20170519,1913,185000,190000,18,5000,2017-05-19,4
1913,20170519,1914,190000,191000,19,0,2017-05-19,4
1914,20170519,1915,191000,192000,19,1000,2017-05-19,4
1915,20170519,1916,192000,193000,19,2000,2017-05-19,4
1916,20170519,1917,193000,194000,19,3000,2017-05-19,4
1917,20170519,1918,194000,195000,19,4000,2017-05-19,4
1918,20170519,1919,195000,200000,19,5000,2017-05-19,4
1919,20170519,1920,200000,201000,20,0,2017-05-19,4
1920,20170519,1921,201000,202000,20,1000,2017-05-19,4
1921,20170519,1922,202000,203000,20,2000,2017-05-19,4
1922,20170519,1923,203000,204000,20,3000,2017-05-19,4
1923,20170519,1924,204000,205000,20,4000,2017-05-19,4
1924,20170519,1925,205000,210000,20,5000,2017-05-19,4
1925,20170519,1926,210000,211000,21,0,2017-05-19,4
1926,20170519,1927,211000,212000,21,1000,2017-05-19,4
1927,20170519,1928,212000,213000,21,2000,2017-05-19,4
1928,20170519,1929,213000,214000,21,3000,2017-05-19,4
1929,20170519,1930,214000,215000,21,4000,2017-05-19,4
1930,20170519,1931,215000,220000,21,5000,2017-05-19,4
1931,20170519,1932,220000,221000,22,0,2017-05-19,4
1932,20170519,1933,221000,222000,22,1000,2017-05-19,4
1933,20170519,1934,222000,223000,22,2000,2017-05-19,4
1934,20170519,1935,223000,224000,22,3000,2017-05-19,4
1935,20170519,1936,224000,225000,22,4000,2017-05-19,4
1936,20170519,1937,225000,230000,22,5000,2017-05-19,4
1937,20170520,1938,60000,61000,60,0,2017-05-20,5
1938,20170520,1939,61000,62000,61,0,2017-05-20,5
1939,20170520,1940,62000,63000,62,0,2017-05-20,5
1940,20170520,1941,63000,64000,63,0,2017-05-20,5
1941,20170520,1942,64000,65000,64,0,2017-05-20,5
1942,20170520,1943,65000,70000,65,0,2017-05-20,5
1943,20170520,1944,70000,71000,70,0,2017-05-20,5
1944,20170520,1945,71000,72000,71,0,2017-05-20,5
1945,20170520,1946,72000,73000,72,0,2017-05-20,5
1946,20170520,1947,73000,74000,73,0,2017-05-20,5
1947,20170520,1948,74000,75000,74,0,2017-05-20,5
1948,20170520,1949,75000,80000,75,0,2017-05-20,5
1949,20170520,1950,80000,81000,80,0,2017-05-20,5
1950,20170520,1951,81000,82000,81,0,2017-05-20,5
1951,20170520,1952,82000,83000,82,0,2017-05-20,5
1952,20170520,1953,83000,84000,83,0,2017-05-20,5
1953,20170520,1954,84000,85000,84,0,2017-05-20,5
1954,20170520,1955,85000,90000,85,0,2017-05-20,5
1955,20170520,1956,90000,91000,90,0,2017-05-20,5
1956,20170520,1957,91000,92000,91,0,2017-05-20,5
1957,20170520,1958,92000,93000,92,0,2017-05-20,5
1958,20170520,1959,93000,94000,93,0,2017-05-20,5
1959,20170520,1960,94000,95000,94,0,2017-05-20,5
1960,20170520,1961,95000,100000,95,0,2017-05-20,5
1961,20170520,1962,100000,101000,10,0,2017-05-20,5
1962,20170520,1963,101000,102000,10,1000,2017-05-20,5
1963,20170520,1964,102000,103000,10,2000,2017-05-20,5
1964,20170520,1965,103000,104000,10,3000,2017-05-20,5
1965,20170520,1966,104000,105000,10,4000,2017-05-20,5
1966,20170520,1967,105000,110000,10,5000,2017-05-20,5
1967,20170520,1968,110000,111000,11,0,2017-05-20,5
1968,20170520,1969,111000,112000,11,1000,2017-05-20,5
1969,20170520,1970,112000,113000,11,2000,2017-05-20,5
1970,20170520,1971,113000,114000,11,3000,2017-05-20,5
1971,20170520,1972,114000,115000,11,4000,2017-05-20,5
1972,20170520,1973,115000,120000,11,5000,2017-05-20,5
1973,20170520,1974,120000,121000,12,0,2017-05-20,5
1974,20170520,1975,121000,122000,12,1000,2017-05-20,5
1975,20170520,1976,122000,123000,12,2000,2017-05-20,5
1976,20170520,1977,123000,124000,12,3000,2017-05-20,5
1977,20170520,1978,124000,125000,12,4000,2017-05-20,5
1978,20170520,1979,125000,130000,12,5000,2017-05-20,5
1979,20170520,1980,130000,131000,13,0,2017-05-20,5
1980,20170520,1981,131000,132000,13,1000,2017-05-20,5
1981,20170520,1982,132000,133000,13,2000,2017-05-20,5
1982,20170520,1983,133000,134000,13,3000,2017-05-20,5
1983,20170520,1984,134000,135000,13,4000,2017-05-20,5
1984,20170520,1985,135000,140000,13,5000,2017-05-20,5
1985,20170520,1986,140000,141000,14,0,2017-05-20,5
1986,20170520,1987,141000,142000,14,1000,2017-05-20,5
1987,20170520,1988,142000,143000,14,2000,2017-05-20,5
1988,20170520,1989,143000,144000,14,3000,2017-05-20,5
1989,20170520,1990,144000,145000,14,4000,2017-05-20,5
1990,20170520,1991,145000,150000,14,5000,2017-05-20,5
1991,20170520,1992,150000,151000,15,0,2017-05-20,5
1992,20170520,1993,151000,152000,15,1000,2017-05-20,5
1993,20170520,1994,152000,153000,15,2000,2017-05-20,5
1994,20170520,1995,153000,154000,15,3000,2017-05-20,5
1995,20170520,1996,154000,155000,15,4000,2017-05-20,5
1996,20170520,1997,155000,160000,15,5000,2017-05-20,5
1997,20170520,1998,160000,161000,16,0,2017-05-20,5
1998,20170520,1999,161000,162000,16,1000,2017-05-20,5
1999,20170520,2000,162000,163000,16,2000,2017-05-20,5
2000,20170520,2001,163000,164000,16,3000,2017-05-20,5
2001,20170520,2002,164000,165000,16,4000,2017-05-20,5
2002,20170520,2003,165000,170000,16,5000,2017-05-20,5
2003,20170520,2004,170000,171000,17,0,2017-05-20,5
2004,20170520,2005,171000,172000,17,1000,2017-05-20,5
2005,20170520,2006,172000,173000,17,2000,2017-05-20,5
2006,20170520,2007,173000,174000,17,3000,2017-05-20,5
2007,20170520,2008,174000,175000,17,4000,2017-05-20,5
2008,20170520,2009,175000,180000,17,5000,2017-05-20,5
2009,20170520,2010,180000,181000,18,0,2017-05-20,5
2010,20170520,2011,181000,182000,18,1000,2017-05-20,5
2011,20170520,2012,182000,183000,18,2000,2017-05-20,5
2012,20170520,2013,183000,184000,18,3000,2017-05-20,5
2013,20170520,2014,184000,185000,18,4000,2017-05-20,5
2014,20170520,2015,185000,190000,18,5000,2017-05-20,5
2015,20170520,2016,190000,191000,19,0,2017-05-20,5
2016,20170520,2017,191000,192000,19,1000,2017-05-20,5
2017,20170520,2018,192000,193000,19,2000,2017-05-20,5
2018,20170520,2019,193000,194000,19,3000,2017-05-20,5
2019,20170520,2020,194000,195000,19,4000,2017-05-20,5
2020,20170520,2021,195000,200000,19,5000,2017-05-20,5
2021,20170520,2022,200000,201000,20,0,2017-05-20,5
2022,20170520,2023,201000,202000,20,1000,2017-05-20,5
2023,20170520,2024,202000,203000,20,2000,2017-05-20,5
2024,20170520,2025,203000,204000,20,3000,2017-05-20,5
2025,20170520,2026,204000,205000,20,4000,2017-05-20,5
2026,20170520,2027,205000,210000,20,5000,2017-05-20,5
2027,20170520,2028,210000,211000,21,0,2017-05-20,5
2028,20170520,2029,211000,212000,21,1000,2017-05-20,5
2029,20170520,2030,212000,213000,21,2000,2017-05-20,5
2030,20170520,2031,213000,214000,21,3000,2017-05-20,5
2031,20170520,2032,214000,215000,21,4000,2017-05-20,5
2032,20170520,2033,215000,220000,21,5000,2017-05-20,5
2033,20170520,2034,220000,221000,22,0,2017-05-20,5
2034,20170520,2035,221000,222000,22,1000,2017-05-20,5
2035,20170520,2036,222000,223000,22,2000,2017-05-20,5
2036,20170520,2037,223000,224000,22,3000,2017-05-20,5
2037,20170520,2038,224000,225000,22,4000,2017-05-20,5
2038,20170520,2039,225000,230000,22,5000,2017-05-20,5
2039,20170521,2040,60000,61000,60,0,2017-05-21,6
2040,20170521,2041,61000,62000,61,0,2017-05-21,6
2041,20170521,2042,62000,63000,62,0,2017-05-21,6
2042,20170521,2043,63000,64000,63,0,2017-05-21,6
2043,20170521,2044,64000,65000,64,0,2017-05-21,6
2044,20170521,2045,65000,70000,65,0,2017-05-21,6
2045,20170521,2046,70000,71000,70,0,2017-05-21,6
2046,20170521,2047,71000,72000,71,0,2017-05-21,6
2047,20170521,2048,72000,73000,72,0,2017-05-21,6
2048,20170521,2049,73000,74000,73,0,2017-05-21,6
2049,20170521,2050,74000,75000,74,0,2017-05-21,6
2050,20170521,2051,75000,80000,75,0,2017-05-21,6
2051,20170521,2052,80000,81000,80,0,2017-05-21,6
2052,20170521,2053,81000,82000,81,0,2017-05-21,6
2053,20170521,2054,82000,83000,82,0,2017-05-21,6
2054,20170521,2055,83000,84000,83,0,2017-05-21,6
2055,20170521,2056,84000,85000,84,0,2017-05-21,6
2056,20170521,2057,85000,90000,85,0,2017-05-21,6
2057,20170521,2058,90000,91000,90,0,2017-05-21,6
2058,20170521,2059,91000,92000,91,0,2017-05-21,6
2059,20170521,2060,92000,93000,92,0,2017-05-21,6
2060,20170521,2061,93000,94000,93,0,2017-05-21,6
2061,20170521,2062,94000,95000,94,0,2017-05-21,6
2062,20170521,2063,95000,100000,95,0,2017-05-21,6
2063,20170521,2064,100000,101000,10,0,2017-05-21,6
2064,20170521,2065,101000,102000,10,1000,2017-05-21,6
2065,20170521,2066,102000,103000,10,2000,2017-05-21,6
2066,20170521,2067,103000,104000,10,3000,2017-05-21,6
2067,20170521,2068,104000,105000,10,4000,2017-05-21,6
2068,20170521,2069,105000,110000,10,5000,2017-05-21,6
2069,20170521,2070,110000,111000,11,0,2017-05-21,6
2070,20170521,2071,111000,112000,11,1000,2017-05-21,6
2071,20170521,2072,112000,113000,11,2000,2017-05-21,6
2072,20170521,2073,113000,114000,11,3000,2017-05-21,6
2073,20170521,2074,114000,115000,11,4000,2017-05-21,6
2074,20170521,2075,115000,120000,11,5000,2017-05-21,6
2075,20170521,2076,120000,121000,12,0,2017-05-21,6
2076,20170521,2077,121000,122000,12,1000,2017-05-21,6
2077,20170521,2078,122000,123000,12,2000,2017-05-21,6
2078,20170521,2079,123000,124000,12,3000,2017-05-21,6
2079,20170521,2080,124000,125000,12,4000,2017-05-21,6
2080,20170521,2081,125000,130000,12,5000,2017-05-21,6
2081,20170521,2082,130000,131000,13,0,2017-05-21,6
2082,20170521,2083,131000,132000,13,1000,2017-05-21,6
2083,20170521,2084,132000,133000,13,2000,2017-05-21,6
2084,20170521,2085,133000,134000,13,3000,2017-05-21,6
2085,20170521,2086,134000,135000,13,4000,2017-05-21,6
2086,20170521,2087,135000,140000,13,5000,2017-05-21,6
2087,20170521,2088,140000,141000,14,0,2017-05-21,6
2088,20170521,2089,141000,142000,14,1000,2017-05-21,6
2089,20170521,2090,142000,143000,14,2000,2017-05-21,6
2090,20170521,2091,143000,144000,14,3000,2017-05-21,6
2091,20170521,2092,144000,145000,14,4000,2017-05-21,6
2092,20170521,2093,145000,150000,14,5000,2017-05-21,6
2093,20170521,2094,150000,151000,15,0,2017-05-21,6
2094,20170521,2095,151000,152000,15,1000,2017-05-21,6
2095,20170521,2096,152000,153000,15,2000,2017-05-21,6
2096,20170521,2097,153000,154000,15,3000,2017-05-21,6
2097,20170521,2098,154000,155000,15,4000,2017-05-21,6
2098,20170521,2099,155000,160000,15,5000,2017-05-21,6
2099,20170521,2100,160000,161000,16,0,2017-05-21,6
2100,20170521,2101,161000,162000,16,1000,2017-05-21,6
2101,20170521,2102,162000,163000,16,2000,2017-05-21,6
2102,20170521,2103,163000,164000,16,3000,2017-05-21,6
2103,20170521,2104,164000,165000,16,4000,2017-05-21,6
2104,20170521,2105,165000,170000,16,5000,2017-05-21,6
2105,20170521,2106,170000,171000,17,0,2017-05-21,6
2106,20170521,2107,171000,172000,17,1000,2017-05-21,6
2107,20170521,2108,172000,173000,17,2000,2017-05-21,6
2108,20170521,2109,173000,174000,17,3000,2017-05-21,6
2109,20170521,2110,174000,175000,17,4000,2017-05-21,6
2110,20170521,2111,175000,180000,17,5000,2017-05-21,6
2111,20170521,2112,180000,181000,18,0,2017-05-21,6
2112,20170521,2113,181000,182000,18,1000,2017-05-21,6
2113,20170521,2114,182000,183000,18,2000,2017-05-21,6
2114,20170521,2115,183000,184000,18,3000,2017-05-21,6
2115,20170521,2116,184000,185000,18,4000,2017-05-21,6
2116,20170521,2117,185000,190000,18,5000,2017-05-21,6
2117,20170521,2118,190000,191000,19,0,2017-05-21,6
2118,20170521,2119,191000,192000,19,1000,2017-05-21,6
2119,20170521,2120,192000,193000,19,2000,2017-05-21,6
2120,20170521,2121,193000,194000,19,3000,2017-05-21,6
2121,20170521,2122,194000,195000,19,4000,2017-05-21,6
2122,20170521,2123,195000,200000,19,5000,2017-05-21,6
2123,20170521,2124,200000,201000,20,0,2017-05-21,6
2124,20170521,2125,201000,202000,20,1000,2017-05-21,6
2125,20170521,2126,202000,203000,20,2000,2017-05-21,6
2126,20170521,2127,203000,204000,20,3000,2017-05-21,6
2127,20170521,2128,204000,205000,20,4000,2017-05-21,6
2128,20170521,2129,205000,210000,20,5000,2017-05-21,6
2129,20170521,2130,210000,211000,21,0,2017-05-21,6
2130,20170521,2131,211000,212000,21,1000,2017-05-21,6
2131,20170521,2132,212000,213000,21,2000,2017-05-21,6
2132,20170521,2133,213000,214000,21,3000,2017-05-21,6
2133,20170521,2134,214000,215000,21,4000,2017-05-21,6
2134,20170521,2135,215000,220000,21,5000,2017-05-21,6
2135,20170521,2136,220000,221000,22,0,2017-05-21,6
2136,20170521,2137,221000,222000,22,1000,2017-05-21,6
2137,20170521,2138,222000,223000,22,2000,2017-05-21,6
2138,20170521,2139,223000,224000,22,3000,2017-05-21,6
2139,20170521,2140,224000,225000,22,4000,2017-05-21,6
2140,20170521,2141,225000,230000,22,5000,2017-05-21,6
2141,20170522,2142,60000,61000,60,0,2017-05-22,0
2142,20170522,2143,61000,62000,61,0,2017-05-22,0
2143,20170522,2144,62000,63000,62,0,2017-05-22,0
2144,20170522,2145,63000,64000,63,0,2017-05-22,0
2145,20170522,2146,64000,65000,64,0,2017-05-22,0
2146,20170522,2147,65000,70000,65,0,2017-05-22,0
2147,20170522,2148,70000,71000,70,0,2017-05-22,0
2148,20170522,2149,71000,72000,71,0,2017-05-22,0
2149,20170522,2150,72000,73000,72,0,2017-05-22,0
2150,20170522,2151,73000,74000,73,0,2017-05-22,0
2151,20170522,2152,74000,75000,74,0,2017-05-22,0
2152,20170522,2153,75000,80000,75,0,2017-05-22,0
2153,20170522,2154,80000,81000,80,0,2017-05-22,0
2154,20170522,2155,81000,82000,81,0,2017-05-22,0
2155,20170522,2156,82000,83000,82,0,2017-05-22,0
2156,20170522,2157,83000,84000,83,0,2017-05-22,0
2157,20170522,2158,84000,85000,84,0,2017-05-22,0
2158,20170522,2159,85000,90000,85,0,2017-05-22,0
2159,20170522,2160,90000,91000,90,0,2017-05-22,0
2160,20170522,2161,91000,92000,91,0,2017-05-22,0
2161,20170522,2162,92000,93000,92,0,2017-05-22,0
2162,20170522,2163,93000,94000,93,0,2017-05-22,0
2163,20170522,2164,94000,95000,94,0,2017-05-22,0
2164,20170522,2165,95000,100000,95,0,2017-05-22,0
2165,20170522,2166,100000,101000,10,0,2017-05-22,0
2166,20170522,2167,101000,102000,10,1000,2017-05-22,0
2167,20170522,2168,102000,103000,10,2000,2017-05-22,0
2168,20170522,2169,103000,104000,10,3000,2017-05-22,0
2169,20170522,2170,104000,105000,10,4000,2017-05-22,0
2170,20170522,2171,105000,110000,10,5000,2017-05-22,0
2171,20170522,2172,110000,111000,11,0,2017-05-22,0
2172,20170522,2173,111000,112000,11,1000,2017-05-22,0
2173,20170522,2174,112000,113000,11,2000,2017-05-22,0
2174,20170522,2175,113000,114000,11,3000,2017-05-22,0
2175,20170522,2176,114000,115000,11,4000,2017-05-22,0
2176,20170522,2177,115000,120000,11,5000,2017-05-22,0
2177,20170522,2178,120000,121000,12,0,2017-05-22,0
2178,20170522,2179,121000,122000,12,1000,2017-05-22,0
2179,20170522,2180,122000,123000,12,2000,2017-05-22,0
2180,20170522,2181,123000,124000,12,3000,2017-05-22,0
2181,20170522,2182,124000,125000,12,4000,2017-05-22,0
2182,20170522,2183,125000,130000,12,5000,2017-05-22,0
2183,20170522,2184,130000,131000,13,0,2017-05-22,0
2184,20170522,2185,131000,132000,13,1000,2017-05-22,0
2185,20170522,2186,132000,133000,13,2000,2017-05-22,0
2186,20170522,2187,133000,134000,13,3000,2017-05-22,0
2187,20170522,2188,134000,135000,13,4000,2017-05-22,0
2188,20170522,2189,135000,140000,13,5000,2017-05-22,0
2189,20170522,2190,140000,141000,14,0,2017-05-22,0
2190,20170522,2191,141000,142000,14,1000,2017-05-22,0
2191,20170522,2192,142000,143000,14,2000,2017-05-22,0
2192,20170522,2193,143000,144000,14,3000,2017-05-22,0
2193,20170522,2194,144000,145000,14,4000,2017-05-22,0
2194,20170522,2195,145000,150000,14,5000,2017-05-22,0
2195,20170522,2196,150000,151000,15,0,2017-05-22,0
2196,20170522,2197,151000,152000,15,1000,2017-05-22,0
2197,20170522,2198,152000,153000,15,2000,2017-05-22,0
2198,20170522,2199,153000,154000,15,3000,2017-05-22,0
2199,20170522,2200,154000,155000,15,4000,2017-05-22,0
2200,20170522,2201,155000,160000,15,5000,2017-05-22,0
2201,20170522,2202,160000,161000,16,0,2017-05-22,0
2202,20170522,2203,161000,162000,16,1000,2017-05-22,0
2203,20170522,2204,162000,163000,16,2000,2017-05-22,0
2204,20170522,2205,163000,164000,16,3000,2017-05-22,0
2205,20170522,2206,164000,165000,16,4000,2017-05-22,0
2206,20170522,2207,165000,170000,16,5000,2017-05-22,0
2207,20170522,2208,170000,171000,17,0,2017-05-22,0
2208,20170522,2209,171000,172000,17,1000,2017-05-22,0
2209,20170522,2210,172000,173000,17,2000,2017-05-22,0
2210,20170522,2211,173000,174000,17,3000,2017-05-22,0
2211,20170522,2212,174000,175000,17,4000,2017-05-22,0
2212,20170522,2213,175000,180000,17,5000,2017-05-22,0
2213,20170522,2214,180000,181000,18,0,2017-05-22,0
2214,20170522,2215,181000,182000,18,1000,2017-05-22,0
2215,20170522,2216,182000,183000,18,2000,2017-05-22,0
2216,20170522,2217,183000,184000,18,3000,2017-05-22,0
2217,20170522,2218,184000,185000,18,4000,2017-05-22,0
2218,20170522,2219,185000,190000,18,5000,2017-05-22,0
2219,20170522,2220,190000,191000,19,0,2017-05-22,0
2220,20170522,2221,191000,192000,19,1000,2017-05-22,0
2221,20170522,2222,192000,193000,19,2000,2017-05-22,0
2222,20170522,2223,193000,194000,19,3000,2017-05-22,0
2223,20170522,2224,194000,195000,19,4000,2017-05-22,0
2224,20170522,2225,195000,200000,19,5000,2017-05-22,0
2225,20170522,2226,200000,201000,20,0,2017-05-22,0
2226,20170522,2227,201000,202000,20,1000,2017-05-22,0
2227,20170522,2228,202000,203000,20,2000,2017-05-22,0
2228,20170522,2229,203000,204000,20,3000,2017-05-22,0
2229,20170522,2230,204000,205000,20,4000,2017-05-22,0
2230,20170522,2231,205000,210000,20,5000,2017-05-22,0
2231,20170522,2232,210000,211000,21,0,2017-05-22,0
2232,20170522,2233,211000,212000,21,1000,2017-05-22,0
2233,20170522,2234,212000,213000,21,2000,2017-05-22,0
2234,20170522,2235,213000,214000,21,3000,2017-05-22,0
2235,20170522,2236,214000,215000,21,4000,2017-05-22,0
2236,20170522,2237,215000,220000,21,5000,2017-05-22,0
2237,20170522,2238,220000,221000,22,0,2017-05-22,0
2238,20170522,2239,221000,222000,22,1000,2017-05-22,0
2239,20170522,2240,222000,223000,22,2000,2017-05-22,0
2240,20170522,2241,223000,224000,22,3000,2017-05-22,0
2241,20170522,2242,224000,225000,22,4000,2017-05-22,0
2242,20170522,2243,225000,230000,22,5000,2017-05-22,0
2243,20170523,2244,60000,61000,60,0,2017-05-23,1
2244,20170523,2245,61000,62000,61,0,2017-05-23,1
2245,20170523,2246,62000,63000,62,0,2017-05-23,1
2246,20170523,2247,63000,64000,63,0,2017-05-23,1
2247,20170523,2248,64000,65000,64,0,2017-05-23,1
2248,20170523,2249,65000,70000,65,0,2017-05-23,1
2249,20170523,2250,70000,71000,70,0,2017-05-23,1
2250,20170523,2251,71000,72000,71,0,2017-05-23,1
2251,20170523,2252,72000,73000,72,0,2017-05-23,1
2252,20170523,2253,73000,74000,73,0,2017-05-23,1
2253,20170523,2254,74000,75000,74,0,2017-05-23,1
2254,20170523,2255,75000,80000,75,0,2017-05-23,1
2255,20170523,2256,80000,81000,80,0,2017-05-23,1
2256,20170523,2257,81000,82000,81,0,2017-05-23,1
2257,20170523,2258,82000,83000,82,0,2017-05-23,1
2258,20170523,2259,83000,84000,83,0,2017-05-23,1
2259,20170523,2260,84000,85000,84,0,2017-05-23,1
2260,20170523,2261,85000,90000,85,0,2017-05-23,1
2261,20170523,2262,90000,91000,90,0,2017-05-23,1
2262,20170523,2263,91000,92000,91,0,2017-05-23,1
2263,20170523,2264,92000,93000,92,0,2017-05-23,1
2264,20170523,2265,93000,94000,93,0,2017-05-23,1
2265,20170523,2266,94000,95000,94,0,2017-05-23,1
2266,20170523,2267,95000,100000,95,0,2017-05-23,1
2267,20170523,2268,100000,101000,10,0,2017-05-23,1
2268,20170523,2269,101000,102000,10,1000,2017-05-23,1
2269,20170523,2270,102000,103000,10,2000,2017-05-23,1
2270,20170523,2271,103000,104000,10,3000,2017-05-23,1
2271,20170523,2272,104000,105000,10,4000,2017-05-23,1
2272,20170523,2273,105000,110000,10,5000,2017-05-23,1
2273,20170523,2274,110000,111000,11,0,2017-05-23,1
2274,20170523,2275,111000,112000,11,1000,2017-05-23,1
2275,20170523,2276,112000,113000,11,2000,2017-05-23,1
2276,20170523,2277,113000,114000,11,3000,2017-05-23,1
2277,20170523,2278,114000,115000,11,4000,2017-05-23,1
2278,20170523,2279,115000,120000,11,5000,2017-05-23,1
2279,20170523,2280,120000,121000,12,0,2017-05-23,1
2280,20170523,2281,121000,122000,12,1000,2017-05-23,1
2281,20170523,2282,122000,123000,12,2000,2017-05-23,1
2282,20170523,2283,123000,124000,12,3000,2017-05-23,1
2283,20170523,2284,124000,125000,12,4000,2017-05-23,1
2284,20170523,2285,125000,130000,12,5000,2017-05-23,1
2285,20170523,2286,130000,131000,13,0,2017-05-23,1
2286,20170523,2287,131000,132000,13,1000,2017-05-23,1
2287,20170523,2288,132000,133000,13,2000,2017-05-23,1
2288,20170523,2289,133000,134000,13,3000,2017-05-23,1
2289,20170523,2290,134000,135000,13,4000,2017-05-23,1
2290,20170523,2291,135000,140000,13,5000,2017-05-23,1
2291,20170523,2292,140000,141000,14,0,2017-05-23,1
2292,20170523,2293,141000,142000,14,1000,2017-05-23,1
2293,20170523,2294,142000,143000,14,2000,2017-05-23,1
2294,20170523,2295,143000,144000,14,3000,2017-05-23,1
2295,20170523,2296,144000,145000,14,4000,2017-05-23,1
2296,20170523,2297,145000,150000,14,5000,2017-05-23,1
2297,20170523,2298,150000,151000,15,0,2017-05-23,1
2298,20170523,2299,151000,152000,15,1000,2017-05-23,1
2299,20170523,2300,152000,153000,15,2000,2017-05-23,1
2300,20170523,2301,153000,154000,15,3000,2017-05-23,1
2301,20170523,2302,154000,155000,15,4000,2017-05-23,1
2302,20170523,2303,155000,160000,15,5000,2017-05-23,1
2303,20170523,2304,160000,161000,16,0,2017-05-23,1
2304,20170523,2305,161000,162000,16,1000,2017-05-23,1
2305,20170523,2306,162000,163000,16,2000,2017-05-23,1
2306,20170523,2307,163000,164000,16,3000,2017-05-23,1
2307,20170523,2308,164000,165000,16,4000,2017-05-23,1
2308,20170523,2309,165000,170000,16,5000,2017-05-23,1
2309,20170523,2310,170000,171000,17,0,2017-05-23,1
2310,20170523,2311,171000,172000,17,1000,2017-05-23,1
2311,20170523,2312,172000,173000,17,2000,2017-05-23,1
2312,20170523,2313,173000,174000,17,3000,2017-05-23,1
2313,20170523,2314,174000,175000,17,4000,2017-05-23,1
2314,20170523,2315,175000,180000,17,5000,2017-05-23,1
2315,20170523,2316,180000,181000,18,0,2017-05-23,1
2316,20170523,2317,181000,182000,18,1000,2017-05-23,1
2317,20170523,2318,182000,183000,18,2000,2017-05-23,1
2318,20170523,2319,183000,184000,18,3000,2017-05-23,1
2319,20170523,2320,184000,185000,18,4000,2017-05-23,1
2320,20170523,2321,185000,190000,18,5000,2017-05-23,1
2321,20170523,2322,190000,191000,19,0,2017-05-23,1
2322,20170523,2323,191000,192000,19,1000,2017-05-23,1
2323,20170523,2324,192000,193000,19,2000,2017-05-23,1
2324,20170523,2325,193000,194000,19,3000,2017-05-23,1
2325,20170523,2326,194000,195000,19,4000,2017-05-23,1
2326,20170523,2327,195000,200000,19,5000,2017-05-23,1
2327,20170523,2328,200000,201000,20,0,2017-05-23,1
2328,20170523,2329,201000,202000,20,1000,2017-05-23,1
2329,20170523,2330,202000,203000,20,2000,2017-05-23,1
2330,20170523,2331,203000,204000,20,3000,2017-05-23,1
2331,20170523,2332,204000,205000,20,4000,2017-05-23,1
2332,20170523,2333,205000,210000,20,5000,2017-05-23,1
2333,20170523,2334,210000,211000,21,0,2017-05-23,1
2334,20170523,2335,211000,212000,21,1000,2017-05-23,1
2335,20170523,2336,212000,213000,21,2000,2017-05-23,1
2336,20170523,2337,213000,214000,21,3000,2017-05-23,1
2337,20170523,2338,214000,215000,21,4000,2017-05-23,1
2338,20170523,2339,215000,220000,21,5000,2017-05-23,1
2339,20170523,2340,220000,221000,22,0,2017-05-23,1
2340,20170523,2341,221000,222000,22,1000,2017-05-23,1
2341,20170523,2342,222000,223000,22,2000,2017-05-23,1
2342,20170523,2343,223000,224000,22,3000,2017-05-23,1
2343,20170523,2344,224000,225000,22,4000,2017-05-23,1
2344,20170523,2345,225000,230000,22,5000,2017-05-23,1
2345,20170524,2346,60000,61000,60,0,2017-05-24,2
2346,20170524,2347,61000,62000,61,0,2017-05-24,2
2347,20170524,2348,62000,63000,62,0,2017-05-24,2
2348,20170524,2349,63000,64000,63,0,2017-05-24,2
2349,20170524,2350,64000,65000,64,0,2017-05-24,2
2350,20170524,2351,65000,70000,65,0,2017-05-24,2
2351,20170524,2352,70000,71000,70,0,2017-05-24,2
2352,20170524,2353,71000,72000,71,0,2017-05-24,2
2353,20170524,2354,72000,73000,72,0,2017-05-24,2
2354,20170524,2355,73000,74000,73,0,2017-05-24,2
2355,20170524,2356,74000,75000,74,0,2017-05-24,2
2356,20170524,2357,75000,80000,75,0,2017-05-24,2
2357,20170524,2358,80000,81000,80,0,2017-05-24,2
2358,20170524,2359,81000,82000,81,0,2017-05-24,2
2359,20170524,2360,82000,83000,82,0,2017-05-24,2
2360,20170524,2361,83000,84000,83,0,2017-05-24,2
2361,20170524,2362,84000,85000,84,0,2017-05-24,2
2362,20170524,2363,85000,90000,85,0,2017-05-24,2
2363,20170524,2364,90000,91000,90,0,2017-05-24,2
2364,20170524,2365,91000,92000,91,0,2017-05-24,2
2365,20170524,2366,92000,93000,92,0,2017-05-24,2
2366,20170524,2367,93000,94000,93,0,2017-05-24,2
2367,20170524,2368,94000,95000,94,0,2017-05-24,2
2368,20170524,2369,95000,100000,95,0,2017-05-24,2
2369,20170524,2370,100000,101000,10,0,2017-05-24,2
2370,20170524,2371,101000,102000,10,1000,2017-05-24,2
2371,20170524,2372,102000,103000,10,2000,2017-05-24,2
2372,20170524,2373,103000,104000,10,3000,2017-05-24,2
2373,20170524,2374,104000,105000,10,4000,2017-05-24,2
2374,20170524,2375,105000,110000,10,5000,2017-05-24,2
2375,20170524,2376,110000,111000,11,0,2017-05-24,2
2376,20170524,2377,111000,112000,11,1000,2017-05-24,2
2377,20170524,2378,112000,113000,11,2000,2017-05-24,2
2378,20170524,2379,113000,114000,11,3000,2017-05-24,2
2379,20170524,2380,114000,115000,11,4000,2017-05-24,2
2380,20170524,2381,115000,120000,11,5000,2017-05-24,2
2381,20170524,2382,120000,121000,12,0,2017-05-24,2
2382,20170524,2383,121000,122000,12,1000,2017-05-24,2
2383,20170524,2384,122000,123000,12,2000,2017-05-24,2
2384,20170524,2385,123000,124000,12,3000,2017-05-24,2
2385,20170524,2386,124000,125000,12,4000,2017-05-24,2
2386,20170524,2387,125000,130000,12,5000,2017-05-24,2
2387,20170524,2388,130000,131000,13,0,2017-05-24,2
2388,20170524,2389,131000,132000,13,1000,2017-05-24,2
2389,20170524,2390,132000,133000,13,2000,2017-05-24,2
2390,20170524,2391,133000,134000,13,3000,2017-05-24,2
2391,20170524,2392,134000,135000,13,4000,2017-05-24,2
2392,20170524,2393,135000,140000,13,5000,2017-05-24,2
2393,20170524,2394,140000,141000,14,0,2017-05-24,2
2394,20170524,2395,141000,142000,14,1000,2017-05-24,2
2395,20170524,2396,142000,143000,14,2000,2017-05-24,2
2396,20170524,2397,143000,144000,14,3000,2017-05-24,2
2397,20170524,2398,144000,145000,14,4000,2017-05-24,2
2398,20170524,2399,145000,150000,14,5000,2017-05-24,2
2399,20170524,2400,150000,151000,15,0,2017-05-24,2
2400,20170524,2401,151000,152000,15,1000,2017-05-24,2
2401,20170524,2402,152000,153000,15,2000,2017-05-24,2
2402,20170524,2403,153000,154000,15,3000,2017-05-24,2
2403,20170524,2404,154000,155000,15,4000,2017-05-24,2
2404,20170524,2405,155000,160000,15,5000,2017-05-24,2
2405,20170524,2406,160000,161000,16,0,2017-05-24,2
2406,20170524,2407,161000,162000,16,1000,2017-05-24,2
2407,20170524,2408,162000,163000,16,2000,2017-05-24,2
2408,20170524,2409,163000,164000,16,3000,2017-05-24,2
2409,20170524,2410,164000,165000,16,4000,2017-05-24,2
2410,20170524,2411,165000,170000,16,5000,2017-05-24,2
2411,20170524,2412,170000,171000,17,0,2017-05-24,2
2412,20170524,2413,171000,172000,17,1000,2017-05-24,2
2413,20170524,2414,172000,173000,17,2000,2017-05-24,2
2414,20170524,2415,173000,174000,17,3000,2017-05-24,2
2415,20170524,2416,174000,175000,17,4000,2017-05-24,2
2416,20170524,2417,175000,180000,17,5000,2017-05-24,2
2417,20170524,2418,180000,181000,18,0,2017-05-24,2
2418,20170524,2419,181000,182000,18,1000,2017-05-24,2
2419,20170524,2420,182000,183000,18,2000,2017-05-24,2
2420,20170524,2421,183000,184000,18,3000,2017-05-24,2
2421,20170524,2422,184000,185000,18,4000,2017-05-24,2
2422,20170524,2423,185000,190000,18,5000,2017-05-24,2
2423,20170524,2424,190000,191000,19,0,2017-05-24,2
2424,20170524,2425,191000,192000,19,1000,2017-05-24,2
2425,20170524,2426,192000,193000,19,2000,2017-05-24,2
2426,20170524,2427,193000,194000,19,3000,2017-05-24,2
2427,20170524,2428,194000,195000,19,4000,2017-05-24,2
2428,20170524,2429,195000,200000,19,5000,2017-05-24,2
2429,20170524,2430,200000,201000,20,0,2017-05-24,2
2430,20170524,2431,201000,202000,20,1000,2017-05-24,2
2431,20170524,2432,202000,203000,20,2000,2017-05-24,2
2432,20170524,2433,203000,204000,20,3000,2017-05-24,2
2433,20170524,2434,204000,205000,20,4000,2017-05-24,2
2434,20170524,2435,205000,210000,20,5000,2017-05-24,2
2435,20170524,2436,210000,211000,21,0,2017-05-24,2
2436,20170524,2437,211000,212000,21,1000,2017-05-24,2
2437,20170524,2438,212000,213000,21,2000,2017-05-24,2
2438,20170524,2439,213000,214000,21,3000,2017-05-24,2
2439,20170524,2440,214000,215000,21,4000,2017-05-24,2
2440,20170524,2441,215000,220000,21,5000,2017-05-24,2
2441,20170524,2442,220000,221000,22,0,2017-05-24,2
2442,20170524,2443,221000,222000,22,1000,2017-05-24,2
2443,20170524,2444,222000,223000,22,2000,2017-05-24,2
2444,20170524,2445,223000,224000,22,3000,2017-05-24,2
2445,20170524,2446,224000,225000,22,4000,2017-05-24,2
2446,20170524,2447,225000,230000,22,5000,2017-05-24,2
2447,20170525,2448,60000,61000,60,0,2017-05-25,3
2448,20170525,2449,61000,62000,61,0,2017-05-25,3
2449,20170525,2450,62000,63000,62,0,2017-05-25,3
2450,20170525,2451,63000,64000,63,0,2017-05-25,3
2451,20170525,2452,64000,65000,64,0,2017-05-25,3
2452,20170525,2453,65000,70000,65,0,2017-05-25,3
2453,20170525,2454,70000,71000,70,0,2017-05-25,3
2454,20170525,2455,71000,72000,71,0,2017-05-25,3
2455,20170525,2456,72000,73000,72,0,2017-05-25,3
2456,20170525,2457,73000,74000,73,0,2017-05-25,3
2457,20170525,2458,74000,75000,74,0,2017-05-25,3
2458,20170525,2459,75000,80000,75,0,2017-05-25,3
2459,20170525,2460,80000,81000,80,0,2017-05-25,3
2460,20170525,2461,81000,82000,81,0,2017-05-25,3
2461,20170525,2462,82000,83000,82,0,2017-05-25,3
2462,20170525,2463,83000,84000,83,0,2017-05-25,3
2463,20170525,2464,84000,85000,84,0,2017-05-25,3
2464,20170525,2465,85000,90000,85,0,2017-05-25,3
2465,20170525,2466,90000,91000,90,0,2017-05-25,3
2466,20170525,2467,91000,92000,91,0,2017-05-25,3
2467,20170525,2468,92000,93000,92,0,2017-05-25,3
2468,20170525,2469,93000,94000,93,0,2017-05-25,3
2469,20170525,2470,94000,95000,94,0,2017-05-25,3
2470,20170525,2471,95000,100000,95,0,2017-05-25,3
2471,20170525,2472,100000,101000,10,0,2017-05-25,3
2472,20170525,2473,101000,102000,10,1000,2017-05-25,3
2473,20170525,2474,102000,103000,10,2000,2017-05-25,3
2474,20170525,2475,103000,104000,10,3000,2017-05-25,3
2475,20170525,2476,104000,105000,10,4000,2017-05-25,3
2476,20170525,2477,105000,110000,10,5000,2017-05-25,3
2477,20170525,2478,110000,111000,11,0,2017-05-25,3
2478,20170525,2479,111000,112000,11,1000,2017-05-25,3
2479,20170525,2480,112000,113000,11,2000,2017-05-25,3
2480,20170525,2481,113000,114000,11,3000,2017-05-25,3
2481,20170525,2482,114000,115000,11,4000,2017-05-25,3
2482,20170525,2483,115000,120000,11,5000,2017-05-25,3
2483,20170525,2484,120000,121000,12,0,2017-05-25,3
2484,20170525,2485,121000,122000,12,1000,2017-05-25,3
2485,20170525,2486,122000,123000,12,2000,2017-05-25,3
2486,20170525,2487,123000,124000,12,3000,2017-05-25,3
2487,20170525,2488,124000,125000,12,4000,2017-05-25,3
2488,20170525,2489,125000,130000,12,5000,2017-05-25,3
2489,20170525,2490,130000,131000,13,0,2017-05-25,3
2490,20170525,2491,131000,132000,13,1000,2017-05-25,3
2491,20170525,2492,132000,133000,13,2000,2017-05-25,3
2492,20170525,2493,133000,134000,13,3000,2017-05-25,3
2493,20170525,2494,134000,135000,13,4000,2017-05-25,3
2494,20170525,2495,135000,140000,13,5000,2017-05-25,3
2495,20170525,2496,140000,141000,14,0,2017-05-25,3
2496,20170525,2497,141000,142000,14,1000,2017-05-25,3
2497,20170525,2498,142000,143000,14,2000,2017-05-25,3
2498,20170525,2499,143000,144000,14,3000,2017-05-25,3
2499,20170525,2500,144000,145000,14,4000,2017-05-25,3
2500,20170525,2501,145000,150000,14,5000,2017-05-25,3
2501,20170525,2502,150000,151000,15,0,2017-05-25,3
2502,20170525,2503,151000,152000,15,1000,2017-05-25,3
2503,20170525,2504,152000,153000,15,2000,2017-05-25,3
2504,20170525,2505,153000,154000,15,3000,2017-05-25,3
2505,20170525,2506,154000,155000,15,4000,2017-05-25,3
2506,20170525,2507,155000,160000,15,5000,2017-05-25,3
2507,20170525,2508,160000,161000,16,0,2017-05-25,3
2508,20170525,2509,161000,162000,16,1000,2017-05-25,3
2509,20170525,2510,162000,163000,16,2000,2017-05-25,3
2510,20170525,2511,163000,164000,16,3000,2017-05-25,3
2511,20170525,2512,164000,165000,16,4000,2017-05-25,3
2512,20170525,2513,165000,170000,16,5000,2017-05-25,3
2513,20170525,2514,170000,171000,17,0,2017-05-25,3
2514,20170525,2515,171000,172000,17,1000,2017-05-25,3
2515,20170525,2516,172000,173000,17,2000,2017-05-25,3
2516,20170525,2517,173000,174000,17,3000,2017-05-25,3
2517,20170525,2518,174000,175000,17,4000,2017-05-25,3
2518,20170525,2519,175000,180000,17,5000,2017-05-25,3
2519,20170525,2520,180000,181000,18,0,2017-05-25,3
2520,20170525,2521,181000,182000,18,1000,2017-05-25,3
2521,20170525,2522,182000,183000,18,2000,2017-05-25,3
2522,20170525,2523,183000,184000,18,3000,2017-05-25,3
2523,20170525,2524,184000,185000,18,4000,2017-05-25,3
2524,20170525,2525,185000,190000,18,5000,2017-05-25,3
2525,20170525,2526,190000,191000,19,0,2017-05-25,3
2526,20170525,2527,191000,192000,19,1000,2017-05-25,3
2527,20170525,2528,192000,193000,19,2000,2017-05-25,3
2528,20170525,2529,193000,194000,19,3000,2017-05-25,3
2529,20170525,2530,194000,195000,19,4000,2017-05-25,3
2530,20170525,2531,195000,200000,19,5000,2017-05-25,3
2531,20170525,2532,200000,201000,20,0,2017-05-25,3
2532,20170525,2533,201000,202000,20,1000,2017-05-25,3
2533,20170525,2534,202000,203000,20,2000,2017-05-25,3
2534,20170525,2535,203000,204000,20,3000,2017-05-25,3
2535,20170525,2536,204000,205000,20,4000,2017-05-25,3
2536,20170525,2537,205000,210000,20,5000,2017-05-25,3
2537,20170525,2538,210000,211000,21,0,2017-05-25,3
2538,20170525,2539,211000,212000,21,1000,2017-05-25,3
2539,20170525,2540,212000,213000,21,2000,2017-05-25,3
2540,20170525,2541,213000,214000,21,3000,2017-05-25,3
2541,20170525,2542,214000,215000,21,4000,2017-05-25,3
2542,20170525,2543,215000,220000,21,5000,2017-05-25,3
2543,20170525,2544,220000,221000,22,0,2017-05-25,3
2544,20170525,2545,221000,222000,22,1000,2017-05-25,3
2545,20170525,2546,222000,223000,22,2000,2017-05-25,3
2546,20170525,2547,223000,224000,22,3000,2017-05-25,3
2547,20170525,2548,224000,225000,22,4000,2017-05-25,3
2548,20170525,2549,225000,230000,22,5000,2017-05-25,3
2549,20170526,2550,60000,61000,60,0,2017-05-26,4
2550,20170526,2551,61000,62000,61,0,2017-05-26,4
2551,20170526,2552,62000,63000,62,0,2017-05-26,4
2552,20170526,2553,63000,64000,63,0,2017-05-26,4
2553,20170526,2554,64000,65000,64,0,2017-05-26,4
2554,20170526,2555,65000,70000,65,0,2017-05-26,4
2555,20170526,2556,70000,71000,70,0,2017-05-26,4
2556,20170526,2557,71000,72000,71,0,2017-05-26,4
2557,20170526,2558,72000,73000,72,0,2017-05-26,4
2558,20170526,2559,73000,74000,73,0,2017-05-26,4
2559,20170526,2560,74000,75000,74,0,2017-05-26,4
2560,20170526,2561,75000,80000,75,0,2017-05-26,4
2561,20170526,2562,80000,81000,80,0,2017-05-26,4
2562,20170526,2563,81000,82000,81,0,2017-05-26,4
2563,20170526,2564,82000,83000,82,0,2017-05-26,4
2564,20170526,2565,83000,84000,83,0,2017-05-26,4
2565,20170526,2566,84000,85000,84,0,2017-05-26,4
2566,20170526,2567,85000,90000,85,0,2017-05-26,4
2567,20170526,2568,90000,91000,90,0,2017-05-26,4
2568,20170526,2569,91000,92000,91,0,2017-05-26,4
2569,20170526,2570,92000,93000,92,0,2017-05-26,4
2570,20170526,2571,93000,94000,93,0,2017-05-26,4
2571,20170526,2572,94000,95000,94,0,2017-05-26,4
2572,20170526,2573,95000,100000,95,0,2017-05-26,4
2573,20170526,2574,100000,101000,10,0,2017-05-26,4
2574,20170526,2575,101000,102000,10,1000,2017-05-26,4
2575,20170526,2576,102000,103000,10,2000,2017-05-26,4
2576,20170526,2577,103000,104000,10,3000,2017-05-26,4
2577,20170526,2578,104000,105000,10,4000,2017-05-26,4
2578,20170526,2579,105000,110000,10,5000,2017-05-26,4
2579,20170526,2580,110000,111000,11,0,2017-05-26,4
2580,20170526,2581,111000,112000,11,1000,2017-05-26,4
2581,20170526,2582,112000,113000,11,2000,2017-05-26,4
2582,20170526,2583,113000,114000,11,3000,2017-05-26,4
2583,20170526,2584,114000,115000,11,4000,2017-05-26,4
2584,20170526,2585,115000,120000,11,5000,2017-05-26,4
2585,20170526,2586,120000,121000,12,0,2017-05-26,4
2586,20170526,2587,121000,122000,12,1000,2017-05-26,4
2587,20170526,2588,122000,123000,12,2000,2017-05-26,4
2588,20170526,2589,123000,124000,12,3000,2017-05-26,4
2589,20170526,2590,124000,125000,12,4000,2017-05-26,4
2590,20170526,2591,125000,130000,12,5000,2017-05-26,4
2591,20170526,2592,130000,131000,13,0,2017-05-26,4
2592,20170526,2593,131000,132000,13,1000,2017-05-26,4
2593,20170526,2594,132000,133000,13,2000,2017-05-26,4
2594,20170526,2595,133000,134000,13,3000,2017-05-26,4
2595,20170526,2596,134000,135000,13,4000,2017-05-26,4
2596,20170526,2597,135000,140000,13,5000,2017-05-26,4
2597,20170526,2598,140000,141000,14,0,2017-05-26,4
2598,20170526,2599,141000,142000,14,1000,2017-05-26,4
2599,20170526,2600,142000,143000,14,2000,2017-05-26,4
2600,20170526,2601,143000,144000,14,3000,2017-05-26,4
2601,20170526,2602,144000,145000,14,4000,2017-05-26,4
2602,20170526,2603,145000,150000,14,5000,2017-05-26,4
2603,20170526,2604,150000,151000,15,0,2017-05-26,4
2604,20170526,2605,151000,152000,15,1000,2017-05-26,4
2605,20170526,2606,152000,153000,15,2000,2017-05-26,4
2606,20170526,2607,153000,154000,15,3000,2017-05-26,4
2607,20170526,2608,154000,155000,15,4000,2017-05-26,4
2608,20170526,2609,155000,160000,15,5000,2017-05-26,4
2609,20170526,2610,160000,161000,16,0,2017-05-26,4
2610,20170526,2611,161000,162000,16,1000,2017-05-26,4
2611,20170526,2612,162000,163000,16,2000,2017-05-26,4
2612,20170526,2613,163000,164000,16,3000,2017-05-26,4
2613,20170526,2614,164000,165000,16,4000,2017-05-26,4
2614,20170526,2615,165000,170000,16,5000,2017-05-26,4
2615,20170526,2616,170000,171000,17,0,2017-05-26,4
2616,20170526,2617,171000,172000,17,1000,2017-05-26,4
2617,20170526,2618,172000,173000,17,2000,2017-05-26,4
2618,20170526,2619,173000,174000,17,3000,2017-05-26,4
2619,20170526,2620,174000,175000,17,4000,2017-05-26,4
2620,20170526,2621,175000,180000,17,5000,2017-05-26,4
2621,20170526,2622,180000,181000,18,0,2017-05-26,4
2622,20170526,2623,181000,182000,18,1000,2017-05-26,4
2623,20170526,2624,182000,183000,18,2000,2017-05-26,4
2624,20170526,2625,183000,184000,18,3000,2017-05-26,4
2625,20170526,2626,184000,185000,18,4000,2017-05-26,4
2626,20170526,2627,185000,190000,18,5000,2017-05-26,4
2627,20170526,2628,190000,191000,19,0,2017-05-26,4
2628,20170526,2629,191000,192000,19,1000,2017-05-26,4
2629,20170526,2630,192000,193000,19,2000,2017-05-26,4
2630,20170526,2631,193000,194000,19,3000,2017-05-26,4
2631,20170526,2632,194000,195000,19,4000,2017-05-26,4
2632,20170526,2633,195000,200000,19,5000,2017-05-26,4
2633,20170526,2634,200000,201000,20,0,2017-05-26,4
2634,20170526,2635,201000,202000,20,1000,2017-05-26,4
2635,20170526,2636,202000,203000,20,2000,2017-05-26,4
2636,20170526,2637,203000,204000,20,3000,2017-05-26,4
2637,20170526,2638,204000,205000,20,4000,2017-05-26,4
2638,20170526,2639,205000,210000,20,5000,2017-05-26,4
2639,20170526,2640,210000,211000,21,0,2017-05-26,4
2640,20170526,2641,211000,212000,21,1000,2017-05-26,4
2641,20170526,2642,212000,213000,21,2000,2017-05-26,4
2642,20170526,2643,213000,214000,21,3000,2017-05-26,4
2643,20170526,2644,214000,215000,21,4000,2017-05-26,4
2644,20170526,2645,215000,220000,21,5000,2017-05-26,4
2645,20170526,2646,220000,221000,22,0,2017-05-26,4
2646,20170526,2647,221000,222000,22,1000,2017-05-26,4
2647,20170526,2648,222000,223000,22,2000,2017-05-26,4
2648,20170526,2649,223000,224000,22,3000,2017-05-26,4
2649,20170526,2650,224000,225000,22,4000,2017-05-26,4
2650,20170526,2651,225000,230000,22,5000,2017-05-26,4
2651,20170527,2652,60000,61000,60,0,2017-05-27,5
2652,20170527,2653,61000,62000,61,0,2017-05-27,5
2653,20170527,2654,62000,63000,62,0,2017-05-27,5
2654,20170527,2655,63000,64000,63,0,2017-05-27,5
2655,20170527,2656,64000,65000,64,0,2017-05-27,5
2656,20170527,2657,65000,70000,65,0,2017-05-27,5
2657,20170527,2658,70000,71000,70,0,2017-05-27,5
2658,20170527,2659,71000,72000,71,0,2017-05-27,5
2659,20170527,2660,72000,73000,72,0,2017-05-27,5
2660,20170527,2661,73000,74000,73,0,2017-05-27,5
2661,20170527,2662,74000,75000,74,0,2017-05-27,5
2662,20170527,2663,75000,80000,75,0,2017-05-27,5
2663,20170527,2664,80000,81000,80,0,2017-05-27,5
2664,20170527,2665,81000,82000,81,0,2017-05-27,5
2665,20170527,2666,82000,83000,82,0,2017-05-27,5
2666,20170527,2667,83000,84000,83,0,2017-05-27,5
2667,20170527,2668,84000,85000,84,0,2017-05-27,5
2668,20170527,2669,85000,90000,85,0,2017-05-27,5
2669,20170527,2670,90000,91000,90,0,2017-05-27,5
2670,20170527,2671,91000,92000,91,0,2017-05-27,5
2671,20170527,2672,92000,93000,92,0,2017-05-27,5
2672,20170527,2673,93000,94000,93,0,2017-05-27,5
2673,20170527,2674,94000,95000,94,0,2017-05-27,5
2674,20170527,2675,95000,100000,95,0,2017-05-27,5
2675,20170527,2676,100000,101000,10,0,2017-05-27,5
2676,20170527,2677,101000,102000,10,1000,2017-05-27,5
2677,20170527,2678,102000,103000,10,2000,2017-05-27,5
2678,20170527,2679,103000,104000,10,3000,2017-05-27,5
2679,20170527,2680,104000,105000,10,4000,2017-05-27,5
2680,20170527,2681,105000,110000,10,5000,2017-05-27,5
2681,20170527,2682,110000,111000,11,0,2017-05-27,5
2682,20170527,2683,111000,112000,11,1000,2017-05-27,5
2683,20170527,2684,112000,113000,11,2000,2017-05-27,5
2684,20170527,2685,113000,114000,11,3000,2017-05-27,5
2685,20170527,2686,114000,115000,11,4000,2017-05-27,5
2686,20170527,2687,115000,120000,11,5000,2017-05-27,5
2687,20170527,2688,120000,121000,12,0,2017-05-27,5
2688,20170527,2689,121000,122000,12,1000,2017-05-27,5
2689,20170527,2690,122000,123000,12,2000,2017-05-27,5
2690,20170527,2691,123000,124000,12,3000,2017-05-27,5
2691,20170527,2692,124000,125000,12,4000,2017-05-27,5
2692,20170527,2693,125000,130000,12,5000,2017-05-27,5
2693,20170527,2694,130000,131000,13,0,2017-05-27,5
2694,20170527,2695,131000,132000,13,1000,2017-05-27,5
2695,20170527,2696,132000,133000,13,2000,2017-05-27,5
2696,20170527,2697,133000,134000,13,3000,2017-05-27,5
2697,20170527,2698,134000,135000,13,4000,2017-05-27,5
2698,20170527,2699,135000,140000,13,5000,2017-05-27,5
2699,20170527,2700,140000,141000,14,0,2017-05-27,5
2700,20170527,2701,141000,142000,14,1000,2017-05-27,5
2701,20170527,2702,142000,143000,14,2000,2017-05-27,5
2702,20170527,2703,143000,144000,14,3000,2017-05-27,5
2703,20170527,2704,144000,145000,14,4000,2017-05-27,5
2704,20170527,2705,145000,150000,14,5000,2017-05-27,5
2705,20170527,2706,150000,151000,15,0,2017-05-27,5
2706,20170527,2707,151000,152000,15,1000,2017-05-27,5
2707,20170527,2708,152000,153000,15,2000,2017-05-27,5
2708,20170527,2709,153000,154000,15,3000,2017-05-27,5
2709,20170527,2710,154000,155000,15,4000,2017-05-27,5
2710,20170527,2711,155000,160000,15,5000,2017-05-27,5
2711,20170527,2712,160000,161000,16,0,2017-05-27,5
2712,20170527,2713,161000,162000,16,1000,2017-05-27,5
2713,20170527,2714,162000,163000,16,2000,2017-05-27,5
2714,20170527,2715,163000,164000,16,3000,2017-05-27,5
2715,20170527,2716,164000,165000,16,4000,2017-05-27,5
2716,20170527,2717,165000,170000,16,5000,2017-05-27,5
2717,20170527,2718,170000,171000,17,0,2017-05-27,5
2718,20170527,2719,171000,172000,17,1000,2017-05-27,5
2719,20170527,2720,172000,173000,17,2000,2017-05-27,5
2720,20170527,2721,173000,174000,17,3000,2017-05-27,5
2721,20170527,2722,174000,175000,17,4000,2017-05-27,5
2722,20170527,2723,175000,180000,17,5000,2017-05-27,5
2723,20170527,2724,180000,181000,18,0,2017-05-27,5
2724,20170527,2725,181000,182000,18,1000,2017-05-27,5
2725,20170527,2726,182000,183000,18,2000,2017-05-27,5
2726,20170527,2727,183000,184000,18,3000,2017-05-27,5
2727,20170527,2728,184000,185000,18,4000,2017-05-27,5
2728,20170527,2729,185000,190000,18,5000,2017-05-27,5
2729,20170527,2730,190000,191000,19,0,2017-05-27,5
2730,20170527,2731,191000,192000,19,1000,2017-05-27,5
2731,20170527,2732,192000,193000,19,2000,2017-05-27,5
2732,20170527,2733,193000,194000,19,3000,2017-05-27,5
2733,20170527,2734,194000,195000,19,4000,2017-05-27,5
2734,20170527,2735,195000,200000,19,5000,2017-05-27,5
2735,20170527,2736,200000,201000,20,0,2017-05-27,5
2736,20170527,2737,201000,202000,20,1000,2017-05-27,5
2737,20170527,2738,202000,203000,20,2000,2017-05-27,5
2738,20170527,2739,203000,204000,20,3000,2017-05-27,5
2739,20170527,2740,204000,205000,20,4000,2017-05-27,5
2740,20170527,2741,205000,210000,20,5000,2017-05-27,5
2741,20170527,2742,210000,211000,21,0,2017-05-27,5
2742,20170527,2743,211000,212000,21,1000,2017-05-27,5
2743,20170527,2744,212000,213000,21,2000,2017-05-27,5
2744,20170527,2745,213000,214000,21,3000,2017-05-27,5
2745,20170527,2746,214000,215000,21,4000,2017-05-27,5
2746,20170527,2747,215000,220000,21,5000,2017-05-27,5
2747,20170527,2748,220000,221000,22,0,2017-05-27,5
2748,20170527,2749,221000,222000,22,1000,2017-05-27,5
2749,20170527,2750,222000,223000,22,2000,2017-05-27,5
2750,20170527,2751,223000,224000,22,3000,2017-05-27,5
2751,20170527,2752,224000,225000,22,4000,2017-05-27,5
2752,20170527,2753,225000,230000,22,5000,2017-05-27,5
2753,20170528,2754,60000,61000,60,0,2017-05-28,6
2754,20170528,2755,61000,62000,61,0,2017-05-28,6
2755,20170528,2756,62000,63000,62,0,2017-05-28,6
2756,20170528,2757,63000,64000,63,0,2017-05-28,6
2757,20170528,2758,64000,65000,64,0,2017-05-28,6
2758,20170528,2759,65000,70000,65,0,2017-05-28,6
2759,20170528,2760,70000,71000,70,0,2017-05-28,6
2760,20170528,2761,71000,72000,71,0,2017-05-28,6
2761,20170528,2762,72000,73000,72,0,2017-05-28,6
2762,20170528,2763,73000,74000,73,0,2017-05-28,6
2763,20170528,2764,74000,75000,74,0,2017-05-28,6
2764,20170528,2765,75000,80000,75,0,2017-05-28,6
2765,20170528,2766,80000,81000,80,0,2017-05-28,6
2766,20170528,2767,81000,82000,81,0,2017-05-28,6
2767,20170528,2768,82000,83000,82,0,2017-05-28,6
2768,20170528,2769,83000,84000,83,0,2017-05-28,6
2769,20170528,2770,84000,85000,84,0,2017-05-28,6
2770,20170528,2771,85000,90000,85,0,2017-05-28,6
2771,20170528,2772,90000,91000,90,0,2017-05-28,6
2772,20170528,2773,91000,92000,91,0,2017-05-28,6
2773,20170528,2774,92000,93000,92,0,2017-05-28,6
2774,20170528,2775,93000,94000,93,0,2017-05-28,6
2775,20170528,2776,94000,95000,94,0,2017-05-28,6
2776,20170528,2777,95000,100000,95,0,2017-05-28,6
2777,20170528,2778,100000,101000,10,0,2017-05-28,6
2778,20170528,2779,101000,102000,10,1000,2017-05-28,6
2779,20170528,2780,102000,103000,10,2000,2017-05-28,6
2780,20170528,2781,103000,104000,10,3000,2017-05-28,6
2781,20170528,2782,104000,105000,10,4000,2017-05-28,6
2782,20170528,2783,105000,110000,10,5000,2017-05-28,6
2783,20170528,2784,110000,111000,11,0,2017-05-28,6
2784,20170528,2785,111000,112000,11,1000,2017-05-28,6
2785,20170528,2786,112000,113000,11,2000,2017-05-28,6
2786,20170528,2787,113000,114000,11,3000,2017-05-28,6
2787,20170528,2788,114000,115000,11,4000,2017-05-28,6
2788,20170528,2789,115000,120000,11,5000,2017-05-28,6
2789,20170528,2790,120000,121000,12,0,2017-05-28,6
2790,20170528,2791,121000,122000,12,1000,2017-05-28,6
2791,20170528,2792,122000,123000,12,2000,2017-05-28,6
2792,20170528,2793,123000,124000,12,3000,2017-05-28,6
2793,20170528,2794,124000,125000,12,4000,2017-05-28,6
2794,20170528,2795,125000,130000,12,5000,2017-05-28,6
2795,20170528,2796,130000,131000,13,0,2017-05-28,6
2796,20170528,2797,131000,132000,13,1000,2017-05-28,6
2797,20170528,2798,132000,133000,13,2000,2017-05-28,6
2798,20170528,2799,133000,134000,13,3000,2017-05-28,6
2799,20170528,2800,134000,135000,13,4000,2017-05-28,6
2800,20170528,2801,135000,140000,13,5000,2017-05-28,6
2801,20170528,2802,140000,141000,14,0,2017-05-28,6
2802,20170528,2803,141000,142000,14,1000,2017-05-28,6
2803,20170528,2804,142000,143000,14,2000,2017-05-28,6
2804,20170528,2805,143000,144000,14,3000,2017-05-28,6
2805,20170528,2806,144000,145000,14,4000,2017-05-28,6
2806,20170528,2807,145000,150000,14,5000,2017-05-28,6
2807,20170528,2808,150000,151000,15,0,2017-05-28,6
2808,20170528,2809,151000,152000,15,1000,2017-05-28,6
2809,20170528,2810,152000,153000,15,2000,2017-05-28,6
2810,20170528,2811,153000,154000,15,3000,2017-05-28,6
2811,20170528,2812,154000,155000,15,4000,2017-05-28,6
2812,20170528,2813,155000,160000,15,5000,2017-05-28,6
2813,20170528,2814,160000,161000,16,0,2017-05-28,6
2814,20170528,2815,161000,162000,16,1000,2017-05-28,6
2815,20170528,2816,162000,163000,16,2000,2017-05-28,6
2816,20170528,2817,163000,164000,16,3000,2017-05-28,6
2817,20170528,2818,164000,165000,16,4000,2017-05-28,6
2818,20170528,2819,165000,170000,16,5000,2017-05-28,6
2819,20170528,2820,170000,171000,17,0,2017-05-28,6
2820,20170528,2821,171000,172000,17,1000,2017-05-28,6
2821,20170528,2822,172000,173000,17,2000,2017-05-28,6
2822,20170528,2823,173000,174000,17,3000,2017-05-28,6
2823,20170528,2824,174000,175000,17,4000,2017-05-28,6
2824,20170528,2825,175000,180000,17,5000,2017-05-28,6
2825,20170528,2826,180000,181000,18,0,2017-05-28,6
2826,20170528,2827,181000,182000,18,1000,2017-05-28,6
2827,20170528,2828,182000,183000,18,2000,2017-05-28,6
2828,20170528,2829,183000,184000,18,3000,2017-05-28,6
2829,20170528,2830,184000,185000,18,4000,2017-05-28,6
2830,20170528,2831,185000,190000,18,5000,2017-05-28,6
2831,20170528,2832,190000,191000,19,0,2017-05-28,6
2832,20170528,2833,191000,192000,19,1000,2017-05-28,6
2833,20170528,2834,192000,193000,19,2000,2017-05-28,6
2834,20170528,2835,193000,194000,19,3000,2017-05-28,6
2835,20170528,2836,194000,195000,19,4000,2017-05-28,6
2836,20170528,2837,195000,200000,19,5000,2017-05-28,6
2837,20170528,2838,200000,201000,20,0,2017-05-28,6
2838,20170528,2839,201000,202000,20,1000,2017-05-28,6
2839,20170528,2840,202000,203000,20,2000,2017-05-28,6
2840,20170528,2841,203000,204000,20,3000,2017-05-28,6
2841,20170528,2842,204000,205000,20,4000,2017-05-28,6
2842,20170528,2843,205000,210000,20,5000,2017-05-28,6
2843,20170528,2844,210000,211000,21,0,2017-05-28,6
2844,20170528,2845,211000,212000,21,1000,2017-05-28,6
2845,20170528,2846,212000,213000,21,2000,2017-05-28,6
2846,20170528,2847,213000,214000,21,3000,2017-05-28,6
2847,20170528,2848,214000,215000,21,4000,2017-05-28,6
2848,20170528,2849,215000,220000,21,5000,2017-05-28,6
2849,20170528,2850,220000,221000,22,0,2017-05-28,6
2850,20170528,2851,221000,222000,22,1000,2017-05-28,6
2851,20170528,2852,222000,223000,22,2000,2017-05-28,6
2852,20170528,2853,223000,224000,22,3000,2017-05-28,6
2853,20170528,2854,224000,225000,22,4000,2017-05-28,6
2854,20170528,2855,225000,230000,22,5000,2017-05-28,6
2855,20170529,2856,60000,61000,60,0,2017-05-29,0
2856,20170529,2857,61000,62000,61,0,2017-05-29,0
2857,20170529,2858,62000,63000,62,0,2017-05-29,0
2858,20170529,2859,63000,64000,63,0,2017-05-29,0
2859,20170529,2860,64000,65000,64,0,2017-05-29,0
2860,20170529,2861,65000,70000,65,0,2017-05-29,0
2861,20170529,2862,70000,71000,70,0,2017-05-29,0
2862,20170529,2863,71000,72000,71,0,2017-05-29,0
2863,20170529,2864,72000,73000,72,0,2017-05-29,0
2864,20170529,2865,73000,74000,73,0,2017-05-29,0
2865,20170529,2866,74000,75000,74,0,2017-05-29,0
2866,20170529,2867,75000,80000,75,0,2017-05-29,0
2867,20170529,2868,80000,81000,80,0,2017-05-29,0
2868,20170529,2869,81000,82000,81,0,2017-05-29,0
2869,20170529,2870,82000,83000,82,0,2017-05-29,0
2870,20170529,2871,83000,84000,83,0,2017-05-29,0
2871,20170529,2872,84000,85000,84,0,2017-05-29,0
2872,20170529,2873,85000,90000,85,0,2017-05-29,0
2873,20170529,2874,90000,91000,90,0,2017-05-29,0
2874,20170529,2875,91000,92000,91,0,2017-05-29,0
2875,20170529,2876,92000,93000,92,0,2017-05-29,0
2876,20170529,2877,93000,94000,93,0,2017-05-29,0
2877,20170529,2878,94000,95000,94,0,2017-05-29,0
2878,20170529,2879,95000,100000,95,0,2017-05-29,0
2879,20170529,2880,100000,101000,10,0,2017-05-29,0
2880,20170529,2881,101000,102000,10,1000,2017-05-29,0
2881,20170529,2882,102000,103000,10,2000,2017-05-29,0
2882,20170529,2883,103000,104000,10,3000,2017-05-29,0
2883,20170529,2884,104000,105000,10,4000,2017-05-29,0
2884,20170529,2885,105000,110000,10,5000,2017-05-29,0
2885,20170529,2886,110000,111000,11,0,2017-05-29,0
2886,20170529,2887,111000,112000,11,1000,2017-05-29,0
2887,20170529,2888,112000,113000,11,2000,2017-05-29,0
2888,20170529,2889,113000,114000,11,3000,2017-05-29,0
2889,20170529,2890,114000,115000,11,4000,2017-05-29,0
2890,20170529,2891,115000,120000,11,5000,2017-05-29,0
2891,20170529,2892,120000,121000,12,0,2017-05-29,0
2892,20170529,2893,121000,122000,12,1000,2017-05-29,0
2893,20170529,2894,122000,123000,12,2000,2017-05-29,0
2894,20170529,2895,123000,124000,12,3000,2017-05-29,0
2895,20170529,2896,124000,125000,12,4000,2017-05-29,0
2896,20170529,2897,125000,130000,12,5000,2017-05-29,0
2897,20170529,2898,130000,131000,13,0,2017-05-29,0
2898,20170529,2899,131000,132000,13,1000,2017-05-29,0
2899,20170529,2900,132000,133000,13,2000,2017-05-29,0
2900,20170529,2901,133000,134000,13,3000,2017-05-29,0
2901,20170529,2902,134000,135000,13,4000,2017-05-29,0
2902,20170529,2903,135000,140000,13,5000,2017-05-29,0
2903,20170529,2904,140000,141000,14,0,2017-05-29,0
2904,20170529,2905,141000,142000,14,1000,2017-05-29,0
2905,20170529,2906,142000,143000,14,2000,2017-05-29,0
2906,20170529,2907,143000,144000,14,3000,2017-05-29,0
2907,20170529,2908,144000,145000,14,4000,2017-05-29,0
2908,20170529,2909,145000,150000,14,5000,2017-05-29,0
2909,20170529,2910,150000,151000,15,0,2017-05-29,0
2910,20170529,2911,151000,152000,15,1000,2017-05-29,0
2911,20170529,2912,152000,153000,15,2000,2017-05-29,0
2912,20170529,2913,153000,154000,15,3000,2017-05-29,0
2913,20170529,2914,154000,155000,15,4000,2017-05-29,0
2914,20170529,2915,155000,160000,15,5000,2017-05-29,0
2915,20170529,2916,160000,161000,16,0,2017-05-29,0
2916,20170529,2917,161000,162000,16,1000,2017-05-29,0
2917,20170529,2918,162000,163000,16,2000,2017-05-29,0
2918,20170529,2919,163000,164000,16,3000,2017-05-29,0
2919,20170529,2920,164000,165000,16,4000,2017-05-29,0
2920,20170529,2921,165000,170000,16,5000,2017-05-29,0
2921,20170529,2922,170000,171000,17,0,2017-05-29,0
2922,20170529,2923,171000,172000,17,1000,2017-05-29,0
2923,20170529,2924,172000,173000,17,2000,2017-05-29,0
2924,20170529,2925,173000,174000,17,3000,2017-05-29,0
2925,20170529,2926,174000,175000,17,4000,2017-05-29,0
2926,20170529,2927,175000,180000,17,5000,2017-05-29,0
2927,20170529,2928,180000,181000,18,0,2017-05-29,0
2928,20170529,2929,181000,182000,18,1000,2017-05-29,0
2929,20170529,2930,182000,183000,18,2000,2017-05-29,0
2930,20170529,2931,183000,184000,18,3000,2017-05-29,0
2931,20170529,2932,184000,185000,18,4000,2017-05-29,0
2932,20170529,2933,185000,190000,18,5000,2017-05-29,0
2933,20170529,2934,190000,191000,19,0,2017-05-29,0
2934,20170529,2935,191000,192000,19,1000,2017-05-29,0
2935,20170529,2936,192000,193000,19,2000,2017-05-29,0
2936,20170529,2937,193000,194000,19,3000,2017-05-29,0
2937,20170529,2938,194000,195000,19,4000,2017-05-29,0
2938,20170529,2939,195000,200000,19,5000,2017-05-29,0
2939,20170529,2940,200000,201000,20,0,2017-05-29,0
2940,20170529,2941,201000,202000,20,1000,2017-05-29,0
2941,20170529,2942,202000,203000,20,2000,2017-05-29,0
2942,20170529,2943,203000,204000,20,3000,2017-05-29,0
2943,20170529,2944,204000,205000,20,4000,2017-05-29,0
2944,20170529,2945,205000,210000,20,5000,2017-05-29,0
2945,20170529,2946,210000,211000,21,0,2017-05-29,0
2946,20170529,2947,211000,212000,21,1000,2017-05-29,0
2947,20170529,2948,212000,213000,21,2000,2017-05-29,0
2948,20170529,2949,213000,214000,21,3000,2017-05-29,0
2949,20170529,2950,214000,215000,21,4000,2017-05-29,0
2950,20170529,2951,215000,220000,21,5000,2017-05-29,0
2951,20170529,2952,220000,221000,22,0,2017-05-29,0
2952,20170529,2953,221000,222000,22,1000,2017-05-29,0
2953,20170529,2954,222000,223000,22,2000,2017-05-29,0
2954,20170529,2955,223000,224000,22,3000,2017-05-29,0
2955,20170529,2956,224000,225000,22,4000,2017-05-29,0
2956,20170529,2957,225000,230000,22,5000,2017-05-29,0
2957,20170530,2958,60000,61000,60,0,2017-05-30,1
2958,20170530,2959,61000,62000,61,0,2017-05-30,1
2959,20170530,2960,62000,63000,62,0,2017-05-30,1
2960,20170530,2961,63000,64000,63,0,2017-05-30,1
2961,20170530,2962,64000,65000,64,0,2017-05-30,1
2962,20170530,2963,65000,70000,65,0,2017-05-30,1
2963,20170530,2964,70000,71000,70,0,2017-05-30,1
2964,20170530,2965,71000,72000,71,0,2017-05-30,1
2965,20170530,2966,72000,73000,72,0,2017-05-30,1
2966,20170530,2967,73000,74000,73,0,2017-05-30,1
2967,20170530,2968,74000,75000,74,0,2017-05-30,1
2968,20170530,2969,75000,80000,75,0,2017-05-30,1
2969,20170530,2970,80000,81000,80,0,2017-05-30,1
2970,20170530,2971,81000,82000,81,0,2017-05-30,1
2971,20170530,2972,82000,83000,82,0,2017-05-30,1
2972,20170530,2973,83000,84000,83,0,2017-05-30,1
2973,20170530,2974,84000,85000,84,0,2017-05-30,1
2974,20170530,2975,85000,90000,85,0,2017-05-30,1
2975,20170530,2976,90000,91000,90,0,2017-05-30,1
2976,20170530,2977,91000,92000,91,0,2017-05-30,1
2977,20170530,2978,92000,93000,92,0,2017-05-30,1
2978,20170530,2979,93000,94000,93,0,2017-05-30,1
2979,20170530,2980,94000,95000,94,0,2017-05-30,1
2980,20170530,2981,95000,100000,95,0,2017-05-30,1
2981,20170530,2982,100000,101000,10,0,2017-05-30,1
2982,20170530,2983,101000,102000,10,1000,2017-05-30,1
2983,20170530,2984,102000,103000,10,2000,2017-05-30,1
2984,20170530,2985,103000,104000,10,3000,2017-05-30,1
2985,20170530,2986,104000,105000,10,4000,2017-05-30,1
2986,20170530,2987,105000,110000,10,5000,2017-05-30,1
2987,20170530,2988,110000,111000,11,0,2017-05-30,1
2988,20170530,2989,111000,112000,11,1000,2017-05-30,1
2989,20170530,2990,112000,113000,11,2000,2017-05-30,1
2990,20170530,2991,113000,114000,11,3000,2017-05-30,1
2991,20170530,2992,114000,115000,11,4000,2017-05-30,1
2992,20170530,2993,115000,120000,11,5000,2017-05-30,1
2993,20170530,2994,120000,121000,12,0,2017-05-30,1
2994,20170530,2995,121000,122000,12,1000,2017-05-30,1
2995,20170530,2996,122000,123000,12,2000,2017-05-30,1
2996,20170530,2997,123000,124000,12,3000,2017-05-30,1
2997,20170530,2998,124000,125000,12,4000,2017-05-30,1
2998,20170530,2999,125000,130000,12,5000,2017-05-30,1
2999,20170530,3000,130000,131000,13,0,2017-05-30,1
3000,20170530,3001,131000,132000,13,1000,2017-05-30,1
3001,20170530,3002,132000,133000,13,2000,2017-05-30,1
3002,20170530,3003,133000,134000,13,3000,2017-05-30,1
3003,20170530,3004,134000,135000,13,4000,2017-05-30,1
3004,20170530,3005,135000,140000,13,5000,2017-05-30,1
3005,20170530,3006,140000,141000,14,0,2017-05-30,1
3006,20170530,3007,141000,142000,14,1000,2017-05-30,1
3007,20170530,3008,142000,143000,14,2000,2017-05-30,1
3008,20170530,3009,143000,144000,14,3000,2017-05-30,1
3009,20170530,3010,144000,145000,14,4000,2017-05-30,1
3010,20170530,3011,145000,150000,14,5000,2017-05-30,1
3011,20170530,3012,150000,151000,15,0,2017-05-30,1
3012,20170530,3013,151000,152000,15,1000,2017-05-30,1
3013,20170530,3014,152000,153000,15,2000,2017-05-30,1
3014,20170530,3015,153000,154000,15,3000,2017-05-30,1
3015,20170530,3016,154000,155000,15,4000,2017-05-30,1
3016,20170530,3017,155000,160000,15,5000,2017-05-30,1
3017,20170530,3018,160000,161000,16,0,2017-05-30,1
3018,20170530,3019,161000,162000,16,1000,2017-05-30,1
3019,20170530,3020,162000,163000,16,2000,2017-05-30,1
3020,20170530,3021,163000,164000,16,3000,2017-05-30,1
3021,20170530,3022,164000,165000,16,4000,2017-05-30,1
3022,20170530,3023,165000,170000,16,5000,2017-05-30,1
3023,20170530,3024,170000,171000,17,0,2017-05-30,1
3024,20170530,3025,171000,172000,17,1000,2017-05-30,1
3025,20170530,3026,172000,173000,17,2000,2017-05-30,1
3026,20170530,3027,173000,174000,17,3000,2017-05-30,1
3027,20170530,3028,174000,175000,17,4000,2017-05-30,1
3028,20170530,3029,175000,180000,17,5000,2017-05-30,1
3029,20170530,3030,180000,181000,18,0,2017-05-30,1
3030,20170530,3031,181000,182000,18,1000,2017-05-30,1
3031,20170530,3032,182000,183000,18,2000,2017-05-30,1
3032,20170530,3033,183000,184000,18,3000,2017-05-30,1
3033,20170530,3034,184000,185000,18,4000,2017-05-30,1
3034,20170530,3035,185000,190000,18,5000,2017-05-30,1
3035,20170530,3036,190000,191000,19,0,2017-05-30,1
3036,20170530,3037,191000,192000,19,1000,2017-05-30,1
3037,20170530,3038,192000,193000,19,2000,2017-05-30,1
3038,20170530,3039,193000,194000,19,3000,2017-05-30,1
3039,20170530,3040,194000,195000,19,4000,2017-05-30,1
3040,20170530,3041,195000,200000,19,5000,2017-05-30,1
3041,20170530,3042,200000,201000,20,0,2017-05-30,1
3042,20170530,3043,201000,202000,20,1000,2017-05-30,1
3043,20170530,3044,202000,203000,20,2000,2017-05-30,1
3044,20170530,3045,203000,204000,20,3000,2017-05-30,1
3045,20170530,3046,204000,205000,20,4000,2017-05-30,1
3046,20170530,3047,205000,210000,20,5000,2017-05-30,1
3047,20170530,3048,210000,211000,21,0,2017-05-30,1
3048,20170530,3049,211000,212000,21,1000,2017-05-30,1
3049,20170530,3050,212000,213000,21,2000,2017-05-30,1
3050,20170530,3051,213000,214000,21,3000,2017-05-30,1
3051,20170530,3052,214000,215000,21,4000,2017-05-30,1
3052,20170530,3053,215000,220000,21,5000,2017-05-30,1
3053,20170530,3054,220000,221000,22,0,2017-05-30,1
3054,20170530,3055,221000,222000,22,1000,2017-05-30,1
3055,20170530,3056,222000,223000,22,2000,2017-05-30,1
3056,20170530,3057,223000,224000,22,3000,2017-05-30,1
3057,20170530,3058,224000,225000,22,4000,2017-05-30,1
3058,20170530,3059,225000,230000,22,5000,2017-05-30,1
3059,20170531,3060,60000,61000,60,0,2017-05-31,2
3060,20170531,3061,61000,62000,61,0,2017-05-31,2
3061,20170531,3062,62000,63000,62,0,2017-05-31,2
3062,20170531,3063,63000,64000,63,0,2017-05-31,2
3063,20170531,3064,64000,65000,64,0,2017-05-31,2
3064,20170531,3065,65000,70000,65,0,2017-05-31,2
3065,20170531,3066,70000,71000,70,0,2017-05-31,2
3066,20170531,3067,71000,72000,71,0,2017-05-31,2
3067,20170531,3068,72000,73000,72,0,2017-05-31,2
3068,20170531,3069,73000,74000,73,0,2017-05-31,2
3069,20170531,3070,74000,75000,74,0,2017-05-31,2
3070,20170531,3071,75000,80000,75,0,2017-05-31,2
3071,20170531,3072,80000,81000,80,0,2017-05-31,2
3072,20170531,3073,81000,82000,81,0,2017-05-31,2
3073,20170531,3074,82000,83000,82,0,2017-05-31,2
3074,20170531,3075,83000,84000,83,0,2017-05-31,2
3075,20170531,3076,84000,85000,84,0,2017-05-31,2
3076,20170531,3077,85000,90000,85,0,2017-05-31,2
3077,20170531,3078,90000,91000,90,0,2017-05-31,2
3078,20170531,3079,91000,92000,91,0,2017-05-31,2
3079,20170531,3080,92000,93000,92,0,2017-05-31,2
3080,20170531,3081,93000,94000,93,0,2017-05-31,2
3081,20170531,3082,94000,95000,94,0,2017-05-31,2
3082,20170531,3083,95000,100000,95,0,2017-05-31,2
3083,20170531,3084,100000,101000,10,0,2017-05-31,2
3084,20170531,3085,101000,102000,10,1000,2017-05-31,2
3085,20170531,3086,102000,103000,10,2000,2017-05-31,2
3086,20170531,3087,103000,104000,10,3000,2017-05-31,2
3087,20170531,3088,104000,105000,10,4000,2017-05-31,2
3088,20170531,3089,105000,110000,10,5000,2017-05-31,2
3089,20170531,3090,110000,111000,11,0,2017-05-31,2
3090,20170531,3091,111000,112000,11,1000,2017-05-31,2
3091,20170531,3092,112000,113000,11,2000,2017-05-31,2
3092,20170531,3093,113000,114000,11,3000,2017-05-31,2
3093,20170531,3094,114000,115000,11,4000,2017-05-31,2
3094,20170531,3095,115000,120000,11,5000,2017-05-31,2
3095,20170531,3096,120000,121000,12,0,2017-05-31,2
3096,20170531,3097,121000,122000,12,1000,2017-05-31,2
3097,20170531,3098,122000,123000,12,2000,2017-05-31,2
3098,20170531,3099,123000,124000,12,3000,2017-05-31,2
3099,20170531,3100,124000,125000,12,4000,2017-05-31,2
3100,20170531,3101,125000,130000,12,5000,2017-05-31,2
3101,20170531,3102,130000,131000,13,0,2017-05-31,2
3102,20170531,3103,131000,132000,13,1000,2017-05-31,2
3103,20170531,3104,132000,133000,13,2000,2017-05-31,2
3104,20170531,3105,133000,134000,13,3000,2017-05-31,2
3105,20170531,3106,134000,135000,13,4000,2017-05-31,2
3106,20170531,3107,135000,140000,13,5000,2017-05-31,2
3107,20170531,3108,140000,141000,14,0,2017-05-31,2
3108,20170531,3109,141000,142000,14,1000,2017-05-31,2
3109,20170531,3110,142000,143000,14,2000,2017-05-31,2
3110,20170531,3111,143000,144000,14,3000,2017-05-31,2
3111,20170531,3112,144000,145000,14,4000,2017-05-31,2
3112,20170531,3113,145000,150000,14,5000,2017-05-31,2
3113,20170531,3114,150000,151000,15,0,2017-05-31,2
3114,20170531,3115,151000,152000,15,1000,2017-05-31,2
3115,20170531,3116,152000,153000,15,2000,2017-05-31,2
3116,20170531,3117,153000,154000,15,3000,2017-05-31,2
3117,20170531,3118,154000,155000,15,4000,2017-05-31,2
3118,20170531,3119,155000,160000,15,5000,2017-05-31,2
3119,20170531,3120,160000,161000,16,0,2017-05-31,2
3120,20170531,3121,161000,162000,16,1000,2017-05-31,2
3121,20170531,3122,162000,163000,16,2000,2017-05-31,2
3122,20170531,3123,163000,164000,16,3000,2017-05-31,2
3123,20170531,3124,164000,165000,16,4000,2017-05-31,2
3124,20170531,3125,165000,170000,16,5000,2017-05-31,2
3125,20170531,3126,170000,171000,17,0,2017-05-31,2
3126,20170531,3127,171000,172000,17,1000,2017-05-31,2
3127,20170531,3128,172000,173000,17,2000,2017-05-31,2
3128,20170531,3129,173000,174000,17,3000,2017-05-31,2
3129,20170531,3130,174000,175000,17,4000,2017-05-31,2
3130,20170531,3131,175000,180000,17,5000,2017-05-31,2
3131,20170531,3132,180000,181000,18,0,2017-05-31,2
3132,20170531,3133,181000,182000,18,1000,2017-05-31,2
3133,20170531,3134,182000,183000,18,2000,2017-05-31,2
3134,20170531,3135,183000,184000,18,3000,2017-05-31,2
3135,20170531,3136,184000,185000,18,4000,2017-05-31,2
3136,20170531,3137,185000,190000,18,5000,2017-05-31,2
3137,20170531,3138,190000,191000,19,0,2017-05-31,2
3138,20170531,3139,191000,192000,19,1000,2017-05-31,2
3139,20170531,3140,192000,193000,19,2000,2017-05-31,2
3140,20170531,3141,193000,194000,19,3000,2017-05-31,2
3141,20170531,3142,194000,195000,19,4000,2017-05-31,2
3142,20170531,3143,195000,200000,19,5000,2017-05-31,2
3143,20170531,3144,200000,201000,20,0,2017-05-31,2
3144,20170531,3145,201000,202000,20,1000,2017-05-31,2
3145,20170531,3146,202000,203000,20,2000,2017-05-31,2
3146,20170531,3147,203000,204000,20,3000,2017-05-31,2
3147,20170531,3148,204000,205000,20,4000,2017-05-31,2
3148,20170531,3149,205000,210000,20,5000,2017-05-31,2
3149,20170531,3150,210000,211000,21,0,2017-05-31,2
3150,20170531,3151,211000,212000,21,1000,2017-05-31,2
3151,20170531,3152,212000,213000,21,2000,2017-05-31,2
3152,20170531,3153,213000,214000,21,3000,2017-05-31,2
3153,20170531,3154,214000,215000,21,4000,2017-05-31,2
3154,20170531,3155,215000,220000,21,5000,2017-05-31,2
3155,20170531,3156,220000,221000,22,0,2017-05-31,2
3156,20170531,3157,221000,222000,22,1000,2017-05-31,2
3157,20170531,3158,222000,223000,22,2000,2017-05-31,2
3158,20170531,3159,223000,224000,22,3000,2017-05-31,2
3159,20170531,3160,224000,225000,22,4000,2017-05-31,2
3160,20170531,3161,225000,230000,22,5000,2017-05-31,2
3161,20170601,3162,60000,61000,60,0,2017-06-01,3
3162,20170601,3163,61000,62000,61,0,2017-06-01,3
3163,20170601,3164,62000,63000,62,0,2017-06-01,3
3164,20170601,3165,63000,64000,63,0,2017-06-01,3
3165,20170601,3166,64000,65000,64,0,2017-06-01,3
3166,20170601,3167,65000,70000,65,0,2017-06-01,3
3167,20170601,3168,70000,71000,70,0,2017-06-01,3
3168,20170601,3169,71000,72000,71,0,2017-06-01,3
3169,20170601,3170,72000,73000,72,0,2017-06-01,3
3170,20170601,3171,73000,74000,73,0,2017-06-01,3
3171,20170601,3172,74000,75000,74,0,2017-06-01,3
3172,20170601,3173,75000,80000,75,0,2017-06-01,3
3173,20170601,3174,80000,81000,80,0,2017-06-01,3
3174,20170601,3175,81000,82000,81,0,2017-06-01,3
3175,20170601,3176,82000,83000,82,0,2017-06-01,3
3176,20170601,3177,83000,84000,83,0,2017-06-01,3
3177,20170601,3178,84000,85000,84,0,2017-06-01,3
3178,20170601,3179,85000,90000,85,0,2017-06-01,3
3179,20170601,3180,90000,91000,90,0,2017-06-01,3
3180,20170601,3181,91000,92000,91,0,2017-06-01,3
3181,20170601,3182,92000,93000,92,0,2017-06-01,3
3182,20170601,3183,93000,94000,93,0,2017-06-01,3
3183,20170601,3184,94000,95000,94,0,2017-06-01,3
3184,20170601,3185,95000,100000,95,0,2017-06-01,3
3185,20170601,3186,100000,101000,10,0,2017-06-01,3
3186,20170601,3187,101000,102000,10,1000,2017-06-01,3
3187,20170601,3188,102000,103000,10,2000,2017-06-01,3
3188,20170601,3189,103000,104000,10,3000,2017-06-01,3
3189,20170601,3190,104000,105000,10,4000,2017-06-01,3
3190,20170601,3191,105000,110000,10,5000,2017-06-01,3
3191,20170601,3192,110000,111000,11,0,2017-06-01,3
3192,20170601,3193,111000,112000,11,1000,2017-06-01,3
3193,20170601,3194,112000,113000,11,2000,2017-06-01,3
3194,20170601,3195,113000,114000,11,3000,2017-06-01,3
3195,20170601,3196,114000,115000,11,4000,2017-06-01,3
3196,20170601,3197,115000,120000,11,5000,2017-06-01,3
3197,20170601,3198,120000,121000,12,0,2017-06-01,3
3198,20170601,3199,121000,122000,12,1000,2017-06-01,3
3199,20170601,3200,122000,123000,12,2000,2017-06-01,3
3200,20170601,3201,123000,124000,12,3000,2017-06-01,3
3201,20170601,3202,124000,125000,12,4000,2017-06-01,3
3202,20170601,3203,125000,130000,12,5000,2017-06-01,3
3203,20170601,3204,130000,131000,13,0,2017-06-01,3
3204,20170601,3205,131000,132000,13,1000,2017-06-01,3
3205,20170601,3206,132000,133000,13,2000,2017-06-01,3
3206,20170601,3207,133000,134000,13,3000,2017-06-01,3
3207,20170601,3208,134000,135000,13,4000,2017-06-01,3
3208,20170601,3209,135000,140000,13,5000,2017-06-01,3
3209,20170601,3210,140000,141000,14,0,2017-06-01,3
3210,20170601,3211,141000,142000,14,1000,2017-06-01,3
3211,20170601,3212,142000,143000,14,2000,2017-06-01,3
3212,20170601,3213,143000,144000,14,3000,2017-06-01,3
3213,20170601,3214,144000,145000,14,4000,2017-06-01,3
3214,20170601,3215,145000,150000,14,5000,2017-06-01,3
3215,20170601,3216,150000,151000,15,0,2017-06-01,3
3216,20170601,3217,151000,152000,15,1000,2017-06-01,3
3217,20170601,3218,152000,153000,15,2000,2017-06-01,3
3218,20170601,3219,153000,154000,15,3000,2017-06-01,3
3219,20170601,3220,154000,155000,15,4000,2017-06-01,3
3220,20170601,3221,155000,160000,15,5000,2017-06-01,3
3221,20170601,3222,160000,161000,16,0,2017-06-01,3
3222,20170601,3223,161000,162000,16,1000,2017-06-01,3
3223,20170601,3224,162000,163000,16,2000,2017-06-01,3
3224,20170601,3225,163000,164000,16,3000,2017-06-01,3
3225,20170601,3226,164000,165000,16,4000,2017-06-01,3
3226,20170601,3227,165000,170000,16,5000,2017-06-01,3
3227,20170601,3228,170000,171000,17,0,2017-06-01,3
3228,20170601,3229,171000,172000,17,1000,2017-06-01,3
3229,20170601,3230,172000,173000,17,2000,2017-06-01,3
3230,20170601,3231,173000,174000,17,3000,2017-06-01,3
3231,20170601,3232,174000,175000,17,4000,2017-06-01,3
3232,20170601,3233,175000,180000,17,5000,2017-06-01,3
3233,20170601,3234,180000,181000,18,0,2017-06-01,3
3234,20170601,3235,181000,182000,18,1000,2017-06-01,3
3235,20170601,3236,182000,183000,18,2000,2017-06-01,3
3236,20170601,3237,183000,184000,18,3000,2017-06-01,3
3237,20170601,3238,184000,185000,18,4000,2017-06-01,3
3238,20170601,3239,185000,190000,18,5000,2017-06-01,3
3239,20170601,3240,190000,191000,19,0,2017-06-01,3
3240,20170601,3241,191000,192000,19,1000,2017-06-01,3
3241,20170601,3242,192000,193000,19,2000,2017-06-01,3
3242,20170601,3243,193000,194000,19,3000,2017-06-01,3
3243,20170601,3244,194000,195000,19,4000,2017-06-01,3
3244,20170601,3245,195000,200000,19,5000,2017-06-01,3
3245,20170601,3246,200000,201000,20,0,2017-06-01,3
3246,20170601,3247,201000,202000,20,1000,2017-06-01,3
3247,20170601,3248,202000,203000,20,2000,2017-06-01,3
3248,20170601,3249,203000,204000,20,3000,2017-06-01,3
3249,20170601,3250,204000,205000,20,4000,2017-06-01,3
3250,20170601,3251,205000,210000,20,5000,2017-06-01,3
3251,20170601,3252,210000,211000,21,0,2017-06-01,3
3252,20170601,3253,211000,212000,21,1000,2017-06-01,3
3253,20170601,3254,212000,213000,21,2000,2017-06-01,3
3254,20170601,3255,213000,214000,21,3000,2017-06-01,3
3255,20170601,3256,214000,215000,21,4000,2017-06-01,3
3256,20170601,3257,215000,220000,21,5000,2017-06-01,3
3257,20170601,3258,220000,221000,22,0,2017-06-01,3
3258,20170601,3259,221000,222000,22,1000,2017-06-01,3
3259,20170601,3260,222000,223000,22,2000,2017-06-01,3
3260,20170601,3261,223000,224000,22,3000,2017-06-01,3
3261,20170601,3262,224000,225000,22,4000,2017-06-01,3
3262,20170601,3263,225000,230000,22,5000,2017-06-01,3
3263,20170602,3264,60000,61000,60,0,2017-06-02,4
3264,20170602,3265,61000,62000,61,0,2017-06-02,4
3265,20170602,3266,62000,63000,62,0,2017-06-02,4
3266,20170602,3267,63000,64000,63,0,2017-06-02,4
3267,20170602,3268,64000,65000,64,0,2017-06-02,4
3268,20170602,3269,65000,70000,65,0,2017-06-02,4
3269,20170602,3270,70000,71000,70,0,2017-06-02,4
3270,20170602,3271,71000,72000,71,0,2017-06-02,4
3271,20170602,3272,72000,73000,72,0,2017-06-02,4
3272,20170602,3273,73000,74000,73,0,2017-06-02,4
3273,20170602,3274,74000,75000,74,0,2017-06-02,4
3274,20170602,3275,75000,80000,75,0,2017-06-02,4
3275,20170602,3276,80000,81000,80,0,2017-06-02,4
3276,20170602,3277,81000,82000,81,0,2017-06-02,4
3277,20170602,3278,82000,83000,82,0,2017-06-02,4
3278,20170602,3279,83000,84000,83,0,2017-06-02,4
3279,20170602,3280,84000,85000,84,0,2017-06-02,4
3280,20170602,3281,85000,90000,85,0,2017-06-02,4
3281,20170602,3282,90000,91000,90,0,2017-06-02,4
3282,20170602,3283,91000,92000,91,0,2017-06-02,4
3283,20170602,3284,92000,93000,92,0,2017-06-02,4
3284,20170602,3285,93000,94000,93,0,2017-06-02,4
3285,20170602,3286,94000,95000,94,0,2017-06-02,4
3286,20170602,3287,95000,100000,95,0,2017-06-02,4
3287,20170602,3288,100000,101000,10,0,2017-06-02,4
3288,20170602,3289,101000,102000,10,1000,2017-06-02,4
3289,20170602,3290,102000,103000,10,2000,2017-06-02,4
3290,20170602,3291,103000,104000,10,3000,2017-06-02,4
3291,20170602,3292,104000,105000,10,4000,2017-06-02,4
3292,20170602,3293,105000,110000,10,5000,2017-06-02,4
3293,20170602,3294,110000,111000,11,0,2017-06-02,4
3294,20170602,3295,111000,112000,11,1000,2017-06-02,4
3295,20170602,3296,112000,113000,11,2000,2017-06-02,4
3296,20170602,3297,113000,114000,11,3000,2017-06-02,4
3297,20170602,3298,114000,115000,11,4000,2017-06-02,4
3298,20170602,3299,115000,120000,11,5000,2017-06-02,4
3299,20170602,3300,120000,121000,12,0,2017-06-02,4
3300,20170602,3301,121000,122000,12,1000,2017-06-02,4
3301,20170602,3302,122000,123000,12,2000,2017-06-02,4
3302,20170602,3303,123000,124000,12,3000,2017-06-02,4
3303,20170602,3304,124000,125000,12,4000,2017-06-02,4
3304,20170602,3305,125000,130000,12,5000,2017-06-02,4
3305,20170602,3306,130000,131000,13,0,2017-06-02,4
3306,20170602,3307,131000,132000,13,1000,2017-06-02,4
3307,20170602,3308,132000,133000,13,2000,2017-06-02,4
3308,20170602,3309,133000,134000,13,3000,2017-06-02,4
3309,20170602,3310,134000,135000,13,4000,2017-06-02,4
3310,20170602,3311,135000,140000,13,5000,2017-06-02,4
3311,20170602,3312,140000,141000,14,0,2017-06-02,4
3312,20170602,3313,141000,142000,14,1000,2017-06-02,4
3313,20170602,3314,142000,143000,14,2000,2017-06-02,4
3314,20170602,3315,143000,144000,14,3000,2017-06-02,4
3315,20170602,3316,144000,145000,14,4000,2017-06-02,4
3316,20170602,3317,145000,150000,14,5000,2017-06-02,4
3317,20170602,3318,150000,151000,15,0,2017-06-02,4
3318,20170602,3319,151000,152000,15,1000,2017-06-02,4
3319,20170602,3320,152000,153000,15,2000,2017-06-02,4
3320,20170602,3321,153000,154000,15,3000,2017-06-02,4
3321,20170602,3322,154000,155000,15,4000,2017-06-02,4
3322,20170602,3323,155000,160000,15,5000,2017-06-02,4
3323,20170602,3324,160000,161000,16,0,2017-06-02,4
3324,20170602,3325,161000,162000,16,1000,2017-06-02,4
3325,20170602,3326,162000,163000,16,2000,2017-06-02,4
3326,20170602,3327,163000,164000,16,3000,2017-06-02,4
3327,20170602,3328,164000,165000,16,4000,2017-06-02,4
3328,20170602,3329,165000,170000,16,5000,2017-06-02,4
3329,20170602,3330,170000,171000,17,0,2017-06-02,4
3330,20170602,3331,171000,172000,17,1000,2017-06-02,4
3331,20170602,3332,172000,173000,17,2000,2017-06-02,4
3332,20170602,3333,173000,174000,17,3000,2017-06-02,4
3333,20170602,3334,174000,175000,17,4000,2017-06-02,4
3334,20170602,3335,175000,180000,17,5000,2017-06-02,4
3335,20170602,3336,180000,181000,18,0,2017-06-02,4
3336,20170602,3337,181000,182000,18,1000,2017-06-02,4
3337,20170602,3338,182000,183000,18,2000,2017-06-02,4
3338,20170602,3339,183000,184000,18,3000,2017-06-02,4
3339,20170602,3340,184000,185000,18,4000,2017-06-02,4
3340,20170602,3341,185000,190000,18,5000,2017-06-02,4
3341,20170602,3342,190000,191000,19,0,2017-06-02,4
3342,20170602,3343,191000,192000,19,1000,2017-06-02,4
3343,20170602,3344,192000,193000,19,2000,2017-06-02,4
3344,20170602,3345,193000,194000,19,3000,2017-06-02,4
3345,20170602,3346,194000,195000,19,4000,2017-06-02,4
3346,20170602,3347,195000,200000,19,5000,2017-06-02,4
3347,20170602,3348,200000,201000,20,0,2017-06-02,4
3348,20170602,3349,201000,202000,20,1000,2017-06-02,4
3349,20170602,3350,202000,203000,20,2000,2017-06-02,4
3350,20170602,3351,203000,204000,20,3000,2017-06-02,4
3351,20170602,3352,204000,205000,20,4000,2017-06-02,4
3352,20170602,3353,205000,210000,20,5000,2017-06-02,4
3353,20170602,3354,210000,211000,21,0,2017-06-02,4
3354,20170602,3355,211000,212000,21,1000,2017-06-02,4
3355,20170602,3356,212000,213000,21,2000,2017-06-02,4
3356,20170602,3357,213000,214000,21,3000,2017-06-02,4
3357,20170602,3358,214000,215000,21,4000,2017-06-02,4
3358,20170602,3359,215000,220000,21,5000,2017-06-02,4
3359,20170602,3360,220000,221000,22,0,2017-06-02,4
3360,20170602,3361,221000,222000,22,1000,2017-06-02,4
3361,20170602,3362,222000,223000,22,2000,2017-06-02,4
3362,20170602,3363,223000,224000,22,3000,2017-06-02,4
3363,20170602,3364,224000,225000,22,4000,2017-06-02,4
3364,20170602,3365,225000,230000,22,5000,2017-06-02,4
3365,20170603,3366,60000,61000,60,0,2017-06-03,5
3366,20170603,3367,61000,62000,61,0,2017-06-03,5
3367,20170603,3368,62000,63000,62,0,2017-06-03,5
3368,20170603,3369,63000,64000,63,0,2017-06-03,5
3369,20170603,3370,64000,65000,64,0,2017-06-03,5
3370,20170603,3371,65000,70000,65,0,2017-06-03,5
3371,20170603,3372,70000,71000,70,0,2017-06-03,5
3372,20170603,3373,71000,72000,71,0,2017-06-03,5
3373,20170603,3374,72000,73000,72,0,2017-06-03,5
3374,20170603,3375,73000,74000,73,0,2017-06-03,5
3375,20170603,3376,74000,75000,74,0,2017-06-03,5
3376,20170603,3377,75000,80000,75,0,2017-06-03,5
3377,20170603,3378,80000,81000,80,0,2017-06-03,5
3378,20170603,3379,81000,82000,81,0,2017-06-03,5
3379,20170603,3380,82000,83000,82,0,2017-06-03,5
3380,20170603,3381,83000,84000,83,0,2017-06-03,5
3381,20170603,3382,84000,85000,84,0,2017-06-03,5
3382,20170603,3383,85000,90000,85,0,2017-06-03,5
3383,20170603,3384,90000,91000,90,0,2017-06-03,5
3384,20170603,3385,91000,92000,91,0,2017-06-03,5
3385,20170603,3386,92000,93000,92,0,2017-06-03,5
3386,20170603,3387,93000,94000,93,0,2017-06-03,5
3387,20170603,3388,94000,95000,94,0,2017-06-03,5
3388,20170603,3389,95000,100000,95,0,2017-06-03,5
3389,20170603,3390,100000,101000,10,0,2017-06-03,5
3390,20170603,3391,101000,102000,10,1000,2017-06-03,5
3391,20170603,3392,102000,103000,10,2000,2017-06-03,5
3392,20170603,3393,103000,104000,10,3000,2017-06-03,5
3393,20170603,3394,104000,105000,10,4000,2017-06-03,5
3394,20170603,3395,105000,110000,10,5000,2017-06-03,5
3395,20170603,3396,110000,111000,11,0,2017-06-03,5
3396,20170603,3397,111000,112000,11,1000,2017-06-03,5
3397,20170603,3398,112000,113000,11,2000,2017-06-03,5
3398,20170603,3399,113000,114000,11,3000,2017-06-03,5
3399,20170603,3400,114000,115000,11,4000,2017-06-03,5
3400,20170603,3401,115000,120000,11,5000,2017-06-03,5
3401,20170603,3402,120000,121000,12,0,2017-06-03,5
3402,20170603,3403,121000,122000,12,1000,2017-06-03,5
3403,20170603,3404,122000,123000,12,2000,2017-06-03,5
3404,20170603,3405,123000,124000,12,3000,2017-06-03,5
3405,20170603,3406,124000,125000,12,4000,2017-06-03,5
3406,20170603,3407,125000,130000,12,5000,2017-06-03,5
3407,20170603,3408,130000,131000,13,0,2017-06-03,5
3408,20170603,3409,131000,132000,13,1000,2017-06-03,5
3409,20170603,3410,132000,133000,13,2000,2017-06-03,5
3410,20170603,3411,133000,134000,13,3000,2017-06-03,5
3411,20170603,3412,134000,135000,13,4000,2017-06-03,5
3412,20170603,3413,135000,140000,13,5000,2017-06-03,5
3413,20170603,3414,140000,141000,14,0,2017-06-03,5
3414,20170603,3415,141000,142000,14,1000,2017-06-03,5
3415,20170603,3416,142000,143000,14,2000,2017-06-03,5
3416,20170603,3417,143000,144000,14,3000,2017-06-03,5
3417,20170603,3418,144000,145000,14,4000,2017-06-03,5
3418,20170603,3419,145000,150000,14,5000,2017-06-03,5
3419,20170603,3420,150000,151000,15,0,2017-06-03,5
3420,20170603,3421,151000,152000,15,1000,2017-06-03,5
3421,20170603,3422,152000,153000,15,2000,2017-06-03,5
3422,20170603,3423,153000,154000,15,3000,2017-06-03,5
3423,20170603,3424,154000,155000,15,4000,2017-06-03,5
3424,20170603,3425,155000,160000,15,5000,2017-06-03,5
3425,20170603,3426,160000,161000,16,0,2017-06-03,5
3426,20170603,3427,161000,162000,16,1000,2017-06-03,5
3427,20170603,3428,162000,163000,16,2000,2017-06-03,5
3428,20170603,3429,163000,164000,16,3000,2017-06-03,5
3429,20170603,3430,164000,165000,16,4000,2017-06-03,5
3430,20170603,3431,165000,170000,16,5000,2017-06-03,5
3431,20170603,3432,170000,171000,17,0,2017-06-03,5
3432,20170603,3433,171000,172000,17,1000,2017-06-03,5
3433,20170603,3434,172000,173000,17,2000,2017-06-03,5
3434,20170603,3435,173000,174000,17,3000,2017-06-03,5
3435,20170603,3436,174000,175000,17,4000,2017-06-03,5
3436,20170603,3437,175000,180000,17,5000,2017-06-03,5
3437,20170603,3438,180000,181000,18,0,2017-06-03,5
3438,20170603,3439,181000,182000,18,1000,2017-06-03,5
3439,20170603,3440,182000,183000,18,2000,2017-06-03,5
3440,20170603,3441,183000,184000,18,3000,2017-06-03,5
3441,20170603,3442,184000,185000,18,4000,2017-06-03,5
3442,20170603,3443,185000,190000,18,5000,2017-06-03,5
3443,20170603,3444,190000,191000,19,0,2017-06-03,5
3444,20170603,3445,191000,192000,19,1000,2017-06-03,5
3445,20170603,3446,192000,193000,19,2000,2017-06-03,5
3446,20170603,3447,193000,194000,19,3000,2017-06-03,5
3447,20170603,3448,194000,195000,19,4000,2017-06-03,5
3448,20170603,3449,195000,200000,19,5000,2017-06-03,5
3449,20170603,3450,200000,201000,20,0,2017-06-03,5
3450,20170603,3451,201000,202000,20,1000,2017-06-03,5
3451,20170603,3452,202000,203000,20,2000,2017-06-03,5
3452,20170603,3453,203000,204000,20,3000,2017-06-03,5
3453,20170603,3454,204000,205000,20,4000,2017-06-03,5
3454,20170603,3455,205000,210000,20,5000,2017-06-03,5
3455,20170603,3456,210000,211000,21,0,2017-06-03,5
3456,20170603,3457,211000,212000,21,1000,2017-06-03,5
3457,20170603,3458,212000,213000,21,2000,2017-06-03,5
3458,20170603,3459,213000,214000,21,3000,2017-06-03,5
3459,20170603,3460,214000,215000,21,4000,2017-06-03,5
3460,20170603,3461,215000,220000,21,5000,2017-06-03,5
3461,20170603,3462,220000,221000,22,0,2017-06-03,5
3462,20170603,3463,221000,222000,22,1000,2017-06-03,5
3463,20170603,3464,222000,223000,22,2000,2017-06-03,5
3464,20170603,3465,223000,224000,22,3000,2017-06-03,5
3465,20170603,3466,224000,225000,22,4000,2017-06-03,5
3466,20170603,3467,225000,230000,22,5000,2017-06-03,5
3467,20170604,3468,60000,61000,60,0,2017-06-04,6
3468,20170604,3469,61000,62000,61,0,2017-06-04,6
3469,20170604,3470,62000,63000,62,0,2017-06-04,6
3470,20170604,3471,63000,64000,63,0,2017-06-04,6
3471,20170604,3472,64000,65000,64,0,2017-06-04,6
3472,20170604,3473,65000,70000,65,0,2017-06-04,6
3473,20170604,3474,70000,71000,70,0,2017-06-04,6
3474,20170604,3475,71000,72000,71,0,2017-06-04,6
3475,20170604,3476,72000,73000,72,0,2017-06-04,6
3476,20170604,3477,73000,74000,73,0,2017-06-04,6
3477,20170604,3478,74000,75000,74,0,2017-06-04,6
3478,20170604,3479,75000,80000,75,0,2017-06-04,6
3479,20170604,3480,80000,81000,80,0,2017-06-04,6
3480,20170604,3481,81000,82000,81,0,2017-06-04,6
3481,20170604,3482,82000,83000,82,0,2017-06-04,6
3482,20170604,3483,83000,84000,83,0,2017-06-04,6
3483,20170604,3484,84000,85000,84,0,2017-06-04,6
3484,20170604,3485,85000,90000,85,0,2017-06-04,6
3485,20170604,3486,90000,91000,90,0,2017-06-04,6
3486,20170604,3487,91000,92000,91,0,2017-06-04,6
3487,20170604,3488,92000,93000,92,0,2017-06-04,6
3488,20170604,3489,93000,94000,93,0,2017-06-04,6
3489,20170604,3490,94000,95000,94,0,2017-06-04,6
3490,20170604,3491,95000,100000,95,0,2017-06-04,6
3491,20170604,3492,100000,101000,10,0,2017-06-04,6
3492,20170604,3493,101000,102000,10,1000,2017-06-04,6
3493,20170604,3494,102000,103000,10,2000,2017-06-04,6
3494,20170604,3495,103000,104000,10,3000,2017-06-04,6
3495,20170604,3496,104000,105000,10,4000,2017-06-04,6
3496,20170604,3497,105000,110000,10,5000,2017-06-04,6
3497,20170604,3498,110000,111000,11,0,2017-06-04,6
3498,20170604,3499,111000,112000,11,1000,2017-06-04,6
3499,20170604,3500,112000,113000,11,2000,2017-06-04,6
3500,20170604,3501,113000,114000,11,3000,2017-06-04,6
3501,20170604,3502,114000,115000,11,4000,2017-06-04,6
3502,20170604,3503,115000,120000,11,5000,2017-06-04,6
3503,20170604,3504,120000,121000,12,0,2017-06-04,6
3504,20170604,3505,121000,122000,12,1000,2017-06-04,6
3505,20170604,3506,122000,123000,12,2000,2017-06-04,6
3506,20170604,3507,123000,124000,12,3000,2017-06-04,6
3507,20170604,3508,124000,125000,12,4000,2017-06-04,6
3508,20170604,3509,125000,130000,12,5000,2017-06-04,6
3509,20170604,3510,130000,131000,13,0,2017-06-04,6
3510,20170604,3511,131000,132000,13,1000,2017-06-04,6
3511,20170604,3512,132000,133000,13,2000,2017-06-04,6
3512,20170604,3513,133000,134000,13,3000,2017-06-04,6
3513,20170604,3514,134000,135000,13,4000,2017-06-04,6
3514,20170604,3515,135000,140000,13,5000,2017-06-04,6
3515,20170604,3516,140000,141000,14,0,2017-06-04,6
3516,20170604,3517,141000,142000,14,1000,2017-06-04,6
3517,20170604,3518,142000,143000,14,2000,2017-06-04,6
3518,20170604,3519,143000,144000,14,3000,2017-06-04,6
3519,20170604,3520,144000,145000,14,4000,2017-06-04,6
3520,20170604,3521,145000,150000,14,5000,2017-06-04,6
3521,20170604,3522,150000,151000,15,0,2017-06-04,6
3522,20170604,3523,151000,152000,15,1000,2017-06-04,6
3523,20170604,3524,152000,153000,15,2000,2017-06-04,6
3524,20170604,3525,153000,154000,15,3000,2017-06-04,6
3525,20170604,3526,154000,155000,15,4000,2017-06-04,6
3526,20170604,3527,155000,160000,15,5000,2017-06-04,6
3527,20170604,3528,160000,161000,16,0,2017-06-04,6
3528,20170604,3529,161000,162000,16,1000,2017-06-04,6
3529,20170604,3530,162000,163000,16,2000,2017-06-04,6
3530,20170604,3531,163000,164000,16,3000,2017-06-04,6
3531,20170604,3532,164000,165000,16,4000,2017-06-04,6
3532,20170604,3533,165000,170000,16,5000,2017-06-04,6
3533,20170604,3534,170000,171000,17,0,2017-06-04,6
3534,20170604,3535,171000,172000,17,1000,2017-06-04,6
3535,20170604,3536,172000,173000,17,2000,2017-06-04,6
3536,20170604,3537,173000,174000,17,3000,2017-06-04,6
3537,20170604,3538,174000,175000,17,4000,2017-06-04,6
3538,20170604,3539,175000,180000,17,5000,2017-06-04,6
3539,20170604,3540,180000,181000,18,0,2017-06-04,6
3540,20170604,3541,181000,182000,18,1000,2017-06-04,6
3541,20170604,3542,182000,183000,18,2000,2017-06-04,6
3542,20170604,3543,183000,184000,18,3000,2017-06-04,6
3543,20170604,3544,184000,185000,18,4000,2017-06-04,6
3544,20170604,3545,185000,190000,18,5000,2017-06-04,6
3545,20170604,3546,190000,191000,19,0,2017-06-04,6
3546,20170604,3547,191000,192000,19,1000,2017-06-04,6
3547,20170604,3548,192000,193000,19,2000,2017-06-04,6
3548,20170604,3549,193000,194000,19,3000,2017-06-04,6
3549,20170604,3550,194000,195000,19,4000,2017-06-04,6
3550,20170604,3551,195000,200000,19,5000,2017-06-04,6
3551,20170604,3552,200000,201000,20,0,2017-06-04,6
3552,20170604,3553,201000,202000,20,1000,2017-06-04,6
3553,20170604,3554,202000,203000,20,2000,2017-06-04,6
3554,20170604,3555,203000,204000,20,3000,2017-06-04,6
3555,20170604,3556,204000,205000,20,4000,2017-06-04,6
3556,20170604,3557,205000,210000,20,5000,2017-06-04,6
3557,20170604,3558,210000,211000,21,0,2017-06-04,6
3558,20170604,3559,211000,212000,21,1000,2017-06-04,6
3559,20170604,3560,212000,213000,21,2000,2017-06-04,6
3560,20170604,3561,213000,214000,21,3000,2017-06-04,6
3561,20170604,3562,214000,215000,21,4000,2017-06-04,6
3562,20170604,3563,215000,220000,21,5000,2017-06-04,6
3563,20170604,3564,220000,221000,22,0,2017-06-04,6
3564,20170604,3565,221000,222000,22,1000,2017-06-04,6
3565,20170604,3566,222000,223000,22,2000,2017-06-04,6
3566,20170604,3567,223000,224000,22,3000,2017-06-04,6
3567,20170604,3568,224000,225000,22,4000,2017-06-04,6
3568,20170604,3569,225000,230000,22,5000,2017-06-04,6
3569,20170605,3570,60000,61000,60,0,2017-06-05,0
3570,20170605,3571,61000,62000,61,0,2017-06-05,0
3571,20170605,3572,62000,63000,62,0,2017-06-05,0
3572,20170605,3573,63000,64000,63,0,2017-06-05,0
3573,20170605,3574,64000,65000,64,0,2017-06-05,0
3574,20170605,3575,65000,70000,65,0,2017-06-05,0
3575,20170605,3576,70000,71000,70,0,2017-06-05,0
3576,20170605,3577,71000,72000,71,0,2017-06-05,0
3577,20170605,3578,72000,73000,72,0,2017-06-05,0
3578,20170605,3579,73000,74000,73,0,2017-06-05,0
3579,20170605,3580,74000,75000,74,0,2017-06-05,0
3580,20170605,3581,75000,80000,75,0,2017-06-05,0
3581,20170605,3582,80000,81000,80,0,2017-06-05,0
3582,20170605,3583,81000,82000,81,0,2017-06-05,0
3583,20170605,3584,82000,83000,82,0,2017-06-05,0
3584,20170605,3585,83000,84000,83,0,2017-06-05,0
3585,20170605,3586,84000,85000,84,0,2017-06-05,0
3586,20170605,3587,85000,90000,85,0,2017-06-05,0
3587,20170605,3588,90000,91000,90,0,2017-06-05,0
3588,20170605,3589,91000,92000,91,0,2017-06-05,0
3589,20170605,3590,92000,93000,92,0,2017-06-05,0
3590,20170605,3591,93000,94000,93,0,2017-06-05,0
3591,20170605,3592,94000,95000,94,0,2017-06-05,0
3592,20170605,3593,95000,100000,95,0,2017-06-05,0
3593,20170605,3594,100000,101000,10,0,2017-06-05,0
3594,20170605,3595,101000,102000,10,1000,2017-06-05,0
3595,20170605,3596,102000,103000,10,2000,2017-06-05,0
3596,20170605,3597,103000,104000,10,3000,2017-06-05,0
3597,20170605,3598,104000,105000,10,4000,2017-06-05,0
3598,20170605,3599,105000,110000,10,5000,2017-06-05,0
3599,20170605,3600,110000,111000,11,0,2017-06-05,0
3600,20170605,3601,111000,112000,11,1000,2017-06-05,0
3601,20170605,3602,112000,113000,11,2000,2017-06-05,0
3602,20170605,3603,113000,114000,11,3000,2017-06-05,0
3603,20170605,3604,114000,115000,11,4000,2017-06-05,0
3604,20170605,3605,115000,120000,11,5000,2017-06-05,0
3605,20170605,3606,120000,121000,12,0,2017-06-05,0
3606,20170605,3607,121000,122000,12,1000,2017-06-05,0
3607,20170605,3608,122000,123000,12,2000,2017-06-05,0
3608,20170605,3609,123000,124000,12,3000,2017-06-05,0
3609,20170605,3610,124000,125000,12,4000,2017-06-05,0
3610,20170605,3611,125000,130000,12,5000,2017-06-05,0
3611,20170605,3612,130000,131000,13,0,2017-06-05,0
3612,20170605,3613,131000,132000,13,1000,2017-06-05,0
3613,20170605,3614,132000,133000,13,2000,2017-06-05,0
3614,20170605,3615,133000,134000,13,3000,2017-06-05,0
3615,20170605,3616,134000,135000,13,4000,2017-06-05,0
3616,20170605,3617,135000,140000,13,5000,2017-06-05,0
3617,20170605,3618,140000,141000,14,0,2017-06-05,0
3618,20170605,3619,141000,142000,14,1000,2017-06-05,0
3619,20170605,3620,142000,143000,14,2000,2017-06-05,0
3620,20170605,3621,143000,144000,14,3000,2017-06-05,0
3621,20170605,3622,144000,145000,14,4000,2017-06-05,0
3622,20170605,3623,145000,150000,14,5000,2017-06-05,0
3623,20170605,3624,150000,151000,15,0,2017-06-05,0
3624,20170605,3625,151000,152000,15,1000,2017-06-05,0
3625,20170605,3626,152000,153000,15,2000,2017-06-05,0
3626,20170605,3627,153000,154000,15,3000,2017-06-05,0
3627,20170605,3628,154000,155000,15,4000,2017-06-05,0
3628,20170605,3629,155000,160000,15,5000,2017-06-05,0
3629,20170605,3630,160000,161000,16,0,2017-06-05,0
3630,20170605,3631,161000,162000,16,1000,2017-06-05,0
3631,20170605,3632,162000,163000,16,2000,2017-06-05,0
3632,20170605,3633,163000,164000,16,3000,2017-06-05,0
3633,20170605,3634,164000,165000,16,4000,2017-06-05,0
3634,20170605,3635,165000,170000,16,5000,2017-06-05,0
3635,20170605,3636,170000,171000,17,0,2017-06-05,0
3636,20170605,3637,171000,172000,17,1000,2017-06-05,0
3637,20170605,3638,172000,173000,17,2000,2017-06-05,0
3638,20170605,3639,173000,174000,17,3000,2017-06-05,0
3639,20170605,3640,174000,175000,17,4000,2017-06-05,0
3640,20170605,3641,175000,180000,17,5000,2017-06-05,0
3641,20170605,3642,180000,181000,18,0,2017-06-05,0
3642,20170605,3643,181000,182000,18,1000,2017-06-05,0
3643,20170605,3644,182000,183000,18,2000,2017-06-05,0
3644,20170605,3645,183000,184000,18,3000,2017-06-05,0
3645,20170605,3646,184000,185000,18,4000,2017-06-05,0
3646,20170605,3647,185000,190000,18,5000,2017-06-05,0
3647,20170605,3648,190000,191000,19,0,2017-06-05,0
3648,20170605,3649,191000,192000,19,1000,2017-06-05,0
3649,20170605,3650,192000,193000,19,2000,2017-06-05,0
3650,20170605,3651,193000,194000,19,3000,2017-06-05,0
3651,20170605,3652,194000,195000,19,4000,2017-06-05,0
3652,20170605,3653,195000,200000,19,5000,2017-06-05,0
3653,20170605,3654,200000,201000,20,0,2017-06-05,0
3654,20170605,3655,201000,202000,20,1000,2017-06-05,0
3655,20170605,3656,202000,203000,20,2000,2017-06-05,0
3656,20170605,3657,203000,204000,20,3000,2017-06-05,0
3657,20170605,3658,204000,205000,20,4000,2017-06-05,0
3658,20170605,3659,205000,210000,20,5000,2017-06-05,0
3659,20170605,3660,210000,211000,21,0,2017-06-05,0
3660,20170605,3661,211000,212000,21,1000,2017-06-05,0
3661,20170605,3662,212000,213000,21,2000,2017-06-05,0
3662,20170605,3663,213000,214000,21,3000,2017-06-05,0
3663,20170605,3664,214000,215000,21,4000,2017-06-05,0
3664,20170605,3665,215000,220000,21,5000,2017-06-05,0
3665,20170605,3666,220000,221000,22,0,2017-06-05,0
3666,20170605,3667,221000,222000,22,1000,2017-06-05,0
3667,20170605,3668,222000,223000,22,2000,2017-06-05,0
3668,20170605,3669,223000,224000,22,3000,2017-06-05,0
3669,20170605,3670,224000,225000,22,4000,2017-06-05,0
3670,20170605,3671,225000,230000,22,5000,2017-06-05,0
3671,20170606,3672,60000,61000,60,0,2017-06-06,1
3672,20170606,3673,61000,62000,61,0,2017-06-06,1
3673,20170606,3674,62000,63000,62,0,2017-06-06,1
3674,20170606,3675,63000,64000,63,0,2017-06-06,1
3675,20170606,3676,64000,65000,64,0,2017-06-06,1
3676,20170606,3677,65000,70000,65,0,2017-06-06,1
3677,20170606,3678,70000,71000,70,0,2017-06-06,1
3678,20170606,3679,71000,72000,71,0,2017-06-06,1
3679,20170606,3680,72000,73000,72,0,2017-06-06,1
3680,20170606,3681,73000,74000,73,0,2017-06-06,1
3681,20170606,3682,74000,75000,74,0,2017-06-06,1
3682,20170606,3683,75000,80000,75,0,2017-06-06,1
3683,20170606,3684,80000,81000,80,0,2017-06-06,1
3684,20170606,3685,81000,82000,81,0,2017-06-06,1
3685,20170606,3686,82000,83000,82,0,2017-06-06,1
3686,20170606,3687,83000,84000,83,0,2017-06-06,1
3687,20170606,3688,84000,85000,84,0,2017-06-06,1
3688,20170606,3689,85000,90000,85,0,2017-06-06,1
3689,20170606,3690,90000,91000,90,0,2017-06-06,1
3690,20170606,3691,91000,92000,91,0,2017-06-06,1
3691,20170606,3692,92000,93000,92,0,2017-06-06,1
3692,20170606,3693,93000,94000,93,0,2017-06-06,1
3693,20170606,3694,94000,95000,94,0,2017-06-06,1
3694,20170606,3695,95000,100000,95,0,2017-06-06,1
3695,20170606,3696,100000,101000,10,0,2017-06-06,1
3696,20170606,3697,101000,102000,10,1000,2017-06-06,1
3697,20170606,3698,102000,103000,10,2000,2017-06-06,1
3698,20170606,3699,103000,104000,10,3000,2017-06-06,1
3699,20170606,3700,104000,105000,10,4000,2017-06-06,1
3700,20170606,3701,105000,110000,10,5000,2017-06-06,1
3701,20170606,3702,110000,111000,11,0,2017-06-06,1
3702,20170606,3703,111000,112000,11,1000,2017-06-06,1
3703,20170606,3704,112000,113000,11,2000,2017-06-06,1
3704,20170606,3705,113000,114000,11,3000,2017-06-06,1
3705,20170606,3706,114000,115000,11,4000,2017-06-06,1
3706,20170606,3707,115000,120000,11,5000,2017-06-06,1
3707,20170606,3708,120000,121000,12,0,2017-06-06,1
3708,20170606,3709,121000,122000,12,1000,2017-06-06,1
3709,20170606,3710,122000,123000,12,2000,2017-06-06,1
3710,20170606,3711,123000,124000,12,3000,2017-06-06,1
3711,20170606,3712,124000,125000,12,4000,2017-06-06,1
3712,20170606,3713,125000,130000,12,5000,2017-06-06,1
3713,20170606,3714,130000,131000,13,0,2017-06-06,1
3714,20170606,3715,131000,132000,13,1000,2017-06-06,1
3715,20170606,3716,132000,133000,13,2000,2017-06-06,1
3716,20170606,3717,133000,134000,13,3000,2017-06-06,1
3717,20170606,3718,134000,135000,13,4000,2017-06-06,1
3718,20170606,3719,135000,140000,13,5000,2017-06-06,1
3719,20170606,3720,140000,141000,14,0,2017-06-06,1
3720,20170606,3721,141000,142000,14,1000,2017-06-06,1
3721,20170606,3722,142000,143000,14,2000,2017-06-06,1
3722,20170606,3723,143000,144000,14,3000,2017-06-06,1
3723,20170606,3724,144000,145000,14,4000,2017-06-06,1
3724,20170606,3725,145000,150000,14,5000,2017-06-06,1
3725,20170606,3726,150000,151000,15,0,2017-06-06,1
3726,20170606,3727,151000,152000,15,1000,2017-06-06,1
3727,20170606,3728,152000,153000,15,2000,2017-06-06,1
3728,20170606,3729,153000,154000,15,3000,2017-06-06,1
3729,20170606,3730,154000,155000,15,4000,2017-06-06,1
3730,20170606,3731,155000,160000,15,5000,2017-06-06,1
3731,20170606,3732,160000,161000,16,0,2017-06-06,1
3732,20170606,3733,161000,162000,16,1000,2017-06-06,1
3733,20170606,3734,162000,163000,16,2000,2017-06-06,1
3734,20170606,3735,163000,164000,16,3000,2017-06-06,1
3735,20170606,3736,164000,165000,16,4000,2017-06-06,1
3736,20170606,3737,165000,170000,16,5000,2017-06-06,1
3737,20170606,3738,170000,171000,17,0,2017-06-06,1
3738,20170606,3739,171000,172000,17,1000,2017-06-06,1
3739,20170606,3740,172000,173000,17,2000,2017-06-06,1
3740,20170606,3741,173000,174000,17,3000,2017-06-06,1
3741,20170606,3742,174000,175000,17,4000,2017-06-06,1
3742,20170606,3743,175000,180000,17,5000,2017-06-06,1
3743,20170606,3744,180000,181000,18,0,2017-06-06,1
3744,20170606,3745,181000,182000,18,1000,2017-06-06,1
3745,20170606,3746,182000,183000,18,2000,2017-06-06,1
3746,20170606,3747,183000,184000,18,3000,2017-06-06,1
3747,20170606,3748,184000,185000,18,4000,2017-06-06,1
3748,20170606,3749,185000,190000,18,5000,2017-06-06,1
3749,20170606,3750,190000,191000,19,0,2017-06-06,1
3750,20170606,3751,191000,192000,19,1000,2017-06-06,1
3751,20170606,3752,192000,193000,19,2000,2017-06-06,1
3752,20170606,3753,193000,194000,19,3000,2017-06-06,1
3753,20170606,3754,194000,195000,19,4000,2017-06-06,1
3754,20170606,3755,195000,200000,19,5000,2017-06-06,1
3755,20170606,3756,200000,201000,20,0,2017-06-06,1
3756,20170606,3757,201000,202000,20,1000,2017-06-06,1
3757,20170606,3758,202000,203000,20,2000,2017-06-06,1
3758,20170606,3759,203000,204000,20,3000,2017-06-06,1
3759,20170606,3760,204000,205000,20,4000,2017-06-06,1
3760,20170606,3761,205000,210000,20,5000,2017-06-06,1
3761,20170606,3762,210000,211000,21,0,2017-06-06,1
3762,20170606,3763,211000,212000,21,1000,2017-06-06,1
3763,20170606,3764,212000,213000,21,2000,2017-06-06,1
3764,20170606,3765,213000,214000,21,3000,2017-06-06,1
3765,20170606,3766,214000,215000,21,4000,2017-06-06,1
3766,20170606,3767,215000,220000,21,5000,2017-06-06,1
3767,20170606,3768,220000,221000,22,0,2017-06-06,1
3768,20170606,3769,221000,222000,22,1000,2017-06-06,1
3769,20170606,3770,222000,223000,22,2000,2017-06-06,1
3770,20170606,3771,223000,224000,22,3000,2017-06-06,1
3771,20170606,3772,224000,225000,22,4000,2017-06-06,1
3772,20170606,3773,225000,230000,22,5000,2017-06-06,1
3773,20170607,3774,60000,61000,60,0,2017-06-07,2
3774,20170607,3775,61000,62000,61,0,2017-06-07,2
3775,20170607,3776,62000,63000,62,0,2017-06-07,2
3776,20170607,3777,63000,64000,63,0,2017-06-07,2
3777,20170607,3778,64000,65000,64,0,2017-06-07,2
3778,20170607,3779,65000,70000,65,0,2017-06-07,2
3779,20170607,3780,70000,71000,70,0,2017-06-07,2
3780,20170607,3781,71000,72000,71,0,2017-06-07,2
3781,20170607,3782,72000,73000,72,0,2017-06-07,2
3782,20170607,3783,73000,74000,73,0,2017-06-07,2
3783,20170607,3784,74000,75000,74,0,2017-06-07,2
3784,20170607,3785,75000,80000,75,0,2017-06-07,2
3785,20170607,3786,80000,81000,80,0,2017-06-07,2
3786,20170607,3787,81000,82000,81,0,2017-06-07,2
3787,20170607,3788,82000,83000,82,0,2017-06-07,2
3788,20170607,3789,83000,84000,83,0,2017-06-07,2
3789,20170607,3790,84000,85000,84,0,2017-06-07,2
3790,20170607,3791,85000,90000,85,0,2017-06-07,2
3791,20170607,3792,90000,91000,90,0,2017-06-07,2
3792,20170607,3793,91000,92000,91,0,2017-06-07,2
3793,20170607,3794,92000,93000,92,0,2017-06-07,2
3794,20170607,3795,93000,94000,93,0,2017-06-07,2
3795,20170607,3796,94000,95000,94,0,2017-06-07,2
3796,20170607,3797,95000,100000,95,0,2017-06-07,2
3797,20170607,3798,100000,101000,10,0,2017-06-07,2
3798,20170607,3799,101000,102000,10,1000,2017-06-07,2
3799,20170607,3800,102000,103000,10,2000,2017-06-07,2
3800,20170607,3801,103000,104000,10,3000,2017-06-07,2
3801,20170607,3802,104000,105000,10,4000,2017-06-07,2
3802,20170607,3803,105000,110000,10,5000,2017-06-07,2
3803,20170607,3804,110000,111000,11,0,2017-06-07,2
3804,20170607,3805,111000,112000,11,1000,2017-06-07,2
3805,20170607,3806,112000,113000,11,2000,2017-06-07,2
3806,20170607,3807,113000,114000,11,3000,2017-06-07,2
3807,20170607,3808,114000,115000,11,4000,2017-06-07,2
3808,20170607,3809,115000,120000,11,5000,2017-06-07,2
3809,20170607,3810,120000,121000,12,0,2017-06-07,2
3810,20170607,3811,121000,122000,12,1000,2017-06-07,2
3811,20170607,3812,122000,123000,12,2000,2017-06-07,2
3812,20170607,3813,123000,124000,12,3000,2017-06-07,2
3813,20170607,3814,124000,125000,12,4000,2017-06-07,2
3814,20170607,3815,125000,130000,12,5000,2017-06-07,2
3815,20170607,3816,130000,131000,13,0,2017-06-07,2
3816,20170607,3817,131000,132000,13,1000,2017-06-07,2
3817,20170607,3818,132000,133000,13,2000,2017-06-07,2
3818,20170607,3819,133000,134000,13,3000,2017-06-07,2
3819,20170607,3820,134000,135000,13,4000,2017-06-07,2
3820,20170607,3821,135000,140000,13,5000,2017-06-07,2
3821,20170607,3822,140000,141000,14,0,2017-06-07,2
3822,20170607,3823,141000,142000,14,1000,2017-06-07,2
3823,20170607,3824,142000,143000,14,2000,2017-06-07,2
3824,20170607,3825,143000,144000,14,3000,2017-06-07,2
3825,20170607,3826,144000,145000,14,4000,2017-06-07,2
3826,20170607,3827,145000,150000,14,5000,2017-06-07,2
3827,20170607,3828,150000,151000,15,0,2017-06-07,2
3828,20170607,3829,151000,152000,15,1000,2017-06-07,2
3829,20170607,3830,152000,153000,15,2000,2017-06-07,2
3830,20170607,3831,153000,154000,15,3000,2017-06-07,2
3831,20170607,3832,154000,155000,15,4000,2017-06-07,2
3832,20170607,3833,155000,160000,15,5000,2017-06-07,2
3833,20170607,3834,160000,161000,16,0,2017-06-07,2
3834,20170607,3835,161000,162000,16,1000,2017-06-07,2
3835,20170607,3836,162000,163000,16,2000,2017-06-07,2
3836,20170607,3837,163000,164000,16,3000,2017-06-07,2
3837,20170607,3838,164000,165000,16,4000,2017-06-07,2
3838,20170607,3839,165000,170000,16,5000,2017-06-07,2
3839,20170607,3840,170000,171000,17,0,2017-06-07,2
3840,20170607,3841,171000,172000,17,1000,2017-06-07,2
3841,20170607,3842,172000,173000,17,2000,2017-06-07,2
3842,20170607,3843,173000,174000,17,3000,2017-06-07,2
3843,20170607,3844,174000,175000,17,4000,2017-06-07,2
3844,20170607,3845,175000,180000,17,5000,2017-06-07,2
3845,20170607,3846,180000,181000,18,0,2017-06-07,2
3846,20170607,3847,181000,182000,18,1000,2017-06-07,2
3847,20170607,3848,182000,183000,18,2000,2017-06-07,2
3848,20170607,3849,183000,184000,18,3000,2017-06-07,2
3849,20170607,3850,184000,185000,18,4000,2017-06-07,2
3850,20170607,3851,185000,190000,18,5000,2017-06-07,2
3851,20170607,3852,190000,191000,19,0,2017-06-07,2
3852,20170607,3853,191000,192000,19,1000,2017-06-07,2
3853,20170607,3854,192000,193000,19,2000,2017-06-07,2
3854,20170607,3855,193000,194000,19,3000,2017-06-07,2
3855,20170607,3856,194000,195000,19,4000,2017-06-07,2
3856,20170607,3857,195000,200000,19,5000,2017-06-07,2
3857,20170607,3858,200000,201000,20,0,2017-06-07,2
3858,20170607,3859,201000,202000,20,1000,2017-06-07,2
3859,20170607,3860,202000,203000,20,2000,2017-06-07,2
3860,20170607,3861,203000,204000,20,3000,2017-06-07,2
3861,20170607,3862,204000,205000,20,4000,2017-06-07,2
3862,20170607,3863,205000,210000,20,5000,2017-06-07,2
3863,20170607,3864,210000,211000,21,0,2017-06-07,2
3864,20170607,3865,211000,212000,21,1000,2017-06-07,2
3865,20170607,3866,212000,213000,21,2000,2017-06-07,2
3866,20170607,3867,213000,214000,21,3000,2017-06-07,2
3867,20170607,3868,214000,215000,21,4000,2017-06-07,2
3868,20170607,3869,215000,220000,21,5000,2017-06-07,2
3869,20170607,3870,220000,221000,22,0,2017-06-07,2
3870,20170607,3871,221000,222000,22,1000,2017-06-07,2
3871,20170607,3872,222000,223000,22,2000,2017-06-07,2
3872,20170607,3873,223000,224000,22,3000,2017-06-07,2
3873,20170607,3874,224000,225000,22,4000,2017-06-07,2
3874,20170607,3875,225000,230000,22,5000,2017-06-07,2
3875,20170608,3876,60000,61000,60,0,2017-06-08,3
3876,20170608,3877,61000,62000,61,0,2017-06-08,3
3877,20170608,3878,62000,63000,62,0,2017-06-08,3
3878,20170608,3879,63000,64000,63,0,2017-06-08,3
3879,20170608,3880,64000,65000,64,0,2017-06-08,3
3880,20170608,3881,65000,70000,65,0,2017-06-08,3
3881,20170608,3882,70000,71000,70,0,2017-06-08,3
3882,20170608,3883,71000,72000,71,0,2017-06-08,3
3883,20170608,3884,72000,73000,72,0,2017-06-08,3
3884,20170608,3885,73000,74000,73,0,2017-06-08,3
3885,20170608,3886,74000,75000,74,0,2017-06-08,3
3886,20170608,3887,75000,80000,75,0,2017-06-08,3
3887,20170608,3888,80000,81000,80,0,2017-06-08,3
3888,20170608,3889,81000,82000,81,0,2017-06-08,3
3889,20170608,3890,82000,83000,82,0,2017-06-08,3
3890,20170608,3891,83000,84000,83,0,2017-06-08,3
3891,20170608,3892,84000,85000,84,0,2017-06-08,3
3892,20170608,3893,85000,90000,85,0,2017-06-08,3
3893,20170608,3894,90000,91000,90,0,2017-06-08,3
3894,20170608,3895,91000,92000,91,0,2017-06-08,3
3895,20170608,3896,92000,93000,92,0,2017-06-08,3
3896,20170608,3897,93000,94000,93,0,2017-06-08,3
3897,20170608,3898,94000,95000,94,0,2017-06-08,3
3898,20170608,3899,95000,100000,95,0,2017-06-08,3
3899,20170608,3900,100000,101000,10,0,2017-06-08,3
3900,20170608,3901,101000,102000,10,1000,2017-06-08,3
3901,20170608,3902,102000,103000,10,2000,2017-06-08,3
3902,20170608,3903,103000,104000,10,3000,2017-06-08,3
3903,20170608,3904,104000,105000,10,4000,2017-06-08,3
3904,20170608,3905,105000,110000,10,5000,2017-06-08,3
3905,20170608,3906,110000,111000,11,0,2017-06-08,3
3906,20170608,3907,111000,112000,11,1000,2017-06-08,3
3907,20170608,3908,112000,113000,11,2000,2017-06-08,3
3908,20170608,3909,113000,114000,11,3000,2017-06-08,3
3909,20170608,3910,114000,115000,11,4000,2017-06-08,3
3910,20170608,3911,115000,120000,11,5000,2017-06-08,3
3911,20170608,3912,120000,121000,12,0,2017-06-08,3
3912,20170608,3913,121000,122000,12,1000,2017-06-08,3
3913,20170608,3914,122000,123000,12,2000,2017-06-08,3
3914,20170608,3915,123000,124000,12,3000,2017-06-08,3
3915,20170608,3916,124000,125000,12,4000,2017-06-08,3
3916,20170608,3917,125000,130000,12,5000,2017-06-08,3
3917,20170608,3918,130000,131000,13,0,2017-06-08,3
3918,20170608,3919,131000,132000,13,1000,2017-06-08,3
3919,20170608,3920,132000,133000,13,2000,2017-06-08,3
3920,20170608,3921,133000,134000,13,3000,2017-06-08,3
3921,20170608,3922,134000,135000,13,4000,2017-06-08,3
3922,20170608,3923,135000,140000,13,5000,2017-06-08,3
3923,20170608,3924,140000,141000,14,0,2017-06-08,3
3924,20170608,3925,141000,142000,14,1000,2017-06-08,3
3925,20170608,3926,142000,143000,14,2000,2017-06-08,3
3926,20170608,3927,143000,144000,14,3000,2017-06-08,3
3927,20170608,3928,144000,145000,14,4000,2017-06-08,3
3928,20170608,3929,145000,150000,14,5000,2017-06-08,3
3929,20170608,3930,150000,151000,15,0,2017-06-08,3
3930,20170608,3931,151000,152000,15,1000,2017-06-08,3
3931,20170608,3932,152000,153000,15,2000,2017-06-08,3
3932,20170608,3933,153000,154000,15,3000,2017-06-08,3
3933,20170608,3934,154000,155000,15,4000,2017-06-08,3
3934,20170608,3935,155000,160000,15,5000,2017-06-08,3
3935,20170608,3936,160000,161000,16,0,2017-06-08,3
3936,20170608,3937,161000,162000,16,1000,2017-06-08,3
3937,20170608,3938,162000,163000,16,2000,2017-06-08,3
3938,20170608,3939,163000,164000,16,3000,2017-06-08,3
3939,20170608,3940,164000,165000,16,4000,2017-06-08,3
3940,20170608,3941,165000,170000,16,5000,2017-06-08,3
3941,20170608,3942,170000,171000,17,0,2017-06-08,3
3942,20170608,3943,171000,172000,17,1000,2017-06-08,3
3943,20170608,3944,172000,173000,17,2000,2017-06-08,3
3944,20170608,3945,173000,174000,17,3000,2017-06-08,3
3945,20170608,3946,174000,175000,17,4000,2017-06-08,3
3946,20170608,3947,175000,180000,17,5000,2017-06-08,3
3947,20170608,3948,180000,181000,18,0,2017-06-08,3
3948,20170608,3949,181000,182000,18,1000,2017-06-08,3
3949,20170608,3950,182000,183000,18,2000,2017-06-08,3
3950,20170608,3951,183000,184000,18,3000,2017-06-08,3
3951,20170608,3952,184000,185000,18,4000,2017-06-08,3
3952,20170608,3953,185000,190000,18,5000,2017-06-08,3
3953,20170608,3954,190000,191000,19,0,2017-06-08,3
3954,20170608,3955,191000,192000,19,1000,2017-06-08,3
3955,20170608,3956,192000,193000,19,2000,2017-06-08,3
3956,20170608,3957,193000,194000,19,3000,2017-06-08,3
3957,20170608,3958,194000,195000,19,4000,2017-06-08,3
3958,20170608,3959,195000,200000,19,5000,2017-06-08,3
3959,20170608,3960,200000,201000,20,0,2017-06-08,3
3960,20170608,3961,201000,202000,20,1000,2017-06-08,3
3961,20170608,3962,202000,203000,20,2000,2017-06-08,3
3962,20170608,3963,203000,204000,20,3000,2017-06-08,3
3963,20170608,3964,204000,205000,20,4000,2017-06-08,3
3964,20170608,3965,205000,210000,20,5000,2017-06-08,3
3965,20170608,3966,210000,211000,21,0,2017-06-08,3
3966,20170608,3967,211000,212000,21,1000,2017-06-08,3
3967,20170608,3968,212000,213000,21,2000,2017-06-08,3
3968,20170608,3969,213000,214000,21,3000,2017-06-08,3
3969,20170608,3970,214000,215000,21,4000,2017-06-08,3
3970,20170608,3971,215000,220000,21,5000,2017-06-08,3
3971,20170608,3972,220000,221000,22,0,2017-06-08,3
3972,20170608,3973,221000,222000,22,1000,2017-06-08,3
3973,20170608,3974,222000,223000,22,2000,2017-06-08,3
3974,20170608,3975,223000,224000,22,3000,2017-06-08,3
3975,20170608,3976,224000,225000,22,4000,2017-06-08,3
3976,20170608,3977,225000,230000,22,5000,2017-06-08,3
3977,20170609,3978,60000,61000,60,0,2017-06-09,4
3978,20170609,3979,61000,62000,61,0,2017-06-09,4
3979,20170609,3980,62000,63000,62,0,2017-06-09,4
3980,20170609,3981,63000,64000,63,0,2017-06-09,4
3981,20170609,3982,64000,65000,64,0,2017-06-09,4
3982,20170609,3983,65000,70000,65,0,2017-06-09,4
3983,20170609,3984,70000,71000,70,0,2017-06-09,4
3984,20170609,3985,71000,72000,71,0,2017-06-09,4
3985,20170609,3986,72000,73000,72,0,2017-06-09,4
3986,20170609,3987,73000,74000,73,0,2017-06-09,4
3987,20170609,3988,74000,75000,74,0,2017-06-09,4
3988,20170609,3989,75000,80000,75,0,2017-06-09,4
3989,20170609,3990,80000,81000,80,0,2017-06-09,4
3990,20170609,3991,81000,82000,81,0,2017-06-09,4
3991,20170609,3992,82000,83000,82,0,2017-06-09,4
3992,20170609,3993,83000,84000,83,0,2017-06-09,4
3993,20170609,3994,84000,85000,84,0,2017-06-09,4
3994,20170609,3995,85000,90000,85,0,2017-06-09,4
3995,20170609,3996,90000,91000,90,0,2017-06-09,4
3996,20170609,3997,91000,92000,91,0,2017-06-09,4
3997,20170609,3998,92000,93000,92,0,2017-06-09,4
3998,20170609,3999,93000,94000,93,0,2017-06-09,4
3999,20170609,4000,94000,95000,94,0,2017-06-09,4
4000,20170609,4001,95000,100000,95,0,2017-06-09,4
4001,20170609,4002,100000,101000,10,0,2017-06-09,4
4002,20170609,4003,101000,102000,10,1000,2017-06-09,4
4003,20170609,4004,102000,103000,10,2000,2017-06-09,4
4004,20170609,4005,103000,104000,10,3000,2017-06-09,4
4005,20170609,4006,104000,105000,10,4000,2017-06-09,4
4006,20170609,4007,105000,110000,10,5000,2017-06-09,4
4007,20170609,4008,110000,111000,11,0,2017-06-09,4
4008,20170609,4009,111000,112000,11,1000,2017-06-09,4
4009,20170609,4010,112000,113000,11,2000,2017-06-09,4
4010,20170609,4011,113000,114000,11,3000,2017-06-09,4
4011,20170609,4012,114000,115000,11,4000,2017-06-09,4
4012,20170609,4013,115000,120000,11,5000,2017-06-09,4
4013,20170609,4014,120000,121000,12,0,2017-06-09,4
4014,20170609,4015,121000,122000,12,1000,2017-06-09,4
4015,20170609,4016,122000,123000,12,2000,2017-06-09,4
4016,20170609,4017,123000,124000,12,3000,2017-06-09,4
4017,20170609,4018,124000,125000,12,4000,2017-06-09,4
4018,20170609,4019,125000,130000,12,5000,2017-06-09,4
4019,20170609,4020,130000,131000,13,0,2017-06-09,4
4020,20170609,4021,131000,132000,13,1000,2017-06-09,4
4021,20170609,4022,132000,133000,13,2000,2017-06-09,4
4022,20170609,4023,133000,134000,13,3000,2017-06-09,4
4023,20170609,4024,134000,135000,13,4000,2017-06-09,4
4024,20170609,4025,135000,140000,13,5000,2017-06-09,4
4025,20170609,4026,140000,141000,14,0,2017-06-09,4
4026,20170609,4027,141000,142000,14,1000,2017-06-09,4
4027,20170609,4028,142000,143000,14,2000,2017-06-09,4
4028,20170609,4029,143000,144000,14,3000,2017-06-09,4
4029,20170609,4030,144000,145000,14,4000,2017-06-09,4
4030,20170609,4031,145000,150000,14,5000,2017-06-09,4
4031,20170609,4032,150000,151000,15,0,2017-06-09,4
4032,20170609,4033,151000,152000,15,1000,2017-06-09,4
4033,20170609,4034,152000,153000,15,2000,2017-06-09,4
4034,20170609,4035,153000,154000,15,3000,2017-06-09,4
4035,20170609,4036,154000,155000,15,4000,2017-06-09,4
4036,20170609,4037,155000,160000,15,5000,2017-06-09,4
4037,20170609,4038,160000,161000,16,0,2017-06-09,4
4038,20170609,4039,161000,162000,16,1000,2017-06-09,4
4039,20170609,4040,162000,163000,16,2000,2017-06-09,4
4040,20170609,4041,163000,164000,16,3000,2017-06-09,4
4041,20170609,4042,164000,165000,16,4000,2017-06-09,4
4042,20170609,4043,165000,170000,16,5000,2017-06-09,4
4043,20170609,4044,170000,171000,17,0,2017-06-09,4
4044,20170609,4045,171000,172000,17,1000,2017-06-09,4
4045,20170609,4046,172000,173000,17,2000,2017-06-09,4
4046,20170609,4047,173000,174000,17,3000,2017-06-09,4
4047,20170609,4048,174000,175000,17,4000,2017-06-09,4
4048,20170609,4049,175000,180000,17,5000,2017-06-09,4
4049,20170609,4050,180000,181000,18,0,2017-06-09,4
4050,20170609,4051,181000,182000,18,1000,2017-06-09,4
4051,20170609,4052,182000,183000,18,2000,2017-06-09,4
4052,20170609,4053,183000,184000,18,3000,2017-06-09,4
4053,20170609,4054,184000,185000,18,4000,2017-06-09,4
4054,20170609,4055,185000,190000,18,5000,2017-06-09,4
4055,20170609,4056,190000,191000,19,0,2017-06-09,4
4056,20170609,4057,191000,192000,19,1000,2017-06-09,4
4057,20170609,4058,192000,193000,19,2000,2017-06-09,4
4058,20170609,4059,193000,194000,19,3000,2017-06-09,4
4059,20170609,4060,194000,195000,19,4000,2017-06-09,4
4060,20170609,4061,195000,200000,19,5000,2017-06-09,4
4061,20170609,4062,200000,201000,20,0,2017-06-09,4
4062,20170609,4063,201000,202000,20,1000,2017-06-09,4
4063,20170609,4064,202000,203000,20,2000,2017-06-09,4
4064,20170609,4065,203000,204000,20,3000,2017-06-09,4
4065,20170609,4066,204000,205000,20,4000,2017-06-09,4
4066,20170609,4067,205000,210000,20,5000,2017-06-09,4
4067,20170609,4068,210000,211000,21,0,2017-06-09,4
4068,20170609,4069,211000,212000,21,1000,2017-06-09,4
4069,20170609,4070,212000,213000,21,2000,2017-06-09,4
4070,20170609,4071,213000,214000,21,3000,2017-06-09,4
4071,20170609,4072,214000,215000,21,4000,2017-06-09,4
4072,20170609,4073,215000,220000,21,5000,2017-06-09,4
4073,20170609,4074,220000,221000,22,0,2017-06-09,4
4074,20170609,4075,221000,222000,22,1000,2017-06-09,4
4075,20170609,4076,222000,223000,22,2000,2017-06-09,4
4076,20170609,4077,223000,224000,22,3000,2017-06-09,4
4077,20170609,4078,224000,225000,22,4000,2017-06-09,4
4078,20170609,4079,225000,230000,22,5000,2017-06-09,4
4079,20170610,4080,60000,61000,60,0,2017-06-10,5
4080,20170610,4081,61000,62000,61,0,2017-06-10,5
4081,20170610,4082,62000,63000,62,0,2017-06-10,5
4082,20170610,4083,63000,64000,63,0,2017-06-10,5
4083,20170610,4084,64000,65000,64,0,2017-06-10,5
4084,20170610,4085,65000,70000,65,0,2017-06-10,5
4085,20170610,4086,70000,71000,70,0,2017-06-10,5
4086,20170610,4087,71000,72000,71,0,2017-06-10,5
4087,20170610,4088,72000,73000,72,0,2017-06-10,5
4088,20170610,4089,73000,74000,73,0,2017-06-10,5
4089,20170610,4090,74000,75000,74,0,2017-06-10,5
4090,20170610,4091,75000,80000,75,0,2017-06-10,5
4091,20170610,4092,80000,81000,80,0,2017-06-10,5
4092,20170610,4093,81000,82000,81,0,2017-06-10,5
4093,20170610,4094,82000,83000,82,0,2017-06-10,5
4094,20170610,4095,83000,84000,83,0,2017-06-10,5
4095,20170610,4096,84000,85000,84,0,2017-06-10,5
4096,20170610,4097,85000,90000,85,0,2017-06-10,5
4097,20170610,4098,90000,91000,90,0,2017-06-10,5
4098,20170610,4099,91000,92000,91,0,2017-06-10,5
4099,20170610,4100,92000,93000,92,0,2017-06-10,5
4100,20170610,4101,93000,94000,93,0,2017-06-10,5
4101,20170610,4102,94000,95000,94,0,2017-06-10,5
4102,20170610,4103,95000,100000,95,0,2017-06-10,5
4103,20170610,4104,100000,101000,10,0,2017-06-10,5
4104,20170610,4105,101000,102000,10,1000,2017-06-10,5
4105,20170610,4106,102000,103000,10,2000,2017-06-10,5
4106,20170610,4107,103000,104000,10,3000,2017-06-10,5
4107,20170610,4108,104000,105000,10,4000,2017-06-10,5
4108,20170610,4109,105000,110000,10,5000,2017-06-10,5
4109,20170610,4110,110000,111000,11,0,2017-06-10,5
4110,20170610,4111,111000,112000,11,1000,2017-06-10,5
4111,20170610,4112,112000,113000,11,2000,2017-06-10,5
4112,20170610,4113,113000,114000,11,3000,2017-06-10,5
4113,20170610,4114,114000,115000,11,4000,2017-06-10,5
4114,20170610,4115,115000,120000,11,5000,2017-06-10,5
4115,20170610,4116,120000,121000,12,0,2017-06-10,5
4116,20170610,4117,121000,122000,12,1000,2017-06-10,5
4117,20170610,4118,122000,123000,12,2000,2017-06-10,5
4118,20170610,4119,123000,124000,12,3000,2017-06-10,5
4119,20170610,4120,124000,125000,12,4000,2017-06-10,5
4120,20170610,4121,125000,130000,12,5000,2017-06-10,5
4121,20170610,4122,130000,131000,13,0,2017-06-10,5
4122,20170610,4123,131000,132000,13,1000,2017-06-10,5
4123,20170610,4124,132000,133000,13,2000,2017-06-10,5
4124,20170610,4125,133000,134000,13,3000,2017-06-10,5
4125,20170610,4126,134000,135000,13,4000,2017-06-10,5
4126,20170610,4127,135000,140000,13,5000,2017-06-10,5
4127,20170610,4128,140000,141000,14,0,2017-06-10,5
4128,20170610,4129,141000,142000,14,1000,2017-06-10,5
4129,20170610,4130,142000,143000,14,2000,2017-06-10,5
4130,20170610,4131,143000,144000,14,3000,2017-06-10,5
4131,20170610,4132,144000,145000,14,4000,2017-06-10,5
4132,20170610,4133,145000,150000,14,5000,2017-06-10,5
4133,20170610,4134,150000,151000,15,0,2017-06-10,5
4134,20170610,4135,151000,152000,15,1000,2017-06-10,5
4135,20170610,4136,152000,153000,15,2000,2017-06-10,5
4136,20170610,4137,153000,154000,15,3000,2017-06-10,5
4137,20170610,4138,154000,155000,15,4000,2017-06-10,5
4138,20170610,4139,155000,160000,15,5000,2017-06-10,5
4139,20170610,4140,160000,161000,16,0,2017-06-10,5
4140,20170610,4141,161000,162000,16,1000,2017-06-10,5
4141,20170610,4142,162000,163000,16,2000,2017-06-10,5
4142,20170610,4143,163000,164000,16,3000,2017-06-10,5
4143,20170610,4144,164000,165000,16,4000,2017-06-10,5
4144,20170610,4145,165000,170000,16,5000,2017-06-10,5
4145,20170610,4146,170000,171000,17,0,2017-06-10,5
4146,20170610,4147,171000,172000,17,1000,2017-06-10,5
4147,20170610,4148,172000,173000,17,2000,2017-06-10,5
4148,20170610,4149,173000,174000,17,3000,2017-06-10,5
4149,20170610,4150,174000,175000,17,4000,2017-06-10,5
4150,20170610,4151,175000,180000,17,5000,2017-06-10,5
4151,20170610,4152,180000,181000,18,0,2017-06-10,5
4152,20170610,4153,181000,182000,18,1000,2017-06-10,5
4153,20170610,4154,182000,183000,18,2000,2017-06-10,5
4154,20170610,4155,183000,184000,18,3000,2017-06-10,5
4155,20170610,4156,184000,185000,18,4000,2017-06-10,5
4156,20170610,4157,185000,190000,18,5000,2017-06-10,5
4157,20170610,4158,190000,191000,19,0,2017-06-10,5
4158,20170610,4159,191000,192000,19,1000,2017-06-10,5
4159,20170610,4160,192000,193000,19,2000,2017-06-10,5
4160,20170610,4161,193000,194000,19,3000,2017-06-10,5
4161,20170610,4162,194000,195000,19,4000,2017-06-10,5
4162,20170610,4163,195000,200000,19,5000,2017-06-10,5
4163,20170610,4164,200000,201000,20,0,2017-06-10,5
4164,20170610,4165,201000,202000,20,1000,2017-06-10,5
4165,20170610,4166,202000,203000,20,2000,2017-06-10,5
4166,20170610,4167,203000,204000,20,3000,2017-06-10,5
4167,20170610,4168,204000,205000,20,4000,2017-06-10,5
4168,20170610,4169,205000,210000,20,5000,2017-06-10,5
4169,20170610,4170,210000,211000,21,0,2017-06-10,5
4170,20170610,4171,211000,212000,21,1000,2017-06-10,5
4171,20170610,4172,212000,213000,21,2000,2017-06-10,5
4172,20170610,4173,213000,214000,21,3000,2017-06-10,5
4173,20170610,4174,214000,215000,21,4000,2017-06-10,5
4174,20170610,4175,215000,220000,21,5000,2017-06-10,5
4175,20170610,4176,220000,221000,22,0,2017-06-10,5
4176,20170610,4177,221000,222000,22,1000,2017-06-10,5
4177,20170610,4178,222000,223000,22,2000,2017-06-10,5
4178,20170610,4179,223000,224000,22,3000,2017-06-10,5
4179,20170610,4180,224000,225000,22,4000,2017-06-10,5
4180,20170610,4181,225000,230000,22,5000,2017-06-10,5
4181,20170611,4182,60000,61000,60,0,2017-06-11,6
4182,20170611,4183,61000,62000,61,0,2017-06-11,6
4183,20170611,4184,62000,63000,62,0,2017-06-11,6
4184,20170611,4185,63000,64000,63,0,2017-06-11,6
4185,20170611,4186,64000,65000,64,0,2017-06-11,6
4186,20170611,4187,65000,70000,65,0,2017-06-11,6
4187,20170611,4188,70000,71000,70,0,2017-06-11,6
4188,20170611,4189,71000,72000,71,0,2017-06-11,6
4189,20170611,4190,72000,73000,72,0,2017-06-11,6
4190,20170611,4191,73000,74000,73,0,2017-06-11,6
4191,20170611,4192,74000,75000,74,0,2017-06-11,6
4192,20170611,4193,75000,80000,75,0,2017-06-11,6
4193,20170611,4194,80000,81000,80,0,2017-06-11,6
4194,20170611,4195,81000,82000,81,0,2017-06-11,6
4195,20170611,4196,82000,83000,82,0,2017-06-11,6
4196,20170611,4197,83000,84000,83,0,2017-06-11,6
4197,20170611,4198,84000,85000,84,0,2017-06-11,6
4198,20170611,4199,85000,90000,85,0,2017-06-11,6
4199,20170611,4200,90000,91000,90,0,2017-06-11,6
4200,20170611,4201,91000,92000,91,0,2017-06-11,6
4201,20170611,4202,92000,93000,92,0,2017-06-11,6
4202,20170611,4203,93000,94000,93,0,2017-06-11,6
4203,20170611,4204,94000,95000,94,0,2017-06-11,6
4204,20170611,4205,95000,100000,95,0,2017-06-11,6
4205,20170611,4206,100000,101000,10,0,2017-06-11,6
4206,20170611,4207,101000,102000,10,1000,2017-06-11,6
4207,20170611,4208,102000,103000,10,2000,2017-06-11,6
4208,20170611,4209,103000,104000,10,3000,2017-06-11,6
4209,20170611,4210,104000,105000,10,4000,2017-06-11,6
4210,20170611,4211,105000,110000,10,5000,2017-06-11,6
4211,20170611,4212,110000,111000,11,0,2017-06-11,6
4212,20170611,4213,111000,112000,11,1000,2017-06-11,6
4213,20170611,4214,112000,113000,11,2000,2017-06-11,6
4214,20170611,4215,113000,114000,11,3000,2017-06-11,6
4215,20170611,4216,114000,115000,11,4000,2017-06-11,6
4216,20170611,4217,115000,120000,11,5000,2017-06-11,6
4217,20170611,4218,120000,121000,12,0,2017-06-11,6
4218,20170611,4219,121000,122000,12,1000,2017-06-11,6
4219,20170611,4220,122000,123000,12,2000,2017-06-11,6
4220,20170611,4221,123000,124000,12,3000,2017-06-11,6
4221,20170611,4222,124000,125000,12,4000,2017-06-11,6
4222,20170611,4223,125000,130000,12,5000,2017-06-11,6
4223,20170611,4224,130000,131000,13,0,2017-06-11,6
4224,20170611,4225,131000,132000,13,1000,2017-06-11,6
4225,20170611,4226,132000,133000,13,2000,2017-06-11,6
4226,20170611,4227,133000,134000,13,3000,2017-06-11,6
4227,20170611,4228,134000,135000,13,4000,2017-06-11,6
4228,20170611,4229,135000,140000,13,5000,2017-06-11,6
4229,20170611,4230,140000,141000,14,0,2017-06-11,6
4230,20170611,4231,141000,142000,14,1000,2017-06-11,6
4231,20170611,4232,142000,143000,14,2000,2017-06-11,6
4232,20170611,4233,143000,144000,14,3000,2017-06-11,6
4233,20170611,4234,144000,145000,14,4000,2017-06-11,6
4234,20170611,4235,145000,150000,14,5000,2017-06-11,6
4235,20170611,4236,150000,151000,15,0,2017-06-11,6
4236,20170611,4237,151000,152000,15,1000,2017-06-11,6
4237,20170611,4238,152000,153000,15,2000,2017-06-11,6
4238,20170611,4239,153000,154000,15,3000,2017-06-11,6
4239,20170611,4240,154000,155000,15,4000,2017-06-11,6
4240,20170611,4241,155000,160000,15,5000,2017-06-11,6
4241,20170611,4242,160000,161000,16,0,2017-06-11,6
4242,20170611,4243,161000,162000,16,1000,2017-06-11,6
4243,20170611,4244,162000,163000,16,2000,2017-06-11,6
4244,20170611,4245,163000,164000,16,3000,2017-06-11,6
4245,20170611,4246,164000,165000,16,4000,2017-06-11,6
4246,20170611,4247,165000,170000,16,5000,2017-06-11,6
4247,20170611,4248,170000,171000,17,0,2017-06-11,6
4248,20170611,4249,171000,172000,17,1000,2017-06-11,6
4249,20170611,4250,172000,173000,17,2000,2017-06-11,6
4250,20170611,4251,173000,174000,17,3000,2017-06-11,6
4251,20170611,4252,174000,175000,17,4000,2017-06-11,6
4252,20170611,4253,175000,180000,17,5000,2017-06-11,6
4253,20170611,4254,180000,181000,18,0,2017-06-11,6
4254,20170611,4255,181000,182000,18,1000,2017-06-11,6
4255,20170611,4256,182000,183000,18,2000,2017-06-11,6
4256,20170611,4257,183000,184000,18,3000,2017-06-11,6
4257,20170611,4258,184000,185000,18,4000,2017-06-11,6
4258,20170611,4259,185000,190000,18,5000,2017-06-11,6
4259,20170611,4260,190000,191000,19,0,2017-06-11,6
4260,20170611,4261,191000,192000,19,1000,2017-06-11,6
4261,20170611,4262,192000,193000,19,2000,2017-06-11,6
4262,20170611,4263,193000,194000,19,3000,2017-06-11,6
4263,20170611,4264,194000,195000,19,4000,2017-06-11,6
4264,20170611,4265,195000,200000,19,5000,2017-06-11,6
4265,20170611,4266,200000,201000,20,0,2017-06-11,6
4266,20170611,4267,201000,202000,20,1000,2017-06-11,6
4267,20170611,4268,202000,203000,20,2000,2017-06-11,6
4268,20170611,4269,203000,204000,20,3000,2017-06-11,6
4269,20170611,4270,204000,205000,20,4000,2017-06-11,6
4270,20170611,4271,205000,210000,20,5000,2017-06-11,6
4271,20170611,4272,210000,211000,21,0,2017-06-11,6
4272,20170611,4273,211000,212000,21,1000,2017-06-11,6
4273,20170611,4274,212000,213000,21,2000,2017-06-11,6
4274,20170611,4275,213000,214000,21,3000,2017-06-11,6
4275,20170611,4276,214000,215000,21,4000,2017-06-11,6
4276,20170611,4277,215000,220000,21,5000,2017-06-11,6
4277,20170611,4278,220000,221000,22,0,2017-06-11,6
4278,20170611,4279,221000,222000,22,1000,2017-06-11,6
4279,20170611,4280,222000,223000,22,2000,2017-06-11,6
4280,20170611,4281,223000,224000,22,3000,2017-06-11,6
4281,20170611,4282,224000,225000,22,4000,2017-06-11,6
4282,20170611,4283,225000,230000,22,5000,2017-06-11,6
4283,20170612,4284,60000,61000,60,0,2017-06-12,0
4284,20170612,4285,61000,62000,61,0,2017-06-12,0
4285,20170612,4286,62000,63000,62,0,2017-06-12,0
4286,20170612,4287,63000,64000,63,0,2017-06-12,0
4287,20170612,4288,64000,65000,64,0,2017-06-12,0
4288,20170612,4289,65000,70000,65,0,2017-06-12,0
4289,20170612,4290,70000,71000,70,0,2017-06-12,0
4290,20170612,4291,71000,72000,71,0,2017-06-12,0
4291,20170612,4292,72000,73000,72,0,2017-06-12,0
4292,20170612,4293,73000,74000,73,0,2017-06-12,0
4293,20170612,4294,74000,75000,74,0,2017-06-12,0
4294,20170612,4295,75000,80000,75,0,2017-06-12,0
4295,20170612,4296,80000,81000,80,0,2017-06-12,0
4296,20170612,4297,81000,82000,81,0,2017-06-12,0
4297,20170612,4298,82000,83000,82,0,2017-06-12,0
4298,20170612,4299,83000,84000,83,0,2017-06-12,0
4299,20170612,4300,84000,85000,84,0,2017-06-12,0
4300,20170612,4301,85000,90000,85,0,2017-06-12,0
4301,20170612,4302,90000,91000,90,0,2017-06-12,0
4302,20170612,4303,91000,92000,91,0,2017-06-12,0
4303,20170612,4304,92000,93000,92,0,2017-06-12,0
4304,20170612,4305,93000,94000,93,0,2017-06-12,0
4305,20170612,4306,94000,95000,94,0,2017-06-12,0
4306,20170612,4307,95000,100000,95,0,2017-06-12,0
4307,20170612,4308,100000,101000,10,0,2017-06-12,0
4308,20170612,4309,101000,102000,10,1000,2017-06-12,0
4309,20170612,4310,102000,103000,10,2000,2017-06-12,0
4310,20170612,4311,103000,104000,10,3000,2017-06-12,0
4311,20170612,4312,104000,105000,10,4000,2017-06-12,0
4312,20170612,4313,105000,110000,10,5000,2017-06-12,0
4313,20170612,4314,110000,111000,11,0,2017-06-12,0
4314,20170612,4315,111000,112000,11,1000,2017-06-12,0
4315,20170612,4316,112000,113000,11,2000,2017-06-12,0
4316,20170612,4317,113000,114000,11,3000,2017-06-12,0
4317,20170612,4318,114000,115000,11,4000,2017-06-12,0
4318,20170612,4319,115000,120000,11,5000,2017-06-12,0
4319,20170612,4320,120000,121000,12,0,2017-06-12,0
4320,20170612,4321,121000,122000,12,1000,2017-06-12,0
4321,20170612,4322,122000,123000,12,2000,2017-06-12,0
4322,20170612,4323,123000,124000,12,3000,2017-06-12,0
4323,20170612,4324,124000,125000,12,4000,2017-06-12,0
4324,20170612,4325,125000,130000,12,5000,2017-06-12,0
4325,20170612,4326,130000,131000,13,0,2017-06-12,0
4326,20170612,4327,131000,132000,13,1000,2017-06-12,0
4327,20170612,4328,132000,133000,13,2000,2017-06-12,0
4328,20170612,4329,133000,134000,13,3000,2017-06-12,0
4329,20170612,4330,134000,135000,13,4000,2017-06-12,0
4330,20170612,4331,135000,140000,13,5000,2017-06-12,0
4331,20170612,4332,140000,141000,14,0,2017-06-12,0
4332,20170612,4333,141000,142000,14,1000,2017-06-12,0
4333,20170612,4334,142000,143000,14,2000,2017-06-12,0
4334,20170612,4335,143000,144000,14,3000,2017-06-12,0
4335,20170612,4336,144000,145000,14,4000,2017-06-12,0
4336,20170612,4337,145000,150000,14,5000,2017-06-12,0
4337,20170612,4338,150000,151000,15,0,2017-06-12,0
4338,20170612,4339,151000,152000,15,1000,2017-06-12,0
4339,20170612,4340,152000,153000,15,2000,2017-06-12,0
4340,20170612,4341,153000,154000,15,3000,2017-06-12,0
4341,20170612,4342,154000,155000,15,4000,2017-06-12,0
4342,20170612,4343,155000,160000,15,5000,2017-06-12,0
4343,20170612,4344,160000,161000,16,0,2017-06-12,0
4344,20170612,4345,161000,162000,16,1000,2017-06-12,0
4345,20170612,4346,162000,163000,16,2000,2017-06-12,0
4346,20170612,4347,163000,164000,16,3000,2017-06-12,0
4347,20170612,4348,164000,165000,16,4000,2017-06-12,0
4348,20170612,4349,165000,170000,16,5000,2017-06-12,0
4349,20170612,4350,170000,171000,17,0,2017-06-12,0
4350,20170612,4351,171000,172000,17,1000,2017-06-12,0
4351,20170612,4352,172000,173000,17,2000,2017-06-12,0
4352,20170612,4353,173000,174000,17,3000,2017-06-12,0
4353,20170612,4354,174000,175000,17,4000,2017-06-12,0
4354,20170612,4355,175000,180000,17,5000,2017-06-12,0
4355,20170612,4356,180000,181000,18,0,2017-06-12,0
4356,20170612,4357,181000,182000,18,1000,2017-06-12,0
4357,20170612,4358,182000,183000,18,2000,2017-06-12,0
4358,20170612,4359,183000,184000,18,3000,2017-06-12,0
4359,20170612,4360,184000,185000,18,4000,2017-06-12,0
4360,20170612,4361,185000,190000,18,5000,2017-06-12,0
4361,20170612,4362,190000,191000,19,0,2017-06-12,0
4362,20170612,4363,191000,192000,19,1000,2017-06-12,0
4363,20170612,4364,192000,193000,19,2000,2017-06-12,0
4364,20170612,4365,193000,194000,19,3000,2017-06-12,0
4365,20170612,4366,194000,195000,19,4000,2017-06-12,0
4366,20170612,4367,195000,200000,19,5000,2017-06-12,0
4367,20170612,4368,200000,201000,20,0,2017-06-12,0
4368,20170612,4369,201000,202000,20,1000,2017-06-12,0
4369,20170612,4370,202000,203000,20,2000,2017-06-12,0
4370,20170612,4371,203000,204000,20,3000,2017-06-12,0
4371,20170612,4372,204000,205000,20,4000,2017-06-12,0
4372,20170612,4373,205000,210000,20,5000,2017-06-12,0
4373,20170612,4374,210000,211000,21,0,2017-06-12,0
4374,20170612,4375,211000,212000,21,1000,2017-06-12,0
4375,20170612,4376,212000,213000,21,2000,2017-06-12,0
4376,20170612,4377,213000,214000,21,3000,2017-06-12,0
4377,20170612,4378,214000,215000,21,4000,2017-06-12,0
4378,20170612,4379,215000,220000,21,5000,2017-06-12,0
4379,20170612,4380,220000,221000,22,0,2017-06-12,0
4380,20170612,4381,221000,222000,22,1000,2017-06-12,0
4381,20170612,4382,222000,223000,22,2000,2017-06-12,0
4382,20170612,4383,223000,224000,22,3000,2017-06-12,0
4383,20170612,4384,224000,225000,22,4000,2017-06-12,0
4384,20170612,4385,225000,230000,22,5000,2017-06-12,0
4385,20170613,4386,60000,61000,60,0,2017-06-13,1
4386,20170613,4387,61000,62000,61,0,2017-06-13,1
4387,20170613,4388,62000,63000,62,0,2017-06-13,1
4388,20170613,4389,63000,64000,63,0,2017-06-13,1
4389,20170613,4390,64000,65000,64,0,2017-06-13,1
4390,20170613,4391,65000,70000,65,0,2017-06-13,1
4391,20170613,4392,70000,71000,70,0,2017-06-13,1
4392,20170613,4393,71000,72000,71,0,2017-06-13,1
4393,20170613,4394,72000,73000,72,0,2017-06-13,1
4394,20170613,4395,73000,74000,73,0,2017-06-13,1
4395,20170613,4396,74000,75000,74,0,2017-06-13,1
4396,20170613,4397,75000,80000,75,0,2017-06-13,1
4397,20170613,4398,80000,81000,80,0,2017-06-13,1
4398,20170613,4399,81000,82000,81,0,2017-06-13,1
4399,20170613,4400,82000,83000,82,0,2017-06-13,1
4400,20170613,4401,83000,84000,83,0,2017-06-13,1
4401,20170613,4402,84000,85000,84,0,2017-06-13,1
4402,20170613,4403,85000,90000,85,0,2017-06-13,1
4403,20170613,4404,90000,91000,90,0,2017-06-13,1
4404,20170613,4405,91000,92000,91,0,2017-06-13,1
4405,20170613,4406,92000,93000,92,0,2017-06-13,1
4406,20170613,4407,93000,94000,93,0,2017-06-13,1
4407,20170613,4408,94000,95000,94,0,2017-06-13,1
4408,20170613,4409,95000,100000,95,0,2017-06-13,1
4409,20170613,4410,100000,101000,10,0,2017-06-13,1
4410,20170613,4411,101000,102000,10,1000,2017-06-13,1
4411,20170613,4412,102000,103000,10,2000,2017-06-13,1
4412,20170613,4413,103000,104000,10,3000,2017-06-13,1
4413,20170613,4414,104000,105000,10,4000,2017-06-13,1
4414,20170613,4415,105000,110000,10,5000,2017-06-13,1
4415,20170613,4416,110000,111000,11,0,2017-06-13,1
4416,20170613,4417,111000,112000,11,1000,2017-06-13,1
4417,20170613,4418,112000,113000,11,2000,2017-06-13,1
4418,20170613,4419,113000,114000,11,3000,2017-06-13,1
4419,20170613,4420,114000,115000,11,4000,2017-06-13,1
4420,20170613,4421,115000,120000,11,5000,2017-06-13,1
4421,20170613,4422,120000,121000,12,0,2017-06-13,1
4422,20170613,4423,121000,122000,12,1000,2017-06-13,1
4423,20170613,4424,122000,123000,12,2000,2017-06-13,1
4424,20170613,4425,123000,124000,12,3000,2017-06-13,1
4425,20170613,4426,124000,125000,12,4000,2017-06-13,1
4426,20170613,4427,125000,130000,12,5000,2017-06-13,1
4427,20170613,4428,130000,131000,13,0,2017-06-13,1
4428,20170613,4429,131000,132000,13,1000,2017-06-13,1
4429,20170613,4430,132000,133000,13,2000,2017-06-13,1
4430,20170613,4431,133000,134000,13,3000,2017-06-13,1
4431,20170613,4432,134000,135000,13,4000,2017-06-13,1
4432,20170613,4433,135000,140000,13,5000,2017-06-13,1
4433,20170613,4434,140000,141000,14,0,2017-06-13,1
4434,20170613,4435,141000,142000,14,1000,2017-06-13,1
4435,20170613,4436,142000,143000,14,2000,2017-06-13,1
4436,20170613,4437,143000,144000,14,3000,2017-06-13,1
4437,20170613,4438,144000,145000,14,4000,2017-06-13,1
4438,20170613,4439,145000,150000,14,5000,2017-06-13,1
4439,20170613,4440,150000,151000,15,0,2017-06-13,1
4440,20170613,4441,151000,152000,15,1000,2017-06-13,1
4441,20170613,4442,152000,153000,15,2000,2017-06-13,1
4442,20170613,4443,153000,154000,15,3000,2017-06-13,1
4443,20170613,4444,154000,155000,15,4000,2017-06-13,1
4444,20170613,4445,155000,160000,15,5000,2017-06-13,1
4445,20170613,4446,160000,161000,16,0,2017-06-13,1
4446,20170613,4447,161000,162000,16,1000,2017-06-13,1
4447,20170613,4448,162000,163000,16,2000,2017-06-13,1
4448,20170613,4449,163000,164000,16,3000,2017-06-13,1
4449,20170613,4450,164000,165000,16,4000,2017-06-13,1
4450,20170613,4451,165000,170000,16,5000,2017-06-13,1
4451,20170613,4452,170000,171000,17,0,2017-06-13,1
4452,20170613,4453,171000,172000,17,1000,2017-06-13,1
4453,20170613,4454,172000,173000,17,2000,2017-06-13,1
4454,20170613,4455,173000,174000,17,3000,2017-06-13,1
4455,20170613,4456,174000,175000,17,4000,2017-06-13,1
4456,20170613,4457,175000,180000,17,5000,2017-06-13,1
4457,20170613,4458,180000,181000,18,0,2017-06-13,1
4458,20170613,4459,181000,182000,18,1000,2017-06-13,1
4459,20170613,4460,182000,183000,18,2000,2017-06-13,1
4460,20170613,4461,183000,184000,18,3000,2017-06-13,1
4461,20170613,4462,184000,185000,18,4000,2017-06-13,1
4462,20170613,4463,185000,190000,18,5000,2017-06-13,1
4463,20170613,4464,190000,191000,19,0,2017-06-13,1
4464,20170613,4465,191000,192000,19,1000,2017-06-13,1
4465,20170613,4466,192000,193000,19,2000,2017-06-13,1
4466,20170613,4467,193000,194000,19,3000,2017-06-13,1
4467,20170613,4468,194000,195000,19,4000,2017-06-13,1
4468,20170613,4469,195000,200000,19,5000,2017-06-13,1
4469,20170613,4470,200000,201000,20,0,2017-06-13,1
4470,20170613,4471,201000,202000,20,1000,2017-06-13,1
4471,20170613,4472,202000,203000,20,2000,2017-06-13,1
4472,20170613,4473,203000,204000,20,3000,2017-06-13,1
4473,20170613,4474,204000,205000,20,4000,2017-06-13,1
4474,20170613,4475,205000,210000,20,5000,2017-06-13,1
4475,20170613,4476,210000,211000,21,0,2017-06-13,1
4476,20170613,4477,211000,212000,21,1000,2017-06-13,1
4477,20170613,4478,212000,213000,21,2000,2017-06-13,1
4478,20170613,4479,213000,214000,21,3000,2017-06-13,1
4479,20170613,4480,214000,215000,21,4000,2017-06-13,1
4480,20170613,4481,215000,220000,21,5000,2017-06-13,1
4481,20170613,4482,220000,221000,22,0,2017-06-13,1
4482,20170613,4483,221000,222000,22,1000,2017-06-13,1
4483,20170613,4484,222000,223000,22,2000,2017-06-13,1
4484,20170613,4485,223000,224000,22,3000,2017-06-13,1
4485,20170613,4486,224000,225000,22,4000,2017-06-13,1
4486,20170613,4487,225000,230000,22,5000,2017-06-13,1
4487,20170614,4488,60000,61000,60,0,2017-06-14,2
4488,20170614,4489,61000,62000,61,0,2017-06-14,2
4489,20170614,4490,62000,63000,62,0,2017-06-14,2
4490,20170614,4491,63000,64000,63,0,2017-06-14,2
4491,20170614,4492,64000,65000,64,0,2017-06-14,2
4492,20170614,4493,65000,70000,65,0,2017-06-14,2
4493,20170614,4494,70000,71000,70,0,2017-06-14,2
4494,20170614,4495,71000,72000,71,0,2017-06-14,2
4495,20170614,4496,72000,73000,72,0,2017-06-14,2
4496,20170614,4497,73000,74000,73,0,2017-06-14,2
4497,20170614,4498,74000,75000,74,0,2017-06-14,2
4498,20170614,4499,75000,80000,75,0,2017-06-14,2
4499,20170614,4500,80000,81000,80,0,2017-06-14,2
4500,20170614,4501,81000,82000,81,0,2017-06-14,2
4501,20170614,4502,82000,83000,82,0,2017-06-14,2
4502,20170614,4503,83000,84000,83,0,2017-06-14,2
4503,20170614,4504,84000,85000,84,0,2017-06-14,2
4504,20170614,4505,85000,90000,85,0,2017-06-14,2
4505,20170614,4506,90000,91000,90,0,2017-06-14,2
4506,20170614,4507,91000,92000,91,0,2017-06-14,2
4507,20170614,4508,92000,93000,92,0,2017-06-14,2
4508,20170614,4509,93000,94000,93,0,2017-06-14,2
4509,20170614,4510,94000,95000,94,0,2017-06-14,2
4510,20170614,4511,95000,100000,95,0,2017-06-14,2
4511,20170614,4512,100000,101000,10,0,2017-06-14,2
4512,20170614,4513,101000,102000,10,1000,2017-06-14,2
4513,20170614,4514,102000,103000,10,2000,2017-06-14,2
4514,20170614,4515,103000,104000,10,3000,2017-06-14,2
4515,20170614,4516,104000,105000,10,4000,2017-06-14,2
4516,20170614,4517,105000,110000,10,5000,2017-06-14,2
4517,20170614,4518,110000,111000,11,0,2017-06-14,2
4518,20170614,4519,111000,112000,11,1000,2017-06-14,2
4519,20170614,4520,112000,113000,11,2000,2017-06-14,2
4520,20170614,4521,113000,114000,11,3000,2017-06-14,2
4521,20170614,4522,114000,115000,11,4000,2017-06-14,2
4522,20170614,4523,115000,120000,11,5000,2017-06-14,2
4523,20170614,4524,120000,121000,12,0,2017-06-14,2
4524,20170614,4525,121000,122000,12,1000,2017-06-14,2
4525,20170614,4526,122000,123000,12,2000,2017-06-14,2
4526,20170614,4527,123000,124000,12,3000,2017-06-14,2
4527,20170614,4528,124000,125000,12,4000,2017-06-14,2
4528,20170614,4529,125000,130000,12,5000,2017-06-14,2
4529,20170614,4530,130000,131000,13,0,2017-06-14,2
4530,20170614,4531,131000,132000,13,1000,2017-06-14,2
4531,20170614,4532,132000,133000,13,2000,2017-06-14,2
4532,20170614,4533,133000,134000,13,3000,2017-06-14,2
4533,20170614,4534,134000,135000,13,4000,2017-06-14,2
4534,20170614,4535,135000,140000,13,5000,2017-06-14,2
4535,20170614,4536,140000,141000,14,0,2017-06-14,2
4536,20170614,4537,141000,142000,14,1000,2017-06-14,2
4537,20170614,4538,142000,143000,14,2000,2017-06-14,2
4538,20170614,4539,143000,144000,14,3000,2017-06-14,2
4539,20170614,4540,144000,145000,14,4000,2017-06-14,2
4540,20170614,4541,145000,150000,14,5000,2017-06-14,2
4541,20170614,4542,150000,151000,15,0,2017-06-14,2
4542,20170614,4543,151000,152000,15,1000,2017-06-14,2
4543,20170614,4544,152000,153000,15,2000,2017-06-14,2
4544,20170614,4545,153000,154000,15,3000,2017-06-14,2
4545,20170614,4546,154000,155000,15,4000,2017-06-14,2
4546,20170614,4547,155000,160000,15,5000,2017-06-14,2
4547,20170614,4548,160000,161000,16,0,2017-06-14,2
4548,20170614,4549,161000,162000,16,1000,2017-06-14,2
4549,20170614,4550,162000,163000,16,2000,2017-06-14,2
4550,20170614,4551,163000,164000,16,3000,2017-06-14,2
4551,20170614,4552,164000,165000,16,4000,2017-06-14,2
4552,20170614,4553,165000,170000,16,5000,2017-06-14,2
4553,20170614,4554,170000,171000,17,0,2017-06-14,2
4554,20170614,4555,171000,172000,17,1000,2017-06-14,2
4555,20170614,4556,172000,173000,17,2000,2017-06-14,2
4556,20170614,4557,173000,174000,17,3000,2017-06-14,2
4557,20170614,4558,174000,175000,17,4000,2017-06-14,2
4558,20170614,4559,175000,180000,17,5000,2017-06-14,2
4559,20170614,4560,180000,181000,18,0,2017-06-14,2
4560,20170614,4561,181000,182000,18,1000,2017-06-14,2
4561,20170614,4562,182000,183000,18,2000,2017-06-14,2
4562,20170614,4563,183000,184000,18,3000,2017-06-14,2
4563,20170614,4564,184000,185000,18,4000,2017-06-14,2
4564,20170614,4565,185000,190000,18,5000,2017-06-14,2
4565,20170614,4566,190000,191000,19,0,2017-06-14,2
4566,20170614,4567,191000,192000,19,1000,2017-06-14,2
4567,20170614,4568,192000,193000,19,2000,2017-06-14,2
4568,20170614,4569,193000,194000,19,3000,2017-06-14,2
4569,20170614,4570,194000,195000,19,4000,2017-06-14,2
4570,20170614,4571,195000,200000,19,5000,2017-06-14,2
4571,20170614,4572,200000,201000,20,0,2017-06-14,2
4572,20170614,4573,201000,202000,20,1000,2017-06-14,2
4573,20170614,4574,202000,203000,20,2000,2017-06-14,2
4574,20170614,4575,203000,204000,20,3000,2017-06-14,2
4575,20170614,4576,204000,205000,20,4000,2017-06-14,2
4576,20170614,4577,205000,210000,20,5000,2017-06-14,2
4577,20170614,4578,210000,211000,21,0,2017-06-14,2
4578,20170614,4579,211000,212000,21,1000,2017-06-14,2
4579,20170614,4580,212000,213000,21,2000,2017-06-14,2
4580,20170614,4581,213000,214000,21,3000,2017-06-14,2
4581,20170614,4582,214000,215000,21,4000,2017-06-14,2
4582,20170614,4583,215000,220000,21,5000,2017-06-14,2
4583,20170614,4584,220000,221000,22,0,2017-06-14,2
4584,20170614,4585,221000,222000,22,1000,2017-06-14,2
4585,20170614,4586,222000,223000,22,2000,2017-06-14,2
4586,20170614,4587,223000,224000,22,3000,2017-06-14,2
4587,20170614,4588,224000,225000,22,4000,2017-06-14,2
4588,20170614,4589,225000,230000,22,5000,2017-06-14,2
4589,20170615,4590,60000,61000,60,0,2017-06-15,3
4590,20170615,4591,61000,62000,61,0,2017-06-15,3
4591,20170615,4592,62000,63000,62,0,2017-06-15,3
4592,20170615,4593,63000,64000,63,0,2017-06-15,3
4593,20170615,4594,64000,65000,64,0,2017-06-15,3
4594,20170615,4595,65000,70000,65,0,2017-06-15,3
4595,20170615,4596,70000,71000,70,0,2017-06-15,3
4596,20170615,4597,71000,72000,71,0,2017-06-15,3
4597,20170615,4598,72000,73000,72,0,2017-06-15,3
4598,20170615,4599,73000,74000,73,0,2017-06-15,3
4599,20170615,4600,74000,75000,74,0,2017-06-15,3
4600,20170615,4601,75000,80000,75,0,2017-06-15,3
4601,20170615,4602,80000,81000,80,0,2017-06-15,3
4602,20170615,4603,81000,82000,81,0,2017-06-15,3
4603,20170615,4604,82000,83000,82,0,2017-06-15,3
4604,20170615,4605,83000,84000,83,0,2017-06-15,3
4605,20170615,4606,84000,85000,84,0,2017-06-15,3
4606,20170615,4607,85000,90000,85,0,2017-06-15,3
4607,20170615,4608,90000,91000,90,0,2017-06-15,3
4608,20170615,4609,91000,92000,91,0,2017-06-15,3
4609,20170615,4610,92000,93000,92,0,2017-06-15,3
4610,20170615,4611,93000,94000,93,0,2017-06-15,3
4611,20170615,4612,94000,95000,94,0,2017-06-15,3
4612,20170615,4613,95000,100000,95,0,2017-06-15,3
4613,20170615,4614,100000,101000,10,0,2017-06-15,3
4614,20170615,4615,101000,102000,10,1000,2017-06-15,3
4615,20170615,4616,102000,103000,10,2000,2017-06-15,3
4616,20170615,4617,103000,104000,10,3000,2017-06-15,3
4617,20170615,4618,104000,105000,10,4000,2017-06-15,3
4618,20170615,4619,105000,110000,10,5000,2017-06-15,3
4619,20170615,4620,110000,111000,11,0,2017-06-15,3
4620,20170615,4621,111000,112000,11,1000,2017-06-15,3
4621,20170615,4622,112000,113000,11,2000,2017-06-15,3
4622,20170615,4623,113000,114000,11,3000,2017-06-15,3
4623,20170615,4624,114000,115000,11,4000,2017-06-15,3
4624,20170615,4625,115000,120000,11,5000,2017-06-15,3
4625,20170615,4626,120000,121000,12,0,2017-06-15,3
4626,20170615,4627,121000,122000,12,1000,2017-06-15,3
4627,20170615,4628,122000,123000,12,2000,2017-06-15,3
4628,20170615,4629,123000,124000,12,3000,2017-06-15,3
4629,20170615,4630,124000,125000,12,4000,2017-06-15,3
4630,20170615,4631,125000,130000,12,5000,2017-06-15,3
4631,20170615,4632,130000,131000,13,0,2017-06-15,3
4632,20170615,4633,131000,132000,13,1000,2017-06-15,3
4633,20170615,4634,132000,133000,13,2000,2017-06-15,3
4634,20170615,4635,133000,134000,13,3000,2017-06-15,3
4635,20170615,4636,134000,135000,13,4000,2017-06-15,3
4636,20170615,4637,135000,140000,13,5000,2017-06-15,3
4637,20170615,4638,140000,141000,14,0,2017-06-15,3
4638,20170615,4639,141000,142000,14,1000,2017-06-15,3
4639,20170615,4640,142000,143000,14,2000,2017-06-15,3
4640,20170615,4641,143000,144000,14,3000,2017-06-15,3
4641,20170615,4642,144000,145000,14,4000,2017-06-15,3
4642,20170615,4643,145000,150000,14,5000,2017-06-15,3
4643,20170615,4644,150000,151000,15,0,2017-06-15,3
4644,20170615,4645,151000,152000,15,1000,2017-06-15,3
4645,20170615,4646,152000,153000,15,2000,2017-06-15,3
4646,20170615,4647,153000,154000,15,3000,2017-06-15,3
4647,20170615,4648,154000,155000,15,4000,2017-06-15,3
4648,20170615,4649,155000,160000,15,5000,2017-06-15,3
4649,20170615,4650,160000,161000,16,0,2017-06-15,3
4650,20170615,4651,161000,162000,16,1000,2017-06-15,3
4651,20170615,4652,162000,163000,16,2000,2017-06-15,3
4652,20170615,4653,163000,164000,16,3000,2017-06-15,3
4653,20170615,4654,164000,165000,16,4000,2017-06-15,3
4654,20170615,4655,165000,170000,16,5000,2017-06-15,3
4655,20170615,4656,170000,171000,17,0,2017-06-15,3
4656,20170615,4657,171000,172000,17,1000,2017-06-15,3
4657,20170615,4658,172000,173000,17,2000,2017-06-15,3
4658,20170615,4659,173000,174000,17,3000,2017-06-15,3
4659,20170615,4660,174000,175000,17,4000,2017-06-15,3
4660,20170615,4661,175000,180000,17,5000,2017-06-15,3
4661,20170615,4662,180000,181000,18,0,2017-06-15,3
4662,20170615,4663,181000,182000,18,1000,2017-06-15,3
4663,20170615,4664,182000,183000,18,2000,2017-06-15,3
4664,20170615,4665,183000,184000,18,3000,2017-06-15,3
4665,20170615,4666,184000,185000,18,4000,2017-06-15,3
4666,20170615,4667,185000,190000,18,5000,2017-06-15,3
4667,20170615,4668,190000,191000,19,0,2017-06-15,3
4668,20170615,4669,191000,192000,19,1000,2017-06-15,3
4669,20170615,4670,192000,193000,19,2000,2017-06-15,3
4670,20170615,4671,193000,194000,19,3000,2017-06-15,3
4671,20170615,4672,194000,195000,19,4000,2017-06-15,3
4672,20170615,4673,195000,200000,19,5000,2017-06-15,3
4673,20170615,4674,200000,201000,20,0,2017-06-15,3
4674,20170615,4675,201000,202000,20,1000,2017-06-15,3
4675,20170615,4676,202000,203000,20,2000,2017-06-15,3
4676,20170615,4677,203000,204000,20,3000,2017-06-15,3
4677,20170615,4678,204000,205000,20,4000,2017-06-15,3
4678,20170615,4679,205000,210000,20,5000,2017-06-15,3
4679,20170615,4680,210000,211000,21,0,2017-06-15,3
4680,20170615,4681,211000,212000,21,1000,2017-06-15,3
4681,20170615,4682,212000,213000,21,2000,2017-06-15,3
4682,20170615,4683,213000,214000,21,3000,2017-06-15,3
4683,20170615,4684,214000,215000,21,4000,2017-06-15,3
4684,20170615,4685,215000,220000,21,5000,2017-06-15,3
4685,20170615,4686,220000,221000,22,0,2017-06-15,3
4686,20170615,4687,221000,222000,22,1000,2017-06-15,3
4687,20170615,4688,222000,223000,22,2000,2017-06-15,3
4688,20170615,4689,223000,224000,22,3000,2017-06-15,3
4689,20170615,4690,224000,225000,22,4000,2017-06-15,3
4690,20170615,4691,225000,230000,22,5000,2017-06-15,3
4691,20170616,4692,60000,61000,60,0,2017-06-16,4
4692,20170616,4693,61000,62000,61,0,2017-06-16,4
4693,20170616,4694,62000,63000,62,0,2017-06-16,4
4694,20170616,4695,63000,64000,63,0,2017-06-16,4
4695,20170616,4696,64000,65000,64,0,2017-06-16,4
4696,20170616,4697,65000,70000,65,0,2017-06-16,4
4697,20170616,4698,70000,71000,70,0,2017-06-16,4
4698,20170616,4699,71000,72000,71,0,2017-06-16,4
4699,20170616,4700,72000,73000,72,0,2017-06-16,4
4700,20170616,4701,73000,74000,73,0,2017-06-16,4
4701,20170616,4702,74000,75000,74,0,2017-06-16,4
4702,20170616,4703,75000,80000,75,0,2017-06-16,4
4703,20170616,4704,80000,81000,80,0,2017-06-16,4
4704,20170616,4705,81000,82000,81,0,2017-06-16,4
4705,20170616,4706,82000,83000,82,0,2017-06-16,4
4706,20170616,4707,83000,84000,83,0,2017-06-16,4
4707,20170616,4708,84000,85000,84,0,2017-06-16,4
4708,20170616,4709,85000,90000,85,0,2017-06-16,4
4709,20170616,4710,90000,91000,90,0,2017-06-16,4
4710,20170616,4711,91000,92000,91,0,2017-06-16,4
4711,20170616,4712,92000,93000,92,0,2017-06-16,4
4712,20170616,4713,93000,94000,93,0,2017-06-16,4
4713,20170616,4714,94000,95000,94,0,2017-06-16,4
4714,20170616,4715,95000,100000,95,0,2017-06-16,4
4715,20170616,4716,100000,101000,10,0,2017-06-16,4
4716,20170616,4717,101000,102000,10,1000,2017-06-16,4
4717,20170616,4718,102000,103000,10,2000,2017-06-16,4
4718,20170616,4719,103000,104000,10,3000,2017-06-16,4
4719,20170616,4720,104000,105000,10,4000,2017-06-16,4
4720,20170616,4721,105000,110000,10,5000,2017-06-16,4
4721,20170616,4722,110000,111000,11,0,2017-06-16,4
4722,20170616,4723,111000,112000,11,1000,2017-06-16,4
4723,20170616,4724,112000,113000,11,2000,2017-06-16,4
4724,20170616,4725,113000,114000,11,3000,2017-06-16,4
4725,20170616,4726,114000,115000,11,4000,2017-06-16,4
4726,20170616,4727,115000,120000,11,5000,2017-06-16,4
4727,20170616,4728,120000,121000,12,0,2017-06-16,4
4728,20170616,4729,121000,122000,12,1000,2017-06-16,4
4729,20170616,4730,122000,123000,12,2000,2017-06-16,4
4730,20170616,4731,123000,124000,12,3000,2017-06-16,4
4731,20170616,4732,124000,125000,12,4000,2017-06-16,4
4732,20170616,4733,125000,130000,12,5000,2017-06-16,4
4733,20170616,4734,130000,131000,13,0,2017-06-16,4
4734,20170616,4735,131000,132000,13,1000,2017-06-16,4
4735,20170616,4736,132000,133000,13,2000,2017-06-16,4
4736,20170616,4737,133000,134000,13,3000,2017-06-16,4
4737,20170616,4738,134000,135000,13,4000,2017-06-16,4
4738,20170616,4739,135000,140000,13,5000,2017-06-16,4
4739,20170616,4740,140000,141000,14,0,2017-06-16,4
4740,20170616,4741,141000,142000,14,1000,2017-06-16,4
4741,20170616,4742,142000,143000,14,2000,2017-06-16,4
4742,20170616,4743,143000,144000,14,3000,2017-06-16,4
4743,20170616,4744,144000,145000,14,4000,2017-06-16,4
4744,20170616,4745,145000,150000,14,5000,2017-06-16,4
4745,20170616,4746,150000,151000,15,0,2017-06-16,4
4746,20170616,4747,151000,152000,15,1000,2017-06-16,4
4747,20170616,4748,152000,153000,15,2000,2017-06-16,4
4748,20170616,4749,153000,154000,15,3000,2017-06-16,4
4749,20170616,4750,154000,155000,15,4000,2017-06-16,4
4750,20170616,4751,155000,160000,15,5000,2017-06-16,4
4751,20170616,4752,160000,161000,16,0,2017-06-16,4
4752,20170616,4753,161000,162000,16,1000,2017-06-16,4
4753,20170616,4754,162000,163000,16,2000,2017-06-16,4
4754,20170616,4755,163000,164000,16,3000,2017-06-16,4
4755,20170616,4756,164000,165000,16,4000,2017-06-16,4
4756,20170616,4757,165000,170000,16,5000,2017-06-16,4
4757,20170616,4758,170000,171000,17,0,2017-06-16,4
4758,20170616,4759,171000,172000,17,1000,2017-06-16,4
4759,20170616,4760,172000,173000,17,2000,2017-06-16,4
4760,20170616,4761,173000,174000,17,3000,2017-06-16,4
4761,20170616,4762,174000,175000,17,4000,2017-06-16,4
4762,20170616,4763,175000,180000,17,5000,2017-06-16,4
4763,20170616,4764,180000,181000,18,0,2017-06-16,4
4764,20170616,4765,181000,182000,18,1000,2017-06-16,4
4765,20170616,4766,182000,183000,18,2000,2017-06-16,4
4766,20170616,4767,183000,184000,18,3000,2017-06-16,4
4767,20170616,4768,184000,185000,18,4000,2017-06-16,4
4768,20170616,4769,185000,190000,18,5000,2017-06-16,4
4769,20170616,4770,190000,191000,19,0,2017-06-16,4
4770,20170616,4771,191000,192000,19,1000,2017-06-16,4
4771,20170616,4772,192000,193000,19,2000,2017-06-16,4
4772,20170616,4773,193000,194000,19,3000,2017-06-16,4
4773,20170616,4774,194000,195000,19,4000,2017-06-16,4
4774,20170616,4775,195000,200000,19,5000,2017-06-16,4
4775,20170616,4776,200000,201000,20,0,2017-06-16,4
4776,20170616,4777,201000,202000,20,1000,2017-06-16,4
4777,20170616,4778,202000,203000,20,2000,2017-06-16,4
4778,20170616,4779,203000,204000,20,3000,2017-06-16,4
4779,20170616,4780,204000,205000,20,4000,2017-06-16,4
4780,20170616,4781,205000,210000,20,5000,2017-06-16,4
4781,20170616,4782,210000,211000,21,0,2017-06-16,4
4782,20170616,4783,211000,212000,21,1000,2017-06-16,4
4783,20170616,4784,212000,213000,21,2000,2017-06-16,4
4784,20170616,4785,213000,214000,21,3000,2017-06-16,4
4785,20170616,4786,214000,215000,21,4000,2017-06-16,4
4786,20170616,4787,215000,220000,21,5000,2017-06-16,4
4787,20170616,4788,220000,221000,22,0,2017-06-16,4
4788,20170616,4789,221000,222000,22,1000,2017-06-16,4
4789,20170616,4790,222000,223000,22,2000,2017-06-16,4
4790,20170616,4791,223000,224000,22,3000,2017-06-16,4
4791,20170616,4792,224000,225000,22,4000,2017-06-16,4
4792,20170616,4793,225000,230000,22,5000,2017-06-16,4
4793,20170617,4794,60000,61000,60,0,2017-06-17,5
4794,20170617,4795,61000,62000,61,0,2017-06-17,5
4795,20170617,4796,62000,63000,62,0,2017-06-17,5
4796,20170617,4797,63000,64000,63,0,2017-06-17,5
4797,20170617,4798,64000,65000,64,0,2017-06-17,5
4798,20170617,4799,65000,70000,65,0,2017-06-17,5
4799,20170617,4800,70000,71000,70,0,2017-06-17,5
4800,20170617,4801,71000,72000,71,0,2017-06-17,5
4801,20170617,4802,72000,73000,72,0,2017-06-17,5
4802,20170617,4803,73000,74000,73,0,2017-06-17,5
4803,20170617,4804,74000,75000,74,0,2017-06-17,5
4804,20170617,4805,75000,80000,75,0,2017-06-17,5
4805,20170617,4806,80000,81000,80,0,2017-06-17,5
4806,20170617,4807,81000,82000,81,0,2017-06-17,5
4807,20170617,4808,82000,83000,82,0,2017-06-17,5
4808,20170617,4809,83000,84000,83,0,2017-06-17,5
4809,20170617,4810,84000,85000,84,0,2017-06-17,5
4810,20170617,4811,85000,90000,85,0,2017-06-17,5
4811,20170617,4812,90000,91000,90,0,2017-06-17,5
4812,20170617,4813,91000,92000,91,0,2017-06-17,5
4813,20170617,4814,92000,93000,92,0,2017-06-17,5
4814,20170617,4815,93000,94000,93,0,2017-06-17,5
4815,20170617,4816,94000,95000,94,0,2017-06-17,5
4816,20170617,4817,95000,100000,95,0,2017-06-17,5
4817,20170617,4818,100000,101000,10,0,2017-06-17,5
4818,20170617,4819,101000,102000,10,1000,2017-06-17,5
4819,20170617,4820,102000,103000,10,2000,2017-06-17,5
4820,20170617,4821,103000,104000,10,3000,2017-06-17,5
4821,20170617,4822,104000,105000,10,4000,2017-06-17,5
4822,20170617,4823,105000,110000,10,5000,2017-06-17,5
4823,20170617,4824,110000,111000,11,0,2017-06-17,5
4824,20170617,4825,111000,112000,11,1000,2017-06-17,5
4825,20170617,4826,112000,113000,11,2000,2017-06-17,5
4826,20170617,4827,113000,114000,11,3000,2017-06-17,5
4827,20170617,4828,114000,115000,11,4000,2017-06-17,5
4828,20170617,4829,115000,120000,11,5000,2017-06-17,5
4829,20170617,4830,120000,121000,12,0,2017-06-17,5
4830,20170617,4831,121000,122000,12,1000,2017-06-17,5
4831,20170617,4832,122000,123000,12,2000,2017-06-17,5
4832,20170617,4833,123000,124000,12,3000,2017-06-17,5
4833,20170617,4834,124000,125000,12,4000,2017-06-17,5
4834,20170617,4835,125000,130000,12,5000,2017-06-17,5
4835,20170617,4836,130000,131000,13,0,2017-06-17,5
4836,20170617,4837,131000,132000,13,1000,2017-06-17,5
4837,20170617,4838,132000,133000,13,2000,2017-06-17,5
4838,20170617,4839,133000,134000,13,3000,2017-06-17,5
4839,20170617,4840,134000,135000,13,4000,2017-06-17,5
4840,20170617,4841,135000,140000,13,5000,2017-06-17,5
4841,20170617,4842,140000,141000,14,0,2017-06-17,5
4842,20170617,4843,141000,142000,14,1000,2017-06-17,5
4843,20170617,4844,142000,143000,14,2000,2017-06-17,5
4844,20170617,4845,143000,144000,14,3000,2017-06-17,5
4845,20170617,4846,144000,145000,14,4000,2017-06-17,5
4846,20170617,4847,145000,150000,14,5000,2017-06-17,5
4847,20170617,4848,150000,151000,15,0,2017-06-17,5
4848,20170617,4849,151000,152000,15,1000,2017-06-17,5
4849,20170617,4850,152000,153000,15,2000,2017-06-17,5
4850,20170617,4851,153000,154000,15,3000,2017-06-17,5
4851,20170617,4852,154000,155000,15,4000,2017-06-17,5
4852,20170617,4853,155000,160000,15,5000,2017-06-17,5
4853,20170617,4854,160000,161000,16,0,2017-06-17,5
4854,20170617,4855,161000,162000,16,1000,2017-06-17,5
4855,20170617,4856,162000,163000,16,2000,2017-06-17,5
4856,20170617,4857,163000,164000,16,3000,2017-06-17,5
4857,20170617,4858,164000,165000,16,4000,2017-06-17,5
4858,20170617,4859,165000,170000,16,5000,2017-06-17,5
4859,20170617,4860,170000,171000,17,0,2017-06-17,5
4860,20170617,4861,171000,172000,17,1000,2017-06-17,5
4861,20170617,4862,172000,173000,17,2000,2017-06-17,5
4862,20170617,4863,173000,174000,17,3000,2017-06-17,5
4863,20170617,4864,174000,175000,17,4000,2017-06-17,5
4864,20170617,4865,175000,180000,17,5000,2017-06-17,5
4865,20170617,4866,180000,181000,18,0,2017-06-17,5
4866,20170617,4867,181000,182000,18,1000,2017-06-17,5
4867,20170617,4868,182000,183000,18,2000,2017-06-17,5
4868,20170617,4869,183000,184000,18,3000,2017-06-17,5
4869,20170617,4870,184000,185000,18,4000,2017-06-17,5
4870,20170617,4871,185000,190000,18,5000,2017-06-17,5
4871,20170617,4872,190000,191000,19,0,2017-06-17,5
4872,20170617,4873,191000,192000,19,1000,2017-06-17,5
4873,20170617,4874,192000,193000,19,2000,2017-06-17,5
4874,20170617,4875,193000,194000,19,3000,2017-06-17,5
4875,20170617,4876,194000,195000,19,4000,2017-06-17,5
4876,20170617,4877,195000,200000,19,5000,2017-06-17,5
4877,20170617,4878,200000,201000,20,0,2017-06-17,5
4878,20170617,4879,201000,202000,20,1000,2017-06-17,5
4879,20170617,4880,202000,203000,20,2000,2017-06-17,5
4880,20170617,4881,203000,204000,20,3000,2017-06-17,5
4881,20170617,4882,204000,205000,20,4000,2017-06-17,5
4882,20170617,4883,205000,210000,20,5000,2017-06-17,5
4883,20170617,4884,210000,211000,21,0,2017-06-17,5
4884,20170617,4885,211000,212000,21,1000,2017-06-17,5
4885,20170617,4886,212000,213000,21,2000,2017-06-17,5
4886,20170617,4887,213000,214000,21,3000,2017-06-17,5
4887,20170617,4888,214000,215000,21,4000,2017-06-17,5
4888,20170617,4889,215000,220000,21,5000,2017-06-17,5
4889,20170617,4890,220000,221000,22,0,2017-06-17,5
4890,20170617,4891,221000,222000,22,1000,2017-06-17,5
4891,20170617,4892,222000,223000,22,2000,2017-06-17,5
4892,20170617,4893,223000,224000,22,3000,2017-06-17,5
4893,20170617,4894,224000,225000,22,4000,2017-06-17,5
4894,20170617,4895,225000,230000,22,5000,2017-06-17,5
4895,20170618,4896,60000,61000,60,0,2017-06-18,6
4896,20170618,4897,61000,62000,61,0,2017-06-18,6
4897,20170618,4898,62000,63000,62,0,2017-06-18,6
4898,20170618,4899,63000,64000,63,0,2017-06-18,6
4899,20170618,4900,64000,65000,64,0,2017-06-18,6
4900,20170618,4901,65000,70000,65,0,2017-06-18,6
4901,20170618,4902,70000,71000,70,0,2017-06-18,6
4902,20170618,4903,71000,72000,71,0,2017-06-18,6
4903,20170618,4904,72000,73000,72,0,2017-06-18,6
4904,20170618,4905,73000,74000,73,0,2017-06-18,6
4905,20170618,4906,74000,75000,74,0,2017-06-18,6
4906,20170618,4907,75000,80000,75,0,2017-06-18,6
4907,20170618,4908,80000,81000,80,0,2017-06-18,6
4908,20170618,4909,81000,82000,81,0,2017-06-18,6
4909,20170618,4910,82000,83000,82,0,2017-06-18,6
4910,20170618,4911,83000,84000,83,0,2017-06-18,6
4911,20170618,4912,84000,85000,84,0,2017-06-18,6
4912,20170618,4913,85000,90000,85,0,2017-06-18,6
4913,20170618,4914,90000,91000,90,0,2017-06-18,6
4914,20170618,4915,91000,92000,91,0,2017-06-18,6
4915,20170618,4916,92000,93000,92,0,2017-06-18,6
4916,20170618,4917,93000,94000,93,0,2017-06-18,6
4917,20170618,4918,94000,95000,94,0,2017-06-18,6
4918,20170618,4919,95000,100000,95,0,2017-06-18,6
4919,20170618,4920,100000,101000,10,0,2017-06-18,6
4920,20170618,4921,101000,102000,10,1000,2017-06-18,6
4921,20170618,4922,102000,103000,10,2000,2017-06-18,6
4922,20170618,4923,103000,104000,10,3000,2017-06-18,6
4923,20170618,4924,104000,105000,10,4000,2017-06-18,6
4924,20170618,4925,105000,110000,10,5000,2017-06-18,6
4925,20170618,4926,110000,111000,11,0,2017-06-18,6
4926,20170618,4927,111000,112000,11,1000,2017-06-18,6
4927,20170618,4928,112000,113000,11,2000,2017-06-18,6
4928,20170618,4929,113000,114000,11,3000,2017-06-18,6
4929,20170618,4930,114000,115000,11,4000,2017-06-18,6
4930,20170618,4931,115000,120000,11,5000,2017-06-18,6
4931,20170618,4932,120000,121000,12,0,2017-06-18,6
4932,20170618,4933,121000,122000,12,1000,2017-06-18,6
4933,20170618,4934,122000,123000,12,2000,2017-06-18,6
4934,20170618,4935,123000,124000,12,3000,2017-06-18,6
4935,20170618,4936,124000,125000,12,4000,2017-06-18,6
4936,20170618,4937,125000,130000,12,5000,2017-06-18,6
4937,20170618,4938,130000,131000,13,0,2017-06-18,6
4938,20170618,4939,131000,132000,13,1000,2017-06-18,6
4939,20170618,4940,132000,133000,13,2000,2017-06-18,6
4940,20170618,4941,133000,134000,13,3000,2017-06-18,6
4941,20170618,4942,134000,135000,13,4000,2017-06-18,6
4942,20170618,4943,135000,140000,13,5000,2017-06-18,6
4943,20170618,4944,140000,141000,14,0,2017-06-18,6
4944,20170618,4945,141000,142000,14,1000,2017-06-18,6
4945,20170618,4946,142000,143000,14,2000,2017-06-18,6
4946,20170618,4947,143000,144000,14,3000,2017-06-18,6
4947,20170618,4948,144000,145000,14,4000,2017-06-18,6
4948,20170618,4949,145000,150000,14,5000,2017-06-18,6
4949,20170618,4950,150000,151000,15,0,2017-06-18,6
4950,20170618,4951,151000,152000,15,1000,2017-06-18,6
4951,20170618,4952,152000,153000,15,2000,2017-06-18,6
4952,20170618,4953,153000,154000,15,3000,2017-06-18,6
4953,20170618,4954,154000,155000,15,4000,2017-06-18,6
4954,20170618,4955,155000,160000,15,5000,2017-06-18,6
4955,20170618,4956,160000,161000,16,0,2017-06-18,6
4956,20170618,4957,161000,162000,16,1000,2017-06-18,6
4957,20170618,4958,162000,163000,16,2000,2017-06-18,6
4958,20170618,4959,163000,164000,16,3000,2017-06-18,6
4959,20170618,4960,164000,165000,16,4000,2017-06-18,6
4960,20170618,4961,165000,170000,16,5000,2017-06-18,6
4961,20170618,4962,170000,171000,17,0,2017-06-18,6
4962,20170618,4963,171000,172000,17,1000,2017-06-18,6
4963,20170618,4964,172000,173000,17,2000,2017-06-18,6
4964,20170618,4965,173000,174000,17,3000,2017-06-18,6
4965,20170618,4966,174000,175000,17,4000,2017-06-18,6
4966,20170618,4967,175000,180000,17,5000,2017-06-18,6
4967,20170618,4968,180000,181000,18,0,2017-06-18,6
4968,20170618,4969,181000,182000,18,1000,2017-06-18,6
4969,20170618,4970,182000,183000,18,2000,2017-06-18,6
4970,20170618,4971,183000,184000,18,3000,2017-06-18,6
4971,20170618,4972,184000,185000,18,4000,2017-06-18,6
4972,20170618,4973,185000,190000,18,5000,2017-06-18,6
4973,20170618,4974,190000,191000,19,0,2017-06-18,6
4974,20170618,4975,191000,192000,19,1000,2017-06-18,6
4975,20170618,4976,192000,193000,19,2000,2017-06-18,6
4976,20170618,4977,193000,194000,19,3000,2017-06-18,6
4977,20170618,4978,194000,195000,19,4000,2017-06-18,6
4978,20170618,4979,195000,200000,19,5000,2017-06-18,6
4979,20170618,4980,200000,201000,20,0,2017-06-18,6
4980,20170618,4981,201000,202000,20,1000,2017-06-18,6
4981,20170618,4982,202000,203000,20,2000,2017-06-18,6
4982,20170618,4983,203000,204000,20,3000,2017-06-18,6
4983,20170618,4984,204000,205000,20,4000,2017-06-18,6
4984,20170618,4985,205000,210000,20,5000,2017-06-18,6
4985,20170618,4986,210000,211000,21,0,2017-06-18,6
4986,20170618,4987,211000,212000,21,1000,2017-06-18,6
4987,20170618,4988,212000,213000,21,2000,2017-06-18,6
4988,20170618,4989,213000,214000,21,3000,2017-06-18,6
4989,20170618,4990,214000,215000,21,4000,2017-06-18,6
4990,20170618,4991,215000,220000,21,5000,2017-06-18,6
4991,20170618,4992,220000,221000,22,0,2017-06-18,6
4992,20170618,4993,221000,222000,22,1000,2017-06-18,6
4993,20170618,4994,222000,223000,22,2000,2017-06-18,6
4994,20170618,4995,223000,224000,22,3000,2017-06-18,6
4995,20170618,4996,224000,225000,22,4000,2017-06-18,6
4996,20170618,4997,225000,230000,22,5000,2017-06-18,6
4997,20170619,4998,60000,61000,60,0,2017-06-19,0
4998,20170619,4999,61000,62000,61,0,2017-06-19,0
4999,20170619,5000,62000,63000,62,0,2017-06-19,0
5000,20170619,5001,63000,64000,63,0,2017-06-19,0
5001,20170619,5002,64000,65000,64,0,2017-06-19,0
5002,20170619,5003,65000,70000,65,0,2017-06-19,0
5003,20170619,5004,70000,71000,70,0,2017-06-19,0
5004,20170619,5005,71000,72000,71,0,2017-06-19,0
5005,20170619,5006,72000,73000,72,0,2017-06-19,0
5006,20170619,5007,73000,74000,73,0,2017-06-19,0
5007,20170619,5008,74000,75000,74,0,2017-06-19,0
5008,20170619,5009,75000,80000,75,0,2017-06-19,0
5009,20170619,5010,80000,81000,80,0,2017-06-19,0
5010,20170619,5011,81000,82000,81,0,2017-06-19,0
5011,20170619,5012,82000,83000,82,0,2017-06-19,0
5012,20170619,5013,83000,84000,83,0,2017-06-19,0
5013,20170619,5014,84000,85000,84,0,2017-06-19,0
5014,20170619,5015,85000,90000,85,0,2017-06-19,0
5015,20170619,5016,90000,91000,90,0,2017-06-19,0
5016,20170619,5017,91000,92000,91,0,2017-06-19,0
5017,20170619,5018,92000,93000,92,0,2017-06-19,0
5018,20170619,5019,93000,94000,93,0,2017-06-19,0
5019,20170619,5020,94000,95000,94,0,2017-06-19,0
5020,20170619,5021,95000,100000,95,0,2017-06-19,0
5021,20170619,5022,100000,101000,10,0,2017-06-19,0
5022,20170619,5023,101000,102000,10,1000,2017-06-19,0
5023,20170619,5024,102000,103000,10,2000,2017-06-19,0
5024,20170619,5025,103000,104000,10,3000,2017-06-19,0
5025,20170619,5026,104000,105000,10,4000,2017-06-19,0
5026,20170619,5027,105000,110000,10,5000,2017-06-19,0
5027,20170619,5028,110000,111000,11,0,2017-06-19,0
5028,20170619,5029,111000,112000,11,1000,2017-06-19,0
5029,20170619,5030,112000,113000,11,2000,2017-06-19,0
5030,20170619,5031,113000,114000,11,3000,2017-06-19,0
5031,20170619,5032,114000,115000,11,4000,2017-06-19,0
5032,20170619,5033,115000,120000,11,5000,2017-06-19,0
5033,20170619,5034,120000,121000,12,0,2017-06-19,0
5034,20170619,5035,121000,122000,12,1000,2017-06-19,0
5035,20170619,5036,122000,123000,12,2000,2017-06-19,0
5036,20170619,5037,123000,124000,12,3000,2017-06-19,0
5037,20170619,5038,124000,125000,12,4000,2017-06-19,0
5038,20170619,5039,125000,130000,12,5000,2017-06-19,0
5039,20170619,5040,130000,131000,13,0,2017-06-19,0
5040,20170619,5041,131000,132000,13,1000,2017-06-19,0
5041,20170619,5042,132000,133000,13,2000,2017-06-19,0
5042,20170619,5043,133000,134000,13,3000,2017-06-19,0
5043,20170619,5044,134000,135000,13,4000,2017-06-19,0
5044,20170619,5045,135000,140000,13,5000,2017-06-19,0
5045,20170619,5046,140000,141000,14,0,2017-06-19,0
5046,20170619,5047,141000,142000,14,1000,2017-06-19,0
5047,20170619,5048,142000,143000,14,2000,2017-06-19,0
5048,20170619,5049,143000,144000,14,3000,2017-06-19,0
5049,20170619,5050,144000,145000,14,4000,2017-06-19,0
5050,20170619,5051,145000,150000,14,5000,2017-06-19,0
5051,20170619,5052,150000,151000,15,0,2017-06-19,0
5052,20170619,5053,151000,152000,15,1000,2017-06-19,0
5053,20170619,5054,152000,153000,15,2000,2017-06-19,0
5054,20170619,5055,153000,154000,15,3000,2017-06-19,0
5055,20170619,5056,154000,155000,15,4000,2017-06-19,0
5056,20170619,5057,155000,160000,15,5000,2017-06-19,0
5057,20170619,5058,160000,161000,16,0,2017-06-19,0
5058,20170619,5059,161000,162000,16,1000,2017-06-19,0
5059,20170619,5060,162000,163000,16,2000,2017-06-19,0
5060,20170619,5061,163000,164000,16,3000,2017-06-19,0
5061,20170619,5062,164000,165000,16,4000,2017-06-19,0
5062,20170619,5063,165000,170000,16,5000,2017-06-19,0
5063,20170619,5064,170000,171000,17,0,2017-06-19,0
5064,20170619,5065,171000,172000,17,1000,2017-06-19,0
5065,20170619,5066,172000,173000,17,2000,2017-06-19,0
5066,20170619,5067,173000,174000,17,3000,2017-06-19,0
5067,20170619,5068,174000,175000,17,4000,2017-06-19,0
5068,20170619,5069,175000,180000,17,5000,2017-06-19,0
5069,20170619,5070,180000,181000,18,0,2017-06-19,0
5070,20170619,5071,181000,182000,18,1000,2017-06-19,0
5071,20170619,5072,182000,183000,18,2000,2017-06-19,0
5072,20170619,5073,183000,184000,18,3000,2017-06-19,0
5073,20170619,5074,184000,185000,18,4000,2017-06-19,0
5074,20170619,5075,185000,190000,18,5000,2017-06-19,0
5075,20170619,5076,190000,191000,19,0,2017-06-19,0
5076,20170619,5077,191000,192000,19,1000,2017-06-19,0
5077,20170619,5078,192000,193000,19,2000,2017-06-19,0
5078,20170619,5079,193000,194000,19,3000,2017-06-19,0
5079,20170619,5080,194000,195000,19,4000,2017-06-19,0
5080,20170619,5081,195000,200000,19,5000,2017-06-19,0
5081,20170619,5082,200000,201000,20,0,2017-06-19,0
5082,20170619,5083,201000,202000,20,1000,2017-06-19,0
5083,20170619,5084,202000,203000,20,2000,2017-06-19,0
5084,20170619,5085,203000,204000,20,3000,2017-06-19,0
5085,20170619,5086,204000,205000,20,4000,2017-06-19,0
5086,20170619,5087,205000,210000,20,5000,2017-06-19,0
5087,20170619,5088,210000,211000,21,0,2017-06-19,0
5088,20170619,5089,211000,212000,21,1000,2017-06-19,0
5089,20170619,5090,212000,213000,21,2000,2017-06-19,0
5090,20170619,5091,213000,214000,21,3000,2017-06-19,0
5091,20170619,5092,214000,215000,21,4000,2017-06-19,0
5092,20170619,5093,215000,220000,21,5000,2017-06-19,0
5093,20170619,5094,220000,221000,22,0,2017-06-19,0
5094,20170619,5095,221000,222000,22,1000,2017-06-19,0
5095,20170619,5096,222000,223000,22,2000,2017-06-19,0
5096,20170619,5097,223000,224000,22,3000,2017-06-19,0
5097,20170619,5098,224000,225000,22,4000,2017-06-19,0
5098,20170619,5099,225000,230000,22,5000,2017-06-19,0
5099,20170620,5100,60000,61000,60,0,2017-06-20,1
5100,20170620,5101,61000,62000,61,0,2017-06-20,1
5101,20170620,5102,62000,63000,62,0,2017-06-20,1
5102,20170620,5103,63000,64000,63,0,2017-06-20,1
5103,20170620,5104,64000,65000,64,0,2017-06-20,1
5104,20170620,5105,65000,70000,65,0,2017-06-20,1
5105,20170620,5106,70000,71000,70,0,2017-06-20,1
5106,20170620,5107,71000,72000,71,0,2017-06-20,1
5107,20170620,5108,72000,73000,72,0,2017-06-20,1
5108,20170620,5109,73000,74000,73,0,2017-06-20,1
5109,20170620,5110,74000,75000,74,0,2017-06-20,1
5110,20170620,5111,75000,80000,75,0,2017-06-20,1
5111,20170620,5112,80000,81000,80,0,2017-06-20,1
5112,20170620,5113,81000,82000,81,0,2017-06-20,1
5113,20170620,5114,82000,83000,82,0,2017-06-20,1
5114,20170620,5115,83000,84000,83,0,2017-06-20,1
5115,20170620,5116,84000,85000,84,0,2017-06-20,1
5116,20170620,5117,85000,90000,85,0,2017-06-20,1
5117,20170620,5118,90000,91000,90,0,2017-06-20,1
5118,20170620,5119,91000,92000,91,0,2017-06-20,1
5119,20170620,5120,92000,93000,92,0,2017-06-20,1
5120,20170620,5121,93000,94000,93,0,2017-06-20,1
5121,20170620,5122,94000,95000,94,0,2017-06-20,1
5122,20170620,5123,95000,100000,95,0,2017-06-20,1
5123,20170620,5124,100000,101000,10,0,2017-06-20,1
5124,20170620,5125,101000,102000,10,1000,2017-06-20,1
5125,20170620,5126,102000,103000,10,2000,2017-06-20,1
5126,20170620,5127,103000,104000,10,3000,2017-06-20,1
5127,20170620,5128,104000,105000,10,4000,2017-06-20,1
5128,20170620,5129,105000,110000,10,5000,2017-06-20,1
5129,20170620,5130,110000,111000,11,0,2017-06-20,1
5130,20170620,5131,111000,112000,11,1000,2017-06-20,1
5131,20170620,5132,112000,113000,11,2000,2017-06-20,1
5132,20170620,5133,113000,114000,11,3000,2017-06-20,1
5133,20170620,5134,114000,115000,11,4000,2017-06-20,1
5134,20170620,5135,115000,120000,11,5000,2017-06-20,1
5135,20170620,5136,120000,121000,12,0,2017-06-20,1
5136,20170620,5137,121000,122000,12,1000,2017-06-20,1
5137,20170620,5138,122000,123000,12,2000,2017-06-20,1
5138,20170620,5139,123000,124000,12,3000,2017-06-20,1
5139,20170620,5140,124000,125000,12,4000,2017-06-20,1
5140,20170620,5141,125000,130000,12,5000,2017-06-20,1
5141,20170620,5142,130000,131000,13,0,2017-06-20,1
5142,20170620,5143,131000,132000,13,1000,2017-06-20,1
5143,20170620,5144,132000,133000,13,2000,2017-06-20,1
5144,20170620,5145,133000,134000,13,3000,2017-06-20,1
5145,20170620,5146,134000,135000,13,4000,2017-06-20,1
5146,20170620,5147,135000,140000,13,5000,2017-06-20,1
5147,20170620,5148,140000,141000,14,0,2017-06-20,1
5148,20170620,5149,141000,142000,14,1000,2017-06-20,1
5149,20170620,5150,142000,143000,14,2000,2017-06-20,1
5150,20170620,5151,143000,144000,14,3000,2017-06-20,1
5151,20170620,5152,144000,145000,14,4000,2017-06-20,1
5152,20170620,5153,145000,150000,14,5000,2017-06-20,1
5153,20170620,5154,150000,151000,15,0,2017-06-20,1
5154,20170620,5155,151000,152000,15,1000,2017-06-20,1
5155,20170620,5156,152000,153000,15,2000,2017-06-20,1
5156,20170620,5157,153000,154000,15,3000,2017-06-20,1
5157,20170620,5158,154000,155000,15,4000,2017-06-20,1
5158,20170620,5159,155000,160000,15,5000,2017-06-20,1
5159,20170620,5160,160000,161000,16,0,2017-06-20,1
5160,20170620,5161,161000,162000,16,1000,2017-06-20,1
5161,20170620,5162,162000,163000,16,2000,2017-06-20,1
5162,20170620,5163,163000,164000,16,3000,2017-06-20,1
5163,20170620,5164,164000,165000,16,4000,2017-06-20,1
5164,20170620,5165,165000,170000,16,5000,2017-06-20,1
5165,20170620,5166,170000,171000,17,0,2017-06-20,1
5166,20170620,5167,171000,172000,17,1000,2017-06-20,1
5167,20170620,5168,172000,173000,17,2000,2017-06-20,1
5168,20170620,5169,173000,174000,17,3000,2017-06-20,1
5169,20170620,5170,174000,175000,17,4000,2017-06-20,1
5170,20170620,5171,175000,180000,17,5000,2017-06-20,1
5171,20170620,5172,180000,181000,18,0,2017-06-20,1
5172,20170620,5173,181000,182000,18,1000,2017-06-20,1
5173,20170620,5174,182000,183000,18,2000,2017-06-20,1
5174,20170620,5175,183000,184000,18,3000,2017-06-20,1
5175,20170620,5176,184000,185000,18,4000,2017-06-20,1
5176,20170620,5177,185000,190000,18,5000,2017-06-20,1
5177,20170620,5178,190000,191000,19,0,2017-06-20,1
5178,20170620,5179,191000,192000,19,1000,2017-06-20,1
5179,20170620,5180,192000,193000,19,2000,2017-06-20,1
5180,20170620,5181,193000,194000,19,3000,2017-06-20,1
5181,20170620,5182,194000,195000,19,4000,2017-06-20,1
5182,20170620,5183,195000,200000,19,5000,2017-06-20,1
5183,20170620,5184,200000,201000,20,0,2017-06-20,1
5184,20170620,5185,201000,202000,20,1000,2017-06-20,1
5185,20170620,5186,202000,203000,20,2000,2017-06-20,1
5186,20170620,5187,203000,204000,20,3000,2017-06-20,1
5187,20170620,5188,204000,205000,20,4000,2017-06-20,1
5188,20170620,5189,205000,210000,20,5000,2017-06-20,1
5189,20170620,5190,210000,211000,21,0,2017-06-20,1
5190,20170620,5191,211000,212000,21,1000,2017-06-20,1
5191,20170620,5192,212000,213000,21,2000,2017-06-20,1
5192,20170620,5193,213000,214000,21,3000,2017-06-20,1
5193,20170620,5194,214000,215000,21,4000,2017-06-20,1
5194,20170620,5195,215000,220000,21,5000,2017-06-20,1
5195,20170620,5196,220000,221000,22,0,2017-06-20,1
5196,20170620,5197,221000,222000,22,1000,2017-06-20,1
5197,20170620,5198,222000,223000,22,2000,2017-06-20,1
5198,20170620,5199,223000,224000,22,3000,2017-06-20,1
5199,20170620,5200,224000,225000,22,4000,2017-06-20,1
5200,20170620,5201,225000,230000,22,5000,2017-06-20,1
5201,20170621,5202,60000,61000,60,0,2017-06-21,2
5202,20170621,5203,61000,62000,61,0,2017-06-21,2
5203,20170621,5204,62000,63000,62,0,2017-06-21,2
5204,20170621,5205,63000,64000,63,0,2017-06-21,2
5205,20170621,5206,64000,65000,64,0,2017-06-21,2
5206,20170621,5207,65000,70000,65,0,2017-06-21,2
5207,20170621,5208,70000,71000,70,0,2017-06-21,2
5208,20170621,5209,71000,72000,71,0,2017-06-21,2
5209,20170621,5210,72000,73000,72,0,2017-06-21,2
5210,20170621,5211,73000,74000,73,0,2017-06-21,2
5211,20170621,5212,74000,75000,74,0,2017-06-21,2
5212,20170621,5213,75000,80000,75,0,2017-06-21,2
5213,20170621,5214,80000,81000,80,0,2017-06-21,2
5214,20170621,5215,81000,82000,81,0,2017-06-21,2
5215,20170621,5216,82000,83000,82,0,2017-06-21,2
5216,20170621,5217,83000,84000,83,0,2017-06-21,2
5217,20170621,5218,84000,85000,84,0,2017-06-21,2
5218,20170621,5219,85000,90000,85,0,2017-06-21,2
5219,20170621,5220,90000,91000,90,0,2017-06-21,2
5220,20170621,5221,91000,92000,91,0,2017-06-21,2
5221,20170621,5222,92000,93000,92,0,2017-06-21,2
5222,20170621,5223,93000,94000,93,0,2017-06-21,2
5223,20170621,5224,94000,95000,94,0,2017-06-21,2
5224,20170621,5225,95000,100000,95,0,2017-06-21,2
5225,20170621,5226,100000,101000,10,0,2017-06-21,2
5226,20170621,5227,101000,102000,10,1000,2017-06-21,2
5227,20170621,5228,102000,103000,10,2000,2017-06-21,2
5228,20170621,5229,103000,104000,10,3000,2017-06-21,2
5229,20170621,5230,104000,105000,10,4000,2017-06-21,2
5230,20170621,5231,105000,110000,10,5000,2017-06-21,2
5231,20170621,5232,110000,111000,11,0,2017-06-21,2
5232,20170621,5233,111000,112000,11,1000,2017-06-21,2
5233,20170621,5234,112000,113000,11,2000,2017-06-21,2
5234,20170621,5235,113000,114000,11,3000,2017-06-21,2
5235,20170621,5236,114000,115000,11,4000,2017-06-21,2
5236,20170621,5237,115000,120000,11,5000,2017-06-21,2
5237,20170621,5238,120000,121000,12,0,2017-06-21,2
5238,20170621,5239,121000,122000,12,1000,2017-06-21,2
5239,20170621,5240,122000,123000,12,2000,2017-06-21,2
5240,20170621,5241,123000,124000,12,3000,2017-06-21,2
5241,20170621,5242,124000,125000,12,4000,2017-06-21,2
5242,20170621,5243,125000,130000,12,5000,2017-06-21,2
5243,20170621,5244,130000,131000,13,0,2017-06-21,2
5244,20170621,5245,131000,132000,13,1000,2017-06-21,2
5245,20170621,5246,132000,133000,13,2000,2017-06-21,2
5246,20170621,5247,133000,134000,13,3000,2017-06-21,2
5247,20170621,5248,134000,135000,13,4000,2017-06-21,2
5248,20170621,5249,135000,140000,13,5000,2017-06-21,2
5249,20170621,5250,140000,141000,14,0,2017-06-21,2
5250,20170621,5251,141000,142000,14,1000,2017-06-21,2
5251,20170621,5252,142000,143000,14,2000,2017-06-21,2
5252,20170621,5253,143000,144000,14,3000,2017-06-21,2
5253,20170621,5254,144000,145000,14,4000,2017-06-21,2
5254,20170621,5255,145000,150000,14,5000,2017-06-21,2
5255,20170621,5256,150000,151000,15,0,2017-06-21,2
5256,20170621,5257,151000,152000,15,1000,2017-06-21,2
5257,20170621,5258,152000,153000,15,2000,2017-06-21,2
5258,20170621,5259,153000,154000,15,3000,2017-06-21,2
5259,20170621,5260,154000,155000,15,4000,2017-06-21,2
5260,20170621,5261,155000,160000,15,5000,2017-06-21,2
5261,20170621,5262,160000,161000,16,0,2017-06-21,2
5262,20170621,5263,161000,162000,16,1000,2017-06-21,2
5263,20170621,5264,162000,163000,16,2000,2017-06-21,2
5264,20170621,5265,163000,164000,16,3000,2017-06-21,2
5265,20170621,5266,164000,165000,16,4000,2017-06-21,2
5266,20170621,5267,165000,170000,16,5000,2017-06-21,2
5267,20170621,5268,170000,171000,17,0,2017-06-21,2
5268,20170621,5269,171000,172000,17,1000,2017-06-21,2
5269,20170621,5270,172000,173000,17,2000,2017-06-21,2
5270,20170621,5271,173000,174000,17,3000,2017-06-21,2
5271,20170621,5272,174000,175000,17,4000,2017-06-21,2
5272,20170621,5273,175000,180000,17,5000,2017-06-21,2
5273,20170621,5274,180000,181000,18,0,2017-06-21,2
5274,20170621,5275,181000,182000,18,1000,2017-06-21,2
5275,20170621,5276,182000,183000,18,2000,2017-06-21,2
5276,20170621,5277,183000,184000,18,3000,2017-06-21,2
5277,20170621,5278,184000,185000,18,4000,2017-06-21,2
5278,20170621,5279,185000,190000,18,5000,2017-06-21,2
5279,20170621,5280,190000,191000,19,0,2017-06-21,2
5280,20170621,5281,191000,192000,19,1000,2017-06-21,2
5281,20170621,5282,192000,193000,19,2000,2017-06-21,2
5282,20170621,5283,193000,194000,19,3000,2017-06-21,2
5283,20170621,5284,194000,195000,19,4000,2017-06-21,2
5284,20170621,5285,195000,200000,19,5000,2017-06-21,2
5285,20170621,5286,200000,201000,20,0,2017-06-21,2
5286,20170621,5287,201000,202000,20,1000,2017-06-21,2
5287,20170621,5288,202000,203000,20,2000,2017-06-21,2
5288,20170621,5289,203000,204000,20,3000,2017-06-21,2
5289,20170621,5290,204000,205000,20,4000,2017-06-21,2
5290,20170621,5291,205000,210000,20,5000,2017-06-21,2
5291,20170621,5292,210000,211000,21,0,2017-06-21,2
5292,20170621,5293,211000,212000,21,1000,2017-06-21,2
5293,20170621,5294,212000,213000,21,2000,2017-06-21,2
5294,20170621,5295,213000,214000,21,3000,2017-06-21,2
5295,20170621,5296,214000,215000,21,4000,2017-06-21,2
5296,20170621,5297,215000,220000,21,5000,2017-06-21,2
5297,20170621,5298,220000,221000,22,0,2017-06-21,2
5298,20170621,5299,221000,222000,22,1000,2017-06-21,2
5299,20170621,5300,222000,223000,22,2000,2017-06-21,2
5300,20170621,5301,223000,224000,22,3000,2017-06-21,2
5301,20170621,5302,224000,225000,22,4000,2017-06-21,2
5302,20170621,5303,225000,230000,22,5000,2017-06-21,2
5303,20170622,5304,60000,61000,60,0,2017-06-22,3
5304,20170622,5305,61000,62000,61,0,2017-06-22,3
5305,20170622,5306,62000,63000,62,0,2017-06-22,3
5306,20170622,5307,63000,64000,63,0,2017-06-22,3
5307,20170622,5308,64000,65000,64,0,2017-06-22,3
5308,20170622,5309,65000,70000,65,0,2017-06-22,3
5309,20170622,5310,70000,71000,70,0,2017-06-22,3
5310,20170622,5311,71000,72000,71,0,2017-06-22,3
5311,20170622,5312,72000,73000,72,0,2017-06-22,3
5312,20170622,5313,73000,74000,73,0,2017-06-22,3
5313,20170622,5314,74000,75000,74,0,2017-06-22,3
5314,20170622,5315,75000,80000,75,0,2017-06-22,3
5315,20170622,5316,80000,81000,80,0,2017-06-22,3
5316,20170622,5317,81000,82000,81,0,2017-06-22,3
5317,20170622,5318,82000,83000,82,0,2017-06-22,3
5318,20170622,5319,83000,84000,83,0,2017-06-22,3
5319,20170622,5320,84000,85000,84,0,2017-06-22,3
5320,20170622,5321,85000,90000,85,0,2017-06-22,3
5321,20170622,5322,90000,91000,90,0,2017-06-22,3
5322,20170622,5323,91000,92000,91,0,2017-06-22,3
5323,20170622,5324,92000,93000,92,0,2017-06-22,3
5324,20170622,5325,93000,94000,93,0,2017-06-22,3
5325,20170622,5326,94000,95000,94,0,2017-06-22,3
5326,20170622,5327,95000,100000,95,0,2017-06-22,3
5327,20170622,5328,100000,101000,10,0,2017-06-22,3
5328,20170622,5329,101000,102000,10,1000,2017-06-22,3
5329,20170622,5330,102000,103000,10,2000,2017-06-22,3
5330,20170622,5331,103000,104000,10,3000,2017-06-22,3
5331,20170622,5332,104000,105000,10,4000,2017-06-22,3
5332,20170622,5333,105000,110000,10,5000,2017-06-22,3
5333,20170622,5334,110000,111000,11,0,2017-06-22,3
5334,20170622,5335,111000,112000,11,1000,2017-06-22,3
5335,20170622,5336,112000,113000,11,2000,2017-06-22,3
5336,20170622,5337,113000,114000,11,3000,2017-06-22,3
5337,20170622,5338,114000,115000,11,4000,2017-06-22,3
5338,20170622,5339,115000,120000,11,5000,2017-06-22,3
5339,20170622,5340,120000,121000,12,0,2017-06-22,3
5340,20170622,5341,121000,122000,12,1000,2017-06-22,3
5341,20170622,5342,122000,123000,12,2000,2017-06-22,3
5342,20170622,5343,123000,124000,12,3000,2017-06-22,3
5343,20170622,5344,124000,125000,12,4000,2017-06-22,3
5344,20170622,5345,125000,130000,12,5000,2017-06-22,3
5345,20170622,5346,130000,131000,13,0,2017-06-22,3
5346,20170622,5347,131000,132000,13,1000,2017-06-22,3
5347,20170622,5348,132000,133000,13,2000,2017-06-22,3
5348,20170622,5349,133000,134000,13,3000,2017-06-22,3
5349,20170622,5350,134000,135000,13,4000,2017-06-22,3
5350,20170622,5351,135000,140000,13,5000,2017-06-22,3
5351,20170622,5352,140000,141000,14,0,2017-06-22,3
5352,20170622,5353,141000,142000,14,1000,2017-06-22,3
5353,20170622,5354,142000,143000,14,2000,2017-06-22,3
5354,20170622,5355,143000,144000,14,3000,2017-06-22,3
5355,20170622,5356,144000,145000,14,4000,2017-06-22,3
5356,20170622,5357,145000,150000,14,5000,2017-06-22,3
5357,20170622,5358,150000,151000,15,0,2017-06-22,3
5358,20170622,5359,151000,152000,15,1000,2017-06-22,3
5359,20170622,5360,152000,153000,15,2000,2017-06-22,3
5360,20170622,5361,153000,154000,15,3000,2017-06-22,3
5361,20170622,5362,154000,155000,15,4000,2017-06-22,3
5362,20170622,5363,155000,160000,15,5000,2017-06-22,3
5363,20170622,5364,160000,161000,16,0,2017-06-22,3
5364,20170622,5365,161000,162000,16,1000,2017-06-22,3
5365,20170622,5366,162000,163000,16,2000,2017-06-22,3
5366,20170622,5367,163000,164000,16,3000,2017-06-22,3
5367,20170622,5368,164000,165000,16,4000,2017-06-22,3
5368,20170622,5369,165000,170000,16,5000,2017-06-22,3
5369,20170622,5370,170000,171000,17,0,2017-06-22,3
5370,20170622,5371,171000,172000,17,1000,2017-06-22,3
5371,20170622,5372,172000,173000,17,2000,2017-06-22,3
5372,20170622,5373,173000,174000,17,3000,2017-06-22,3
5373,20170622,5374,174000,175000,17,4000,2017-06-22,3
5374,20170622,5375,175000,180000,17,5000,2017-06-22,3
5375,20170622,5376,180000,181000,18,0,2017-06-22,3
5376,20170622,5377,181000,182000,18,1000,2017-06-22,3
5377,20170622,5378,182000,183000,18,2000,2017-06-22,3
5378,20170622,5379,183000,184000,18,3000,2017-06-22,3
5379,20170622,5380,184000,185000,18,4000,2017-06-22,3
5380,20170622,5381,185000,190000,18,5000,2017-06-22,3
5381,20170622,5382,190000,191000,19,0,2017-06-22,3
5382,20170622,5383,191000,192000,19,1000,2017-06-22,3
5383,20170622,5384,192000,193000,19,2000,2017-06-22,3
5384,20170622,5385,193000,194000,19,3000,2017-06-22,3
5385,20170622,5386,194000,195000,19,4000,2017-06-22,3
5386,20170622,5387,195000,200000,19,5000,2017-06-22,3
5387,20170622,5388,200000,201000,20,0,2017-06-22,3
5388,20170622,5389,201000,202000,20,1000,2017-06-22,3
5389,20170622,5390,202000,203000,20,2000,2017-06-22,3
5390,20170622,5391,203000,204000,20,3000,2017-06-22,3
5391,20170622,5392,204000,205000,20,4000,2017-06-22,3
5392,20170622,5393,205000,210000,20,5000,2017-06-22,3
5393,20170622,5394,210000,211000,21,0,2017-06-22,3
5394,20170622,5395,211000,212000,21,1000,2017-06-22,3
5395,20170622,5396,212000,213000,21,2000,2017-06-22,3
5396,20170622,5397,213000,214000,21,3000,2017-06-22,3
5397,20170622,5398,214000,215000,21,4000,2017-06-22,3
5398,20170622,5399,215000,220000,21,5000,2017-06-22,3
5399,20170622,5400,220000,221000,22,0,2017-06-22,3
5400,20170622,5401,221000,222000,22,1000,2017-06-22,3
5401,20170622,5402,222000,223000,22,2000,2017-06-22,3
5402,20170622,5403,223000,224000,22,3000,2017-06-22,3
5403,20170622,5404,224000,225000,22,4000,2017-06-22,3
5404,20170622,5405,225000,230000,22,5000,2017-06-22,3
5405,20170623,5406,60000,61000,60,0,2017-06-23,4
5406,20170623,5407,61000,62000,61,0,2017-06-23,4
5407,20170623,5408,62000,63000,62,0,2017-06-23,4
5408,20170623,5409,63000,64000,63,0,2017-06-23,4
5409,20170623,5410,64000,65000,64,0,2017-06-23,4
5410,20170623,5411,65000,70000,65,0,2017-06-23,4
5411,20170623,5412,70000,71000,70,0,2017-06-23,4
5412,20170623,5413,71000,72000,71,0,2017-06-23,4
5413,20170623,5414,72000,73000,72,0,2017-06-23,4
5414,20170623,5415,73000,74000,73,0,2017-06-23,4
5415,20170623,5416,74000,75000,74,0,2017-06-23,4
5416,20170623,5417,75000,80000,75,0,2017-06-23,4
5417,20170623,5418,80000,81000,80,0,2017-06-23,4
5418,20170623,5419,81000,82000,81,0,2017-06-23,4
5419,20170623,5420,82000,83000,82,0,2017-06-23,4
5420,20170623,5421,83000,84000,83,0,2017-06-23,4
5421,20170623,5422,84000,85000,84,0,2017-06-23,4
5422,20170623,5423,85000,90000,85,0,2017-06-23,4
5423,20170623,5424,90000,91000,90,0,2017-06-23,4
5424,20170623,5425,91000,92000,91,0,2017-06-23,4
5425,20170623,5426,92000,93000,92,0,2017-06-23,4
5426,20170623,5427,93000,94000,93,0,2017-06-23,4
5427,20170623,5428,94000,95000,94,0,2017-06-23,4
5428,20170623,5429,95000,100000,95,0,2017-06-23,4
5429,20170623,5430,100000,101000,10,0,2017-06-23,4
5430,20170623,5431,101000,102000,10,1000,2017-06-23,4
5431,20170623,5432,102000,103000,10,2000,2017-06-23,4
5432,20170623,5433,103000,104000,10,3000,2017-06-23,4
5433,20170623,5434,104000,105000,10,4000,2017-06-23,4
5434,20170623,5435,105000,110000,10,5000,2017-06-23,4
5435,20170623,5436,110000,111000,11,0,2017-06-23,4
5436,20170623,5437,111000,112000,11,1000,2017-06-23,4
5437,20170623,5438,112000,113000,11,2000,2017-06-23,4
5438,20170623,5439,113000,114000,11,3000,2017-06-23,4
5439,20170623,5440,114000,115000,11,4000,2017-06-23,4
5440,20170623,5441,115000,120000,11,5000,2017-06-23,4
5441,20170623,5442,120000,121000,12,0,2017-06-23,4
5442,20170623,5443,121000,122000,12,1000,2017-06-23,4
5443,20170623,5444,122000,123000,12,2000,2017-06-23,4
5444,20170623,5445,123000,124000,12,3000,2017-06-23,4
5445,20170623,5446,124000,125000,12,4000,2017-06-23,4
5446,20170623,5447,125000,130000,12,5000,2017-06-23,4
5447,20170623,5448,130000,131000,13,0,2017-06-23,4
5448,20170623,5449,131000,132000,13,1000,2017-06-23,4
5449,20170623,5450,132000,133000,13,2000,2017-06-23,4
5450,20170623,5451,133000,134000,13,3000,2017-06-23,4
5451,20170623,5452,134000,135000,13,4000,2017-06-23,4
5452,20170623,5453,135000,140000,13,5000,2017-06-23,4
5453,20170623,5454,140000,141000,14,0,2017-06-23,4
5454,20170623,5455,141000,142000,14,1000,2017-06-23,4
5455,20170623,5456,142000,143000,14,2000,2017-06-23,4
5456,20170623,5457,143000,144000,14,3000,2017-06-23,4
5457,20170623,5458,144000,145000,14,4000,2017-06-23,4
5458,20170623,5459,145000,150000,14,5000,2017-06-23,4
5459,20170623,5460,150000,151000,15,0,2017-06-23,4
5460,20170623,5461,151000,152000,15,1000,2017-06-23,4
5461,20170623,5462,152000,153000,15,2000,2017-06-23,4
5462,20170623,5463,153000,154000,15,3000,2017-06-23,4
5463,20170623,5464,154000,155000,15,4000,2017-06-23,4
5464,20170623,5465,155000,160000,15,5000,2017-06-23,4
5465,20170623,5466,160000,161000,16,0,2017-06-23,4
5466,20170623,5467,161000,162000,16,1000,2017-06-23,4
5467,20170623,5468,162000,163000,16,2000,2017-06-23,4
5468,20170623,5469,163000,164000,16,3000,2017-06-23,4
5469,20170623,5470,164000,165000,16,4000,2017-06-23,4
5470,20170623,5471,165000,170000,16,5000,2017-06-23,4
5471,20170623,5472,170000,171000,17,0,2017-06-23,4
5472,20170623,5473,171000,172000,17,1000,2017-06-23,4
5473,20170623,5474,172000,173000,17,2000,2017-06-23,4
5474,20170623,5475,173000,174000,17,3000,2017-06-23,4
5475,20170623,5476,174000,175000,17,4000,2017-06-23,4
5476,20170623,5477,175000,180000,17,5000,2017-06-23,4
5477,20170623,5478,180000,181000,18,0,2017-06-23,4
5478,20170623,5479,181000,182000,18,1000,2017-06-23,4
5479,20170623,5480,182000,183000,18,2000,2017-06-23,4
5480,20170623,5481,183000,184000,18,3000,2017-06-23,4
5481,20170623,5482,184000,185000,18,4000,2017-06-23,4
5482,20170623,5483,185000,190000,18,5000,2017-06-23,4
5483,20170623,5484,190000,191000,19,0,2017-06-23,4
5484,20170623,5485,191000,192000,19,1000,2017-06-23,4
5485,20170623,5486,192000,193000,19,2000,2017-06-23,4
5486,20170623,5487,193000,194000,19,3000,2017-06-23,4
5487,20170623,5488,194000,195000,19,4000,2017-06-23,4
5488,20170623,5489,195000,200000,19,5000,2017-06-23,4
5489,20170623,5490,200000,201000,20,0,2017-06-23,4
5490,20170623,5491,201000,202000,20,1000,2017-06-23,4
5491,20170623,5492,202000,203000,20,2000,2017-06-23,4
5492,20170623,5493,203000,204000,20,3000,2017-06-23,4
5493,20170623,5494,204000,205000,20,4000,2017-06-23,4
5494,20170623,5495,205000,210000,20,5000,2017-06-23,4
5495,20170623,5496,210000,211000,21,0,2017-06-23,4
5496,20170623,5497,211000,212000,21,1000,2017-06-23,4
5497,20170623,5498,212000,213000,21,2000,2017-06-23,4
5498,20170623,5499,213000,214000,21,3000,2017-06-23,4
5499,20170623,5500,214000,215000,21,4000,2017-06-23,4
5500,20170623,5501,215000,220000,21,5000,2017-06-23,4
5501,20170623,5502,220000,221000,22,0,2017-06-23,4
5502,20170623,5503,221000,222000,22,1000,2017-06-23,4
5503,20170623,5504,222000,223000,22,2000,2017-06-23,4
5504,20170623,5505,223000,224000,22,3000,2017-06-23,4
5505,20170623,5506,224000,225000,22,4000,2017-06-23,4
5506,20170623,5507,225000,230000,22,5000,2017-06-23,4
5507,20170624,5508,60000,61000,60,0,2017-06-24,5
5508,20170624,5509,61000,62000,61,0,2017-06-24,5
5509,20170624,5510,62000,63000,62,0,2017-06-24,5
5510,20170624,5511,63000,64000,63,0,2017-06-24,5
5511,20170624,5512,64000,65000,64,0,2017-06-24,5
5512,20170624,5513,65000,70000,65,0,2017-06-24,5
5513,20170624,5514,70000,71000,70,0,2017-06-24,5
5514,20170624,5515,71000,72000,71,0,2017-06-24,5
5515,20170624,5516,72000,73000,72,0,2017-06-24,5
5516,20170624,5517,73000,74000,73,0,2017-06-24,5
5517,20170624,5518,74000,75000,74,0,2017-06-24,5
5518,20170624,5519,75000,80000,75,0,2017-06-24,5
5519,20170624,5520,80000,81000,80,0,2017-06-24,5
5520,20170624,5521,81000,82000,81,0,2017-06-24,5
5521,20170624,5522,82000,83000,82,0,2017-06-24,5
5522,20170624,5523,83000,84000,83,0,2017-06-24,5
5523,20170624,5524,84000,85000,84,0,2017-06-24,5
5524,20170624,5525,85000,90000,85,0,2017-06-24,5
5525,20170624,5526,90000,91000,90,0,2017-06-24,5
5526,20170624,5527,91000,92000,91,0,2017-06-24,5
5527,20170624,5528,92000,93000,92,0,2017-06-24,5
5528,20170624,5529,93000,94000,93,0,2017-06-24,5
5529,20170624,5530,94000,95000,94,0,2017-06-24,5
5530,20170624,5531,95000,100000,95,0,2017-06-24,5
5531,20170624,5532,100000,101000,10,0,2017-06-24,5
5532,20170624,5533,101000,102000,10,1000,2017-06-24,5
5533,20170624,5534,102000,103000,10,2000,2017-06-24,5
5534,20170624,5535,103000,104000,10,3000,2017-06-24,5
5535,20170624,5536,104000,105000,10,4000,2017-06-24,5
5536,20170624,5537,105000,110000,10,5000,2017-06-24,5
5537,20170624,5538,110000,111000,11,0,2017-06-24,5
5538,20170624,5539,111000,112000,11,1000,2017-06-24,5
5539,20170624,5540,112000,113000,11,2000,2017-06-24,5
5540,20170624,5541,113000,114000,11,3000,2017-06-24,5
5541,20170624,5542,114000,115000,11,4000,2017-06-24,5
5542,20170624,5543,115000,120000,11,5000,2017-06-24,5
5543,20170624,5544,120000,121000,12,0,2017-06-24,5
5544,20170624,5545,121000,122000,12,1000,2017-06-24,5
5545,20170624,5546,122000,123000,12,2000,2017-06-24,5
5546,20170624,5547,123000,124000,12,3000,2017-06-24,5
5547,20170624,5548,124000,125000,12,4000,2017-06-24,5
5548,20170624,5549,125000,130000,12,5000,2017-06-24,5
5549,20170624,5550,130000,131000,13,0,2017-06-24,5
5550,20170624,5551,131000,132000,13,1000,2017-06-24,5
5551,20170624,5552,132000,133000,13,2000,2017-06-24,5
5552,20170624,5553,133000,134000,13,3000,2017-06-24,5
5553,20170624,5554,134000,135000,13,4000,2017-06-24,5
5554,20170624,5555,135000,140000,13,5000,2017-06-24,5
5555,20170624,5556,140000,141000,14,0,2017-06-24,5
5556,20170624,5557,141000,142000,14,1000,2017-06-24,5
5557,20170624,5558,142000,143000,14,2000,2017-06-24,5
5558,20170624,5559,143000,144000,14,3000,2017-06-24,5
5559,20170624,5560,144000,145000,14,4000,2017-06-24,5
5560,20170624,5561,145000,150000,14,5000,2017-06-24,5
5561,20170624,5562,150000,151000,15,0,2017-06-24,5
5562,20170624,5563,151000,152000,15,1000,2017-06-24,5
5563,20170624,5564,152000,153000,15,2000,2017-06-24,5
5564,20170624,5565,153000,154000,15,3000,2017-06-24,5
5565,20170624,5566,154000,155000,15,4000,2017-06-24,5
5566,20170624,5567,155000,160000,15,5000,2017-06-24,5
5567,20170624,5568,160000,161000,16,0,2017-06-24,5
5568,20170624,5569,161000,162000,16,1000,2017-06-24,5
5569,20170624,5570,162000,163000,16,2000,2017-06-24,5
5570,20170624,5571,163000,164000,16,3000,2017-06-24,5
5571,20170624,5572,164000,165000,16,4000,2017-06-24,5
5572,20170624,5573,165000,170000,16,5000,2017-06-24,5
5573,20170624,5574,170000,171000,17,0,2017-06-24,5
5574,20170624,5575,171000,172000,17,1000,2017-06-24,5
5575,20170624,5576,172000,173000,17,2000,2017-06-24,5
5576,20170624,5577,173000,174000,17,3000,2017-06-24,5
5577,20170624,5578,174000,175000,17,4000,2017-06-24,5
5578,20170624,5579,175000,180000,17,5000,2017-06-24,5
5579,20170624,5580,180000,181000,18,0,2017-06-24,5
5580,20170624,5581,181000,182000,18,1000,2017-06-24,5
5581,20170624,5582,182000,183000,18,2000,2017-06-24,5
5582,20170624,5583,183000,184000,18,3000,2017-06-24,5
5583,20170624,5584,184000,185000,18,4000,2017-06-24,5
5584,20170624,5585,185000,190000,18,5000,2017-06-24,5
5585,20170624,5586,190000,191000,19,0,2017-06-24,5
5586,20170624,5587,191000,192000,19,1000,2017-06-24,5
5587,20170624,5588,192000,193000,19,2000,2017-06-24,5
5588,20170624,5589,193000,194000,19,3000,2017-06-24,5
5589,20170624,5590,194000,195000,19,4000,2017-06-24,5
5590,20170624,5591,195000,200000,19,5000,2017-06-24,5
5591,20170624,5592,200000,201000,20,0,2017-06-24,5
5592,20170624,5593,201000,202000,20,1000,2017-06-24,5
5593,20170624,5594,202000,203000,20,2000,2017-06-24,5
5594,20170624,5595,203000,204000,20,3000,2017-06-24,5
5595,20170624,5596,204000,205000,20,4000,2017-06-24,5
5596,20170624,5597,205000,210000,20,5000,2017-06-24,5
5597,20170624,5598,210000,211000,21,0,2017-06-24,5
5598,20170624,5599,211000,212000,21,1000,2017-06-24,5
5599,20170624,5600,212000,213000,21,2000,2017-06-24,5
5600,20170624,5601,213000,214000,21,3000,2017-06-24,5
5601,20170624,5602,214000,215000,21,4000,2017-06-24,5
5602,20170624,5603,215000,220000,21,5000,2017-06-24,5
5603,20170624,5604,220000,221000,22,0,2017-06-24,5
5604,20170624,5605,221000,222000,22,1000,2017-06-24,5
5605,20170624,5606,222000,223000,22,2000,2017-06-24,5
5606,20170624,5607,223000,224000,22,3000,2017-06-24,5
5607,20170624,5608,224000,225000,22,4000,2017-06-24,5
5608,20170624,5609,225000,230000,22,5000,2017-06-24,5
5609,20170625,5610,60000,61000,60,0,2017-06-25,6
5610,20170625,5611,61000,62000,61,0,2017-06-25,6
5611,20170625,5612,62000,63000,62,0,2017-06-25,6
5612,20170625,5613,63000,64000,63,0,2017-06-25,6
5613,20170625,5614,64000,65000,64,0,2017-06-25,6
5614,20170625,5615,65000,70000,65,0,2017-06-25,6
5615,20170625,5616,70000,71000,70,0,2017-06-25,6
5616,20170625,5617,71000,72000,71,0,2017-06-25,6
5617,20170625,5618,72000,73000,72,0,2017-06-25,6
5618,20170625,5619,73000,74000,73,0,2017-06-25,6
5619,20170625,5620,74000,75000,74,0,2017-06-25,6
5620,20170625,5621,75000,80000,75,0,2017-06-25,6
5621,20170625,5622,80000,81000,80,0,2017-06-25,6
5622,20170625,5623,81000,82000,81,0,2017-06-25,6
5623,20170625,5624,82000,83000,82,0,2017-06-25,6
5624,20170625,5625,83000,84000,83,0,2017-06-25,6
5625,20170625,5626,84000,85000,84,0,2017-06-25,6
5626,20170625,5627,85000,90000,85,0,2017-06-25,6
5627,20170625,5628,90000,91000,90,0,2017-06-25,6
5628,20170625,5629,91000,92000,91,0,2017-06-25,6
5629,20170625,5630,92000,93000,92,0,2017-06-25,6
5630,20170625,5631,93000,94000,93,0,2017-06-25,6
5631,20170625,5632,94000,95000,94,0,2017-06-25,6
5632,20170625,5633,95000,100000,95,0,2017-06-25,6
5633,20170625,5634,100000,101000,10,0,2017-06-25,6
5634,20170625,5635,101000,102000,10,1000,2017-06-25,6
5635,20170625,5636,102000,103000,10,2000,2017-06-25,6
5636,20170625,5637,103000,104000,10,3000,2017-06-25,6
5637,20170625,5638,104000,105000,10,4000,2017-06-25,6
5638,20170625,5639,105000,110000,10,5000,2017-06-25,6
5639,20170625,5640,110000,111000,11,0,2017-06-25,6
5640,20170625,5641,111000,112000,11,1000,2017-06-25,6
5641,20170625,5642,112000,113000,11,2000,2017-06-25,6
5642,20170625,5643,113000,114000,11,3000,2017-06-25,6
5643,20170625,5644,114000,115000,11,4000,2017-06-25,6
5644,20170625,5645,115000,120000,11,5000,2017-06-25,6
5645,20170625,5646,120000,121000,12,0,2017-06-25,6
5646,20170625,5647,121000,122000,12,1000,2017-06-25,6
5647,20170625,5648,122000,123000,12,2000,2017-06-25,6
5648,20170625,5649,123000,124000,12,3000,2017-06-25,6
5649,20170625,5650,124000,125000,12,4000,2017-06-25,6
5650,20170625,5651,125000,130000,12,5000,2017-06-25,6
5651,20170625,5652,130000,131000,13,0,2017-06-25,6
5652,20170625,5653,131000,132000,13,1000,2017-06-25,6
5653,20170625,5654,132000,133000,13,2000,2017-06-25,6
5654,20170625,5655,133000,134000,13,3000,2017-06-25,6
5655,20170625,5656,134000,135000,13,4000,2017-06-25,6
5656,20170625,5657,135000,140000,13,5000,2017-06-25,6
5657,20170625,5658,140000,141000,14,0,2017-06-25,6
5658,20170625,5659,141000,142000,14,1000,2017-06-25,6
5659,20170625,5660,142000,143000,14,2000,2017-06-25,6
5660,20170625,5661,143000,144000,14,3000,2017-06-25,6
5661,20170625,5662,144000,145000,14,4000,2017-06-25,6
5662,20170625,5663,145000,150000,14,5000,2017-06-25,6
5663,20170625,5664,150000,151000,15,0,2017-06-25,6
5664,20170625,5665,151000,152000,15,1000,2017-06-25,6
5665,20170625,5666,152000,153000,15,2000,2017-06-25,6
5666,20170625,5667,153000,154000,15,3000,2017-06-25,6
5667,20170625,5668,154000,155000,15,4000,2017-06-25,6
5668,20170625,5669,155000,160000,15,5000,2017-06-25,6
5669,20170625,5670,160000,161000,16,0,2017-06-25,6
5670,20170625,5671,161000,162000,16,1000,2017-06-25,6
5671,20170625,5672,162000,163000,16,2000,2017-06-25,6
5672,20170625,5673,163000,164000,16,3000,2017-06-25,6
5673,20170625,5674,164000,165000,16,4000,2017-06-25,6
5674,20170625,5675,165000,170000,16,5000,2017-06-25,6
5675,20170625,5676,170000,171000,17,0,2017-06-25,6
5676,20170625,5677,171000,172000,17,1000,2017-06-25,6
5677,20170625,5678,172000,173000,17,2000,2017-06-25,6
5678,20170625,5679,173000,174000,17,3000,2017-06-25,6
5679,20170625,5680,174000,175000,17,4000,2017-06-25,6
5680,20170625,5681,175000,180000,17,5000,2017-06-25,6
5681,20170625,5682,180000,181000,18,0,2017-06-25,6
5682,20170625,5683,181000,182000,18,1000,2017-06-25,6
5683,20170625,5684,182000,183000,18,2000,2017-06-25,6
5684,20170625,5685,183000,184000,18,3000,2017-06-25,6
5685,20170625,5686,184000,185000,18,4000,2017-06-25,6
5686,20170625,5687,185000,190000,18,5000,2017-06-25,6
5687,20170625,5688,190000,191000,19,0,2017-06-25,6
5688,20170625,5689,191000,192000,19,1000,2017-06-25,6
5689,20170625,5690,192000,193000,19,2000,2017-06-25,6
5690,20170625,5691,193000,194000,19,3000,2017-06-25,6
5691,20170625,5692,194000,195000,19,4000,2017-06-25,6
5692,20170625,5693,195000,200000,19,5000,2017-06-25,6
5693,20170625,5694,200000,201000,20,0,2017-06-25,6
5694,20170625,5695,201000,202000,20,1000,2017-06-25,6
5695,20170625,5696,202000,203000,20,2000,2017-06-25,6
5696,20170625,5697,203000,204000,20,3000,2017-06-25,6
5697,20170625,5698,204000,205000,20,4000,2017-06-25,6
5698,20170625,5699,205000,210000,20,5000,2017-06-25,6
5699,20170625,5700,210000,211000,21,0,2017-06-25,6
5700,20170625,5701,211000,212000,21,1000,2017-06-25,6
5701,20170625,5702,212000,213000,21,2000,2017-06-25,6
5702,20170625,5703,213000,214000,21,3000,2017-06-25,6
5703,20170625,5704,214000,215000,21,4000,2017-06-25,6
5704,20170625,5705,215000,220000,21,5000,2017-06-25,6
5705,20170625,5706,220000,221000,22,0,2017-06-25,6
5706,20170625,5707,221000,222000,22,1000,2017-06-25,6
5707,20170625,5708,222000,223000,22,2000,2017-06-25,6
5708,20170625,5709,223000,224000,22,3000,2017-06-25,6
5709,20170625,5710,224000,225000,22,4000,2017-06-25,6
5710,20170625,5711,225000,230000,22,5000,2017-06-25,6
5711,20170626,5712,60000,61000,60,0,2017-06-26,0
5712,20170626,5713,61000,62000,61,0,2017-06-26,0
5713,20170626,5714,62000,63000,62,0,2017-06-26,0
5714,20170626,5715,63000,64000,63,0,2017-06-26,0
5715,20170626,5716,64000,65000,64,0,2017-06-26,0
5716,20170626,5717,65000,70000,65,0,2017-06-26,0
5717,20170626,5718,70000,71000,70,0,2017-06-26,0
5718,20170626,5719,71000,72000,71,0,2017-06-26,0
5719,20170626,5720,72000,73000,72,0,2017-06-26,0
5720,20170626,5721,73000,74000,73,0,2017-06-26,0
5721,20170626,5722,74000,75000,74,0,2017-06-26,0
5722,20170626,5723,75000,80000,75,0,2017-06-26,0
5723,20170626,5724,80000,81000,80,0,2017-06-26,0
5724,20170626,5725,81000,82000,81,0,2017-06-26,0
5725,20170626,5726,82000,83000,82,0,2017-06-26,0
5726,20170626,5727,83000,84000,83,0,2017-06-26,0
5727,20170626,5728,84000,85000,84,0,2017-06-26,0
5728,20170626,5729,85000,90000,85,0,2017-06-26,0
5729,20170626,5730,90000,91000,90,0,2017-06-26,0
5730,20170626,5731,91000,92000,91,0,2017-06-26,0
5731,20170626,5732,92000,93000,92,0,2017-06-26,0
5732,20170626,5733,93000,94000,93,0,2017-06-26,0
5733,20170626,5734,94000,95000,94,0,2017-06-26,0
5734,20170626,5735,95000,100000,95,0,2017-06-26,0
5735,20170626,5736,100000,101000,10,0,2017-06-26,0
5736,20170626,5737,101000,102000,10,1000,2017-06-26,0
5737,20170626,5738,102000,103000,10,2000,2017-06-26,0
5738,20170626,5739,103000,104000,10,3000,2017-06-26,0
5739,20170626,5740,104000,105000,10,4000,2017-06-26,0
5740,20170626,5741,105000,110000,10,5000,2017-06-26,0
5741,20170626,5742,110000,111000,11,0,2017-06-26,0
5742,20170626,5743,111000,112000,11,1000,2017-06-26,0
5743,20170626,5744,112000,113000,11,2000,2017-06-26,0
5744,20170626,5745,113000,114000,11,3000,2017-06-26,0
5745,20170626,5746,114000,115000,11,4000,2017-06-26,0
5746,20170626,5747,115000,120000,11,5000,2017-06-26,0
5747,20170626,5748,120000,121000,12,0,2017-06-26,0
5748,20170626,5749,121000,122000,12,1000,2017-06-26,0
5749,20170626,5750,122000,123000,12,2000,2017-06-26,0
5750,20170626,5751,123000,124000,12,3000,2017-06-26,0
5751,20170626,5752,124000,125000,12,4000,2017-06-26,0
5752,20170626,5753,125000,130000,12,5000,2017-06-26,0
5753,20170626,5754,130000,131000,13,0,2017-06-26,0
5754,20170626,5755,131000,132000,13,1000,2017-06-26,0
5755,20170626,5756,132000,133000,13,2000,2017-06-26,0
5756,20170626,5757,133000,134000,13,3000,2017-06-26,0
5757,20170626,5758,134000,135000,13,4000,2017-06-26,0
5758,20170626,5759,135000,140000,13,5000,2017-06-26,0
5759,20170626,5760,140000,141000,14,0,2017-06-26,0
5760,20170626,5761,141000,142000,14,1000,2017-06-26,0
5761,20170626,5762,142000,143000,14,2000,2017-06-26,0
5762,20170626,5763,143000,144000,14,3000,2017-06-26,0
5763,20170626,5764,144000,145000,14,4000,2017-06-26,0
5764,20170626,5765,145000,150000,14,5000,2017-06-26,0
5765,20170626,5766,150000,151000,15,0,2017-06-26,0
5766,20170626,5767,151000,152000,15,1000,2017-06-26,0
5767,20170626,5768,152000,153000,15,2000,2017-06-26,0
5768,20170626,5769,153000,154000,15,3000,2017-06-26,0
5769,20170626,5770,154000,155000,15,4000,2017-06-26,0
5770,20170626,5771,155000,160000,15,5000,2017-06-26,0
5771,20170626,5772,160000,161000,16,0,2017-06-26,0
5772,20170626,5773,161000,162000,16,1000,2017-06-26,0
5773,20170626,5774,162000,163000,16,2000,2017-06-26,0
5774,20170626,5775,163000,164000,16,3000,2017-06-26,0
5775,20170626,5776,164000,165000,16,4000,2017-06-26,0
5776,20170626,5777,165000,170000,16,5000,2017-06-26,0
5777,20170626,5778,170000,171000,17,0,2017-06-26,0
5778,20170626,5779,171000,172000,17,1000,2017-06-26,0
5779,20170626,5780,172000,173000,17,2000,2017-06-26,0
5780,20170626,5781,173000,174000,17,3000,2017-06-26,0
5781,20170626,5782,174000,175000,17,4000,2017-06-26,0
5782,20170626,5783,175000,180000,17,5000,2017-06-26,0
5783,20170626,5784,180000,181000,18,0,2017-06-26,0
5784,20170626,5785,181000,182000,18,1000,2017-06-26,0
5785,20170626,5786,182000,183000,18,2000,2017-06-26,0
5786,20170626,5787,183000,184000,18,3000,2017-06-26,0
5787,20170626,5788,184000,185000,18,4000,2017-06-26,0
5788,20170626,5789,185000,190000,18,5000,2017-06-26,0
5789,20170626,5790,190000,191000,19,0,2017-06-26,0
5790,20170626,5791,191000,192000,19,1000,2017-06-26,0
5791,20170626,5792,192000,193000,19,2000,2017-06-26,0
5792,20170626,5793,193000,194000,19,3000,2017-06-26,0
5793,20170626,5794,194000,195000,19,4000,2017-06-26,0
5794,20170626,5795,195000,200000,19,5000,2017-06-26,0
5795,20170626,5796,200000,201000,20,0,2017-06-26,0
5796,20170626,5797,201000,202000,20,1000,2017-06-26,0
5797,20170626,5798,202000,203000,20,2000,2017-06-26,0
5798,20170626,5799,203000,204000,20,3000,2017-06-26,0
5799,20170626,5800,204000,205000,20,4000,2017-06-26,0
5800,20170626,5801,205000,210000,20,5000,2017-06-26,0
5801,20170626,5802,210000,211000,21,0,2017-06-26,0
5802,20170626,5803,211000,212000,21,1000,2017-06-26,0
5803,20170626,5804,212000,213000,21,2000,2017-06-26,0
5804,20170626,5805,213000,214000,21,3000,2017-06-26,0
5805,20170626,5806,214000,215000,21,4000,2017-06-26,0
5806,20170626,5807,215000,220000,21,5000,2017-06-26,0
5807,20170626,5808,220000,221000,22,0,2017-06-26,0
5808,20170626,5809,221000,222000,22,1000,2017-06-26,0
5809,20170626,5810,222000,223000,22,2000,2017-06-26,0
5810,20170626,5811,223000,224000,22,3000,2017-06-26,0
5811,20170626,5812,224000,225000,22,4000,2017-06-26,0
5812,20170626,5813,225000,230000,22,5000,2017-06-26,0
5813,20170627,5814,60000,61000,60,0,2017-06-27,1
5814,20170627,5816,62000,63000,62,0,2017-06-27,1
5815,20170627,5817,63000,64000,63,0,2017-06-27,1
5816,20170627,5818,64000,65000,64,0,2017-06-27,1
5817,20170627,5819,65000,70000,65,0,2017-06-27,1
5818,20170627,5820,70000,71000,70,0,2017-06-27,1
5819,20170627,5821,71000,72000,71,0,2017-06-27,1
5820,20170627,5822,72000,73000,72,0,2017-06-27,1
5821,20170627,5823,73000,74000,73,0,2017-06-27,1
5822,20170627,5824,74000,75000,74,0,2017-06-27,1
5823,20170627,5825,75000,80000,75,0,2017-06-27,1
5824,20170627,5826,80000,81000,80,0,2017-06-27,1
5825,20170627,5827,81000,82000,81,0,2017-06-27,1
5826,20170627,5828,82000,83000,82,0,2017-06-27,1
5827,20170627,5829,83000,84000,83,0,2017-06-27,1
5828,20170627,5830,84000,85000,84,0,2017-06-27,1
5829,20170627,5831,85000,90000,85,0,2017-06-27,1
5830,20170627,5832,90000,91000,90,0,2017-06-27,1
5831,20170627,5833,91000,92000,91,0,2017-06-27,1
5832,20170627,5834,92000,93000,92,0,2017-06-27,1
5833,20170627,5835,93000,94000,93,0,2017-06-27,1
5834,20170627,5836,94000,95000,94,0,2017-06-27,1
5835,20170627,5837,95000,100000,95,0,2017-06-27,1
5836,20170627,5838,100000,101000,10,0,2017-06-27,1
5837,20170627,5839,101000,102000,10,1000,2017-06-27,1
5838,20170627,5840,102000,103000,10,2000,2017-06-27,1
5839,20170627,5841,103000,104000,10,3000,2017-06-27,1
5840,20170627,5842,104000,105000,10,4000,2017-06-27,1
5841,20170627,5843,105000,110000,10,5000,2017-06-27,1
5842,20170627,5844,110000,111000,11,0,2017-06-27,1
5843,20170627,5845,111000,112000,11,1000,2017-06-27,1
5844,20170627,5846,112000,113000,11,2000,2017-06-27,1
5845,20170627,5847,113000,114000,11,3000,2017-06-27,1
5846,20170627,5848,114000,115000,11,4000,2017-06-27,1
5847,20170627,5849,115000,120000,11,5000,2017-06-27,1
5848,20170627,5850,120000,121000,12,0,2017-06-27,1
5849,20170627,5851,121000,122000,12,1000,2017-06-27,1
5850,20170627,5852,122000,123000,12,2000,2017-06-27,1
5851,20170627,5853,123000,124000,12,3000,2017-06-27,1
5852,20170627,5854,124000,125000,12,4000,2017-06-27,1
5853,20170627,5855,125000,130000,12,5000,2017-06-27,1
5854,20170627,5856,130000,131000,13,0,2017-06-27,1
5855,20170627,5857,131000,132000,13,1000,2017-06-27,1
5856,20170627,5858,132000,133000,13,2000,2017-06-27,1
5857,20170627,5859,133000,134000,13,3000,2017-06-27,1
5858,20170627,5860,134000,135000,13,4000,2017-06-27,1
5859,20170627,5861,135000,140000,13,5000,2017-06-27,1
5860,20170627,5862,140000,141000,14,0,2017-06-27,1
5861,20170627,5863,141000,142000,14,1000,2017-06-27,1
5862,20170627,5864,142000,143000,14,2000,2017-06-27,1
5863,20170627,5865,143000,144000,14,3000,2017-06-27,1
5864,20170627,5866,144000,145000,14,4000,2017-06-27,1
5865,20170627,5867,145000,150000,14,5000,2017-06-27,1
5866,20170627,5868,150000,151000,15,0,2017-06-27,1
5867,20170627,5869,151000,152000,15,1000,2017-06-27,1
5868,20170627,5870,152000,153000,15,2000,2017-06-27,1
5869,20170627,5871,153000,154000,15,3000,2017-06-27,1
5870,20170627,5872,154000,155000,15,4000,2017-06-27,1
5871,20170627,5873,155000,160000,15,5000,2017-06-27,1
5872,20170627,5874,160000,161000,16,0,2017-06-27,1
5873,20170627,5875,161000,162000,16,1000,2017-06-27,1
5874,20170627,5876,162000,163000,16,2000,2017-06-27,1
5875,20170627,5877,163000,164000,16,3000,2017-06-27,1
5876,20170627,5878,164000,165000,16,4000,2017-06-27,1
5877,20170627,5879,165000,170000,16,5000,2017-06-27,1
5878,20170627,5880,170000,171000,17,0,2017-06-27,1
5879,20170627,5881,171000,172000,17,1000,2017-06-27,1
5880,20170627,5882,172000,173000,17,2000,2017-06-27,1
5881,20170627,5883,173000,174000,17,3000,2017-06-27,1
5882,20170627,5884,174000,175000,17,4000,2017-06-27,1
5883,20170627,5885,175000,180000,17,5000,2017-06-27,1
5884,20170627,5886,180000,181000,18,0,2017-06-27,1
5885,20170627,5887,181000,182000,18,1000,2017-06-27,1
5886,20170627,5888,182000,183000,18,2000,2017-06-27,1
5887,20170627,5889,183000,184000,18,3000,2017-06-27,1
5888,20170627,5890,184000,185000,18,4000,2017-06-27,1
5889,20170627,5891,185000,190000,18,5000,2017-06-27,1
5890,20170627,5892,190000,191000,19,0,2017-06-27,1
5891,20170627,5893,191000,192000,19,1000,2017-06-27,1
5892,20170627,5894,192000,193000,19,2000,2017-06-27,1
5893,20170627,5895,193000,194000,19,3000,2017-06-27,1
5894,20170627,5896,194000,195000,19,4000,2017-06-27,1
5895,20170627,5897,195000,200000,19,5000,2017-06-27,1
5896,20170627,5898,200000,201000,20,0,2017-06-27,1
5897,20170627,5899,201000,202000,20,1000,2017-06-27,1
5898,20170627,5900,202000,203000,20,2000,2017-06-27,1
5899,20170627,5901,203000,204000,20,3000,2017-06-27,1
5900,20170627,5902,204000,205000,20,4000,2017-06-27,1
5901,20170627,5903,205000,210000,20,5000,2017-06-27,1
5902,20170627,5904,210000,211000,21,0,2017-06-27,1
5903,20170627,5905,211000,212000,21,1000,2017-06-27,1
5904,20170627,5906,212000,213000,21,2000,2017-06-27,1
5905,20170627,5907,213000,214000,21,3000,2017-06-27,1
5906,20170627,5908,214000,215000,21,4000,2017-06-27,1
5907,20170627,5909,215000,220000,21,5000,2017-06-27,1
5908,20170627,5910,220000,221000,22,0,2017-06-27,1
5909,20170627,5911,221000,222000,22,1000,2017-06-27,1
5910,20170627,5912,222000,223000,22,2000,2017-06-27,1
5911,20170627,5913,223000,224000,22,3000,2017-06-27,1
5912,20170627,5914,224000,225000,22,4000,2017-06-27,1
5913,20170627,5915,225000,230000,22,5000,2017-06-27,1
5914,20170628,5916,60000,61000,60,0,2017-06-28,2
5915,20170628,5917,61000,62000,61,0,2017-06-28,2
5916,20170628,5918,62000,63000,62,0,2017-06-28,2
5917,20170628,5919,63000,64000,63,0,2017-06-28,2
5918,20170628,5920,64000,65000,64,0,2017-06-28,2
5919,20170628,5921,65000,70000,65,0,2017-06-28,2
5920,20170628,5922,70000,71000,70,0,2017-06-28,2
5921,20170628,5923,71000,72000,71,0,2017-06-28,2
5922,20170628,5924,72000,73000,72,0,2017-06-28,2
5923,20170628,5925,73000,74000,73,0,2017-06-28,2
5924,20170628,5926,74000,75000,74,0,2017-06-28,2
5925,20170628,5927,75000,80000,75,0,2017-06-28,2
5926,20170628,5928,80000,81000,80,0,2017-06-28,2
5927,20170628,5929,81000,82000,81,0,2017-06-28,2
5928,20170628,5930,82000,83000,82,0,2017-06-28,2
5929,20170628,5931,83000,84000,83,0,2017-06-28,2
5930,20170628,5932,84000,85000,84,0,2017-06-28,2
5931,20170628,5933,85000,90000,85,0,2017-06-28,2
5932,20170628,5934,90000,91000,90,0,2017-06-28,2
5933,20170628,5935,91000,92000,91,0,2017-06-28,2
5934,20170628,5936,92000,93000,92,0,2017-06-28,2
5935,20170628,5937,93000,94000,93,0,2017-06-28,2
5936,20170628,5938,94000,95000,94,0,2017-06-28,2
5937,20170628,5939,95000,100000,95,0,2017-06-28,2
5938,20170628,5940,100000,101000,10,0,2017-06-28,2
5939,20170628,5941,101000,102000,10,1000,2017-06-28,2
5940,20170628,5942,102000,103000,10,2000,2017-06-28,2
5941,20170628,5943,103000,104000,10,3000,2017-06-28,2
5942,20170628,5944,104000,105000,10,4000,2017-06-28,2
5943,20170628,5945,105000,110000,10,5000,2017-06-28,2
5944,20170628,5946,110000,111000,11,0,2017-06-28,2
5945,20170628,5947,111000,112000,11,1000,2017-06-28,2
5946,20170628,5948,112000,113000,11,2000,2017-06-28,2
5947,20170628,5949,113000,114000,11,3000,2017-06-28,2
5948,20170628,5950,114000,115000,11,4000,2017-06-28,2
5949,20170628,5951,115000,120000,11,5000,2017-06-28,2
5950,20170628,5952,120000,121000,12,0,2017-06-28,2
5951,20170628,5953,121000,122000,12,1000,2017-06-28,2
5952,20170628,5954,122000,123000,12,2000,2017-06-28,2
5953,20170628,5955,123000,124000,12,3000,2017-06-28,2
5954,20170628,5956,124000,125000,12,4000,2017-06-28,2
5955,20170628,5957,125000,130000,12,5000,2017-06-28,2
5956,20170628,5958,130000,131000,13,0,2017-06-28,2
5957,20170628,5959,131000,132000,13,1000,2017-06-28,2
5958,20170628,5960,132000,133000,13,2000,2017-06-28,2
5959,20170628,5961,133000,134000,13,3000,2017-06-28,2
5960,20170628,5962,134000,135000,13,4000,2017-06-28,2
5961,20170628,5963,135000,140000,13,5000,2017-06-28,2
5962,20170628,5964,140000,141000,14,0,2017-06-28,2
5963,20170628,5965,141000,142000,14,1000,2017-06-28,2
5964,20170628,5966,142000,143000,14,2000,2017-06-28,2
5965,20170628,5967,143000,144000,14,3000,2017-06-28,2
5966,20170628,5968,144000,145000,14,4000,2017-06-28,2
5967,20170628,5969,145000,150000,14,5000,2017-06-28,2
5968,20170628,5970,150000,151000,15,0,2017-06-28,2
5969,20170628,5971,151000,152000,15,1000,2017-06-28,2
5970,20170628,5972,152000,153000,15,2000,2017-06-28,2
5971,20170628,5973,153000,154000,15,3000,2017-06-28,2
5972,20170628,5974,154000,155000,15,4000,2017-06-28,2
5973,20170628,5975,155000,160000,15,5000,2017-06-28,2
5974,20170628,5976,160000,161000,16,0,2017-06-28,2
5975,20170628,5977,161000,162000,16,1000,2017-06-28,2
5976,20170628,5978,162000,163000,16,2000,2017-06-28,2
5977,20170628,5979,163000,164000,16,3000,2017-06-28,2
5978,20170628,5980,164000,165000,16,4000,2017-06-28,2
5979,20170628,5981,165000,170000,16,5000,2017-06-28,2
5980,20170628,5982,170000,171000,17,0,2017-06-28,2
5981,20170628,5983,171000,172000,17,1000,2017-06-28,2
5982,20170628,5984,172000,173000,17,2000,2017-06-28,2
5983,20170628,5985,173000,174000,17,3000,2017-06-28,2
5984,20170628,5986,174000,175000,17,4000,2017-06-28,2
5985,20170628,5987,175000,180000,17,5000,2017-06-28,2
5986,20170628,5988,180000,181000,18,0,2017-06-28,2
5987,20170628,5989,181000,182000,18,1000,2017-06-28,2
5988,20170628,5990,182000,183000,18,2000,2017-06-28,2
5989,20170628,5991,183000,184000,18,3000,2017-06-28,2
5990,20170628,5992,184000,185000,18,4000,2017-06-28,2
5991,20170628,5993,185000,190000,18,5000,2017-06-28,2
5992,20170628,5994,190000,191000,19,0,2017-06-28,2
5993,20170628,5995,191000,192000,19,1000,2017-06-28,2
5994,20170628,5996,192000,193000,19,2000,2017-06-28,2
5995,20170628,5997,193000,194000,19,3000,2017-06-28,2
5996,20170628,5998,194000,195000,19,4000,2017-06-28,2
5997,20170628,5999,195000,200000,19,5000,2017-06-28,2
5998,20170628,6000,200000,201000,20,0,2017-06-28,2
5999,20170628,6001,201000,202000,20,1000,2017-06-28,2
6000,20170628,6002,202000,203000,20,2000,2017-06-28,2
6001,20170628,6003,203000,204000,20,3000,2017-06-28,2
6002,20170628,6004,204000,205000,20,4000,2017-06-28,2
6003,20170628,6005,205000,210000,20,5000,2017-06-28,2
6004,20170628,6006,210000,211000,21,0,2017-06-28,2
6005,20170628,6007,211000,212000,21,1000,2017-06-28,2
6006,20170628,6008,212000,213000,21,2000,2017-06-28,2
6007,20170628,6009,213000,214000,21,3000,2017-06-28,2
6008,20170628,6010,214000,215000,21,4000,2017-06-28,2
6009,20170628,6011,215000,220000,21,5000,2017-06-28,2
6010,20170628,6012,220000,221000,22,0,2017-06-28,2
6011,20170628,6013,221000,222000,22,1000,2017-06-28,2
6012,20170628,6014,222000,223000,22,2000,2017-06-28,2
6013,20170628,6015,223000,224000,22,3000,2017-06-28,2
6014,20170628,6016,224000,225000,22,4000,2017-06-28,2
6015,20170628,6017,225000,230000,22,5000,2017-06-28,2
6016,20170629,6018,60000,61000,60,0,2017-06-29,3
6017,20170629,6019,61000,62000,61,0,2017-06-29,3
6018,20170629,6020,62000,63000,62,0,2017-06-29,3
6019,20170629,6021,63000,64000,63,0,2017-06-29,3
6020,20170629,6022,64000,65000,64,0,2017-06-29,3
6021,20170629,6023,65000,70000,65,0,2017-06-29,3
6022,20170629,6024,70000,71000,70,0,2017-06-29,3
6023,20170629,6025,71000,72000,71,0,2017-06-29,3
6024,20170629,6026,72000,73000,72,0,2017-06-29,3
6025,20170629,6027,73000,74000,73,0,2017-06-29,3
6026,20170629,6028,74000,75000,74,0,2017-06-29,3
6027,20170629,6029,75000,80000,75,0,2017-06-29,3
6028,20170629,6030,80000,81000,80,0,2017-06-29,3
6029,20170629,6031,81000,82000,81,0,2017-06-29,3
6030,20170629,6032,82000,83000,82,0,2017-06-29,3
6031,20170629,6033,83000,84000,83,0,2017-06-29,3
6032,20170629,6034,84000,85000,84,0,2017-06-29,3
6033,20170629,6035,85000,90000,85,0,2017-06-29,3
6034,20170629,6036,90000,91000,90,0,2017-06-29,3
6035,20170629,6037,91000,92000,91,0,2017-06-29,3
6036,20170629,6038,92000,93000,92,0,2017-06-29,3
6037,20170629,6039,93000,94000,93,0,2017-06-29,3
6038,20170629,6040,94000,95000,94,0,2017-06-29,3
6039,20170629,6041,95000,100000,95,0,2017-06-29,3
6040,20170629,6042,100000,101000,10,0,2017-06-29,3
6041,20170629,6043,101000,102000,10,1000,2017-06-29,3
6042,20170629,6044,102000,103000,10,2000,2017-06-29,3
6043,20170629,6045,103000,104000,10,3000,2017-06-29,3
6044,20170629,6046,104000,105000,10,4000,2017-06-29,3
6045,20170629,6047,105000,110000,10,5000,2017-06-29,3
6046,20170629,6048,110000,111000,11,0,2017-06-29,3
6047,20170629,6049,111000,112000,11,1000,2017-06-29,3
6048,20170629,6050,112000,113000,11,2000,2017-06-29,3
6049,20170629,6051,113000,114000,11,3000,2017-06-29,3
6050,20170629,6052,114000,115000,11,4000,2017-06-29,3
6051,20170629,6053,115000,120000,11,5000,2017-06-29,3
6052,20170629,6054,120000,121000,12,0,2017-06-29,3
6053,20170629,6055,121000,122000,12,1000,2017-06-29,3
6054,20170629,6056,122000,123000,12,2000,2017-06-29,3
6055,20170629,6057,123000,124000,12,3000,2017-06-29,3
6056,20170629,6058,124000,125000,12,4000,2017-06-29,3
6057,20170629,6059,125000,130000,12,5000,2017-06-29,3
6058,20170629,6060,130000,131000,13,0,2017-06-29,3
6059,20170629,6061,131000,132000,13,1000,2017-06-29,3
6060,20170629,6062,132000,133000,13,2000,2017-06-29,3
6061,20170629,6063,133000,134000,13,3000,2017-06-29,3
6062,20170629,6064,134000,135000,13,4000,2017-06-29,3
6063,20170629,6065,135000,140000,13,5000,2017-06-29,3
6064,20170629,6066,140000,141000,14,0,2017-06-29,3
6065,20170629,6067,141000,142000,14,1000,2017-06-29,3
6066,20170629,6068,142000,143000,14,2000,2017-06-29,3
6067,20170629,6069,143000,144000,14,3000,2017-06-29,3
6068,20170629,6070,144000,145000,14,4000,2017-06-29,3
6069,20170629,6071,145000,150000,14,5000,2017-06-29,3
6070,20170629,6072,150000,151000,15,0,2017-06-29,3
6071,20170629,6073,151000,152000,15,1000,2017-06-29,3
6072,20170629,6074,152000,153000,15,2000,2017-06-29,3
6073,20170629,6075,153000,154000,15,3000,2017-06-29,3
6074,20170629,6076,154000,155000,15,4000,2017-06-29,3
6075,20170629,6077,155000,160000,15,5000,2017-06-29,3
6076,20170629,6078,160000,161000,16,0,2017-06-29,3
6077,20170629,6079,161000,162000,16,1000,2017-06-29,3
6078,20170629,6080,162000,163000,16,2000,2017-06-29,3
6079,20170629,6081,163000,164000,16,3000,2017-06-29,3
6080,20170629,6082,164000,165000,16,4000,2017-06-29,3
6081,20170629,6083,165000,170000,16,5000,2017-06-29,3
6082,20170629,6084,170000,171000,17,0,2017-06-29,3
6083,20170629,6085,171000,172000,17,1000,2017-06-29,3
6084,20170629,6086,172000,173000,17,2000,2017-06-29,3
6085,20170629,6087,173000,174000,17,3000,2017-06-29,3
6086,20170629,6088,174000,175000,17,4000,2017-06-29,3
6087,20170629,6089,175000,180000,17,5000,2017-06-29,3
6088,20170629,6090,180000,181000,18,0,2017-06-29,3
6089,20170629,6091,181000,182000,18,1000,2017-06-29,3
6090,20170629,6092,182000,183000,18,2000,2017-06-29,3
6091,20170629,6093,183000,184000,18,3000,2017-06-29,3
6092,20170629,6094,184000,185000,18,4000,2017-06-29,3
6093,20170629,6095,185000,190000,18,5000,2017-06-29,3
6094,20170629,6096,190000,191000,19,0,2017-06-29,3
6095,20170629,6097,191000,192000,19,1000,2017-06-29,3
6096,20170629,6098,192000,193000,19,2000,2017-06-29,3
6097,20170629,6099,193000,194000,19,3000,2017-06-29,3
6098,20170629,6100,194000,195000,19,4000,2017-06-29,3
6099,20170629,6101,195000,200000,19,5000,2017-06-29,3
6100,20170629,6102,200000,201000,20,0,2017-06-29,3
6101,20170629,6103,201000,202000,20,1000,2017-06-29,3
6102,20170629,6104,202000,203000,20,2000,2017-06-29,3
6103,20170629,6105,203000,204000,20,3000,2017-06-29,3
6104,20170629,6106,204000,205000,20,4000,2017-06-29,3
6105,20170629,6107,205000,210000,20,5000,2017-06-29,3
6106,20170629,6108,210000,211000,21,0,2017-06-29,3
6107,20170629,6109,211000,212000,21,1000,2017-06-29,3
6108,20170629,6110,212000,213000,21,2000,2017-06-29,3
6109,20170629,6111,213000,214000,21,3000,2017-06-29,3
6110,20170629,6112,214000,215000,21,4000,2017-06-29,3
6111,20170629,6113,215000,220000,21,5000,2017-06-29,3
6112,20170629,6114,220000,221000,22,0,2017-06-29,3
6113,20170629,6115,221000,222000,22,1000,2017-06-29,3
6114,20170629,6116,222000,223000,22,2000,2017-06-29,3
6115,20170629,6117,223000,224000,22,3000,2017-06-29,3
6116,20170629,6118,224000,225000,22,4000,2017-06-29,3
6117,20170629,6119,225000,230000,22,5000,2017-06-29,3
6118,20170630,6120,60000,61000,60,0,2017-06-30,4
6119,20170630,6121,61000,62000,61,0,2017-06-30,4
6120,20170630,6122,62000,63000,62,0,2017-06-30,4
6121,20170630,6123,63000,64000,63,0,2017-06-30,4
6122,20170630,6124,64000,65000,64,0,2017-06-30,4
6123,20170630,6125,65000,70000,65,0,2017-06-30,4
6124,20170630,6126,70000,71000,70,0,2017-06-30,4
6125,20170630,6127,71000,72000,71,0,2017-06-30,4
6126,20170630,6128,72000,73000,72,0,2017-06-30,4
6127,20170630,6129,73000,74000,73,0,2017-06-30,4
6128,20170630,6130,74000,75000,74,0,2017-06-30,4
6129,20170630,6131,75000,80000,75,0,2017-06-30,4
6130,20170630,6132,80000,81000,80,0,2017-06-30,4
6131,20170630,6133,81000,82000,81,0,2017-06-30,4
6132,20170630,6134,82000,83000,82,0,2017-06-30,4
6133,20170630,6135,83000,84000,83,0,2017-06-30,4
6134,20170630,6136,84000,85000,84,0,2017-06-30,4
6135,20170630,6137,85000,90000,85,0,2017-06-30,4
6136,20170630,6138,90000,91000,90,0,2017-06-30,4
6137,20170630,6139,91000,92000,91,0,2017-06-30,4
6138,20170630,6140,92000,93000,92,0,2017-06-30,4
6139,20170630,6141,93000,94000,93,0,2017-06-30,4
6140,20170630,6142,94000,95000,94,0,2017-06-30,4
6141,20170630,6143,95000,100000,95,0,2017-06-30,4
6142,20170630,6144,100000,101000,10,0,2017-06-30,4
6143,20170630,6145,101000,102000,10,1000,2017-06-30,4
6144,20170630,6146,102000,103000,10,2000,2017-06-30,4
6145,20170630,6147,103000,104000,10,3000,2017-06-30,4
6146,20170630,6148,104000,105000,10,4000,2017-06-30,4
6147,20170630,6149,105000,110000,10,5000,2017-06-30,4
6148,20170630,6150,110000,111000,11,0,2017-06-30,4
6149,20170630,6151,111000,112000,11,1000,2017-06-30,4
6150,20170630,6152,112000,113000,11,2000,2017-06-30,4
6151,20170630,6153,113000,114000,11,3000,2017-06-30,4
6152,20170630,6154,114000,115000,11,4000,2017-06-30,4
6153,20170630,6155,115000,120000,11,5000,2017-06-30,4
6154,20170630,6156,120000,121000,12,0,2017-06-30,4
6155,20170630,6157,121000,122000,12,1000,2017-06-30,4
6156,20170630,6158,122000,123000,12,2000,2017-06-30,4
6157,20170630,6159,123000,124000,12,3000,2017-06-30,4
6158,20170630,6160,124000,125000,12,4000,2017-06-30,4
6159,20170630,6161,125000,130000,12,5000,2017-06-30,4
6160,20170630,6162,130000,131000,13,0,2017-06-30,4
6161,20170630,6163,131000,132000,13,1000,2017-06-30,4
6162,20170630,6164,132000,133000,13,2000,2017-06-30,4
6163,20170630,6165,133000,134000,13,3000,2017-06-30,4
6164,20170630,6166,134000,135000,13,4000,2017-06-30,4
6165,20170630,6167,135000,140000,13,5000,2017-06-30,4
6166,20170630,6168,140000,141000,14,0,2017-06-30,4
6167,20170630,6169,141000,142000,14,1000,2017-06-30,4
6168,20170630,6170,142000,143000,14,2000,2017-06-30,4
6169,20170630,6171,143000,144000,14,3000,2017-06-30,4
6170,20170630,6172,144000,145000,14,4000,2017-06-30,4
6171,20170630,6173,145000,150000,14,5000,2017-06-30,4
6172,20170630,6174,150000,151000,15,0,2017-06-30,4
6173,20170630,6175,151000,152000,15,1000,2017-06-30,4
6174,20170630,6176,152000,153000,15,2000,2017-06-30,4
6175,20170630,6177,153000,154000,15,3000,2017-06-30,4
6176,20170630,6178,154000,155000,15,4000,2017-06-30,4
6177,20170630,6179,155000,160000,15,5000,2017-06-30,4
6178,20170630,6180,160000,161000,16,0,2017-06-30,4
6179,20170630,6181,161000,162000,16,1000,2017-06-30,4
6180,20170630,6182,162000,163000,16,2000,2017-06-30,4
6181,20170630,6183,163000,164000,16,3000,2017-06-30,4
6182,20170630,6184,164000,165000,16,4000,2017-06-30,4
6183,20170630,6185,165000,170000,16,5000,2017-06-30,4
6184,20170630,6186,170000,171000,17,0,2017-06-30,4
6185,20170630,6187,171000,172000,17,1000,2017-06-30,4
6186,20170630,6188,172000,173000,17,2000,2017-06-30,4
6187,20170630,6189,173000,174000,17,3000,2017-06-30,4
6188,20170630,6190,174000,175000,17,4000,2017-06-30,4
6189,20170630,6191,175000,180000,17,5000,2017-06-30,4
6190,20170630,6192,180000,181000,18,0,2017-06-30,4
6191,20170630,6193,181000,182000,18,1000,2017-06-30,4
6192,20170630,6194,182000,183000,18,2000,2017-06-30,4
6193,20170630,6195,183000,184000,18,3000,2017-06-30,4
6194,20170630,6196,184000,185000,18,4000,2017-06-30,4
6195,20170630,6197,185000,190000,18,5000,2017-06-30,4
6196,20170630,6198,190000,191000,19,0,2017-06-30,4
6197,20170630,6199,191000,192000,19,1000,2017-06-30,4
6198,20170630,6200,192000,193000,19,2000,2017-06-30,4
6199,20170630,6201,193000,194000,19,3000,2017-06-30,4
6200,20170630,6202,194000,195000,19,4000,2017-06-30,4
6201,20170630,6203,195000,200000,19,5000,2017-06-30,4
6202,20170630,6204,200000,201000,20,0,2017-06-30,4
6203,20170630,6205,201000,202000,20,1000,2017-06-30,4
6204,20170630,6206,202000,203000,20,2000,2017-06-30,4
6205,20170630,6207,203000,204000,20,3000,2017-06-30,4
6206,20170630,6208,204000,205000,20,4000,2017-06-30,4
6207,20170630,6209,205000,210000,20,5000,2017-06-30,4
6208,20170630,6210,210000,211000,21,0,2017-06-30,4
6209,20170630,6211,211000,212000,21,1000,2017-06-30,4
6210,20170630,6212,212000,213000,21,2000,2017-06-30,4
6211,20170630,6213,213000,214000,21,3000,2017-06-30,4
6212,20170630,6214,214000,215000,21,4000,2017-06-30,4
6213,20170630,6215,215000,220000,21,5000,2017-06-30,4
6214,20170630,6216,220000,221000,22,0,2017-06-30,4
6215,20170630,6217,221000,222000,22,1000,2017-06-30,4
6216,20170630,6218,222000,223000,22,2000,2017-06-30,4
6217,20170630,6219,223000,224000,22,3000,2017-06-30,4
6218,20170630,6220,224000,225000,22,4000,2017-06-30,4
6219,20170630,6221,225000,230000,22,5000,2017-06-30,4
6220,20170701,6222,60000,61000,60,0,2017-07-01,5
6221,20170701,6223,61000,62000,61,0,2017-07-01,5
6222,20170701,6224,62000,63000,62,0,2017-07-01,5
6223,20170701,6225,63000,64000,63,0,2017-07-01,5
6224,20170701,6226,64000,65000,64,0,2017-07-01,5
6225,20170701,6227,65000,70000,65,0,2017-07-01,5
6226,20170701,6228,70000,71000,70,0,2017-07-01,5
6227,20170701,6229,71000,72000,71,0,2017-07-01,5
6228,20170701,6230,72000,73000,72,0,2017-07-01,5
6229,20170701,6231,73000,74000,73,0,2017-07-01,5
6230,20170701,6232,74000,75000,74,0,2017-07-01,5
6231,20170701,6233,75000,80000,75,0,2017-07-01,5
6232,20170701,6234,80000,81000,80,0,2017-07-01,5
6233,20170701,6235,81000,82000,81,0,2017-07-01,5
6234,20170701,6236,82000,83000,82,0,2017-07-01,5
6235,20170701,6237,83000,84000,83,0,2017-07-01,5
6236,20170701,6238,84000,85000,84,0,2017-07-01,5
6237,20170701,6239,85000,90000,85,0,2017-07-01,5
6238,20170701,6240,90000,91000,90,0,2017-07-01,5
6239,20170701,6241,91000,92000,91,0,2017-07-01,5
6240,20170701,6242,92000,93000,92,0,2017-07-01,5
6241,20170701,6243,93000,94000,93,0,2017-07-01,5
6242,20170701,6244,94000,95000,94,0,2017-07-01,5
6243,20170701,6245,95000,100000,95,0,2017-07-01,5
6244,20170701,6246,100000,101000,10,0,2017-07-01,5
6245,20170701,6247,101000,102000,10,1000,2017-07-01,5
6246,20170701,6248,102000,103000,10,2000,2017-07-01,5
6247,20170701,6249,103000,104000,10,3000,2017-07-01,5
6248,20170701,6250,104000,105000,10,4000,2017-07-01,5
6249,20170701,6251,105000,110000,10,5000,2017-07-01,5
6250,20170701,6252,110000,111000,11,0,2017-07-01,5
6251,20170701,6253,111000,112000,11,1000,2017-07-01,5
6252,20170701,6254,112000,113000,11,2000,2017-07-01,5
6253,20170701,6255,113000,114000,11,3000,2017-07-01,5
6254,20170701,6256,114000,115000,11,4000,2017-07-01,5
6255,20170701,6257,115000,120000,11,5000,2017-07-01,5
6256,20170701,6258,120000,121000,12,0,2017-07-01,5
6257,20170701,6259,121000,122000,12,1000,2017-07-01,5
6258,20170701,6260,122000,123000,12,2000,2017-07-01,5
6259,20170701,6261,123000,124000,12,3000,2017-07-01,5
6260,20170701,6262,124000,125000,12,4000,2017-07-01,5
6261,20170701,6263,125000,130000,12,5000,2017-07-01,5
6262,20170701,6264,130000,131000,13,0,2017-07-01,5
6263,20170701,6265,131000,132000,13,1000,2017-07-01,5
6264,20170701,6266,132000,133000,13,2000,2017-07-01,5
6265,20170701,6267,133000,134000,13,3000,2017-07-01,5
6266,20170701,6268,134000,135000,13,4000,2017-07-01,5
6267,20170701,6269,135000,140000,13,5000,2017-07-01,5
6268,20170701,6270,140000,141000,14,0,2017-07-01,5
6269,20170701,6271,141000,142000,14,1000,2017-07-01,5
6270,20170701,6272,142000,143000,14,2000,2017-07-01,5
6271,20170701,6273,143000,144000,14,3000,2017-07-01,5
6272,20170701,6274,144000,145000,14,4000,2017-07-01,5
6273,20170701,6275,145000,150000,14,5000,2017-07-01,5
6274,20170701,6276,150000,151000,15,0,2017-07-01,5
6275,20170701,6277,151000,152000,15,1000,2017-07-01,5
6276,20170701,6278,152000,153000,15,2000,2017-07-01,5
6277,20170701,6279,153000,154000,15,3000,2017-07-01,5
6278,20170701,6280,154000,155000,15,4000,2017-07-01,5
6279,20170701,6281,155000,160000,15,5000,2017-07-01,5
6280,20170701,6282,160000,161000,16,0,2017-07-01,5
6281,20170701,6283,161000,162000,16,1000,2017-07-01,5
6282,20170701,6284,162000,163000,16,2000,2017-07-01,5
6283,20170701,6285,163000,164000,16,3000,2017-07-01,5
6284,20170701,6286,164000,165000,16,4000,2017-07-01,5
6285,20170701,6287,165000,170000,16,5000,2017-07-01,5
6286,20170701,6288,170000,171000,17,0,2017-07-01,5
6287,20170701,6289,171000,172000,17,1000,2017-07-01,5
6288,20170701,6290,172000,173000,17,2000,2017-07-01,5
6289,20170701,6291,173000,174000,17,3000,2017-07-01,5
6290,20170701,6292,174000,175000,17,4000,2017-07-01,5
6291,20170701,6293,175000,180000,17,5000,2017-07-01,5
6292,20170701,6294,180000,181000,18,0,2017-07-01,5
6293,20170701,6295,181000,182000,18,1000,2017-07-01,5
6294,20170701,6296,182000,183000,18,2000,2017-07-01,5
6295,20170701,6297,183000,184000,18,3000,2017-07-01,5
6296,20170701,6298,184000,185000,18,4000,2017-07-01,5
6297,20170701,6299,185000,190000,18,5000,2017-07-01,5
6298,20170701,6300,190000,191000,19,0,2017-07-01,5
6299,20170701,6301,191000,192000,19,1000,2017-07-01,5
6300,20170701,6302,192000,193000,19,2000,2017-07-01,5
6301,20170701,6303,193000,194000,19,3000,2017-07-01,5
6302,20170701,6304,194000,195000,19,4000,2017-07-01,5
6303,20170701,6305,195000,200000,19,5000,2017-07-01,5
6304,20170701,6306,200000,201000,20,0,2017-07-01,5
6305,20170701,6307,201000,202000,20,1000,2017-07-01,5
6306,20170701,6308,202000,203000,20,2000,2017-07-01,5
6307,20170701,6309,203000,204000,20,3000,2017-07-01,5
6308,20170701,6310,204000,205000,20,4000,2017-07-01,5
6309,20170701,6311,205000,210000,20,5000,2017-07-01,5
6310,20170701,6312,210000,211000,21,0,2017-07-01,5
6311,20170701,6313,211000,212000,21,1000,2017-07-01,5
6312,20170701,6314,212000,213000,21,2000,2017-07-01,5
6313,20170701,6315,213000,214000,21,3000,2017-07-01,5
6314,20170701,6316,214000,215000,21,4000,2017-07-01,5
6315,20170701,6317,215000,220000,21,5000,2017-07-01,5
6316,20170701,6318,220000,221000,22,0,2017-07-01,5
6317,20170701,6319,221000,222000,22,1000,2017-07-01,5
6318,20170701,6320,222000,223000,22,2000,2017-07-01,5
6319,20170701,6321,223000,224000,22,3000,2017-07-01,5
6320,20170701,6322,224000,225000,22,4000,2017-07-01,5
6321,20170701,6323,225000,230000,22,5000,2017-07-01,5
6322,20170702,6324,60000,61000,60,0,2017-07-02,6
6323,20170702,6325,61000,62000,61,0,2017-07-02,6
6324,20170702,6326,62000,63000,62,0,2017-07-02,6
6325,20170702,6327,63000,64000,63,0,2017-07-02,6
6326,20170702,6328,64000,65000,64,0,2017-07-02,6
6327,20170702,6329,65000,70000,65,0,2017-07-02,6
6328,20170702,6330,70000,71000,70,0,2017-07-02,6
6329,20170702,6331,71000,72000,71,0,2017-07-02,6
6330,20170702,6332,72000,73000,72,0,2017-07-02,6
6331,20170702,6333,73000,74000,73,0,2017-07-02,6
6332,20170702,6334,74000,75000,74,0,2017-07-02,6
6333,20170702,6335,75000,80000,75,0,2017-07-02,6
6334,20170702,6336,80000,81000,80,0,2017-07-02,6
6335,20170702,6337,81000,82000,81,0,2017-07-02,6
6336,20170702,6338,82000,83000,82,0,2017-07-02,6
6337,20170702,6339,83000,84000,83,0,2017-07-02,6
6338,20170702,6340,84000,85000,84,0,2017-07-02,6
6339,20170702,6341,85000,90000,85,0,2017-07-02,6
6340,20170702,6342,90000,91000,90,0,2017-07-02,6
6341,20170702,6343,91000,92000,91,0,2017-07-02,6
6342,20170702,6344,92000,93000,92,0,2017-07-02,6
6343,20170702,6345,93000,94000,93,0,2017-07-02,6
6344,20170702,6346,94000,95000,94,0,2017-07-02,6
6345,20170702,6347,95000,100000,95,0,2017-07-02,6
6346,20170702,6348,100000,101000,10,0,2017-07-02,6
6347,20170702,6349,101000,102000,10,1000,2017-07-02,6
6348,20170702,6350,102000,103000,10,2000,2017-07-02,6
6349,20170702,6351,103000,104000,10,3000,2017-07-02,6
6350,20170702,6352,104000,105000,10,4000,2017-07-02,6
6351,20170702,6353,105000,110000,10,5000,2017-07-02,6
6352,20170702,6354,110000,111000,11,0,2017-07-02,6
6353,20170702,6355,111000,112000,11,1000,2017-07-02,6
6354,20170702,6356,112000,113000,11,2000,2017-07-02,6
6355,20170702,6357,113000,114000,11,3000,2017-07-02,6
6356,20170702,6358,114000,115000,11,4000,2017-07-02,6
6357,20170702,6359,115000,120000,11,5000,2017-07-02,6
6358,20170702,6360,120000,121000,12,0,2017-07-02,6
6359,20170702,6361,121000,122000,12,1000,2017-07-02,6
6360,20170702,6362,122000,123000,12,2000,2017-07-02,6
6361,20170702,6363,123000,124000,12,3000,2017-07-02,6
6362,20170702,6364,124000,125000,12,4000,2017-07-02,6
6363,20170702,6365,125000,130000,12,5000,2017-07-02,6
6364,20170702,6366,130000,131000,13,0,2017-07-02,6
6365,20170702,6367,131000,132000,13,1000,2017-07-02,6
6366,20170702,6368,132000,133000,13,2000,2017-07-02,6
6367,20170702,6369,133000,134000,13,3000,2017-07-02,6
6368,20170702,6370,134000,135000,13,4000,2017-07-02,6
6369,20170702,6371,135000,140000,13,5000,2017-07-02,6
6370,20170702,6372,140000,141000,14,0,2017-07-02,6
6371,20170702,6373,141000,142000,14,1000,2017-07-02,6
6372,20170702,6374,142000,143000,14,2000,2017-07-02,6
6373,20170702,6375,143000,144000,14,3000,2017-07-02,6
6374,20170702,6376,144000,145000,14,4000,2017-07-02,6
6375,20170702,6377,145000,150000,14,5000,2017-07-02,6
6376,20170702,6378,150000,151000,15,0,2017-07-02,6
6377,20170702,6379,151000,152000,15,1000,2017-07-02,6
6378,20170702,6380,152000,153000,15,2000,2017-07-02,6
6379,20170702,6381,153000,154000,15,3000,2017-07-02,6
6380,20170702,6382,154000,155000,15,4000,2017-07-02,6
6381,20170702,6383,155000,160000,15,5000,2017-07-02,6
6382,20170702,6384,160000,161000,16,0,2017-07-02,6
6383,20170702,6385,161000,162000,16,1000,2017-07-02,6
6384,20170702,6386,162000,163000,16,2000,2017-07-02,6
6385,20170702,6387,163000,164000,16,3000,2017-07-02,6
6386,20170702,6388,164000,165000,16,4000,2017-07-02,6
6387,20170702,6389,165000,170000,16,5000,2017-07-02,6
6388,20170702,6390,170000,171000,17,0,2017-07-02,6
6389,20170702,6391,171000,172000,17,1000,2017-07-02,6
6390,20170702,6392,172000,173000,17,2000,2017-07-02,6
6391,20170702,6393,173000,174000,17,3000,2017-07-02,6
6392,20170702,6394,174000,175000,17,4000,2017-07-02,6
6393,20170702,6395,175000,180000,17,5000,2017-07-02,6
6394,20170702,6396,180000,181000,18,0,2017-07-02,6
6395,20170702,6397,181000,182000,18,1000,2017-07-02,6
6396,20170702,6398,182000,183000,18,2000,2017-07-02,6
6397,20170702,6399,183000,184000,18,3000,2017-07-02,6
6398,20170702,6400,184000,185000,18,4000,2017-07-02,6
6399,20170702,6401,185000,190000,18,5000,2017-07-02,6
6400,20170702,6402,190000,191000,19,0,2017-07-02,6
6401,20170702,6403,191000,192000,19,1000,2017-07-02,6
6402,20170702,6404,192000,193000,19,2000,2017-07-02,6
6403,20170702,6405,193000,194000,19,3000,2017-07-02,6
6404,20170702,6406,194000,195000,19,4000,2017-07-02,6
6405,20170702,6407,195000,200000,19,5000,2017-07-02,6
6406,20170702,6408,200000,201000,20,0,2017-07-02,6
6407,20170702,6409,201000,202000,20,1000,2017-07-02,6
6408,20170702,6410,202000,203000,20,2000,2017-07-02,6
6409,20170702,6411,203000,204000,20,3000,2017-07-02,6
6410,20170702,6412,204000,205000,20,4000,2017-07-02,6
6411,20170702,6413,205000,210000,20,5000,2017-07-02,6
6412,20170702,6414,210000,211000,21,0,2017-07-02,6
6413,20170702,6415,211000,212000,21,1000,2017-07-02,6
6414,20170702,6416,212000,213000,21,2000,2017-07-02,6
6415,20170702,6417,213000,214000,21,3000,2017-07-02,6
6416,20170702,6418,214000,215000,21,4000,2017-07-02,6
6417,20170702,6419,215000,220000,21,5000,2017-07-02,6
6418,20170702,6420,220000,221000,22,0,2017-07-02,6
6419,20170702,6421,221000,222000,22,1000,2017-07-02,6
6420,20170702,6422,222000,223000,22,2000,2017-07-02,6
6421,20170702,6423,223000,224000,22,3000,2017-07-02,6
6422,20170702,6424,224000,225000,22,4000,2017-07-02,6
6423,20170702,6425,225000,230000,22,5000,2017-07-02,6
6424,20170703,6426,60000,61000,60,0,2017-07-03,0
6425,20170703,6427,61000,62000,61,0,2017-07-03,0
6426,20170703,6428,62000,63000,62,0,2017-07-03,0
6427,20170703,6429,63000,64000,63,0,2017-07-03,0
6428,20170703,6430,64000,65000,64,0,2017-07-03,0
6429,20170703,6431,65000,70000,65,0,2017-07-03,0
6430,20170703,6432,70000,71000,70,0,2017-07-03,0
6431,20170703,6433,71000,72000,71,0,2017-07-03,0
6432,20170703,6434,72000,73000,72,0,2017-07-03,0
6433,20170703,6435,73000,74000,73,0,2017-07-03,0
6434,20170703,6436,74000,75000,74,0,2017-07-03,0
6435,20170703,6437,75000,80000,75,0,2017-07-03,0
6436,20170703,6438,80000,81000,80,0,2017-07-03,0
6437,20170703,6439,81000,82000,81,0,2017-07-03,0
6438,20170703,6440,82000,83000,82,0,2017-07-03,0
6439,20170703,6441,83000,84000,83,0,2017-07-03,0
6440,20170703,6442,84000,85000,84,0,2017-07-03,0
6441,20170703,6443,85000,90000,85,0,2017-07-03,0
6442,20170703,6444,90000,91000,90,0,2017-07-03,0
6443,20170703,6445,91000,92000,91,0,2017-07-03,0
6444,20170703,6446,92000,93000,92,0,2017-07-03,0
6445,20170703,6447,93000,94000,93,0,2017-07-03,0
6446,20170703,6448,94000,95000,94,0,2017-07-03,0
6447,20170703,6449,95000,100000,95,0,2017-07-03,0
6448,20170703,6450,100000,101000,10,0,2017-07-03,0
6449,20170703,6451,101000,102000,10,1000,2017-07-03,0
6450,20170703,6452,102000,103000,10,2000,2017-07-03,0
6451,20170703,6453,103000,104000,10,3000,2017-07-03,0
6452,20170703,6454,104000,105000,10,4000,2017-07-03,0
6453,20170703,6455,105000,110000,10,5000,2017-07-03,0
6454,20170703,6456,110000,111000,11,0,2017-07-03,0
6455,20170703,6457,111000,112000,11,1000,2017-07-03,0
6456,20170703,6458,112000,113000,11,2000,2017-07-03,0
6457,20170703,6459,113000,114000,11,3000,2017-07-03,0
6458,20170703,6460,114000,115000,11,4000,2017-07-03,0
6459,20170703,6461,115000,120000,11,5000,2017-07-03,0
6460,20170703,6462,120000,121000,12,0,2017-07-03,0
6461,20170703,6463,121000,122000,12,1000,2017-07-03,0
6462,20170703,6464,122000,123000,12,2000,2017-07-03,0
6463,20170703,6465,123000,124000,12,3000,2017-07-03,0
6464,20170703,6466,124000,125000,12,4000,2017-07-03,0
6465,20170703,6467,125000,130000,12,5000,2017-07-03,0
6466,20170703,6468,130000,131000,13,0,2017-07-03,0
6467,20170703,6469,131000,132000,13,1000,2017-07-03,0
6468,20170703,6470,132000,133000,13,2000,2017-07-03,0
6469,20170703,6471,133000,134000,13,3000,2017-07-03,0
6470,20170703,6472,134000,135000,13,4000,2017-07-03,0
6471,20170703,6473,135000,140000,13,5000,2017-07-03,0
6472,20170703,6474,140000,141000,14,0,2017-07-03,0
6473,20170703,6475,141000,142000,14,1000,2017-07-03,0
6474,20170703,6476,142000,143000,14,2000,2017-07-03,0
6475,20170703,6477,143000,144000,14,3000,2017-07-03,0
6476,20170703,6478,144000,145000,14,4000,2017-07-03,0
6477,20170703,6479,145000,150000,14,5000,2017-07-03,0
6478,20170703,6480,150000,151000,15,0,2017-07-03,0
6479,20170703,6481,151000,152000,15,1000,2017-07-03,0
6480,20170703,6482,152000,153000,15,2000,2017-07-03,0
6481,20170703,6483,153000,154000,15,3000,2017-07-03,0
6482,20170703,6484,154000,155000,15,4000,2017-07-03,0
6483,20170703,6485,155000,160000,15,5000,2017-07-03,0
6484,20170703,6486,160000,161000,16,0,2017-07-03,0
6485,20170703,6487,161000,162000,16,1000,2017-07-03,0
6486,20170703,6488,162000,163000,16,2000,2017-07-03,0
6487,20170703,6489,163000,164000,16,3000,2017-07-03,0
6488,20170703,6490,164000,165000,16,4000,2017-07-03,0
6489,20170703,6491,165000,170000,16,5000,2017-07-03,0
6490,20170703,6492,170000,171000,17,0,2017-07-03,0
6491,20170703,6493,171000,172000,17,1000,2017-07-03,0
6492,20170703,6494,172000,173000,17,2000,2017-07-03,0
6493,20170703,6495,173000,174000,17,3000,2017-07-03,0
6494,20170703,6496,174000,175000,17,4000,2017-07-03,0
6495,20170703,6497,175000,180000,17,5000,2017-07-03,0
6496,20170703,6498,180000,181000,18,0,2017-07-03,0
6497,20170703,6499,181000,182000,18,1000,2017-07-03,0
6498,20170703,6500,182000,183000,18,2000,2017-07-03,0
6499,20170703,6501,183000,184000,18,3000,2017-07-03,0
6500,20170703,6502,184000,185000,18,4000,2017-07-03,0
6501,20170703,6503,185000,190000,18,5000,2017-07-03,0
6502,20170703,6504,190000,191000,19,0,2017-07-03,0
6503,20170703,6505,191000,192000,19,1000,2017-07-03,0
6504,20170703,6506,192000,193000,19,2000,2017-07-03,0
6505,20170703,6507,193000,194000,19,3000,2017-07-03,0
6506,20170703,6508,194000,195000,19,4000,2017-07-03,0
6507,20170703,6509,195000,200000,19,5000,2017-07-03,0
6508,20170703,6510,200000,201000,20,0,2017-07-03,0
6509,20170703,6511,201000,202000,20,1000,2017-07-03,0
6510,20170703,6512,202000,203000,20,2000,2017-07-03,0
6511,20170703,6513,203000,204000,20,3000,2017-07-03,0
6512,20170703,6514,204000,205000,20,4000,2017-07-03,0
6513,20170703,6515,205000,210000,20,5000,2017-07-03,0
6514,20170703,6516,210000,211000,21,0,2017-07-03,0
6515,20170703,6517,211000,212000,21,1000,2017-07-03,0
6516,20170703,6518,212000,213000,21,2000,2017-07-03,0
6517,20170703,6519,213000,214000,21,3000,2017-07-03,0
6518,20170703,6520,214000,215000,21,4000,2017-07-03,0
6519,20170703,6521,215000,220000,21,5000,2017-07-03,0
6520,20170703,6522,220000,221000,22,0,2017-07-03,0
6521,20170703,6523,221000,222000,22,1000,2017-07-03,0
6522,20170703,6524,222000,223000,22,2000,2017-07-03,0
6523,20170703,6525,223000,224000,22,3000,2017-07-03,0
6524,20170703,6526,224000,225000,22,4000,2017-07-03,0
6525,20170703,6527,225000,230000,22,5000,2017-07-03,0
6526,20170704,6528,60000,61000,60,0,2017-07-04,1
6527,20170704,6529,61000,62000,61,0,2017-07-04,1
6528,20170704,6530,62000,63000,62,0,2017-07-04,1
6529,20170704,6531,63000,64000,63,0,2017-07-04,1
6530,20170704,6532,64000,65000,64,0,2017-07-04,1
6531,20170704,6533,65000,70000,65,0,2017-07-04,1
6532,20170704,6534,70000,71000,70,0,2017-07-04,1
6533,20170704,6535,71000,72000,71,0,2017-07-04,1
6534,20170704,6536,72000,73000,72,0,2017-07-04,1
6535,20170704,6537,73000,74000,73,0,2017-07-04,1
6536,20170704,6538,74000,75000,74,0,2017-07-04,1
6537,20170704,6539,75000,80000,75,0,2017-07-04,1
6538,20170704,6540,80000,81000,80,0,2017-07-04,1
6539,20170704,6541,81000,82000,81,0,2017-07-04,1
6540,20170704,6542,82000,83000,82,0,2017-07-04,1
6541,20170704,6543,83000,84000,83,0,2017-07-04,1
6542,20170704,6544,84000,85000,84,0,2017-07-04,1
6543,20170704,6545,85000,90000,85,0,2017-07-04,1
6544,20170704,6546,90000,91000,90,0,2017-07-04,1
6545,20170704,6547,91000,92000,91,0,2017-07-04,1
6546,20170704,6548,92000,93000,92,0,2017-07-04,1
6547,20170704,6549,93000,94000,93,0,2017-07-04,1
6548,20170704,6550,94000,95000,94,0,2017-07-04,1
6549,20170704,6551,95000,100000,95,0,2017-07-04,1
6550,20170704,6552,100000,101000,10,0,2017-07-04,1
6551,20170704,6553,101000,102000,10,1000,2017-07-04,1
6552,20170704,6554,102000,103000,10,2000,2017-07-04,1
6553,20170704,6555,103000,104000,10,3000,2017-07-04,1
6554,20170704,6556,104000,105000,10,4000,2017-07-04,1
6555,20170704,6557,105000,110000,10,5000,2017-07-04,1
6556,20170704,6558,110000,111000,11,0,2017-07-04,1
6557,20170704,6559,111000,112000,11,1000,2017-07-04,1
6558,20170704,6560,112000,113000,11,2000,2017-07-04,1
6559,20170704,6561,113000,114000,11,3000,2017-07-04,1
6560,20170704,6562,114000,115000,11,4000,2017-07-04,1
6561,20170704,6563,115000,120000,11,5000,2017-07-04,1
6562,20170704,6564,120000,121000,12,0,2017-07-04,1
6563,20170704,6565,121000,122000,12,1000,2017-07-04,1
6564,20170704,6566,122000,123000,12,2000,2017-07-04,1
6565,20170704,6567,123000,124000,12,3000,2017-07-04,1
6566,20170704,6568,124000,125000,12,4000,2017-07-04,1
6567,20170704,6569,125000,130000,12,5000,2017-07-04,1
6568,20170704,6570,130000,131000,13,0,2017-07-04,1
6569,20170704,6571,131000,132000,13,1000,2017-07-04,1
6570,20170704,6572,132000,133000,13,2000,2017-07-04,1
6571,20170704,6573,133000,134000,13,3000,2017-07-04,1
6572,20170704,6574,134000,135000,13,4000,2017-07-04,1
6573,20170704,6575,135000,140000,13,5000,2017-07-04,1
6574,20170704,6576,140000,141000,14,0,2017-07-04,1
6575,20170704,6577,141000,142000,14,1000,2017-07-04,1
6576,20170704,6578,142000,143000,14,2000,2017-07-04,1
6577,20170704,6579,143000,144000,14,3000,2017-07-04,1
6578,20170704,6580,144000,145000,14,4000,2017-07-04,1
6579,20170704,6581,145000,150000,14,5000,2017-07-04,1
6580,20170704,6582,150000,151000,15,0,2017-07-04,1
6581,20170704,6583,151000,152000,15,1000,2017-07-04,1
6582,20170704,6584,152000,153000,15,2000,2017-07-04,1
6583,20170704,6585,153000,154000,15,3000,2017-07-04,1
6584,20170704,6586,154000,155000,15,4000,2017-07-04,1
6585,20170704,6587,155000,160000,15,5000,2017-07-04,1
6586,20170704,6588,160000,161000,16,0,2017-07-04,1
6587,20170704,6589,161000,162000,16,1000,2017-07-04,1
6588,20170704,6590,162000,163000,16,2000,2017-07-04,1
6589,20170704,6591,163000,164000,16,3000,2017-07-04,1
6590,20170704,6592,164000,165000,16,4000,2017-07-04,1
6591,20170704,6593,165000,170000,16,5000,2017-07-04,1
6592,20170704,6594,170000,171000,17,0,2017-07-04,1
6593,20170704,6595,171000,172000,17,1000,2017-07-04,1
6594,20170704,6596,172000,173000,17,2000,2017-07-04,1
6595,20170704,6597,173000,174000,17,3000,2017-07-04,1
6596,20170704,6598,174000,175000,17,4000,2017-07-04,1
6597,20170704,6599,175000,180000,17,5000,2017-07-04,1
6598,20170704,6600,180000,181000,18,0,2017-07-04,1
6599,20170704,6601,181000,182000,18,1000,2017-07-04,1
6600,20170704,6602,182000,183000,18,2000,2017-07-04,1
6601,20170704,6603,183000,184000,18,3000,2017-07-04,1
6602,20170704,6604,184000,185000,18,4000,2017-07-04,1
6603,20170704,6605,185000,190000,18,5000,2017-07-04,1
6604,20170704,6606,190000,191000,19,0,2017-07-04,1
6605,20170704,6607,191000,192000,19,1000,2017-07-04,1
6606,20170704,6608,192000,193000,19,2000,2017-07-04,1
6607,20170704,6609,193000,194000,19,3000,2017-07-04,1
6608,20170704,6610,194000,195000,19,4000,2017-07-04,1
6609,20170704,6611,195000,200000,19,5000,2017-07-04,1
6610,20170704,6612,200000,201000,20,0,2017-07-04,1
6611,20170704,6613,201000,202000,20,1000,2017-07-04,1
6612,20170704,6614,202000,203000,20,2000,2017-07-04,1
6613,20170704,6615,203000,204000,20,3000,2017-07-04,1
6614,20170704,6616,204000,205000,20,4000,2017-07-04,1
6615,20170704,6617,205000,210000,20,5000,2017-07-04,1
6616,20170704,6618,210000,211000,21,0,2017-07-04,1
6617,20170704,6619,211000,212000,21,1000,2017-07-04,1
6618,20170704,6620,212000,213000,21,2000,2017-07-04,1
6619,20170704,6621,213000,214000,21,3000,2017-07-04,1
6620,20170704,6622,214000,215000,21,4000,2017-07-04,1
6621,20170704,6623,215000,220000,21,5000,2017-07-04,1
6622,20170704,6624,220000,221000,22,0,2017-07-04,1
6623,20170704,6625,221000,222000,22,1000,2017-07-04,1
6624,20170704,6626,222000,223000,22,2000,2017-07-04,1
6625,20170704,6627,223000,224000,22,3000,2017-07-04,1
6626,20170704,6628,224000,225000,22,4000,2017-07-04,1
6627,20170704,6629,225000,230000,22,5000,2017-07-04,1
6628,20170705,6630,60000,61000,60,0,2017-07-05,2
6629,20170705,6631,61000,62000,61,0,2017-07-05,2
6630,20170705,6632,62000,63000,62,0,2017-07-05,2
6631,20170705,6633,63000,64000,63,0,2017-07-05,2
6632,20170705,6634,64000,65000,64,0,2017-07-05,2
6633,20170705,6635,65000,70000,65,0,2017-07-05,2
6634,20170705,6636,70000,71000,70,0,2017-07-05,2
6635,20170705,6637,71000,72000,71,0,2017-07-05,2
6636,20170705,6638,72000,73000,72,0,2017-07-05,2
6637,20170705,6639,73000,74000,73,0,2017-07-05,2
6638,20170705,6640,74000,75000,74,0,2017-07-05,2
6639,20170705,6641,75000,80000,75,0,2017-07-05,2
6640,20170705,6642,80000,81000,80,0,2017-07-05,2
6641,20170705,6643,81000,82000,81,0,2017-07-05,2
6642,20170705,6644,82000,83000,82,0,2017-07-05,2
6643,20170705,6645,83000,84000,83,0,2017-07-05,2
6644,20170705,6646,84000,85000,84,0,2017-07-05,2
6645,20170705,6647,85000,90000,85,0,2017-07-05,2
6646,20170705,6648,90000,91000,90,0,2017-07-05,2
6647,20170705,6649,91000,92000,91,0,2017-07-05,2
6648,20170705,6650,92000,93000,92,0,2017-07-05,2
6649,20170705,6651,93000,94000,93,0,2017-07-05,2
6650,20170705,6652,94000,95000,94,0,2017-07-05,2
6651,20170705,6653,95000,100000,95,0,2017-07-05,2
6652,20170705,6654,100000,101000,10,0,2017-07-05,2
6653,20170705,6655,101000,102000,10,1000,2017-07-05,2
6654,20170705,6656,102000,103000,10,2000,2017-07-05,2
6655,20170705,6657,103000,104000,10,3000,2017-07-05,2
6656,20170705,6658,104000,105000,10,4000,2017-07-05,2
6657,20170705,6659,105000,110000,10,5000,2017-07-05,2
6658,20170705,6660,110000,111000,11,0,2017-07-05,2
6659,20170705,6661,111000,112000,11,1000,2017-07-05,2
6660,20170705,6662,112000,113000,11,2000,2017-07-05,2
6661,20170705,6663,113000,114000,11,3000,2017-07-05,2
6662,20170705,6664,114000,115000,11,4000,2017-07-05,2
6663,20170705,6665,115000,120000,11,5000,2017-07-05,2
6664,20170705,6666,120000,121000,12,0,2017-07-05,2
6665,20170705,6667,121000,122000,12,1000,2017-07-05,2
6666,20170705,6668,122000,123000,12,2000,2017-07-05,2
6667,20170705,6669,123000,124000,12,3000,2017-07-05,2
6668,20170705,6670,124000,125000,12,4000,2017-07-05,2
6669,20170705,6671,125000,130000,12,5000,2017-07-05,2
6670,20170705,6672,130000,131000,13,0,2017-07-05,2
6671,20170705,6673,131000,132000,13,1000,2017-07-05,2
6672,20170705,6674,132000,133000,13,2000,2017-07-05,2
6673,20170705,6675,133000,134000,13,3000,2017-07-05,2
6674,20170705,6676,134000,135000,13,4000,2017-07-05,2
6675,20170705,6677,135000,140000,13,5000,2017-07-05,2
6676,20170705,6678,140000,141000,14,0,2017-07-05,2
6677,20170705,6679,141000,142000,14,1000,2017-07-05,2
6678,20170705,6680,142000,143000,14,2000,2017-07-05,2
6679,20170705,6681,143000,144000,14,3000,2017-07-05,2
6680,20170705,6682,144000,145000,14,4000,2017-07-05,2
6681,20170705,6683,145000,150000,14,5000,2017-07-05,2
6682,20170705,6684,150000,151000,15,0,2017-07-05,2
6683,20170705,6685,151000,152000,15,1000,2017-07-05,2
6684,20170705,6686,152000,153000,15,2000,2017-07-05,2
6685,20170705,6687,153000,154000,15,3000,2017-07-05,2
6686,20170705,6688,154000,155000,15,4000,2017-07-05,2
6687,20170705,6689,155000,160000,15,5000,2017-07-05,2
6688,20170705,6690,160000,161000,16,0,2017-07-05,2
6689,20170705,6691,161000,162000,16,1000,2017-07-05,2
6690,20170705,6692,162000,163000,16,2000,2017-07-05,2
6691,20170705,6693,163000,164000,16,3000,2017-07-05,2
6692,20170705,6694,164000,165000,16,4000,2017-07-05,2
6693,20170705,6695,165000,170000,16,5000,2017-07-05,2
6694,20170705,6696,170000,171000,17,0,2017-07-05,2
6695,20170705,6697,171000,172000,17,1000,2017-07-05,2
6696,20170705,6698,172000,173000,17,2000,2017-07-05,2
6697,20170705,6699,173000,174000,17,3000,2017-07-05,2
6698,20170705,6700,174000,175000,17,4000,2017-07-05,2
6699,20170705,6701,175000,180000,17,5000,2017-07-05,2
6700,20170705,6702,180000,181000,18,0,2017-07-05,2
6701,20170705,6703,181000,182000,18,1000,2017-07-05,2
6702,20170705,6704,182000,183000,18,2000,2017-07-05,2
6703,20170705,6705,183000,184000,18,3000,2017-07-05,2
6704,20170705,6706,184000,185000,18,4000,2017-07-05,2
6705,20170705,6707,185000,190000,18,5000,2017-07-05,2
6706,20170705,6708,190000,191000,19,0,2017-07-05,2
6707,20170705,6709,191000,192000,19,1000,2017-07-05,2
6708,20170705,6710,192000,193000,19,2000,2017-07-05,2
6709,20170705,6711,193000,194000,19,3000,2017-07-05,2
6710,20170705,6712,194000,195000,19,4000,2017-07-05,2
6711,20170705,6713,195000,200000,19,5000,2017-07-05,2
6712,20170705,6714,200000,201000,20,0,2017-07-05,2
6713,20170705,6715,201000,202000,20,1000,2017-07-05,2
6714,20170705,6716,202000,203000,20,2000,2017-07-05,2
6715,20170705,6717,203000,204000,20,3000,2017-07-05,2
6716,20170705,6718,204000,205000,20,4000,2017-07-05,2
6717,20170705,6719,205000,210000,20,5000,2017-07-05,2
6718,20170705,6720,210000,211000,21,0,2017-07-05,2
6719,20170705,6721,211000,212000,21,1000,2017-07-05,2
6720,20170705,6722,212000,213000,21,2000,2017-07-05,2
6721,20170705,6723,213000,214000,21,3000,2017-07-05,2
6722,20170705,6724,214000,215000,21,4000,2017-07-05,2
6723,20170705,6725,215000,220000,21,5000,2017-07-05,2
6724,20170705,6726,220000,221000,22,0,2017-07-05,2
6725,20170705,6727,221000,222000,22,1000,2017-07-05,2
6726,20170705,6728,222000,223000,22,2000,2017-07-05,2
6727,20170705,6729,223000,224000,22,3000,2017-07-05,2
6728,20170705,6730,224000,225000,22,4000,2017-07-05,2
6729,20170705,6731,225000,230000,22,5000,2017-07-05,2
6730,20170706,6732,60000,61000,60,0,2017-07-06,3
6731,20170706,6733,61000,62000,61,0,2017-07-06,3
6732,20170706,6734,62000,63000,62,0,2017-07-06,3
6733,20170706,6735,63000,64000,63,0,2017-07-06,3
6734,20170706,6736,64000,65000,64,0,2017-07-06,3
6735,20170706,6737,65000,70000,65,0,2017-07-06,3
6736,20170706,6738,70000,71000,70,0,2017-07-06,3
6737,20170706,6739,71000,72000,71,0,2017-07-06,3
6738,20170706,6740,72000,73000,72,0,2017-07-06,3
6739,20170706,6741,73000,74000,73,0,2017-07-06,3
6740,20170706,6742,74000,75000,74,0,2017-07-06,3
6741,20170706,6743,75000,80000,75,0,2017-07-06,3
6742,20170706,6744,80000,81000,80,0,2017-07-06,3
6743,20170706,6745,81000,82000,81,0,2017-07-06,3
6744,20170706,6746,82000,83000,82,0,2017-07-06,3
6745,20170706,6747,83000,84000,83,0,2017-07-06,3
6746,20170706,6748,84000,85000,84,0,2017-07-06,3
6747,20170706,6749,85000,90000,85,0,2017-07-06,3
6748,20170706,6750,90000,91000,90,0,2017-07-06,3
6749,20170706,6751,91000,92000,91,0,2017-07-06,3
6750,20170706,6752,92000,93000,92,0,2017-07-06,3
6751,20170706,6753,93000,94000,93,0,2017-07-06,3
6752,20170706,6754,94000,95000,94,0,2017-07-06,3
6753,20170706,6755,95000,100000,95,0,2017-07-06,3
6754,20170706,6756,100000,101000,10,0,2017-07-06,3
6755,20170706,6757,101000,102000,10,1000,2017-07-06,3
6756,20170706,6758,102000,103000,10,2000,2017-07-06,3
6757,20170706,6759,103000,104000,10,3000,2017-07-06,3
6758,20170706,6760,104000,105000,10,4000,2017-07-06,3
6759,20170706,6761,105000,110000,10,5000,2017-07-06,3
6760,20170706,6762,110000,111000,11,0,2017-07-06,3
6761,20170706,6763,111000,112000,11,1000,2017-07-06,3
6762,20170706,6764,112000,113000,11,2000,2017-07-06,3
6763,20170706,6765,113000,114000,11,3000,2017-07-06,3
6764,20170706,6766,114000,115000,11,4000,2017-07-06,3
6765,20170706,6767,115000,120000,11,5000,2017-07-06,3
6766,20170706,6768,120000,121000,12,0,2017-07-06,3
6767,20170706,6769,121000,122000,12,1000,2017-07-06,3
6768,20170706,6770,122000,123000,12,2000,2017-07-06,3
6769,20170706,6771,123000,124000,12,3000,2017-07-06,3
6770,20170706,6772,124000,125000,12,4000,2017-07-06,3
6771,20170706,6773,125000,130000,12,5000,2017-07-06,3
6772,20170706,6774,130000,131000,13,0,2017-07-06,3
6773,20170706,6775,131000,132000,13,1000,2017-07-06,3
6774,20170706,6776,132000,133000,13,2000,2017-07-06,3
6775,20170706,6777,133000,134000,13,3000,2017-07-06,3
6776,20170706,6778,134000,135000,13,4000,2017-07-06,3
6777,20170706,6779,135000,140000,13,5000,2017-07-06,3
6778,20170706,6780,140000,141000,14,0,2017-07-06,3
6779,20170706,6781,141000,142000,14,1000,2017-07-06,3
6780,20170706,6782,142000,143000,14,2000,2017-07-06,3
6781,20170706,6783,143000,144000,14,3000,2017-07-06,3
6782,20170706,6784,144000,145000,14,4000,2017-07-06,3
6783,20170706,6785,145000,150000,14,5000,2017-07-06,3
6784,20170706,6786,150000,151000,15,0,2017-07-06,3
6785,20170706,6787,151000,152000,15,1000,2017-07-06,3
6786,20170706,6788,152000,153000,15,2000,2017-07-06,3
6787,20170706,6789,153000,154000,15,3000,2017-07-06,3
6788,20170706,6790,154000,155000,15,4000,2017-07-06,3
6789,20170706,6791,155000,160000,15,5000,2017-07-06,3
6790,20170706,6792,160000,161000,16,0,2017-07-06,3
6791,20170706,6793,161000,162000,16,1000,2017-07-06,3
6792,20170706,6794,162000,163000,16,2000,2017-07-06,3
6793,20170706,6795,163000,164000,16,3000,2017-07-06,3
6794,20170706,6796,164000,165000,16,4000,2017-07-06,3
6795,20170706,6797,165000,170000,16,5000,2017-07-06,3
6796,20170706,6798,170000,171000,17,0,2017-07-06,3
6797,20170706,6799,171000,172000,17,1000,2017-07-06,3
6798,20170706,6800,172000,173000,17,2000,2017-07-06,3
6799,20170706,6801,173000,174000,17,3000,2017-07-06,3
6800,20170706,6802,174000,175000,17,4000,2017-07-06,3
6801,20170706,6803,175000,180000,17,5000,2017-07-06,3
6802,20170706,6804,180000,181000,18,0,2017-07-06,3
6803,20170706,6805,181000,182000,18,1000,2017-07-06,3
6804,20170706,6806,182000,183000,18,2000,2017-07-06,3
6805,20170706,6807,183000,184000,18,3000,2017-07-06,3
6806,20170706,6808,184000,185000,18,4000,2017-07-06,3
6807,20170706,6809,185000,190000,18,5000,2017-07-06,3
6808,20170706,6810,190000,191000,19,0,2017-07-06,3
6809,20170706,6811,191000,192000,19,1000,2017-07-06,3
6810,20170706,6812,192000,193000,19,2000,2017-07-06,3
6811,20170706,6813,193000,194000,19,3000,2017-07-06,3
6812,20170706,6814,194000,195000,19,4000,2017-07-06,3
6813,20170706,6815,195000,200000,19,5000,2017-07-06,3
6814,20170706,6816,200000,201000,20,0,2017-07-06,3
6815,20170706,6817,201000,202000,20,1000,2017-07-06,3
6816,20170706,6818,202000,203000,20,2000,2017-07-06,3
6817,20170706,6819,203000,204000,20,3000,2017-07-06,3
6818,20170706,6820,204000,205000,20,4000,2017-07-06,3
6819,20170706,6821,205000,210000,20,5000,2017-07-06,3
6820,20170706,6822,210000,211000,21,0,2017-07-06,3
6821,20170706,6823,211000,212000,21,1000,2017-07-06,3
6822,20170706,6824,212000,213000,21,2000,2017-07-06,3
6823,20170706,6825,213000,214000,21,3000,2017-07-06,3
6824,20170706,6826,214000,215000,21,4000,2017-07-06,3
6825,20170706,6827,215000,220000,21,5000,2017-07-06,3
6826,20170706,6828,220000,221000,22,0,2017-07-06,3
6827,20170706,6829,221000,222000,22,1000,2017-07-06,3
6828,20170706,6830,222000,223000,22,2000,2017-07-06,3
6829,20170706,6831,223000,224000,22,3000,2017-07-06,3
6830,20170706,6832,224000,225000,22,4000,2017-07-06,3
6831,20170706,6833,225000,230000,22,5000,2017-07-06,3
6832,20170707,6834,60000,61000,60,0,2017-07-07,4
6833,20170707,6835,61000,62000,61,0,2017-07-07,4
6834,20170707,6836,62000,63000,62,0,2017-07-07,4
6835,20170707,6837,63000,64000,63,0,2017-07-07,4
6836,20170707,6838,64000,65000,64,0,2017-07-07,4
6837,20170707,6839,65000,70000,65,0,2017-07-07,4
6838,20170707,6840,70000,71000,70,0,2017-07-07,4
6839,20170707,6841,71000,72000,71,0,2017-07-07,4
6840,20170707,6842,72000,73000,72,0,2017-07-07,4
6841,20170707,6843,73000,74000,73,0,2017-07-07,4
6842,20170707,6844,74000,75000,74,0,2017-07-07,4
6843,20170707,6845,75000,80000,75,0,2017-07-07,4
6844,20170707,6846,80000,81000,80,0,2017-07-07,4
6845,20170707,6847,81000,82000,81,0,2017-07-07,4
6846,20170707,6848,82000,83000,82,0,2017-07-07,4
6847,20170707,6849,83000,84000,83,0,2017-07-07,4
6848,20170707,6850,84000,85000,84,0,2017-07-07,4
6849,20170707,6851,85000,90000,85,0,2017-07-07,4
6850,20170707,6852,90000,91000,90,0,2017-07-07,4
6851,20170707,6853,91000,92000,91,0,2017-07-07,4
6852,20170707,6854,92000,93000,92,0,2017-07-07,4
6853,20170707,6855,93000,94000,93,0,2017-07-07,4
6854,20170707,6856,94000,95000,94,0,2017-07-07,4
6855,20170707,6857,95000,100000,95,0,2017-07-07,4
6856,20170707,6858,100000,101000,10,0,2017-07-07,4
6857,20170707,6859,101000,102000,10,1000,2017-07-07,4
6858,20170707,6860,102000,103000,10,2000,2017-07-07,4
6859,20170707,6861,103000,104000,10,3000,2017-07-07,4
6860,20170707,6862,104000,105000,10,4000,2017-07-07,4
6861,20170707,6863,105000,110000,10,5000,2017-07-07,4
6862,20170707,6864,110000,111000,11,0,2017-07-07,4
6863,20170707,6865,111000,112000,11,1000,2017-07-07,4
6864,20170707,6866,112000,113000,11,2000,2017-07-07,4
6865,20170707,6867,113000,114000,11,3000,2017-07-07,4
6866,20170707,6868,114000,115000,11,4000,2017-07-07,4
6867,20170707,6869,115000,120000,11,5000,2017-07-07,4
6868,20170707,6870,120000,121000,12,0,2017-07-07,4
6869,20170707,6871,121000,122000,12,1000,2017-07-07,4
6870,20170707,6872,122000,123000,12,2000,2017-07-07,4
6871,20170707,6873,123000,124000,12,3000,2017-07-07,4
6872,20170707,6874,124000,125000,12,4000,2017-07-07,4
6873,20170707,6875,125000,130000,12,5000,2017-07-07,4
6874,20170707,6876,130000,131000,13,0,2017-07-07,4
6875,20170707,6877,131000,132000,13,1000,2017-07-07,4
6876,20170707,6878,132000,133000,13,2000,2017-07-07,4
6877,20170707,6879,133000,134000,13,3000,2017-07-07,4
6878,20170707,6880,134000,135000,13,4000,2017-07-07,4
6879,20170707,6881,135000,140000,13,5000,2017-07-07,4
6880,20170707,6882,140000,141000,14,0,2017-07-07,4
6881,20170707,6883,141000,142000,14,1000,2017-07-07,4
6882,20170707,6884,142000,143000,14,2000,2017-07-07,4
6883,20170707,6885,143000,144000,14,3000,2017-07-07,4
6884,20170707,6886,144000,145000,14,4000,2017-07-07,4
6885,20170707,6887,145000,150000,14,5000,2017-07-07,4
6886,20170707,6888,150000,151000,15,0,2017-07-07,4
6887,20170707,6889,151000,152000,15,1000,2017-07-07,4
6888,20170707,6890,152000,153000,15,2000,2017-07-07,4
6889,20170707,6891,153000,154000,15,3000,2017-07-07,4
6890,20170707,6892,154000,155000,15,4000,2017-07-07,4
6891,20170707,6893,155000,160000,15,5000,2017-07-07,4
6892,20170707,6894,160000,161000,16,0,2017-07-07,4
6893,20170707,6895,161000,162000,16,1000,2017-07-07,4
6894,20170707,6896,162000,163000,16,2000,2017-07-07,4
6895,20170707,6897,163000,164000,16,3000,2017-07-07,4
6896,20170707,6898,164000,165000,16,4000,2017-07-07,4
6897,20170707,6899,165000,170000,16,5000,2017-07-07,4
6898,20170707,6900,170000,171000,17,0,2017-07-07,4
6899,20170707,6901,171000,172000,17,1000,2017-07-07,4
6900,20170707,6902,172000,173000,17,2000,2017-07-07,4
6901,20170707,6903,173000,174000,17,3000,2017-07-07,4
6902,20170707,6904,174000,175000,17,4000,2017-07-07,4
6903,20170707,6905,175000,180000,17,5000,2017-07-07,4
6904,20170707,6906,180000,181000,18,0,2017-07-07,4
6905,20170707,6907,181000,182000,18,1000,2017-07-07,4
6906,20170707,6908,182000,183000,18,2000,2017-07-07,4
6907,20170707,6909,183000,184000,18,3000,2017-07-07,4
6908,20170707,6910,184000,185000,18,4000,2017-07-07,4
6909,20170707,6911,185000,190000,18,5000,2017-07-07,4
6910,20170707,6912,190000,191000,19,0,2017-07-07,4
6911,20170707,6913,191000,192000,19,1000,2017-07-07,4
6912,20170707,6914,192000,193000,19,2000,2017-07-07,4
6913,20170707,6915,193000,194000,19,3000,2017-07-07,4
6914,20170707,6916,194000,195000,19,4000,2017-07-07,4
6915,20170707,6917,195000,200000,19,5000,2017-07-07,4
6916,20170707,6918,200000,201000,20,0,2017-07-07,4
6917,20170707,6919,201000,202000,20,1000,2017-07-07,4
6918,20170707,6920,202000,203000,20,2000,2017-07-07,4
6919,20170707,6921,203000,204000,20,3000,2017-07-07,4
6920,20170707,6922,204000,205000,20,4000,2017-07-07,4
6921,20170707,6923,205000,210000,20,5000,2017-07-07,4
6922,20170707,6924,210000,211000,21,0,2017-07-07,4
6923,20170707,6925,211000,212000,21,1000,2017-07-07,4
6924,20170707,6926,212000,213000,21,2000,2017-07-07,4
6925,20170707,6927,213000,214000,21,3000,2017-07-07,4
6926,20170707,6928,214000,215000,21,4000,2017-07-07,4
6927,20170707,6929,215000,220000,21,5000,2017-07-07,4
6928,20170707,6930,220000,221000,22,0,2017-07-07,4
6929,20170707,6931,221000,222000,22,1000,2017-07-07,4
6930,20170707,6932,222000,223000,22,2000,2017-07-07,4
6931,20170707,6933,223000,224000,22,3000,2017-07-07,4
6932,20170707,6934,224000,225000,22,4000,2017-07-07,4
6933,20170707,6935,225000,230000,22,5000,2017-07-07,4
6934,20170708,6936,60000,61000,60,0,2017-07-08,5
6935,20170708,6937,61000,62000,61,0,2017-07-08,5
6936,20170708,6938,62000,63000,62,0,2017-07-08,5
6937,20170708,6939,63000,64000,63,0,2017-07-08,5
6938,20170708,6940,64000,65000,64,0,2017-07-08,5
6939,20170708,6941,65000,70000,65,0,2017-07-08,5
6940,20170708,6942,70000,71000,70,0,2017-07-08,5
6941,20170708,6943,71000,72000,71,0,2017-07-08,5
6942,20170708,6944,72000,73000,72,0,2017-07-08,5
6943,20170708,6945,73000,74000,73,0,2017-07-08,5
6944,20170708,6946,74000,75000,74,0,2017-07-08,5
6945,20170708,6947,75000,80000,75,0,2017-07-08,5
6946,20170708,6948,80000,81000,80,0,2017-07-08,5
6947,20170708,6949,81000,82000,81,0,2017-07-08,5
6948,20170708,6950,82000,83000,82,0,2017-07-08,5
6949,20170708,6951,83000,84000,83,0,2017-07-08,5
6950,20170708,6952,84000,85000,84,0,2017-07-08,5
6951,20170708,6953,85000,90000,85,0,2017-07-08,5
6952,20170708,6954,90000,91000,90,0,2017-07-08,5
6953,20170708,6955,91000,92000,91,0,2017-07-08,5
6954,20170708,6956,92000,93000,92,0,2017-07-08,5
6955,20170708,6957,93000,94000,93,0,2017-07-08,5
6956,20170708,6958,94000,95000,94,0,2017-07-08,5
6957,20170708,6959,95000,100000,95,0,2017-07-08,5
6958,20170708,6960,100000,101000,10,0,2017-07-08,5
6959,20170708,6961,101000,102000,10,1000,2017-07-08,5
6960,20170708,6962,102000,103000,10,2000,2017-07-08,5
6961,20170708,6963,103000,104000,10,3000,2017-07-08,5
6962,20170708,6964,104000,105000,10,4000,2017-07-08,5
6963,20170708,6965,105000,110000,10,5000,2017-07-08,5
6964,20170708,6966,110000,111000,11,0,2017-07-08,5
6965,20170708,6967,111000,112000,11,1000,2017-07-08,5
6966,20170708,6968,112000,113000,11,2000,2017-07-08,5
6967,20170708,6969,113000,114000,11,3000,2017-07-08,5
6968,20170708,6970,114000,115000,11,4000,2017-07-08,5
6969,20170708,6971,115000,120000,11,5000,2017-07-08,5
6970,20170708,6972,120000,121000,12,0,2017-07-08,5
6971,20170708,6973,121000,122000,12,1000,2017-07-08,5
6972,20170708,6974,122000,123000,12,2000,2017-07-08,5
6973,20170708,6975,123000,124000,12,3000,2017-07-08,5
6974,20170708,6976,124000,125000,12,4000,2017-07-08,5
6975,20170708,6977,125000,130000,12,5000,2017-07-08,5
6976,20170708,6978,130000,131000,13,0,2017-07-08,5
6977,20170708,6979,131000,132000,13,1000,2017-07-08,5
6978,20170708,6980,132000,133000,13,2000,2017-07-08,5
6979,20170708,6981,133000,134000,13,3000,2017-07-08,5
6980,20170708,6982,134000,135000,13,4000,2017-07-08,5
6981,20170708,6983,135000,140000,13,5000,2017-07-08,5
6982,20170708,6984,140000,141000,14,0,2017-07-08,5
6983,20170708,6985,141000,142000,14,1000,2017-07-08,5
6984,20170708,6986,142000,143000,14,2000,2017-07-08,5
6985,20170708,6987,143000,144000,14,3000,2017-07-08,5
6986,20170708,6988,144000,145000,14,4000,2017-07-08,5
6987,20170708,6989,145000,150000,14,5000,2017-07-08,5
6988,20170708,6990,150000,151000,15,0,2017-07-08,5
6989,20170708,6991,151000,152000,15,1000,2017-07-08,5
6990,20170708,6992,152000,153000,15,2000,2017-07-08,5
6991,20170708,6993,153000,154000,15,3000,2017-07-08,5
6992,20170708,6994,154000,155000,15,4000,2017-07-08,5
6993,20170708,6995,155000,160000,15,5000,2017-07-08,5
6994,20170708,6996,160000,161000,16,0,2017-07-08,5
6995,20170708,6997,161000,162000,16,1000,2017-07-08,5
6996,20170708,6998,162000,163000,16,2000,2017-07-08,5
6997,20170708,6999,163000,164000,16,3000,2017-07-08,5
6998,20170708,7000,164000,165000,16,4000,2017-07-08,5
6999,20170708,7001,165000,170000,16,5000,2017-07-08,5
7000,20170708,7002,170000,171000,17,0,2017-07-08,5
7001,20170708,7003,171000,172000,17,1000,2017-07-08,5
7002,20170708,7004,172000,173000,17,2000,2017-07-08,5
7003,20170708,7005,173000,174000,17,3000,2017-07-08,5
7004,20170708,7006,174000,175000,17,4000,2017-07-08,5
7005,20170708,7007,175000,180000,17,5000,2017-07-08,5
7006,20170708,7008,180000,181000,18,0,2017-07-08,5
7007,20170708,7009,181000,182000,18,1000,2017-07-08,5
7008,20170708,7010,182000,183000,18,2000,2017-07-08,5
7009,20170708,7011,183000,184000,18,3000,2017-07-08,5
7010,20170708,7012,184000,185000,18,4000,2017-07-08,5
7011,20170708,7013,185000,190000,18,5000,2017-07-08,5
7012,20170708,7014,190000,191000,19,0,2017-07-08,5
7013,20170708,7015,191000,192000,19,1000,2017-07-08,5
7014,20170708,7016,192000,193000,19,2000,2017-07-08,5
7015,20170708,7017,193000,194000,19,3000,2017-07-08,5
7016,20170708,7018,194000,195000,19,4000,2017-07-08,5
7017,20170708,7019,195000,200000,19,5000,2017-07-08,5
7018,20170708,7020,200000,201000,20,0,2017-07-08,5
7019,20170708,7021,201000,202000,20,1000,2017-07-08,5
7020,20170708,7022,202000,203000,20,2000,2017-07-08,5
7021,20170708,7023,203000,204000,20,3000,2017-07-08,5
7022,20170708,7024,204000,205000,20,4000,2017-07-08,5
7023,20170708,7025,205000,210000,20,5000,2017-07-08,5
7024,20170708,7026,210000,211000,21,0,2017-07-08,5
7025,20170708,7027,211000,212000,21,1000,2017-07-08,5
7026,20170708,7028,212000,213000,21,2000,2017-07-08,5
7027,20170708,7029,213000,214000,21,3000,2017-07-08,5
7028,20170708,7030,214000,215000,21,4000,2017-07-08,5
7029,20170708,7031,215000,220000,21,5000,2017-07-08,5
7030,20170708,7032,220000,221000,22,0,2017-07-08,5
7031,20170708,7033,221000,222000,22,1000,2017-07-08,5
7032,20170708,7034,222000,223000,22,2000,2017-07-08,5
7033,20170708,7035,223000,224000,22,3000,2017-07-08,5
7034,20170708,7036,224000,225000,22,4000,2017-07-08,5
7035,20170708,7037,225000,230000,22,5000,2017-07-08,5
7036,20170709,7038,60000,61000,60,0,2017-07-09,6
7037,20170709,7039,61000,62000,61,0,2017-07-09,6
7038,20170709,7040,62000,63000,62,0,2017-07-09,6
7039,20170709,7041,63000,64000,63,0,2017-07-09,6
7040,20170709,7042,64000,65000,64,0,2017-07-09,6
7041,20170709,7043,65000,70000,65,0,2017-07-09,6
7042,20170709,7044,70000,71000,70,0,2017-07-09,6
7043,20170709,7045,71000,72000,71,0,2017-07-09,6
7044,20170709,7046,72000,73000,72,0,2017-07-09,6
7045,20170709,7047,73000,74000,73,0,2017-07-09,6
7046,20170709,7048,74000,75000,74,0,2017-07-09,6
7047,20170709,7049,75000,80000,75,0,2017-07-09,6
7048,20170709,7050,80000,81000,80,0,2017-07-09,6
7049,20170709,7051,81000,82000,81,0,2017-07-09,6
7050,20170709,7052,82000,83000,82,0,2017-07-09,6
7051,20170709,7053,83000,84000,83,0,2017-07-09,6
7052,20170709,7054,84000,85000,84,0,2017-07-09,6
7053,20170709,7055,85000,90000,85,0,2017-07-09,6
7054,20170709,7056,90000,91000,90,0,2017-07-09,6
7055,20170709,7057,91000,92000,91,0,2017-07-09,6
7056,20170709,7058,92000,93000,92,0,2017-07-09,6
7057,20170709,7059,93000,94000,93,0,2017-07-09,6
7058,20170709,7060,94000,95000,94,0,2017-07-09,6
7059,20170709,7061,95000,100000,95,0,2017-07-09,6
7060,20170709,7062,100000,101000,10,0,2017-07-09,6
7061,20170709,7063,101000,102000,10,1000,2017-07-09,6
7062,20170709,7064,102000,103000,10,2000,2017-07-09,6
7063,20170709,7065,103000,104000,10,3000,2017-07-09,6
7064,20170709,7066,104000,105000,10,4000,2017-07-09,6
7065,20170709,7067,105000,110000,10,5000,2017-07-09,6
7066,20170709,7068,110000,111000,11,0,2017-07-09,6
7067,20170709,7069,111000,112000,11,1000,2017-07-09,6
7068,20170709,7070,112000,113000,11,2000,2017-07-09,6
7069,20170709,7071,113000,114000,11,3000,2017-07-09,6
7070,20170709,7072,114000,115000,11,4000,2017-07-09,6
7071,20170709,7073,115000,120000,11,5000,2017-07-09,6
7072,20170709,7074,120000,121000,12,0,2017-07-09,6
7073,20170709,7075,121000,122000,12,1000,2017-07-09,6
7074,20170709,7076,122000,123000,12,2000,2017-07-09,6
7075,20170709,7077,123000,124000,12,3000,2017-07-09,6
7076,20170709,7078,124000,125000,12,4000,2017-07-09,6
7077,20170709,7079,125000,130000,12,5000,2017-07-09,6
7078,20170709,7080,130000,131000,13,0,2017-07-09,6
7079,20170709,7081,131000,132000,13,1000,2017-07-09,6
7080,20170709,7082,132000,133000,13,2000,2017-07-09,6
7081,20170709,7083,133000,134000,13,3000,2017-07-09,6
7082,20170709,7084,134000,135000,13,4000,2017-07-09,6
7083,20170709,7085,135000,140000,13,5000,2017-07-09,6
7084,20170709,7086,140000,141000,14,0,2017-07-09,6
7085,20170709,7087,141000,142000,14,1000,2017-07-09,6
7086,20170709,7088,142000,143000,14,2000,2017-07-09,6
7087,20170709,7089,143000,144000,14,3000,2017-07-09,6
7088,20170709,7090,144000,145000,14,4000,2017-07-09,6
7089,20170709,7091,145000,150000,14,5000,2017-07-09,6
7090,20170709,7092,150000,151000,15,0,2017-07-09,6
7091,20170709,7093,151000,152000,15,1000,2017-07-09,6
7092,20170709,7094,152000,153000,15,2000,2017-07-09,6
7093,20170709,7095,153000,154000,15,3000,2017-07-09,6
7094,20170709,7096,154000,155000,15,4000,2017-07-09,6
7095,20170709,7097,155000,160000,15,5000,2017-07-09,6
7096,20170709,7098,160000,161000,16,0,2017-07-09,6
7097,20170709,7099,161000,162000,16,1000,2017-07-09,6
7098,20170709,7100,162000,163000,16,2000,2017-07-09,6
7099,20170709,7101,163000,164000,16,3000,2017-07-09,6
7100,20170709,7102,164000,165000,16,4000,2017-07-09,6
7101,20170709,7103,165000,170000,16,5000,2017-07-09,6
7102,20170709,7104,170000,171000,17,0,2017-07-09,6
7103,20170709,7105,171000,172000,17,1000,2017-07-09,6
7104,20170709,7106,172000,173000,17,2000,2017-07-09,6
7105,20170709,7107,173000,174000,17,3000,2017-07-09,6
7106,20170709,7108,174000,175000,17,4000,2017-07-09,6
7107,20170709,7109,175000,180000,17,5000,2017-07-09,6
7108,20170709,7110,180000,181000,18,0,2017-07-09,6
7109,20170709,7111,181000,182000,18,1000,2017-07-09,6
7110,20170709,7112,182000,183000,18,2000,2017-07-09,6
7111,20170709,7113,183000,184000,18,3000,2017-07-09,6
7112,20170709,7114,184000,185000,18,4000,2017-07-09,6
7113,20170709,7115,185000,190000,18,5000,2017-07-09,6
7114,20170709,7116,190000,191000,19,0,2017-07-09,6
7115,20170709,7117,191000,192000,19,1000,2017-07-09,6
7116,20170709,7118,192000,193000,19,2000,2017-07-09,6
7117,20170709,7119,193000,194000,19,3000,2017-07-09,6
7118,20170709,7120,194000,195000,19,4000,2017-07-09,6
7119,20170709,7121,195000,200000,19,5000,2017-07-09,6
7120,20170709,7122,200000,201000,20,0,2017-07-09,6
7121,20170709,7123,201000,202000,20,1000,2017-07-09,6
7122,20170709,7124,202000,203000,20,2000,2017-07-09,6
7123,20170709,7125,203000,204000,20,3000,2017-07-09,6
7124,20170709,7126,204000,205000,20,4000,2017-07-09,6
7125,20170709,7127,205000,210000,20,5000,2017-07-09,6
7126,20170709,7128,210000,211000,21,0,2017-07-09,6
7127,20170709,7129,211000,212000,21,1000,2017-07-09,6
7128,20170709,7130,212000,213000,21,2000,2017-07-09,6
7129,20170709,7131,213000,214000,21,3000,2017-07-09,6
7130,20170709,7132,214000,215000,21,4000,2017-07-09,6
7131,20170709,7133,215000,220000,21,5000,2017-07-09,6
7132,20170709,7134,220000,221000,22,0,2017-07-09,6
7133,20170709,7135,221000,222000,22,1000,2017-07-09,6
7134,20170709,7136,222000,223000,22,2000,2017-07-09,6
7135,20170709,7137,223000,224000,22,3000,2017-07-09,6
7136,20170709,7138,224000,225000,22,4000,2017-07-09,6
7137,20170709,7139,225000,230000,22,5000,2017-07-09,6
7138,20170710,7140,60000,61000,60,0,2017-07-10,0
7139,20170710,7141,61000,62000,61,0,2017-07-10,0
7140,20170710,7142,62000,63000,62,0,2017-07-10,0
7141,20170710,7143,63000,64000,63,0,2017-07-10,0
7142,20170710,7144,64000,65000,64,0,2017-07-10,0
7143,20170710,7145,65000,70000,65,0,2017-07-10,0
7144,20170710,7146,70000,71000,70,0,2017-07-10,0
7145,20170710,7147,71000,72000,71,0,2017-07-10,0
7146,20170710,7148,72000,73000,72,0,2017-07-10,0
7147,20170710,7149,73000,74000,73,0,2017-07-10,0
7148,20170710,7150,74000,75000,74,0,2017-07-10,0
7149,20170710,7151,75000,80000,75,0,2017-07-10,0
7150,20170710,7152,80000,81000,80,0,2017-07-10,0
7151,20170710,7153,81000,82000,81,0,2017-07-10,0
7152,20170710,7154,82000,83000,82,0,2017-07-10,0
7153,20170710,7155,83000,84000,83,0,2017-07-10,0
7154,20170710,7156,84000,85000,84,0,2017-07-10,0
7155,20170710,7157,85000,90000,85,0,2017-07-10,0
7156,20170710,7158,90000,91000,90,0,2017-07-10,0
7157,20170710,7159,91000,92000,91,0,2017-07-10,0
7158,20170710,7160,92000,93000,92,0,2017-07-10,0
7159,20170710,7161,93000,94000,93,0,2017-07-10,0
7160,20170710,7162,94000,95000,94,0,2017-07-10,0
7161,20170710,7163,95000,100000,95,0,2017-07-10,0
7162,20170710,7164,100000,101000,10,0,2017-07-10,0
7163,20170710,7165,101000,102000,10,1000,2017-07-10,0
7164,20170710,7166,102000,103000,10,2000,2017-07-10,0
7165,20170710,7167,103000,104000,10,3000,2017-07-10,0
7166,20170710,7168,104000,105000,10,4000,2017-07-10,0
7167,20170710,7169,105000,110000,10,5000,2017-07-10,0
7168,20170710,7170,110000,111000,11,0,2017-07-10,0
7169,20170710,7171,111000,112000,11,1000,2017-07-10,0
7170,20170710,7172,112000,113000,11,2000,2017-07-10,0
7171,20170710,7173,113000,114000,11,3000,2017-07-10,0
7172,20170710,7174,114000,115000,11,4000,2017-07-10,0
7173,20170710,7175,115000,120000,11,5000,2017-07-10,0
7174,20170710,7176,120000,121000,12,0,2017-07-10,0
7175,20170710,7177,121000,122000,12,1000,2017-07-10,0
7176,20170710,7178,122000,123000,12,2000,2017-07-10,0
7177,20170710,7179,123000,124000,12,3000,2017-07-10,0
7178,20170710,7180,124000,125000,12,4000,2017-07-10,0
7179,20170710,7181,125000,130000,12,5000,2017-07-10,0
7180,20170710,7182,130000,131000,13,0,2017-07-10,0
7181,20170710,7183,131000,132000,13,1000,2017-07-10,0
7182,20170710,7184,132000,133000,13,2000,2017-07-10,0
7183,20170710,7185,133000,134000,13,3000,2017-07-10,0
7184,20170710,7186,134000,135000,13,4000,2017-07-10,0
7185,20170710,7187,135000,140000,13,5000,2017-07-10,0
7186,20170710,7188,140000,141000,14,0,2017-07-10,0
7187,20170710,7189,141000,142000,14,1000,2017-07-10,0
7188,20170710,7190,142000,143000,14,2000,2017-07-10,0
7189,20170710,7191,143000,144000,14,3000,2017-07-10,0
7190,20170710,7192,144000,145000,14,4000,2017-07-10,0
7191,20170710,7193,145000,150000,14,5000,2017-07-10,0
7192,20170710,7194,150000,151000,15,0,2017-07-10,0
7193,20170710,7195,151000,152000,15,1000,2017-07-10,0
7194,20170710,7196,152000,153000,15,2000,2017-07-10,0
7195,20170710,7197,153000,154000,15,3000,2017-07-10,0
7196,20170710,7198,154000,155000,15,4000,2017-07-10,0
7197,20170710,7199,155000,160000,15,5000,2017-07-10,0
7198,20170710,7200,160000,161000,16,0,2017-07-10,0
7199,20170710,7201,161000,162000,16,1000,2017-07-10,0
7200,20170710,7202,162000,163000,16,2000,2017-07-10,0
7201,20170710,7203,163000,164000,16,3000,2017-07-10,0
7202,20170710,7204,164000,165000,16,4000,2017-07-10,0
7203,20170710,7205,165000,170000,16,5000,2017-07-10,0
7204,20170710,7206,170000,171000,17,0,2017-07-10,0
7205,20170710,7207,171000,172000,17,1000,2017-07-10,0
7206,20170710,7208,172000,173000,17,2000,2017-07-10,0
7207,20170710,7209,173000,174000,17,3000,2017-07-10,0
7208,20170710,7210,174000,175000,17,4000,2017-07-10,0
7209,20170710,7211,175000,180000,17,5000,2017-07-10,0
7210,20170710,7212,180000,181000,18,0,2017-07-10,0
7211,20170710,7213,181000,182000,18,1000,2017-07-10,0
7212,20170710,7214,182000,183000,18,2000,2017-07-10,0
7213,20170710,7215,183000,184000,18,3000,2017-07-10,0
7214,20170710,7216,184000,185000,18,4000,2017-07-10,0
7215,20170710,7217,185000,190000,18,5000,2017-07-10,0
7216,20170710,7218,190000,191000,19,0,2017-07-10,0
7217,20170710,7219,191000,192000,19,1000,2017-07-10,0
7218,20170710,7220,192000,193000,19,2000,2017-07-10,0
7219,20170710,7221,193000,194000,19,3000,2017-07-10,0
7220,20170710,7222,194000,195000,19,4000,2017-07-10,0
7221,20170710,7223,195000,200000,19,5000,2017-07-10,0
7222,20170710,7224,200000,201000,20,0,2017-07-10,0
7223,20170710,7225,201000,202000,20,1000,2017-07-10,0
7224,20170710,7226,202000,203000,20,2000,2017-07-10,0
7225,20170710,7227,203000,204000,20,3000,2017-07-10,0
7226,20170710,7228,204000,205000,20,4000,2017-07-10,0
7227,20170710,7229,205000,210000,20,5000,2017-07-10,0
7228,20170710,7230,210000,211000,21,0,2017-07-10,0
7229,20170710,7231,211000,212000,21,1000,2017-07-10,0
7230,20170710,7232,212000,213000,21,2000,2017-07-10,0
7231,20170710,7233,213000,214000,21,3000,2017-07-10,0
7232,20170710,7234,214000,215000,21,4000,2017-07-10,0
7233,20170710,7235,215000,220000,21,5000,2017-07-10,0
7234,20170710,7236,220000,221000,22,0,2017-07-10,0
7235,20170710,7237,221000,222000,22,1000,2017-07-10,0
7236,20170710,7238,222000,223000,22,2000,2017-07-10,0
7237,20170710,7239,223000,224000,22,3000,2017-07-10,0
7238,20170710,7240,224000,225000,22,4000,2017-07-10,0
7239,20170710,7241,225000,230000,22,5000,2017-07-10,0
7240,20170711,7242,60000,61000,60,0,2017-07-11,1
7241,20170711,7243,61000,62000,61,0,2017-07-11,1
7242,20170711,7244,62000,63000,62,0,2017-07-11,1
7243,20170711,7245,63000,64000,63,0,2017-07-11,1
7244,20170711,7246,64000,65000,64,0,2017-07-11,1
7245,20170711,7247,65000,70000,65,0,2017-07-11,1
7246,20170711,7248,70000,71000,70,0,2017-07-11,1
7247,20170711,7249,71000,72000,71,0,2017-07-11,1
7248,20170711,7250,72000,73000,72,0,2017-07-11,1
7249,20170711,7251,73000,74000,73,0,2017-07-11,1
7250,20170711,7252,74000,75000,74,0,2017-07-11,1
7251,20170711,7253,75000,80000,75,0,2017-07-11,1
7252,20170711,7254,80000,81000,80,0,2017-07-11,1
7253,20170711,7255,81000,82000,81,0,2017-07-11,1
7254,20170711,7256,82000,83000,82,0,2017-07-11,1
7255,20170711,7257,83000,84000,83,0,2017-07-11,1
7256,20170711,7258,84000,85000,84,0,2017-07-11,1
7257,20170711,7259,85000,90000,85,0,2017-07-11,1
7258,20170711,7260,90000,91000,90,0,2017-07-11,1
7259,20170711,7261,91000,92000,91,0,2017-07-11,1
7260,20170711,7262,92000,93000,92,0,2017-07-11,1
7261,20170711,7263,93000,94000,93,0,2017-07-11,1
7262,20170711,7264,94000,95000,94,0,2017-07-11,1
7263,20170711,7265,95000,100000,95,0,2017-07-11,1
7264,20170711,7266,100000,101000,10,0,2017-07-11,1
7265,20170711,7267,101000,102000,10,1000,2017-07-11,1
7266,20170711,7268,102000,103000,10,2000,2017-07-11,1
7267,20170711,7269,103000,104000,10,3000,2017-07-11,1
7268,20170711,7270,104000,105000,10,4000,2017-07-11,1
7269,20170711,7271,105000,110000,10,5000,2017-07-11,1
7270,20170711,7272,110000,111000,11,0,2017-07-11,1
7271,20170711,7273,111000,112000,11,1000,2017-07-11,1
7272,20170711,7274,112000,113000,11,2000,2017-07-11,1
7273,20170711,7275,113000,114000,11,3000,2017-07-11,1
7274,20170711,7276,114000,115000,11,4000,2017-07-11,1
7275,20170711,7277,115000,120000,11,5000,2017-07-11,1
7276,20170711,7278,120000,121000,12,0,2017-07-11,1
7277,20170711,7279,121000,122000,12,1000,2017-07-11,1
7278,20170711,7280,122000,123000,12,2000,2017-07-11,1
7279,20170711,7281,123000,124000,12,3000,2017-07-11,1
7280,20170711,7282,124000,125000,12,4000,2017-07-11,1
7281,20170711,7283,125000,130000,12,5000,2017-07-11,1
7282,20170711,7284,130000,131000,13,0,2017-07-11,1
7283,20170711,7285,131000,132000,13,1000,2017-07-11,1
7284,20170711,7286,132000,133000,13,2000,2017-07-11,1
7285,20170711,7287,133000,134000,13,3000,2017-07-11,1
7286,20170711,7288,134000,135000,13,4000,2017-07-11,1
7287,20170711,7289,135000,140000,13,5000,2017-07-11,1
7288,20170711,7290,140000,141000,14,0,2017-07-11,1
7289,20170711,7291,141000,142000,14,1000,2017-07-11,1
7290,20170711,7292,142000,143000,14,2000,2017-07-11,1
7291,20170711,7293,143000,144000,14,3000,2017-07-11,1
7292,20170711,7294,144000,145000,14,4000,2017-07-11,1
7293,20170711,7295,145000,150000,14,5000,2017-07-11,1
7294,20170711,7296,150000,151000,15,0,2017-07-11,1
7295,20170711,7297,151000,152000,15,1000,2017-07-11,1
7296,20170711,7298,152000,153000,15,2000,2017-07-11,1
7297,20170711,7299,153000,154000,15,3000,2017-07-11,1
7298,20170711,7300,154000,155000,15,4000,2017-07-11,1
7299,20170711,7301,155000,160000,15,5000,2017-07-11,1
7300,20170711,7302,160000,161000,16,0,2017-07-11,1
7301,20170711,7303,161000,162000,16,1000,2017-07-11,1
7302,20170711,7304,162000,163000,16,2000,2017-07-11,1
7303,20170711,7305,163000,164000,16,3000,2017-07-11,1
7304,20170711,7306,164000,165000,16,4000,2017-07-11,1
7305,20170711,7307,165000,170000,16,5000,2017-07-11,1
7306,20170711,7308,170000,171000,17,0,2017-07-11,1
7307,20170711,7309,171000,172000,17,1000,2017-07-11,1
7308,20170711,7310,172000,173000,17,2000,2017-07-11,1
7309,20170711,7311,173000,174000,17,3000,2017-07-11,1
7310,20170711,7312,174000,175000,17,4000,2017-07-11,1
7311,20170711,7313,175000,180000,17,5000,2017-07-11,1
7312,20170711,7314,180000,181000,18,0,2017-07-11,1
7313,20170711,7315,181000,182000,18,1000,2017-07-11,1
7314,20170711,7316,182000,183000,18,2000,2017-07-11,1
7315,20170711,7317,183000,184000,18,3000,2017-07-11,1
7316,20170711,7318,184000,185000,18,4000,2017-07-11,1
7317,20170711,7319,185000,190000,18,5000,2017-07-11,1
7318,20170711,7320,190000,191000,19,0,2017-07-11,1
7319,20170711,7321,191000,192000,19,1000,2017-07-11,1
7320,20170711,7322,192000,193000,19,2000,2017-07-11,1
7321,20170711,7323,193000,194000,19,3000,2017-07-11,1
7322,20170711,7324,194000,195000,19,4000,2017-07-11,1
7323,20170711,7325,195000,200000,19,5000,2017-07-11,1
7324,20170711,7326,200000,201000,20,0,2017-07-11,1
7325,20170711,7327,201000,202000,20,1000,2017-07-11,1
7326,20170711,7328,202000,203000,20,2000,2017-07-11,1
7327,20170711,7329,203000,204000,20,3000,2017-07-11,1
7328,20170711,7330,204000,205000,20,4000,2017-07-11,1
7329,20170711,7331,205000,210000,20,5000,2017-07-11,1
7330,20170711,7332,210000,211000,21,0,2017-07-11,1
7331,20170711,7333,211000,212000,21,1000,2017-07-11,1
7332,20170711,7334,212000,213000,21,2000,2017-07-11,1
7333,20170711,7335,213000,214000,21,3000,2017-07-11,1
7334,20170711,7336,214000,215000,21,4000,2017-07-11,1
7335,20170711,7337,215000,220000,21,5000,2017-07-11,1
7336,20170711,7338,220000,221000,22,0,2017-07-11,1
7337,20170711,7339,221000,222000,22,1000,2017-07-11,1
7338,20170711,7340,222000,223000,22,2000,2017-07-11,1
7339,20170711,7341,223000,224000,22,3000,2017-07-11,1
7340,20170711,7342,224000,225000,22,4000,2017-07-11,1
7341,20170711,7343,225000,230000,22,5000,2017-07-11,1
7342,20170712,7344,60000,61000,60,0,2017-07-12,2
7343,20170712,7345,61000,62000,61,0,2017-07-12,2
7344,20170712,7346,62000,63000,62,0,2017-07-12,2
7345,20170712,7347,63000,64000,63,0,2017-07-12,2
7346,20170712,7348,64000,65000,64,0,2017-07-12,2
7347,20170712,7349,65000,70000,65,0,2017-07-12,2
7348,20170712,7350,70000,71000,70,0,2017-07-12,2
7349,20170712,7351,71000,72000,71,0,2017-07-12,2
7350,20170712,7352,72000,73000,72,0,2017-07-12,2
7351,20170712,7353,73000,74000,73,0,2017-07-12,2
7352,20170712,7354,74000,75000,74,0,2017-07-12,2
7353,20170712,7355,75000,80000,75,0,2017-07-12,2
7354,20170712,7356,80000,81000,80,0,2017-07-12,2
7355,20170712,7357,81000,82000,81,0,2017-07-12,2
7356,20170712,7358,82000,83000,82,0,2017-07-12,2
7357,20170712,7359,83000,84000,83,0,2017-07-12,2
7358,20170712,7360,84000,85000,84,0,2017-07-12,2
7359,20170712,7361,85000,90000,85,0,2017-07-12,2
7360,20170712,7362,90000,91000,90,0,2017-07-12,2
7361,20170712,7363,91000,92000,91,0,2017-07-12,2
7362,20170712,7364,92000,93000,92,0,2017-07-12,2
7363,20170712,7365,93000,94000,93,0,2017-07-12,2
7364,20170712,7366,94000,95000,94,0,2017-07-12,2
7365,20170712,7367,95000,100000,95,0,2017-07-12,2
7366,20170712,7368,100000,101000,10,0,2017-07-12,2
7367,20170712,7369,101000,102000,10,1000,2017-07-12,2
7368,20170712,7370,102000,103000,10,2000,2017-07-12,2
7369,20170712,7371,103000,104000,10,3000,2017-07-12,2
7370,20170712,7372,104000,105000,10,4000,2017-07-12,2
7371,20170712,7373,105000,110000,10,5000,2017-07-12,2
7372,20170712,7374,110000,111000,11,0,2017-07-12,2
7373,20170712,7375,111000,112000,11,1000,2017-07-12,2
7374,20170712,7376,112000,113000,11,2000,2017-07-12,2
7375,20170712,7377,113000,114000,11,3000,2017-07-12,2
7376,20170712,7378,114000,115000,11,4000,2017-07-12,2
7377,20170712,7379,115000,120000,11,5000,2017-07-12,2
7378,20170712,7380,120000,121000,12,0,2017-07-12,2
7379,20170712,7381,121000,122000,12,1000,2017-07-12,2
7380,20170712,7382,122000,123000,12,2000,2017-07-12,2
7381,20170712,7383,123000,124000,12,3000,2017-07-12,2
7382,20170712,7384,124000,125000,12,4000,2017-07-12,2
7383,20170712,7385,125000,130000,12,5000,2017-07-12,2
7384,20170712,7386,130000,131000,13,0,2017-07-12,2
7385,20170712,7387,131000,132000,13,1000,2017-07-12,2
7386,20170712,7388,132000,133000,13,2000,2017-07-12,2
7387,20170712,7389,133000,134000,13,3000,2017-07-12,2
7388,20170712,7390,134000,135000,13,4000,2017-07-12,2
7389,20170712,7391,135000,140000,13,5000,2017-07-12,2
7390,20170712,7392,140000,141000,14,0,2017-07-12,2
7391,20170712,7393,141000,142000,14,1000,2017-07-12,2
7392,20170712,7394,142000,143000,14,2000,2017-07-12,2
7393,20170712,7395,143000,144000,14,3000,2017-07-12,2
7394,20170712,7396,144000,145000,14,4000,2017-07-12,2
7395,20170712,7397,145000,150000,14,5000,2017-07-12,2
7396,20170712,7398,150000,151000,15,0,2017-07-12,2
7397,20170712,7399,151000,152000,15,1000,2017-07-12,2
7398,20170712,7400,152000,153000,15,2000,2017-07-12,2
7399,20170712,7401,153000,154000,15,3000,2017-07-12,2
7400,20170712,7402,154000,155000,15,4000,2017-07-12,2
7401,20170712,7403,155000,160000,15,5000,2017-07-12,2
7402,20170712,7404,160000,161000,16,0,2017-07-12,2
7403,20170712,7405,161000,162000,16,1000,2017-07-12,2
7404,20170712,7406,162000,163000,16,2000,2017-07-12,2
7405,20170712,7407,163000,164000,16,3000,2017-07-12,2
7406,20170712,7408,164000,165000,16,4000,2017-07-12,2
7407,20170712,7409,165000,170000,16,5000,2017-07-12,2
7408,20170712,7410,170000,171000,17,0,2017-07-12,2
7409,20170712,7411,171000,172000,17,1000,2017-07-12,2
7410,20170712,7412,172000,173000,17,2000,2017-07-12,2
7411,20170712,7413,173000,174000,17,3000,2017-07-12,2
7412,20170712,7414,174000,175000,17,4000,2017-07-12,2
7413,20170712,7415,175000,180000,17,5000,2017-07-12,2
7414,20170712,7416,180000,181000,18,0,2017-07-12,2
7415,20170712,7417,181000,182000,18,1000,2017-07-12,2
7416,20170712,7418,182000,183000,18,2000,2017-07-12,2
7417,20170712,7419,183000,184000,18,3000,2017-07-12,2
7418,20170712,7420,184000,185000,18,4000,2017-07-12,2
7419,20170712,7421,185000,190000,18,5000,2017-07-12,2
7420,20170712,7422,190000,191000,19,0,2017-07-12,2
7421,20170712,7423,191000,192000,19,1000,2017-07-12,2
7422,20170712,7424,192000,193000,19,2000,2017-07-12,2
7423,20170712,7425,193000,194000,19,3000,2017-07-12,2
7424,20170712,7426,194000,195000,19,4000,2017-07-12,2
7425,20170712,7427,195000,200000,19,5000,2017-07-12,2
7426,20170712,7428,200000,201000,20,0,2017-07-12,2
7427,20170712,7429,201000,202000,20,1000,2017-07-12,2
7428,20170712,7430,202000,203000,20,2000,2017-07-12,2
7429,20170712,7431,203000,204000,20,3000,2017-07-12,2
7430,20170712,7432,204000,205000,20,4000,2017-07-12,2
7431,20170712,7433,205000,210000,20,5000,2017-07-12,2
7432,20170712,7434,210000,211000,21,0,2017-07-12,2
7433,20170712,7435,211000,212000,21,1000,2017-07-12,2
7434,20170712,7436,212000,213000,21,2000,2017-07-12,2
7435,20170712,7437,213000,214000,21,3000,2017-07-12,2
7436,20170712,7438,214000,215000,21,4000,2017-07-12,2
7437,20170712,7439,215000,220000,21,5000,2017-07-12,2
7438,20170712,7440,220000,221000,22,0,2017-07-12,2
7439,20170712,7441,221000,222000,22,1000,2017-07-12,2
7440,20170712,7442,222000,223000,22,2000,2017-07-12,2
7441,20170712,7443,223000,224000,22,3000,2017-07-12,2
7442,20170712,7444,224000,225000,22,4000,2017-07-12,2
7443,20170712,7445,225000,230000,22,5000,2017-07-12,2
7444,20170713,7446,60000,61000,60,0,2017-07-13,3
7445,20170713,7447,61000,62000,61,0,2017-07-13,3
7446,20170713,7448,62000,63000,62,0,2017-07-13,3
7447,20170713,7449,63000,64000,63,0,2017-07-13,3
7448,20170713,7450,64000,65000,64,0,2017-07-13,3
7449,20170713,7451,65000,70000,65,0,2017-07-13,3
7450,20170713,7452,70000,71000,70,0,2017-07-13,3
7451,20170713,7453,71000,72000,71,0,2017-07-13,3
7452,20170713,7454,72000,73000,72,0,2017-07-13,3
7453,20170713,7455,73000,74000,73,0,2017-07-13,3
7454,20170713,7456,74000,75000,74,0,2017-07-13,3
7455,20170713,7457,75000,80000,75,0,2017-07-13,3
7456,20170713,7458,80000,81000,80,0,2017-07-13,3
7457,20170713,7459,81000,82000,81,0,2017-07-13,3
7458,20170713,7460,82000,83000,82,0,2017-07-13,3
7459,20170713,7461,83000,84000,83,0,2017-07-13,3
7460,20170713,7462,84000,85000,84,0,2017-07-13,3
7461,20170713,7463,85000,90000,85,0,2017-07-13,3
7462,20170713,7464,90000,91000,90,0,2017-07-13,3
7463,20170713,7465,91000,92000,91,0,2017-07-13,3
7464,20170713,7466,92000,93000,92,0,2017-07-13,3
7465,20170713,7467,93000,94000,93,0,2017-07-13,3
7466,20170713,7468,94000,95000,94,0,2017-07-13,3
7467,20170713,7469,95000,100000,95,0,2017-07-13,3
7468,20170713,7470,100000,101000,10,0,2017-07-13,3
7469,20170713,7471,101000,102000,10,1000,2017-07-13,3
7470,20170713,7472,102000,103000,10,2000,2017-07-13,3
7471,20170713,7473,103000,104000,10,3000,2017-07-13,3
7472,20170713,7474,104000,105000,10,4000,2017-07-13,3
7473,20170713,7475,105000,110000,10,5000,2017-07-13,3
7474,20170713,7476,110000,111000,11,0,2017-07-13,3
7475,20170713,7477,111000,112000,11,1000,2017-07-13,3
7476,20170713,7478,112000,113000,11,2000,2017-07-13,3
7477,20170713,7479,113000,114000,11,3000,2017-07-13,3
7478,20170713,7480,114000,115000,11,4000,2017-07-13,3
7479,20170713,7481,115000,120000,11,5000,2017-07-13,3
7480,20170713,7482,120000,121000,12,0,2017-07-13,3
7481,20170713,7483,121000,122000,12,1000,2017-07-13,3
7482,20170713,7484,122000,123000,12,2000,2017-07-13,3
7483,20170713,7485,123000,124000,12,3000,2017-07-13,3
7484,20170713,7486,124000,125000,12,4000,2017-07-13,3
7485,20170713,7487,125000,130000,12,5000,2017-07-13,3
7486,20170713,7488,130000,131000,13,0,2017-07-13,3
7487,20170713,7489,131000,132000,13,1000,2017-07-13,3
7488,20170713,7490,132000,133000,13,2000,2017-07-13,3
7489,20170713,7491,133000,134000,13,3000,2017-07-13,3
7490,20170713,7492,134000,135000,13,4000,2017-07-13,3
7491,20170713,7493,135000,140000,13,5000,2017-07-13,3
7492,20170713,7494,140000,141000,14,0,2017-07-13,3
7493,20170713,7495,141000,142000,14,1000,2017-07-13,3
7494,20170713,7496,142000,143000,14,2000,2017-07-13,3
7495,20170713,7497,143000,144000,14,3000,2017-07-13,3
7496,20170713,7498,144000,145000,14,4000,2017-07-13,3
7497,20170713,7499,145000,150000,14,5000,2017-07-13,3
7498,20170713,7500,150000,151000,15,0,2017-07-13,3
7499,20170713,7501,151000,152000,15,1000,2017-07-13,3
7500,20170713,7502,152000,153000,15,2000,2017-07-13,3
7501,20170713,7503,153000,154000,15,3000,2017-07-13,3
7502,20170713,7504,154000,155000,15,4000,2017-07-13,3
7503,20170713,7505,155000,160000,15,5000,2017-07-13,3
7504,20170713,7506,160000,161000,16,0,2017-07-13,3
7505,20170713,7507,161000,162000,16,1000,2017-07-13,3
7506,20170713,7508,162000,163000,16,2000,2017-07-13,3
7507,20170713,7509,163000,164000,16,3000,2017-07-13,3
7508,20170713,7510,164000,165000,16,4000,2017-07-13,3
7509,20170713,7511,165000,170000,16,5000,2017-07-13,3
7510,20170713,7512,170000,171000,17,0,2017-07-13,3
7511,20170713,7513,171000,172000,17,1000,2017-07-13,3
7512,20170713,7514,172000,173000,17,2000,2017-07-13,3
7513,20170713,7515,173000,174000,17,3000,2017-07-13,3
7514,20170713,7516,174000,175000,17,4000,2017-07-13,3
7515,20170713,7517,175000,180000,17,5000,2017-07-13,3
7516,20170713,7518,180000,181000,18,0,2017-07-13,3
7517,20170713,7519,181000,182000,18,1000,2017-07-13,3
7518,20170713,7520,182000,183000,18,2000,2017-07-13,3
7519,20170713,7521,183000,184000,18,3000,2017-07-13,3
7520,20170713,7522,184000,185000,18,4000,2017-07-13,3
7521,20170713,7523,185000,190000,18,5000,2017-07-13,3
7522,20170713,7524,190000,191000,19,0,2017-07-13,3
7523,20170713,7525,191000,192000,19,1000,2017-07-13,3
7524,20170713,7526,192000,193000,19,2000,2017-07-13,3
7525,20170713,7527,193000,194000,19,3000,2017-07-13,3
7526,20170713,7528,194000,195000,19,4000,2017-07-13,3
7527,20170713,7529,195000,200000,19,5000,2017-07-13,3
7528,20170713,7530,200000,201000,20,0,2017-07-13,3
7529,20170713,7531,201000,202000,20,1000,2017-07-13,3
7530,20170713,7532,202000,203000,20,2000,2017-07-13,3
7531,20170713,7533,203000,204000,20,3000,2017-07-13,3
7532,20170713,7534,204000,205000,20,4000,2017-07-13,3
7533,20170713,7535,205000,210000,20,5000,2017-07-13,3
7534,20170713,7536,210000,211000,21,0,2017-07-13,3
7535,20170713,7537,211000,212000,21,1000,2017-07-13,3
7536,20170713,7538,212000,213000,21,2000,2017-07-13,3
7537,20170713,7539,213000,214000,21,3000,2017-07-13,3
7538,20170713,7540,214000,215000,21,4000,2017-07-13,3
7539,20170713,7541,215000,220000,21,5000,2017-07-13,3
7540,20170713,7542,220000,221000,22,0,2017-07-13,3
7541,20170713,7543,221000,222000,22,1000,2017-07-13,3
7542,20170713,7544,222000,223000,22,2000,2017-07-13,3
7543,20170713,7545,223000,224000,22,3000,2017-07-13,3
7544,20170713,7546,224000,225000,22,4000,2017-07-13,3
7545,20170713,7547,225000,230000,22,5000,2017-07-13,3
7546,20170714,7548,60000,61000,60,0,2017-07-14,4
7547,20170714,7549,61000,62000,61,0,2017-07-14,4
7548,20170714,7550,62000,63000,62,0,2017-07-14,4
7549,20170714,7551,63000,64000,63,0,2017-07-14,4
7550,20170714,7552,64000,65000,64,0,2017-07-14,4
7551,20170714,7553,65000,70000,65,0,2017-07-14,4
7552,20170714,7554,70000,71000,70,0,2017-07-14,4
7553,20170714,7555,71000,72000,71,0,2017-07-14,4
7554,20170714,7556,72000,73000,72,0,2017-07-14,4
7555,20170714,7557,73000,74000,73,0,2017-07-14,4
7556,20170714,7558,74000,75000,74,0,2017-07-14,4
7557,20170714,7559,75000,80000,75,0,2017-07-14,4
7558,20170714,7560,80000,81000,80,0,2017-07-14,4
7559,20170714,7561,81000,82000,81,0,2017-07-14,4
7560,20170714,7562,82000,83000,82,0,2017-07-14,4
7561,20170714,7563,83000,84000,83,0,2017-07-14,4
7562,20170714,7564,84000,85000,84,0,2017-07-14,4
7563,20170714,7565,85000,90000,85,0,2017-07-14,4
7564,20170714,7566,90000,91000,90,0,2017-07-14,4
7565,20170714,7567,91000,92000,91,0,2017-07-14,4
7566,20170714,7568,92000,93000,92,0,2017-07-14,4
7567,20170714,7569,93000,94000,93,0,2017-07-14,4
7568,20170714,7570,94000,95000,94,0,2017-07-14,4
7569,20170714,7571,95000,100000,95,0,2017-07-14,4
7570,20170714,7572,100000,101000,10,0,2017-07-14,4
7571,20170714,7573,101000,102000,10,1000,2017-07-14,4
7572,20170714,7574,102000,103000,10,2000,2017-07-14,4
7573,20170714,7575,103000,104000,10,3000,2017-07-14,4
7574,20170714,7576,104000,105000,10,4000,2017-07-14,4
7575,20170714,7577,105000,110000,10,5000,2017-07-14,4
7576,20170714,7578,110000,111000,11,0,2017-07-14,4
7577,20170714,7579,111000,112000,11,1000,2017-07-14,4
7578,20170714,7580,112000,113000,11,2000,2017-07-14,4
7579,20170714,7581,113000,114000,11,3000,2017-07-14,4
7580,20170714,7582,114000,115000,11,4000,2017-07-14,4
7581,20170714,7583,115000,120000,11,5000,2017-07-14,4
7582,20170714,7584,120000,121000,12,0,2017-07-14,4
7583,20170714,7585,121000,122000,12,1000,2017-07-14,4
7584,20170714,7586,122000,123000,12,2000,2017-07-14,4
7585,20170714,7587,123000,124000,12,3000,2017-07-14,4
7586,20170714,7588,124000,125000,12,4000,2017-07-14,4
7587,20170714,7589,125000,130000,12,5000,2017-07-14,4
7588,20170714,7590,130000,131000,13,0,2017-07-14,4
7589,20170714,7591,131000,132000,13,1000,2017-07-14,4
7590,20170714,7592,132000,133000,13,2000,2017-07-14,4
7591,20170714,7593,133000,134000,13,3000,2017-07-14,4
7592,20170714,7594,134000,135000,13,4000,2017-07-14,4
7593,20170714,7595,135000,140000,13,5000,2017-07-14,4
7594,20170714,7596,140000,141000,14,0,2017-07-14,4
7595,20170714,7597,141000,142000,14,1000,2017-07-14,4
7596,20170714,7598,142000,143000,14,2000,2017-07-14,4
7597,20170714,7599,143000,144000,14,3000,2017-07-14,4
7598,20170714,7600,144000,145000,14,4000,2017-07-14,4
7599,20170714,7601,145000,150000,14,5000,2017-07-14,4
7600,20170714,7602,150000,151000,15,0,2017-07-14,4
7601,20170714,7603,151000,152000,15,1000,2017-07-14,4
7602,20170714,7604,152000,153000,15,2000,2017-07-14,4
7603,20170714,7605,153000,154000,15,3000,2017-07-14,4
7604,20170714,7606,154000,155000,15,4000,2017-07-14,4
7605,20170714,7607,155000,160000,15,5000,2017-07-14,4
7606,20170714,7608,160000,161000,16,0,2017-07-14,4
7607,20170714,7609,161000,162000,16,1000,2017-07-14,4
7608,20170714,7610,162000,163000,16,2000,2017-07-14,4
7609,20170714,7611,163000,164000,16,3000,2017-07-14,4
7610,20170714,7612,164000,165000,16,4000,2017-07-14,4
7611,20170714,7613,165000,170000,16,5000,2017-07-14,4
7612,20170714,7614,170000,171000,17,0,2017-07-14,4
7613,20170714,7615,171000,172000,17,1000,2017-07-14,4
7614,20170714,7616,172000,173000,17,2000,2017-07-14,4
7615,20170714,7617,173000,174000,17,3000,2017-07-14,4
7616,20170714,7618,174000,175000,17,4000,2017-07-14,4
7617,20170714,7619,175000,180000,17,5000,2017-07-14,4
7618,20170714,7620,180000,181000,18,0,2017-07-14,4
7619,20170714,7621,181000,182000,18,1000,2017-07-14,4
7620,20170714,7622,182000,183000,18,2000,2017-07-14,4
7621,20170714,7623,183000,184000,18,3000,2017-07-14,4
7622,20170714,7624,184000,185000,18,4000,2017-07-14,4
7623,20170714,7625,185000,190000,18,5000,2017-07-14,4
7624,20170714,7626,190000,191000,19,0,2017-07-14,4
7625,20170714,7627,191000,192000,19,1000,2017-07-14,4
7626,20170714,7628,192000,193000,19,2000,2017-07-14,4
7627,20170714,7629,193000,194000,19,3000,2017-07-14,4
7628,20170714,7630,194000,195000,19,4000,2017-07-14,4
7629,20170714,7631,195000,200000,19,5000,2017-07-14,4
7630,20170714,7632,200000,201000,20,0,2017-07-14,4
7631,20170714,7633,201000,202000,20,1000,2017-07-14,4
7632,20170714,7634,202000,203000,20,2000,2017-07-14,4
7633,20170714,7635,203000,204000,20,3000,2017-07-14,4
7634,20170714,7636,204000,205000,20,4000,2017-07-14,4
7635,20170714,7637,205000,210000,20,5000,2017-07-14,4
7636,20170714,7638,210000,211000,21,0,2017-07-14,4
7637,20170714,7639,211000,212000,21,1000,2017-07-14,4
7638,20170714,7640,212000,213000,21,2000,2017-07-14,4
7639,20170714,7641,213000,214000,21,3000,2017-07-14,4
7640,20170714,7642,214000,215000,21,4000,2017-07-14,4
7641,20170714,7643,215000,220000,21,5000,2017-07-14,4
7642,20170714,7644,220000,221000,22,0,2017-07-14,4
7643,20170714,7645,221000,222000,22,1000,2017-07-14,4
7644,20170714,7646,222000,223000,22,2000,2017-07-14,4
7645,20170714,7647,223000,224000,22,3000,2017-07-14,4
7646,20170714,7648,224000,225000,22,4000,2017-07-14,4
7647,20170714,7649,225000,230000,22,5000,2017-07-14,4
7648,20170715,7650,60000,61000,60,0,2017-07-15,5
7649,20170715,7651,61000,62000,61,0,2017-07-15,5
7650,20170715,7652,62000,63000,62,0,2017-07-15,5
7651,20170715,7653,63000,64000,63,0,2017-07-15,5
7652,20170715,7654,64000,65000,64,0,2017-07-15,5
7653,20170715,7655,65000,70000,65,0,2017-07-15,5
7654,20170715,7656,70000,71000,70,0,2017-07-15,5
7655,20170715,7657,71000,72000,71,0,2017-07-15,5
7656,20170715,7658,72000,73000,72,0,2017-07-15,5
7657,20170715,7659,73000,74000,73,0,2017-07-15,5
7658,20170715,7660,74000,75000,74,0,2017-07-15,5
7659,20170715,7661,75000,80000,75,0,2017-07-15,5
7660,20170715,7662,80000,81000,80,0,2017-07-15,5
7661,20170715,7663,81000,82000,81,0,2017-07-15,5
7662,20170715,7664,82000,83000,82,0,2017-07-15,5
7663,20170715,7665,83000,84000,83,0,2017-07-15,5
7664,20170715,7666,84000,85000,84,0,2017-07-15,5
7665,20170715,7667,85000,90000,85,0,2017-07-15,5
7666,20170715,7668,90000,91000,90,0,2017-07-15,5
7667,20170715,7669,91000,92000,91,0,2017-07-15,5
7668,20170715,7670,92000,93000,92,0,2017-07-15,5
7669,20170715,7671,93000,94000,93,0,2017-07-15,5
7670,20170715,7672,94000,95000,94,0,2017-07-15,5
7671,20170715,7673,95000,100000,95,0,2017-07-15,5
7672,20170715,7674,100000,101000,10,0,2017-07-15,5
7673,20170715,7675,101000,102000,10,1000,2017-07-15,5
7674,20170715,7676,102000,103000,10,2000,2017-07-15,5
7675,20170715,7677,103000,104000,10,3000,2017-07-15,5
7676,20170715,7678,104000,105000,10,4000,2017-07-15,5
7677,20170715,7679,105000,110000,10,5000,2017-07-15,5
7678,20170715,7680,110000,111000,11,0,2017-07-15,5
7679,20170715,7681,111000,112000,11,1000,2017-07-15,5
7680,20170715,7682,112000,113000,11,2000,2017-07-15,5
7681,20170715,7683,113000,114000,11,3000,2017-07-15,5
7682,20170715,7684,114000,115000,11,4000,2017-07-15,5
7683,20170715,7685,115000,120000,11,5000,2017-07-15,5
7684,20170715,7686,120000,121000,12,0,2017-07-15,5
7685,20170715,7687,121000,122000,12,1000,2017-07-15,5
7686,20170715,7688,122000,123000,12,2000,2017-07-15,5
7687,20170715,7689,123000,124000,12,3000,2017-07-15,5
7688,20170715,7690,124000,125000,12,4000,2017-07-15,5
7689,20170715,7691,125000,130000,12,5000,2017-07-15,5
7690,20170715,7692,130000,131000,13,0,2017-07-15,5
7691,20170715,7693,131000,132000,13,1000,2017-07-15,5
7692,20170715,7694,132000,133000,13,2000,2017-07-15,5
7693,20170715,7695,133000,134000,13,3000,2017-07-15,5
7694,20170715,7696,134000,135000,13,4000,2017-07-15,5
7695,20170715,7697,135000,140000,13,5000,2017-07-15,5
7696,20170715,7698,140000,141000,14,0,2017-07-15,5
7697,20170715,7699,141000,142000,14,1000,2017-07-15,5
7698,20170715,7700,142000,143000,14,2000,2017-07-15,5
7699,20170715,7701,143000,144000,14,3000,2017-07-15,5
7700,20170715,7702,144000,145000,14,4000,2017-07-15,5
7701,20170715,7703,145000,150000,14,5000,2017-07-15,5
7702,20170715,7704,150000,151000,15,0,2017-07-15,5
7703,20170715,7705,151000,152000,15,1000,2017-07-15,5
7704,20170715,7706,152000,153000,15,2000,2017-07-15,5
7705,20170715,7707,153000,154000,15,3000,2017-07-15,5
7706,20170715,7708,154000,155000,15,4000,2017-07-15,5
7707,20170715,7709,155000,160000,15,5000,2017-07-15,5
7708,20170715,7710,160000,161000,16,0,2017-07-15,5
7709,20170715,7711,161000,162000,16,1000,2017-07-15,5
7710,20170715,7712,162000,163000,16,2000,2017-07-15,5
7711,20170715,7713,163000,164000,16,3000,2017-07-15,5
7712,20170715,7714,164000,165000,16,4000,2017-07-15,5
7713,20170715,7715,165000,170000,16,5000,2017-07-15,5
7714,20170715,7716,170000,171000,17,0,2017-07-15,5
7715,20170715,7717,171000,172000,17,1000,2017-07-15,5
7716,20170715,7718,172000,173000,17,2000,2017-07-15,5
7717,20170715,7719,173000,174000,17,3000,2017-07-15,5
7718,20170715,7720,174000,175000,17,4000,2017-07-15,5
7719,20170715,7721,175000,180000,17,5000,2017-07-15,5
7720,20170715,7722,180000,181000,18,0,2017-07-15,5
7721,20170715,7723,181000,182000,18,1000,2017-07-15,5
7722,20170715,7724,182000,183000,18,2000,2017-07-15,5
7723,20170715,7725,183000,184000,18,3000,2017-07-15,5
7724,20170715,7726,184000,185000,18,4000,2017-07-15,5
7725,20170715,7727,185000,190000,18,5000,2017-07-15,5
7726,20170715,7728,190000,191000,19,0,2017-07-15,5
7727,20170715,7729,191000,192000,19,1000,2017-07-15,5
7728,20170715,7730,192000,193000,19,2000,2017-07-15,5
7729,20170715,7731,193000,194000,19,3000,2017-07-15,5
7730,20170715,7732,194000,195000,19,4000,2017-07-15,5
7731,20170715,7733,195000,200000,19,5000,2017-07-15,5
7732,20170715,7734,200000,201000,20,0,2017-07-15,5
7733,20170715,7735,201000,202000,20,1000,2017-07-15,5
7734,20170715,7736,202000,203000,20,2000,2017-07-15,5
7735,20170715,7737,203000,204000,20,3000,2017-07-15,5
7736,20170715,7738,204000,205000,20,4000,2017-07-15,5
7737,20170715,7739,205000,210000,20,5000,2017-07-15,5
7738,20170715,7740,210000,211000,21,0,2017-07-15,5
7739,20170715,7741,211000,212000,21,1000,2017-07-15,5
7740,20170715,7742,212000,213000,21,2000,2017-07-15,5
7741,20170715,7743,213000,214000,21,3000,2017-07-15,5
7742,20170715,7744,214000,215000,21,4000,2017-07-15,5
7743,20170715,7745,215000,220000,21,5000,2017-07-15,5
7744,20170715,7746,220000,221000,22,0,2017-07-15,5
7745,20170715,7747,221000,222000,22,1000,2017-07-15,5
7746,20170715,7748,222000,223000,22,2000,2017-07-15,5
7747,20170715,7749,223000,224000,22,3000,2017-07-15,5
7748,20170715,7750,224000,225000,22,4000,2017-07-15,5
7749,20170715,7751,225000,230000,22,5000,2017-07-15,5
7750,20170716,7752,60000,61000,60,0,2017-07-16,6
7751,20170716,7753,61000,62000,61,0,2017-07-16,6
7752,20170716,7754,62000,63000,62,0,2017-07-16,6
7753,20170716,7755,63000,64000,63,0,2017-07-16,6
7754,20170716,7756,64000,65000,64,0,2017-07-16,6
7755,20170716,7757,65000,70000,65,0,2017-07-16,6
7756,20170716,7758,70000,71000,70,0,2017-07-16,6
7757,20170716,7759,71000,72000,71,0,2017-07-16,6
7758,20170716,7760,72000,73000,72,0,2017-07-16,6
7759,20170716,7761,73000,74000,73,0,2017-07-16,6
7760,20170716,7762,74000,75000,74,0,2017-07-16,6
7761,20170716,7763,75000,80000,75,0,2017-07-16,6
7762,20170716,7764,80000,81000,80,0,2017-07-16,6
7763,20170716,7765,81000,82000,81,0,2017-07-16,6
7764,20170716,7766,82000,83000,82,0,2017-07-16,6
7765,20170716,7767,83000,84000,83,0,2017-07-16,6
7766,20170716,7768,84000,85000,84,0,2017-07-16,6
7767,20170716,7769,85000,90000,85,0,2017-07-16,6
7768,20170716,7770,90000,91000,90,0,2017-07-16,6
7769,20170716,7771,91000,92000,91,0,2017-07-16,6
7770,20170716,7772,92000,93000,92,0,2017-07-16,6
7771,20170716,7773,93000,94000,93,0,2017-07-16,6
7772,20170716,7774,94000,95000,94,0,2017-07-16,6
7773,20170716,7775,95000,100000,95,0,2017-07-16,6
7774,20170716,7776,100000,101000,10,0,2017-07-16,6
7775,20170716,7777,101000,102000,10,1000,2017-07-16,6
7776,20170716,7778,102000,103000,10,2000,2017-07-16,6
7777,20170716,7779,103000,104000,10,3000,2017-07-16,6
7778,20170716,7780,104000,105000,10,4000,2017-07-16,6
7779,20170716,7781,105000,110000,10,5000,2017-07-16,6
7780,20170716,7782,110000,111000,11,0,2017-07-16,6
7781,20170716,7783,111000,112000,11,1000,2017-07-16,6
7782,20170716,7784,112000,113000,11,2000,2017-07-16,6
7783,20170716,7785,113000,114000,11,3000,2017-07-16,6
7784,20170716,7786,114000,115000,11,4000,2017-07-16,6
7785,20170716,7787,115000,120000,11,5000,2017-07-16,6
7786,20170716,7788,120000,121000,12,0,2017-07-16,6
7787,20170716,7789,121000,122000,12,1000,2017-07-16,6
7788,20170716,7790,122000,123000,12,2000,2017-07-16,6
7789,20170716,7791,123000,124000,12,3000,2017-07-16,6
7790,20170716,7792,124000,125000,12,4000,2017-07-16,6
7791,20170716,7793,125000,130000,12,5000,2017-07-16,6
7792,20170716,7794,130000,131000,13,0,2017-07-16,6
7793,20170716,7795,131000,132000,13,1000,2017-07-16,6
7794,20170716,7796,132000,133000,13,2000,2017-07-16,6
7795,20170716,7797,133000,134000,13,3000,2017-07-16,6
7796,20170716,7798,134000,135000,13,4000,2017-07-16,6
7797,20170716,7799,135000,140000,13,5000,2017-07-16,6
7798,20170716,7800,140000,141000,14,0,2017-07-16,6
7799,20170716,7801,141000,142000,14,1000,2017-07-16,6
7800,20170716,7802,142000,143000,14,2000,2017-07-16,6
7801,20170716,7803,143000,144000,14,3000,2017-07-16,6
7802,20170716,7804,144000,145000,14,4000,2017-07-16,6
7803,20170716,7805,145000,150000,14,5000,2017-07-16,6
7804,20170716,7806,150000,151000,15,0,2017-07-16,6
7805,20170716,7807,151000,152000,15,1000,2017-07-16,6
7806,20170716,7808,152000,153000,15,2000,2017-07-16,6
7807,20170716,7809,153000,154000,15,3000,2017-07-16,6
7808,20170716,7810,154000,155000,15,4000,2017-07-16,6
7809,20170716,7811,155000,160000,15,5000,2017-07-16,6
7810,20170716,7812,160000,161000,16,0,2017-07-16,6
7811,20170716,7813,161000,162000,16,1000,2017-07-16,6
7812,20170716,7814,162000,163000,16,2000,2017-07-16,6
7813,20170716,7815,163000,164000,16,3000,2017-07-16,6
7814,20170716,7816,164000,165000,16,4000,2017-07-16,6
7815,20170716,7817,165000,170000,16,5000,2017-07-16,6
7816,20170716,7818,170000,171000,17,0,2017-07-16,6
7817,20170716,7819,171000,172000,17,1000,2017-07-16,6
7818,20170716,7820,172000,173000,17,2000,2017-07-16,6
7819,20170716,7821,173000,174000,17,3000,2017-07-16,6
7820,20170716,7822,174000,175000,17,4000,2017-07-16,6
7821,20170716,7823,175000,180000,17,5000,2017-07-16,6
7822,20170716,7824,180000,181000,18,0,2017-07-16,6
7823,20170716,7825,181000,182000,18,1000,2017-07-16,6
7824,20170716,7826,182000,183000,18,2000,2017-07-16,6
7825,20170716,7827,183000,184000,18,3000,2017-07-16,6
7826,20170716,7828,184000,185000,18,4000,2017-07-16,6
7827,20170716,7829,185000,190000,18,5000,2017-07-16,6
7828,20170716,7830,190000,191000,19,0,2017-07-16,6
7829,20170716,7831,191000,192000,19,1000,2017-07-16,6
7830,20170716,7832,192000,193000,19,2000,2017-07-16,6
7831,20170716,7833,193000,194000,19,3000,2017-07-16,6
7832,20170716,7834,194000,195000,19,4000,2017-07-16,6
7833,20170716,7835,195000,200000,19,5000,2017-07-16,6
7834,20170716,7836,200000,201000,20,0,2017-07-16,6
7835,20170716,7837,201000,202000,20,1000,2017-07-16,6
7836,20170716,7838,202000,203000,20,2000,2017-07-16,6
7837,20170716,7839,203000,204000,20,3000,2017-07-16,6
7838,20170716,7840,204000,205000,20,4000,2017-07-16,6
7839,20170716,7841,205000,210000,20,5000,2017-07-16,6
7840,20170716,7842,210000,211000,21,0,2017-07-16,6
7841,20170716,7843,211000,212000,21,1000,2017-07-16,6
7842,20170716,7844,212000,213000,21,2000,2017-07-16,6
7843,20170716,7845,213000,214000,21,3000,2017-07-16,6
7844,20170716,7846,214000,215000,21,4000,2017-07-16,6
7845,20170716,7847,215000,220000,21,5000,2017-07-16,6
7846,20170716,7848,220000,221000,22,0,2017-07-16,6
7847,20170716,7849,221000,222000,22,1000,2017-07-16,6
7848,20170716,7850,222000,223000,22,2000,2017-07-16,6
7849,20170716,7851,223000,224000,22,3000,2017-07-16,6
7850,20170716,7852,224000,225000,22,4000,2017-07-16,6
7851,20170716,7853,225000,230000,22,5000,2017-07-16,6
7852,20170717,7854,60000,61000,60,0,2017-07-17,0
7853,20170717,7855,61000,62000,61,0,2017-07-17,0
7854,20170717,7856,62000,63000,62,0,2017-07-17,0
7855,20170717,7857,63000,64000,63,0,2017-07-17,0
7856,20170717,7858,64000,65000,64,0,2017-07-17,0
7857,20170717,7859,65000,70000,65,0,2017-07-17,0
7858,20170717,7860,70000,71000,70,0,2017-07-17,0
7859,20170717,7861,71000,72000,71,0,2017-07-17,0
7860,20170717,7862,72000,73000,72,0,2017-07-17,0
7861,20170717,7863,73000,74000,73,0,2017-07-17,0
7862,20170717,7864,74000,75000,74,0,2017-07-17,0
7863,20170717,7865,75000,80000,75,0,2017-07-17,0
7864,20170717,7866,80000,81000,80,0,2017-07-17,0
7865,20170717,7867,81000,82000,81,0,2017-07-17,0
7866,20170717,7868,82000,83000,82,0,2017-07-17,0
7867,20170717,7869,83000,84000,83,0,2017-07-17,0
7868,20170717,7870,84000,85000,84,0,2017-07-17,0
7869,20170717,7871,85000,90000,85,0,2017-07-17,0
7870,20170717,7872,90000,91000,90,0,2017-07-17,0
7871,20170717,7873,91000,92000,91,0,2017-07-17,0
7872,20170717,7874,92000,93000,92,0,2017-07-17,0
7873,20170717,7875,93000,94000,93,0,2017-07-17,0
7874,20170717,7876,94000,95000,94,0,2017-07-17,0
7875,20170717,7877,95000,100000,95,0,2017-07-17,0
7876,20170717,7878,100000,101000,10,0,2017-07-17,0
7877,20170717,7879,101000,102000,10,1000,2017-07-17,0
7878,20170717,7880,102000,103000,10,2000,2017-07-17,0
7879,20170717,7881,103000,104000,10,3000,2017-07-17,0
7880,20170717,7882,104000,105000,10,4000,2017-07-17,0
7881,20170717,7883,105000,110000,10,5000,2017-07-17,0
7882,20170717,7884,110000,111000,11,0,2017-07-17,0
7883,20170717,7885,111000,112000,11,1000,2017-07-17,0
7884,20170717,7886,112000,113000,11,2000,2017-07-17,0
7885,20170717,7887,113000,114000,11,3000,2017-07-17,0
7886,20170717,7888,114000,115000,11,4000,2017-07-17,0
7887,20170717,7889,115000,120000,11,5000,2017-07-17,0
7888,20170717,7890,120000,121000,12,0,2017-07-17,0
7889,20170717,7891,121000,122000,12,1000,2017-07-17,0
7890,20170717,7892,122000,123000,12,2000,2017-07-17,0
7891,20170717,7893,123000,124000,12,3000,2017-07-17,0
7892,20170717,7894,124000,125000,12,4000,2017-07-17,0
7893,20170717,7895,125000,130000,12,5000,2017-07-17,0
7894,20170717,7896,130000,131000,13,0,2017-07-17,0
7895,20170717,7897,131000,132000,13,1000,2017-07-17,0
7896,20170717,7898,132000,133000,13,2000,2017-07-17,0
7897,20170717,7899,133000,134000,13,3000,2017-07-17,0
7898,20170717,7900,134000,135000,13,4000,2017-07-17,0
7899,20170717,7901,135000,140000,13,5000,2017-07-17,0
7900,20170717,7902,140000,141000,14,0,2017-07-17,0
7901,20170717,7903,141000,142000,14,1000,2017-07-17,0
7902,20170717,7904,142000,143000,14,2000,2017-07-17,0
7903,20170717,7905,143000,144000,14,3000,2017-07-17,0
7904,20170717,7906,144000,145000,14,4000,2017-07-17,0
7905,20170717,7907,145000,150000,14,5000,2017-07-17,0
7906,20170717,7908,150000,151000,15,0,2017-07-17,0
7907,20170717,7909,151000,152000,15,1000,2017-07-17,0
7908,20170717,7910,152000,153000,15,2000,2017-07-17,0
7909,20170717,7911,153000,154000,15,3000,2017-07-17,0
7910,20170717,7912,154000,155000,15,4000,2017-07-17,0
7911,20170717,7913,155000,160000,15,5000,2017-07-17,0
7912,20170717,7914,160000,161000,16,0,2017-07-17,0
7913,20170717,7915,161000,162000,16,1000,2017-07-17,0
7914,20170717,7916,162000,163000,16,2000,2017-07-17,0
7915,20170717,7917,163000,164000,16,3000,2017-07-17,0
7916,20170717,7918,164000,165000,16,4000,2017-07-17,0
7917,20170717,7919,165000,170000,16,5000,2017-07-17,0
7918,20170717,7920,170000,171000,17,0,2017-07-17,0
7919,20170717,7921,171000,172000,17,1000,2017-07-17,0
7920,20170717,7922,172000,173000,17,2000,2017-07-17,0
7921,20170717,7923,173000,174000,17,3000,2017-07-17,0
7922,20170717,7924,174000,175000,17,4000,2017-07-17,0
7923,20170717,7925,175000,180000,17,5000,2017-07-17,0
7924,20170717,7926,180000,181000,18,0,2017-07-17,0
7925,20170717,7927,181000,182000,18,1000,2017-07-17,0
7926,20170717,7928,182000,183000,18,2000,2017-07-17,0
7927,20170717,7929,183000,184000,18,3000,2017-07-17,0
7928,20170717,7930,184000,185000,18,4000,2017-07-17,0
7929,20170717,7931,185000,190000,18,5000,2017-07-17,0
7930,20170717,7932,190000,191000,19,0,2017-07-17,0
7931,20170717,7933,191000,192000,19,1000,2017-07-17,0
7932,20170717,7934,192000,193000,19,2000,2017-07-17,0
7933,20170717,7935,193000,194000,19,3000,2017-07-17,0
7934,20170717,7936,194000,195000,19,4000,2017-07-17,0
7935,20170717,7937,195000,200000,19,5000,2017-07-17,0
7936,20170717,7938,200000,201000,20,0,2017-07-17,0
7937,20170717,7939,201000,202000,20,1000,2017-07-17,0
7938,20170717,7940,202000,203000,20,2000,2017-07-17,0
7939,20170717,7941,203000,204000,20,3000,2017-07-17,0
7940,20170717,7942,204000,205000,20,4000,2017-07-17,0
7941,20170717,7943,205000,210000,20,5000,2017-07-17,0
7942,20170717,7944,210000,211000,21,0,2017-07-17,0
7943,20170717,7945,211000,212000,21,1000,2017-07-17,0
7944,20170717,7946,212000,213000,21,2000,2017-07-17,0
7945,20170717,7947,213000,214000,21,3000,2017-07-17,0
7946,20170717,7948,214000,215000,21,4000,2017-07-17,0
7947,20170717,7949,215000,220000,21,5000,2017-07-17,0
7948,20170717,7950,220000,221000,22,0,2017-07-17,0
7949,20170717,7951,221000,222000,22,1000,2017-07-17,0
7950,20170717,7952,222000,223000,22,2000,2017-07-17,0
7951,20170717,7953,223000,224000,22,3000,2017-07-17,0
7952,20170717,7954,224000,225000,22,4000,2017-07-17,0
7953,20170717,7955,225000,230000,22,5000,2017-07-17,0
7954,20170718,7956,60000,61000,60,0,2017-07-18,1
7955,20170718,7957,61000,62000,61,0,2017-07-18,1
7956,20170718,7958,62000,63000,62,0,2017-07-18,1
7957,20170718,7959,63000,64000,63,0,2017-07-18,1
7958,20170718,7960,64000,65000,64,0,2017-07-18,1
7959,20170718,7961,65000,70000,65,0,2017-07-18,1
7960,20170718,7962,70000,71000,70,0,2017-07-18,1
7961,20170718,7963,71000,72000,71,0,2017-07-18,1
7962,20170718,7964,72000,73000,72,0,2017-07-18,1
7963,20170718,7965,73000,74000,73,0,2017-07-18,1
7964,20170718,7966,74000,75000,74,0,2017-07-18,1
7965,20170718,7967,75000,80000,75,0,2017-07-18,1
7966,20170718,7968,80000,81000,80,0,2017-07-18,1
7967,20170718,7969,81000,82000,81,0,2017-07-18,1
7968,20170718,7970,82000,83000,82,0,2017-07-18,1
7969,20170718,7971,83000,84000,83,0,2017-07-18,1
7970,20170718,7972,84000,85000,84,0,2017-07-18,1
7971,20170718,7973,85000,90000,85,0,2017-07-18,1
7972,20170718,7974,90000,91000,90,0,2017-07-18,1
7973,20170718,7975,91000,92000,91,0,2017-07-18,1
7974,20170718,7976,92000,93000,92,0,2017-07-18,1
7975,20170718,7977,93000,94000,93,0,2017-07-18,1
7976,20170718,7978,94000,95000,94,0,2017-07-18,1
7977,20170718,7979,95000,100000,95,0,2017-07-18,1
7978,20170718,7980,100000,101000,10,0,2017-07-18,1
7979,20170718,7981,101000,102000,10,1000,2017-07-18,1
7980,20170718,7982,102000,103000,10,2000,2017-07-18,1
7981,20170718,7983,103000,104000,10,3000,2017-07-18,1
7982,20170718,7984,104000,105000,10,4000,2017-07-18,1
7983,20170718,7985,105000,110000,10,5000,2017-07-18,1
7984,20170718,7986,110000,111000,11,0,2017-07-18,1
7985,20170718,7987,111000,112000,11,1000,2017-07-18,1
7986,20170718,7988,112000,113000,11,2000,2017-07-18,1
7987,20170718,7989,113000,114000,11,3000,2017-07-18,1
7988,20170718,7990,114000,115000,11,4000,2017-07-18,1
7989,20170718,7991,115000,120000,11,5000,2017-07-18,1
7990,20170718,7992,120000,121000,12,0,2017-07-18,1
7991,20170718,7993,121000,122000,12,1000,2017-07-18,1
7992,20170718,7994,122000,123000,12,2000,2017-07-18,1
7993,20170718,7995,123000,124000,12,3000,2017-07-18,1
7994,20170718,7996,124000,125000,12,4000,2017-07-18,1
7995,20170718,7997,125000,130000,12,5000,2017-07-18,1
7996,20170718,7998,130000,131000,13,0,2017-07-18,1
7997,20170718,7999,131000,132000,13,1000,2017-07-18,1
7998,20170718,8000,132000,133000,13,2000,2017-07-18,1
7999,20170718,8001,133000,134000,13,3000,2017-07-18,1
8000,20170718,8002,134000,135000,13,4000,2017-07-18,1
8001,20170718,8003,135000,140000,13,5000,2017-07-18,1
8002,20170718,8004,140000,141000,14,0,2017-07-18,1
8003,20170718,8005,141000,142000,14,1000,2017-07-18,1
8004,20170718,8006,142000,143000,14,2000,2017-07-18,1
8005,20170718,8007,143000,144000,14,3000,2017-07-18,1
8006,20170718,8008,144000,145000,14,4000,2017-07-18,1
8007,20170718,8009,145000,150000,14,5000,2017-07-18,1
8008,20170718,8010,150000,151000,15,0,2017-07-18,1
8009,20170718,8011,151000,152000,15,1000,2017-07-18,1
8010,20170718,8012,152000,153000,15,2000,2017-07-18,1
8011,20170718,8013,153000,154000,15,3000,2017-07-18,1
8012,20170718,8014,154000,155000,15,4000,2017-07-18,1
8013,20170718,8015,155000,160000,15,5000,2017-07-18,1
8014,20170718,8016,160000,161000,16,0,2017-07-18,1
8015,20170718,8017,161000,162000,16,1000,2017-07-18,1
8016,20170718,8018,162000,163000,16,2000,2017-07-18,1
8017,20170718,8019,163000,164000,16,3000,2017-07-18,1
8018,20170718,8020,164000,165000,16,4000,2017-07-18,1
8019,20170718,8021,165000,170000,16,5000,2017-07-18,1
8020,20170718,8022,170000,171000,17,0,2017-07-18,1
8021,20170718,8023,171000,172000,17,1000,2017-07-18,1
8022,20170718,8024,172000,173000,17,2000,2017-07-18,1
8023,20170718,8025,173000,174000,17,3000,2017-07-18,1
8024,20170718,8026,174000,175000,17,4000,2017-07-18,1
8025,20170718,8027,175000,180000,17,5000,2017-07-18,1
8026,20170718,8028,180000,181000,18,0,2017-07-18,1
8027,20170718,8029,181000,182000,18,1000,2017-07-18,1
8028,20170718,8030,182000,183000,18,2000,2017-07-18,1
8029,20170718,8031,183000,184000,18,3000,2017-07-18,1
8030,20170718,8032,184000,185000,18,4000,2017-07-18,1
8031,20170718,8033,185000,190000,18,5000,2017-07-18,1
8032,20170718,8034,190000,191000,19,0,2017-07-18,1
8033,20170718,8035,191000,192000,19,1000,2017-07-18,1
8034,20170718,8036,192000,193000,19,2000,2017-07-18,1
8035,20170718,8037,193000,194000,19,3000,2017-07-18,1
8036,20170718,8038,194000,195000,19,4000,2017-07-18,1
8037,20170718,8039,195000,200000,19,5000,2017-07-18,1
8038,20170718,8040,200000,201000,20,0,2017-07-18,1
8039,20170718,8041,201000,202000,20,1000,2017-07-18,1
8040,20170718,8042,202000,203000,20,2000,2017-07-18,1
8041,20170718,8043,203000,204000,20,3000,2017-07-18,1
8042,20170718,8044,204000,205000,20,4000,2017-07-18,1
8043,20170718,8045,205000,210000,20,5000,2017-07-18,1
8044,20170718,8046,210000,211000,21,0,2017-07-18,1
8045,20170718,8047,211000,212000,21,1000,2017-07-18,1
8046,20170718,8048,212000,213000,21,2000,2017-07-18,1
8047,20170718,8049,213000,214000,21,3000,2017-07-18,1
8048,20170718,8050,214000,215000,21,4000,2017-07-18,1
8049,20170718,8051,215000,220000,21,5000,2017-07-18,1
8050,20170718,8052,220000,221000,22,0,2017-07-18,1
8051,20170718,8053,221000,222000,22,1000,2017-07-18,1
8052,20170718,8054,222000,223000,22,2000,2017-07-18,1
8053,20170718,8055,223000,224000,22,3000,2017-07-18,1
8054,20170718,8056,224000,225000,22,4000,2017-07-18,1
8055,20170718,8057,225000,230000,22,5000,2017-07-18,1
8056,20170719,8058,60000,61000,60,0,2017-07-19,2
8057,20170719,8059,61000,62000,61,0,2017-07-19,2
8058,20170719,8060,62000,63000,62,0,2017-07-19,2
8059,20170719,8061,63000,64000,63,0,2017-07-19,2
8060,20170719,8062,64000,65000,64,0,2017-07-19,2
8061,20170719,8063,65000,70000,65,0,2017-07-19,2
8062,20170719,8064,70000,71000,70,0,2017-07-19,2
8063,20170719,8065,71000,72000,71,0,2017-07-19,2
8064,20170719,8066,72000,73000,72,0,2017-07-19,2
8065,20170719,8067,73000,74000,73,0,2017-07-19,2
8066,20170719,8068,74000,75000,74,0,2017-07-19,2
8067,20170719,8069,75000,80000,75,0,2017-07-19,2
8068,20170719,8070,80000,81000,80,0,2017-07-19,2
8069,20170719,8071,81000,82000,81,0,2017-07-19,2
8070,20170719,8072,82000,83000,82,0,2017-07-19,2
8071,20170719,8073,83000,84000,83,0,2017-07-19,2
8072,20170719,8074,84000,85000,84,0,2017-07-19,2
8073,20170719,8075,85000,90000,85,0,2017-07-19,2
8074,20170719,8076,90000,91000,90,0,2017-07-19,2
8075,20170719,8077,91000,92000,91,0,2017-07-19,2
8076,20170719,8078,92000,93000,92,0,2017-07-19,2
8077,20170719,8079,93000,94000,93,0,2017-07-19,2
8078,20170719,8080,94000,95000,94,0,2017-07-19,2
8079,20170719,8081,95000,100000,95,0,2017-07-19,2
8080,20170719,8082,100000,101000,10,0,2017-07-19,2
8081,20170719,8083,101000,102000,10,1000,2017-07-19,2
8082,20170719,8084,102000,103000,10,2000,2017-07-19,2
8083,20170719,8085,103000,104000,10,3000,2017-07-19,2
8084,20170719,8086,104000,105000,10,4000,2017-07-19,2
8085,20170719,8087,105000,110000,10,5000,2017-07-19,2
8086,20170719,8088,110000,111000,11,0,2017-07-19,2
8087,20170719,8089,111000,112000,11,1000,2017-07-19,2
8088,20170719,8090,112000,113000,11,2000,2017-07-19,2
8089,20170719,8091,113000,114000,11,3000,2017-07-19,2
8090,20170719,8092,114000,115000,11,4000,2017-07-19,2
8091,20170719,8093,115000,120000,11,5000,2017-07-19,2
8092,20170719,8094,120000,121000,12,0,2017-07-19,2
8093,20170719,8095,121000,122000,12,1000,2017-07-19,2
8094,20170719,8096,122000,123000,12,2000,2017-07-19,2
8095,20170719,8097,123000,124000,12,3000,2017-07-19,2
8096,20170719,8098,124000,125000,12,4000,2017-07-19,2
8097,20170719,8099,125000,130000,12,5000,2017-07-19,2
8098,20170719,8100,130000,131000,13,0,2017-07-19,2
8099,20170719,8101,131000,132000,13,1000,2017-07-19,2
8100,20170719,8102,132000,133000,13,2000,2017-07-19,2
8101,20170719,8103,133000,134000,13,3000,2017-07-19,2
8102,20170719,8104,134000,135000,13,4000,2017-07-19,2
8103,20170719,8105,135000,140000,13,5000,2017-07-19,2
8104,20170719,8106,140000,141000,14,0,2017-07-19,2
8105,20170719,8107,141000,142000,14,1000,2017-07-19,2
8106,20170719,8108,142000,143000,14,2000,2017-07-19,2
8107,20170719,8109,143000,144000,14,3000,2017-07-19,2
8108,20170719,8110,144000,145000,14,4000,2017-07-19,2
8109,20170719,8111,145000,150000,14,5000,2017-07-19,2
8110,20170719,8112,150000,151000,15,0,2017-07-19,2
8111,20170719,8113,151000,152000,15,1000,2017-07-19,2
8112,20170719,8114,152000,153000,15,2000,2017-07-19,2
8113,20170719,8115,153000,154000,15,3000,2017-07-19,2
8114,20170719,8116,154000,155000,15,4000,2017-07-19,2
8115,20170719,8117,155000,160000,15,5000,2017-07-19,2
8116,20170719,8118,160000,161000,16,0,2017-07-19,2
8117,20170719,8119,161000,162000,16,1000,2017-07-19,2
8118,20170719,8120,162000,163000,16,2000,2017-07-19,2
8119,20170719,8121,163000,164000,16,3000,2017-07-19,2
8120,20170719,8122,164000,165000,16,4000,2017-07-19,2
8121,20170719,8123,165000,170000,16,5000,2017-07-19,2
8122,20170719,8124,170000,171000,17,0,2017-07-19,2
8123,20170719,8125,171000,172000,17,1000,2017-07-19,2
8124,20170719,8126,172000,173000,17,2000,2017-07-19,2
8125,20170719,8127,173000,174000,17,3000,2017-07-19,2
8126,20170719,8128,174000,175000,17,4000,2017-07-19,2
8127,20170719,8129,175000,180000,17,5000,2017-07-19,2
8128,20170719,8130,180000,181000,18,0,2017-07-19,2
8129,20170719,8131,181000,182000,18,1000,2017-07-19,2
8130,20170719,8132,182000,183000,18,2000,2017-07-19,2
8131,20170719,8133,183000,184000,18,3000,2017-07-19,2
8132,20170719,8134,184000,185000,18,4000,2017-07-19,2
8133,20170719,8135,185000,190000,18,5000,2017-07-19,2
8134,20170719,8136,190000,191000,19,0,2017-07-19,2
8135,20170719,8137,191000,192000,19,1000,2017-07-19,2
8136,20170719,8138,192000,193000,19,2000,2017-07-19,2
8137,20170719,8139,193000,194000,19,3000,2017-07-19,2
8138,20170719,8140,194000,195000,19,4000,2017-07-19,2
8139,20170719,8141,195000,200000,19,5000,2017-07-19,2
8140,20170719,8142,200000,201000,20,0,2017-07-19,2
8141,20170719,8143,201000,202000,20,1000,2017-07-19,2
8142,20170719,8144,202000,203000,20,2000,2017-07-19,2
8143,20170719,8145,203000,204000,20,3000,2017-07-19,2
8144,20170719,8146,204000,205000,20,4000,2017-07-19,2
8145,20170719,8147,205000,210000,20,5000,2017-07-19,2
8146,20170719,8148,210000,211000,21,0,2017-07-19,2
8147,20170719,8149,211000,212000,21,1000,2017-07-19,2
8148,20170719,8150,212000,213000,21,2000,2017-07-19,2
8149,20170719,8151,213000,214000,21,3000,2017-07-19,2
8150,20170719,8152,214000,215000,21,4000,2017-07-19,2
8151,20170719,8153,215000,220000,21,5000,2017-07-19,2
8152,20170719,8154,220000,221000,22,0,2017-07-19,2
8153,20170719,8155,221000,222000,22,1000,2017-07-19,2
8154,20170719,8156,222000,223000,22,2000,2017-07-19,2
8155,20170719,8157,223000,224000,22,3000,2017-07-19,2
8156,20170719,8158,224000,225000,22,4000,2017-07-19,2
8157,20170719,8159,225000,230000,22,5000,2017-07-19,2
8158,20170720,8160,60000,61000,60,0,2017-07-20,3
8159,20170720,8161,61000,62000,61,0,2017-07-20,3
8160,20170720,8162,62000,63000,62,0,2017-07-20,3
8161,20170720,8163,63000,64000,63,0,2017-07-20,3
8162,20170720,8164,64000,65000,64,0,2017-07-20,3
8163,20170720,8165,65000,70000,65,0,2017-07-20,3
8164,20170720,8166,70000,71000,70,0,2017-07-20,3
8165,20170720,8167,71000,72000,71,0,2017-07-20,3
8166,20170720,8168,72000,73000,72,0,2017-07-20,3
8167,20170720,8169,73000,74000,73,0,2017-07-20,3
8168,20170720,8170,74000,75000,74,0,2017-07-20,3
8169,20170720,8171,75000,80000,75,0,2017-07-20,3
8170,20170720,8172,80000,81000,80,0,2017-07-20,3
8171,20170720,8173,81000,82000,81,0,2017-07-20,3
8172,20170720,8174,82000,83000,82,0,2017-07-20,3
8173,20170720,8175,83000,84000,83,0,2017-07-20,3
8174,20170720,8176,84000,85000,84,0,2017-07-20,3
8175,20170720,8177,85000,90000,85,0,2017-07-20,3
8176,20170720,8178,90000,91000,90,0,2017-07-20,3
8177,20170720,8179,91000,92000,91,0,2017-07-20,3
8178,20170720,8180,92000,93000,92,0,2017-07-20,3
8179,20170720,8181,93000,94000,93,0,2017-07-20,3
8180,20170720,8182,94000,95000,94,0,2017-07-20,3
8181,20170720,8183,95000,100000,95,0,2017-07-20,3
8182,20170720,8184,100000,101000,10,0,2017-07-20,3
8183,20170720,8185,101000,102000,10,1000,2017-07-20,3
8184,20170720,8186,102000,103000,10,2000,2017-07-20,3
8185,20170720,8187,103000,104000,10,3000,2017-07-20,3
8186,20170720,8188,104000,105000,10,4000,2017-07-20,3
8187,20170720,8189,105000,110000,10,5000,2017-07-20,3
8188,20170720,8190,110000,111000,11,0,2017-07-20,3
8189,20170720,8191,111000,112000,11,1000,2017-07-20,3
8190,20170720,8192,112000,113000,11,2000,2017-07-20,3
8191,20170720,8193,113000,114000,11,3000,2017-07-20,3
8192,20170720,8194,114000,115000,11,4000,2017-07-20,3
8193,20170720,8195,115000,120000,11,5000,2017-07-20,3
8194,20170720,8196,120000,121000,12,0,2017-07-20,3
8195,20170720,8197,121000,122000,12,1000,2017-07-20,3
8196,20170720,8198,122000,123000,12,2000,2017-07-20,3
8197,20170720,8199,123000,124000,12,3000,2017-07-20,3
8198,20170720,8200,124000,125000,12,4000,2017-07-20,3
8199,20170720,8201,125000,130000,12,5000,2017-07-20,3
8200,20170720,8202,130000,131000,13,0,2017-07-20,3
8201,20170720,8203,131000,132000,13,1000,2017-07-20,3
8202,20170720,8204,132000,133000,13,2000,2017-07-20,3
8203,20170720,8205,133000,134000,13,3000,2017-07-20,3
8204,20170720,8206,134000,135000,13,4000,2017-07-20,3
8205,20170720,8207,135000,140000,13,5000,2017-07-20,3
8206,20170720,8208,140000,141000,14,0,2017-07-20,3
8207,20170720,8209,141000,142000,14,1000,2017-07-20,3
8208,20170720,8210,142000,143000,14,2000,2017-07-20,3
8209,20170720,8211,143000,144000,14,3000,2017-07-20,3
8210,20170720,8212,144000,145000,14,4000,2017-07-20,3
8211,20170720,8213,145000,150000,14,5000,2017-07-20,3
8212,20170720,8214,150000,151000,15,0,2017-07-20,3
8213,20170720,8215,151000,152000,15,1000,2017-07-20,3
8214,20170720,8216,152000,153000,15,2000,2017-07-20,3
8215,20170720,8217,153000,154000,15,3000,2017-07-20,3
8216,20170720,8218,154000,155000,15,4000,2017-07-20,3
8217,20170720,8219,155000,160000,15,5000,2017-07-20,3
8218,20170720,8220,160000,161000,16,0,2017-07-20,3
8219,20170720,8221,161000,162000,16,1000,2017-07-20,3
8220,20170720,8222,162000,163000,16,2000,2017-07-20,3
8221,20170720,8223,163000,164000,16,3000,2017-07-20,3
8222,20170720,8224,164000,165000,16,4000,2017-07-20,3
8223,20170720,8225,165000,170000,16,5000,2017-07-20,3
8224,20170720,8226,170000,171000,17,0,2017-07-20,3
8225,20170720,8227,171000,172000,17,1000,2017-07-20,3
8226,20170720,8228,172000,173000,17,2000,2017-07-20,3
8227,20170720,8229,173000,174000,17,3000,2017-07-20,3
8228,20170720,8230,174000,175000,17,4000,2017-07-20,3
8229,20170720,8231,175000,180000,17,5000,2017-07-20,3
8230,20170720,8232,180000,181000,18,0,2017-07-20,3
8231,20170720,8233,181000,182000,18,1000,2017-07-20,3
8232,20170720,8234,182000,183000,18,2000,2017-07-20,3
8233,20170720,8235,183000,184000,18,3000,2017-07-20,3
8234,20170720,8236,184000,185000,18,4000,2017-07-20,3
8235,20170720,8237,185000,190000,18,5000,2017-07-20,3
8236,20170720,8238,190000,191000,19,0,2017-07-20,3
8237,20170720,8239,191000,192000,19,1000,2017-07-20,3
8238,20170720,8240,192000,193000,19,2000,2017-07-20,3
8239,20170720,8241,193000,194000,19,3000,2017-07-20,3
8240,20170720,8242,194000,195000,19,4000,2017-07-20,3
8241,20170720,8243,195000,200000,19,5000,2017-07-20,3
8242,20170720,8244,200000,201000,20,0,2017-07-20,3
8243,20170720,8245,201000,202000,20,1000,2017-07-20,3
8244,20170720,8246,202000,203000,20,2000,2017-07-20,3
8245,20170720,8247,203000,204000,20,3000,2017-07-20,3
8246,20170720,8248,204000,205000,20,4000,2017-07-20,3
8247,20170720,8249,205000,210000,20,5000,2017-07-20,3
8248,20170720,8250,210000,211000,21,0,2017-07-20,3
8249,20170720,8251,211000,212000,21,1000,2017-07-20,3
8250,20170720,8252,212000,213000,21,2000,2017-07-20,3
8251,20170720,8253,213000,214000,21,3000,2017-07-20,3
8252,20170720,8254,214000,215000,21,4000,2017-07-20,3
8253,20170720,8255,215000,220000,21,5000,2017-07-20,3
8254,20170720,8256,220000,221000,22,0,2017-07-20,3
8255,20170720,8257,221000,222000,22,1000,2017-07-20,3
8256,20170720,8258,222000,223000,22,2000,2017-07-20,3
8257,20170720,8259,223000,224000,22,3000,2017-07-20,3
8258,20170720,8260,224000,225000,22,4000,2017-07-20,3
8259,20170720,8261,225000,230000,22,5000,2017-07-20,3
8260,20170721,8262,60000,61000,60,0,2017-07-21,4
8261,20170721,8263,61000,62000,61,0,2017-07-21,4
8262,20170721,8264,62000,63000,62,0,2017-07-21,4
8263,20170721,8265,63000,64000,63,0,2017-07-21,4
8264,20170721,8266,64000,65000,64,0,2017-07-21,4
8265,20170721,8267,65000,70000,65,0,2017-07-21,4
8266,20170721,8268,70000,71000,70,0,2017-07-21,4
8267,20170721,8269,71000,72000,71,0,2017-07-21,4
8268,20170721,8270,72000,73000,72,0,2017-07-21,4
8269,20170721,8271,73000,74000,73,0,2017-07-21,4
8270,20170721,8272,74000,75000,74,0,2017-07-21,4
8271,20170721,8273,75000,80000,75,0,2017-07-21,4
8272,20170721,8274,80000,81000,80,0,2017-07-21,4
8273,20170721,8275,81000,82000,81,0,2017-07-21,4
8274,20170721,8276,82000,83000,82,0,2017-07-21,4
8275,20170721,8277,83000,84000,83,0,2017-07-21,4
8276,20170721,8278,84000,85000,84,0,2017-07-21,4
8277,20170721,8279,85000,90000,85,0,2017-07-21,4
8278,20170721,8280,90000,91000,90,0,2017-07-21,4
8279,20170721,8281,91000,92000,91,0,2017-07-21,4
8280,20170721,8282,92000,93000,92,0,2017-07-21,4
8281,20170721,8283,93000,94000,93,0,2017-07-21,4
8282,20170721,8284,94000,95000,94,0,2017-07-21,4
8283,20170721,8285,95000,100000,95,0,2017-07-21,4
8284,20170721,8286,100000,101000,10,0,2017-07-21,4
8285,20170721,8287,101000,102000,10,1000,2017-07-21,4
8286,20170721,8288,102000,103000,10,2000,2017-07-21,4
8287,20170721,8289,103000,104000,10,3000,2017-07-21,4
8288,20170721,8290,104000,105000,10,4000,2017-07-21,4
8289,20170721,8291,105000,110000,10,5000,2017-07-21,4
8290,20170721,8292,110000,111000,11,0,2017-07-21,4
8291,20170721,8293,111000,112000,11,1000,2017-07-21,4
8292,20170721,8294,112000,113000,11,2000,2017-07-21,4
8293,20170721,8295,113000,114000,11,3000,2017-07-21,4
8294,20170721,8296,114000,115000,11,4000,2017-07-21,4
8295,20170721,8297,115000,120000,11,5000,2017-07-21,4
8296,20170721,8298,120000,121000,12,0,2017-07-21,4
8297,20170721,8299,121000,122000,12,1000,2017-07-21,4
8298,20170721,8300,122000,123000,12,2000,2017-07-21,4
8299,20170721,8301,123000,124000,12,3000,2017-07-21,4
8300,20170721,8302,124000,125000,12,4000,2017-07-21,4
8301,20170721,8303,125000,130000,12,5000,2017-07-21,4
8302,20170721,8304,130000,131000,13,0,2017-07-21,4
8303,20170721,8305,131000,132000,13,1000,2017-07-21,4
8304,20170721,8306,132000,133000,13,2000,2017-07-21,4
8305,20170721,8307,133000,134000,13,3000,2017-07-21,4
8306,20170721,8308,134000,135000,13,4000,2017-07-21,4
8307,20170721,8309,135000,140000,13,5000,2017-07-21,4
8308,20170721,8310,140000,141000,14,0,2017-07-21,4
8309,20170721,8311,141000,142000,14,1000,2017-07-21,4
8310,20170721,8312,142000,143000,14,2000,2017-07-21,4
8311,20170721,8313,143000,144000,14,3000,2017-07-21,4
8312,20170721,8314,144000,145000,14,4000,2017-07-21,4
8313,20170721,8315,145000,150000,14,5000,2017-07-21,4
8314,20170721,8316,150000,151000,15,0,2017-07-21,4
8315,20170721,8317,151000,152000,15,1000,2017-07-21,4
8316,20170721,8318,152000,153000,15,2000,2017-07-21,4
8317,20170721,8319,153000,154000,15,3000,2017-07-21,4
8318,20170721,8320,154000,155000,15,4000,2017-07-21,4
8319,20170721,8321,155000,160000,15,5000,2017-07-21,4
8320,20170721,8322,160000,161000,16,0,2017-07-21,4
8321,20170721,8323,161000,162000,16,1000,2017-07-21,4
8322,20170721,8324,162000,163000,16,2000,2017-07-21,4
8323,20170721,8325,163000,164000,16,3000,2017-07-21,4
8324,20170721,8326,164000,165000,16,4000,2017-07-21,4
8325,20170721,8327,165000,170000,16,5000,2017-07-21,4
8326,20170721,8328,170000,171000,17,0,2017-07-21,4
8327,20170721,8329,171000,172000,17,1000,2017-07-21,4
8328,20170721,8330,172000,173000,17,2000,2017-07-21,4
8329,20170721,8331,173000,174000,17,3000,2017-07-21,4
8330,20170721,8332,174000,175000,17,4000,2017-07-21,4
8331,20170721,8333,175000,180000,17,5000,2017-07-21,4
8332,20170721,8334,180000,181000,18,0,2017-07-21,4
8333,20170721,8335,181000,182000,18,1000,2017-07-21,4
8334,20170721,8336,182000,183000,18,2000,2017-07-21,4
8335,20170721,8337,183000,184000,18,3000,2017-07-21,4
8336,20170721,8338,184000,185000,18,4000,2017-07-21,4
8337,20170721,8339,185000,190000,18,5000,2017-07-21,4
8338,20170721,8340,190000,191000,19,0,2017-07-21,4
8339,20170721,8341,191000,192000,19,1000,2017-07-21,4
8340,20170721,8342,192000,193000,19,2000,2017-07-21,4
8341,20170721,8343,193000,194000,19,3000,2017-07-21,4
8342,20170721,8344,194000,195000,19,4000,2017-07-21,4
8343,20170721,8345,195000,200000,19,5000,2017-07-21,4
8344,20170721,8346,200000,201000,20,0,2017-07-21,4
8345,20170721,8347,201000,202000,20,1000,2017-07-21,4
8346,20170721,8348,202000,203000,20,2000,2017-07-21,4
8347,20170721,8349,203000,204000,20,3000,2017-07-21,4
8348,20170721,8350,204000,205000,20,4000,2017-07-21,4
8349,20170721,8351,205000,210000,20,5000,2017-07-21,4
8350,20170721,8352,210000,211000,21,0,2017-07-21,4
8351,20170721,8353,211000,212000,21,1000,2017-07-21,4
8352,20170721,8354,212000,213000,21,2000,2017-07-21,4
8353,20170721,8355,213000,214000,21,3000,2017-07-21,4
8354,20170721,8356,214000,215000,21,4000,2017-07-21,4
8355,20170721,8357,215000,220000,21,5000,2017-07-21,4
8356,20170721,8358,220000,221000,22,0,2017-07-21,4
8357,20170721,8359,221000,222000,22,1000,2017-07-21,4
8358,20170721,8360,222000,223000,22,2000,2017-07-21,4
8359,20170721,8361,223000,224000,22,3000,2017-07-21,4
8360,20170721,8362,224000,225000,22,4000,2017-07-21,4
8361,20170721,8363,225000,230000,22,5000,2017-07-21,4
8362,20170722,8364,60000,61000,60,0,2017-07-22,5
8363,20170722,8365,61000,62000,61,0,2017-07-22,5
8364,20170722,8366,62000,63000,62,0,2017-07-22,5
8365,20170722,8367,63000,64000,63,0,2017-07-22,5
8366,20170722,8368,64000,65000,64,0,2017-07-22,5
8367,20170722,8369,65000,70000,65,0,2017-07-22,5
8368,20170722,8370,70000,71000,70,0,2017-07-22,5
8369,20170722,8371,71000,72000,71,0,2017-07-22,5
8370,20170722,8372,72000,73000,72,0,2017-07-22,5
8371,20170722,8373,73000,74000,73,0,2017-07-22,5
8372,20170722,8374,74000,75000,74,0,2017-07-22,5
8373,20170722,8375,75000,80000,75,0,2017-07-22,5
8374,20170722,8376,80000,81000,80,0,2017-07-22,5
8375,20170722,8377,81000,82000,81,0,2017-07-22,5
8376,20170722,8378,82000,83000,82,0,2017-07-22,5
8377,20170722,8379,83000,84000,83,0,2017-07-22,5
8378,20170722,8380,84000,85000,84,0,2017-07-22,5
8379,20170722,8381,85000,90000,85,0,2017-07-22,5
8380,20170722,8382,90000,91000,90,0,2017-07-22,5
8381,20170722,8383,91000,92000,91,0,2017-07-22,5
8382,20170722,8384,92000,93000,92,0,2017-07-22,5
8383,20170722,8385,93000,94000,93,0,2017-07-22,5
8384,20170722,8386,94000,95000,94,0,2017-07-22,5
8385,20170722,8387,95000,100000,95,0,2017-07-22,5
8386,20170722,8388,100000,101000,10,0,2017-07-22,5
8387,20170722,8389,101000,102000,10,1000,2017-07-22,5
8388,20170722,8390,102000,103000,10,2000,2017-07-22,5
8389,20170722,8391,103000,104000,10,3000,2017-07-22,5
8390,20170722,8392,104000,105000,10,4000,2017-07-22,5
8391,20170722,8393,105000,110000,10,5000,2017-07-22,5
8392,20170722,8394,110000,111000,11,0,2017-07-22,5
8393,20170722,8395,111000,112000,11,1000,2017-07-22,5
8394,20170722,8396,112000,113000,11,2000,2017-07-22,5
8395,20170722,8397,113000,114000,11,3000,2017-07-22,5
8396,20170722,8398,114000,115000,11,4000,2017-07-22,5
8397,20170722,8399,115000,120000,11,5000,2017-07-22,5
8398,20170722,8400,120000,121000,12,0,2017-07-22,5
8399,20170722,8401,121000,122000,12,1000,2017-07-22,5
8400,20170722,8402,122000,123000,12,2000,2017-07-22,5
8401,20170722,8403,123000,124000,12,3000,2017-07-22,5
8402,20170722,8404,124000,125000,12,4000,2017-07-22,5
8403,20170722,8405,125000,130000,12,5000,2017-07-22,5
8404,20170722,8406,130000,131000,13,0,2017-07-22,5
8405,20170722,8407,131000,132000,13,1000,2017-07-22,5
8406,20170722,8408,132000,133000,13,2000,2017-07-22,5
8407,20170722,8409,133000,134000,13,3000,2017-07-22,5
8408,20170722,8410,134000,135000,13,4000,2017-07-22,5
8409,20170722,8411,135000,140000,13,5000,2017-07-22,5
8410,20170722,8412,140000,141000,14,0,2017-07-22,5
8411,20170722,8413,141000,142000,14,1000,2017-07-22,5
8412,20170722,8414,142000,143000,14,2000,2017-07-22,5
8413,20170722,8415,143000,144000,14,3000,2017-07-22,5
8414,20170722,8416,144000,145000,14,4000,2017-07-22,5
8415,20170722,8417,145000,150000,14,5000,2017-07-22,5
8416,20170722,8418,150000,151000,15,0,2017-07-22,5
8417,20170722,8419,151000,152000,15,1000,2017-07-22,5
8418,20170722,8420,152000,153000,15,2000,2017-07-22,5
8419,20170722,8421,153000,154000,15,3000,2017-07-22,5
8420,20170722,8422,154000,155000,15,4000,2017-07-22,5
8421,20170722,8423,155000,160000,15,5000,2017-07-22,5
8422,20170722,8424,160000,161000,16,0,2017-07-22,5
8423,20170722,8425,161000,162000,16,1000,2017-07-22,5
8424,20170722,8426,162000,163000,16,2000,2017-07-22,5
8425,20170722,8427,163000,164000,16,3000,2017-07-22,5
8426,20170722,8428,164000,165000,16,4000,2017-07-22,5
8427,20170722,8429,165000,170000,16,5000,2017-07-22,5
8428,20170722,8430,170000,171000,17,0,2017-07-22,5
8429,20170722,8431,171000,172000,17,1000,2017-07-22,5
8430,20170722,8432,172000,173000,17,2000,2017-07-22,5
8431,20170722,8433,173000,174000,17,3000,2017-07-22,5
8432,20170722,8434,174000,175000,17,4000,2017-07-22,5
8433,20170722,8435,175000,180000,17,5000,2017-07-22,5
8434,20170722,8436,180000,181000,18,0,2017-07-22,5
8435,20170722,8437,181000,182000,18,1000,2017-07-22,5
8436,20170722,8438,182000,183000,18,2000,2017-07-22,5
8437,20170722,8439,183000,184000,18,3000,2017-07-22,5
8438,20170722,8440,184000,185000,18,4000,2017-07-22,5
8439,20170722,8441,185000,190000,18,5000,2017-07-22,5
8440,20170722,8442,190000,191000,19,0,2017-07-22,5
8441,20170722,8443,191000,192000,19,1000,2017-07-22,5
8442,20170722,8444,192000,193000,19,2000,2017-07-22,5
8443,20170722,8445,193000,194000,19,3000,2017-07-22,5
8444,20170722,8446,194000,195000,19,4000,2017-07-22,5
8445,20170722,8447,195000,200000,19,5000,2017-07-22,5
8446,20170722,8448,200000,201000,20,0,2017-07-22,5
8447,20170722,8449,201000,202000,20,1000,2017-07-22,5
8448,20170722,8450,202000,203000,20,2000,2017-07-22,5
8449,20170722,8451,203000,204000,20,3000,2017-07-22,5
8450,20170722,8452,204000,205000,20,4000,2017-07-22,5
8451,20170722,8453,205000,210000,20,5000,2017-07-22,5
8452,20170722,8454,210000,211000,21,0,2017-07-22,5
8453,20170722,8455,211000,212000,21,1000,2017-07-22,5
8454,20170722,8456,212000,213000,21,2000,2017-07-22,5
8455,20170722,8457,213000,214000,21,3000,2017-07-22,5
8456,20170722,8458,214000,215000,21,4000,2017-07-22,5
8457,20170722,8459,215000,220000,21,5000,2017-07-22,5
8458,20170722,8460,220000,221000,22,0,2017-07-22,5
8459,20170722,8461,221000,222000,22,1000,2017-07-22,5
8460,20170722,8462,222000,223000,22,2000,2017-07-22,5
8461,20170722,8463,223000,224000,22,3000,2017-07-22,5
8462,20170722,8464,224000,225000,22,4000,2017-07-22,5
8463,20170722,8465,225000,230000,22,5000,2017-07-22,5
8464,20170723,8466,60000,61000,60,0,2017-07-23,6
8465,20170723,8467,61000,62000,61,0,2017-07-23,6
8466,20170723,8468,62000,63000,62,0,2017-07-23,6
8467,20170723,8469,63000,64000,63,0,2017-07-23,6
8468,20170723,8470,64000,65000,64,0,2017-07-23,6
8469,20170723,8471,65000,70000,65,0,2017-07-23,6
8470,20170723,8472,70000,71000,70,0,2017-07-23,6
8471,20170723,8473,71000,72000,71,0,2017-07-23,6
8472,20170723,8474,72000,73000,72,0,2017-07-23,6
8473,20170723,8475,73000,74000,73,0,2017-07-23,6
8474,20170723,8476,74000,75000,74,0,2017-07-23,6
8475,20170723,8477,75000,80000,75,0,2017-07-23,6
8476,20170723,8478,80000,81000,80,0,2017-07-23,6
8477,20170723,8479,81000,82000,81,0,2017-07-23,6
8478,20170723,8480,82000,83000,82,0,2017-07-23,6
8479,20170723,8481,83000,84000,83,0,2017-07-23,6
8480,20170723,8482,84000,85000,84,0,2017-07-23,6
8481,20170723,8483,85000,90000,85,0,2017-07-23,6
8482,20170723,8484,90000,91000,90,0,2017-07-23,6
8483,20170723,8485,91000,92000,91,0,2017-07-23,6
8484,20170723,8486,92000,93000,92,0,2017-07-23,6
8485,20170723,8487,93000,94000,93,0,2017-07-23,6
8486,20170723,8488,94000,95000,94,0,2017-07-23,6
8487,20170723,8489,95000,100000,95,0,2017-07-23,6
8488,20170723,8490,100000,101000,10,0,2017-07-23,6
8489,20170723,8491,101000,102000,10,1000,2017-07-23,6
8490,20170723,8492,102000,103000,10,2000,2017-07-23,6
8491,20170723,8493,103000,104000,10,3000,2017-07-23,6
8492,20170723,8494,104000,105000,10,4000,2017-07-23,6
8493,20170723,8495,105000,110000,10,5000,2017-07-23,6
8494,20170723,8496,110000,111000,11,0,2017-07-23,6
8495,20170723,8497,111000,112000,11,1000,2017-07-23,6
8496,20170723,8498,112000,113000,11,2000,2017-07-23,6
8497,20170723,8499,113000,114000,11,3000,2017-07-23,6
8498,20170723,8500,114000,115000,11,4000,2017-07-23,6
8499,20170723,8501,115000,120000,11,5000,2017-07-23,6
8500,20170723,8502,120000,121000,12,0,2017-07-23,6
8501,20170723,8503,121000,122000,12,1000,2017-07-23,6
8502,20170723,8504,122000,123000,12,2000,2017-07-23,6
8503,20170723,8505,123000,124000,12,3000,2017-07-23,6
8504,20170723,8506,124000,125000,12,4000,2017-07-23,6
8505,20170723,8507,125000,130000,12,5000,2017-07-23,6
8506,20170723,8508,130000,131000,13,0,2017-07-23,6
8507,20170723,8509,131000,132000,13,1000,2017-07-23,6
8508,20170723,8510,132000,133000,13,2000,2017-07-23,6
8509,20170723,8511,133000,134000,13,3000,2017-07-23,6
8510,20170723,8512,134000,135000,13,4000,2017-07-23,6
8511,20170723,8513,135000,140000,13,5000,2017-07-23,6
8512,20170723,8514,140000,141000,14,0,2017-07-23,6
8513,20170723,8515,141000,142000,14,1000,2017-07-23,6
8514,20170723,8516,142000,143000,14,2000,2017-07-23,6
8515,20170723,8517,143000,144000,14,3000,2017-07-23,6
8516,20170723,8518,144000,145000,14,4000,2017-07-23,6
8517,20170723,8519,145000,150000,14,5000,2017-07-23,6
8518,20170723,8520,150000,151000,15,0,2017-07-23,6
8519,20170723,8521,151000,152000,15,1000,2017-07-23,6
8520,20170723,8522,152000,153000,15,2000,2017-07-23,6
8521,20170723,8523,153000,154000,15,3000,2017-07-23,6
8522,20170723,8524,154000,155000,15,4000,2017-07-23,6
8523,20170723,8525,155000,160000,15,5000,2017-07-23,6
8524,20170723,8526,160000,161000,16,0,2017-07-23,6
8525,20170723,8527,161000,162000,16,1000,2017-07-23,6
8526,20170723,8528,162000,163000,16,2000,2017-07-23,6
8527,20170723,8529,163000,164000,16,3000,2017-07-23,6
8528,20170723,8530,164000,165000,16,4000,2017-07-23,6
8529,20170723,8531,165000,170000,16,5000,2017-07-23,6
8530,20170723,8532,170000,171000,17,0,2017-07-23,6
8531,20170723,8533,171000,172000,17,1000,2017-07-23,6
8532,20170723,8534,172000,173000,17,2000,2017-07-23,6
8533,20170723,8535,173000,174000,17,3000,2017-07-23,6
8534,20170723,8536,174000,175000,17,4000,2017-07-23,6
8535,20170723,8537,175000,180000,17,5000,2017-07-23,6
8536,20170723,8538,180000,181000,18,0,2017-07-23,6
8537,20170723,8539,181000,182000,18,1000,2017-07-23,6
8538,20170723,8540,182000,183000,18,2000,2017-07-23,6
8539,20170723,8541,183000,184000,18,3000,2017-07-23,6
8540,20170723,8542,184000,185000,18,4000,2017-07-23,6
8541,20170723,8543,185000,190000,18,5000,2017-07-23,6
8542,20170723,8544,190000,191000,19,0,2017-07-23,6
8543,20170723,8545,191000,192000,19,1000,2017-07-23,6
8544,20170723,8546,192000,193000,19,2000,2017-07-23,6
8545,20170723,8547,193000,194000,19,3000,2017-07-23,6
8546,20170723,8548,194000,195000,19,4000,2017-07-23,6
8547,20170723,8549,195000,200000,19,5000,2017-07-23,6
8548,20170723,8550,200000,201000,20,0,2017-07-23,6
8549,20170723,8551,201000,202000,20,1000,2017-07-23,6
8550,20170723,8552,202000,203000,20,2000,2017-07-23,6
8551,20170723,8553,203000,204000,20,3000,2017-07-23,6
8552,20170723,8554,204000,205000,20,4000,2017-07-23,6
8553,20170723,8555,205000,210000,20,5000,2017-07-23,6
8554,20170723,8556,210000,211000,21,0,2017-07-23,6
8555,20170723,8557,211000,212000,21,1000,2017-07-23,6
8556,20170723,8558,212000,213000,21,2000,2017-07-23,6
8557,20170723,8559,213000,214000,21,3000,2017-07-23,6
8558,20170723,8560,214000,215000,21,4000,2017-07-23,6
8559,20170723,8561,215000,220000,21,5000,2017-07-23,6
8560,20170723,8562,220000,221000,22,0,2017-07-23,6
8561,20170723,8563,221000,222000,22,1000,2017-07-23,6
8562,20170723,8564,222000,223000,22,2000,2017-07-23,6
8563,20170723,8565,223000,224000,22,3000,2017-07-23,6
8564,20170723,8566,224000,225000,22,4000,2017-07-23,6
8565,20170723,8567,225000,230000,22,5000,2017-07-23,6
8566,20170724,8568,60000,61000,60,0,2017-07-24,0
8567,20170724,8569,61000,62000,61,0,2017-07-24,0
8568,20170724,8570,62000,63000,62,0,2017-07-24,0
8569,20170724,8571,63000,64000,63,0,2017-07-24,0
8570,20170724,8572,64000,65000,64,0,2017-07-24,0
8571,20170724,8573,65000,70000,65,0,2017-07-24,0
8572,20170724,8574,70000,71000,70,0,2017-07-24,0
8573,20170724,8575,71000,72000,71,0,2017-07-24,0
8574,20170724,8576,72000,73000,72,0,2017-07-24,0
8575,20170724,8577,73000,74000,73,0,2017-07-24,0
8576,20170724,8578,74000,75000,74,0,2017-07-24,0
8577,20170724,8579,75000,80000,75,0,2017-07-24,0
8578,20170724,8580,80000,81000,80,0,2017-07-24,0
8579,20170724,8581,81000,82000,81,0,2017-07-24,0
8580,20170724,8582,82000,83000,82,0,2017-07-24,0
8581,20170724,8583,83000,84000,83,0,2017-07-24,0
8582,20170724,8584,84000,85000,84,0,2017-07-24,0
8583,20170724,8585,85000,90000,85,0,2017-07-24,0
8584,20170724,8586,90000,91000,90,0,2017-07-24,0
8585,20170724,8587,91000,92000,91,0,2017-07-24,0
8586,20170724,8588,92000,93000,92,0,2017-07-24,0
8587,20170724,8589,93000,94000,93,0,2017-07-24,0
8588,20170724,8590,94000,95000,94,0,2017-07-24,0
8589,20170724,8591,95000,100000,95,0,2017-07-24,0
8590,20170724,8592,100000,101000,10,0,2017-07-24,0
8591,20170724,8593,101000,102000,10,1000,2017-07-24,0
8592,20170724,8594,102000,103000,10,2000,2017-07-24,0
8593,20170724,8595,103000,104000,10,3000,2017-07-24,0
8594,20170724,8596,104000,105000,10,4000,2017-07-24,0
8595,20170724,8597,105000,110000,10,5000,2017-07-24,0
8596,20170724,8598,110000,111000,11,0,2017-07-24,0
8597,20170724,8599,111000,112000,11,1000,2017-07-24,0
8598,20170724,8600,112000,113000,11,2000,2017-07-24,0
8599,20170724,8601,113000,114000,11,3000,2017-07-24,0
8600,20170724,8602,114000,115000,11,4000,2017-07-24,0
8601,20170724,8603,115000,120000,11,5000,2017-07-24,0
8602,20170724,8604,120000,121000,12,0,2017-07-24,0
8603,20170724,8605,121000,122000,12,1000,2017-07-24,0
8604,20170724,8606,122000,123000,12,2000,2017-07-24,0
8605,20170724,8607,123000,124000,12,3000,2017-07-24,0
8606,20170724,8608,124000,125000,12,4000,2017-07-24,0
8607,20170724,8609,125000,130000,12,5000,2017-07-24,0
8608,20170724,8610,130000,131000,13,0,2017-07-24,0
8609,20170724,8611,131000,132000,13,1000,2017-07-24,0
8610,20170724,8612,132000,133000,13,2000,2017-07-24,0
8611,20170724,8613,133000,134000,13,3000,2017-07-24,0
8612,20170724,8614,134000,135000,13,4000,2017-07-24,0
8613,20170724,8615,135000,140000,13,5000,2017-07-24,0
8614,20170724,8616,140000,141000,14,0,2017-07-24,0
8615,20170724,8617,141000,142000,14,1000,2017-07-24,0
8616,20170724,8618,142000,143000,14,2000,2017-07-24,0
8617,20170724,8619,143000,144000,14,3000,2017-07-24,0
8618,20170724,8620,144000,145000,14,4000,2017-07-24,0
8619,20170724,8621,145000,150000,14,5000,2017-07-24,0
8620,20170724,8622,150000,151000,15,0,2017-07-24,0
8621,20170724,8623,151000,152000,15,1000,2017-07-24,0
8622,20170724,8624,152000,153000,15,2000,2017-07-24,0
8623,20170724,8625,153000,154000,15,3000,2017-07-24,0
8624,20170724,8626,154000,155000,15,4000,2017-07-24,0
8625,20170724,8627,155000,160000,15,5000,2017-07-24,0
8626,20170724,8628,160000,161000,16,0,2017-07-24,0
8627,20170724,8629,161000,162000,16,1000,2017-07-24,0
8628,20170724,8630,162000,163000,16,2000,2017-07-24,0
8629,20170724,8631,163000,164000,16,3000,2017-07-24,0
8630,20170724,8632,164000,165000,16,4000,2017-07-24,0
8631,20170724,8633,165000,170000,16,5000,2017-07-24,0
8632,20170724,8634,170000,171000,17,0,2017-07-24,0
8633,20170724,8635,171000,172000,17,1000,2017-07-24,0
8634,20170724,8636,172000,173000,17,2000,2017-07-24,0
8635,20170724,8637,173000,174000,17,3000,2017-07-24,0
8636,20170724,8638,174000,175000,17,4000,2017-07-24,0
8637,20170724,8639,175000,180000,17,5000,2017-07-24,0
8638,20170724,8640,180000,181000,18,0,2017-07-24,0
8639,20170724,8641,181000,182000,18,1000,2017-07-24,0
8640,20170724,8642,182000,183000,18,2000,2017-07-24,0
8641,20170724,8643,183000,184000,18,3000,2017-07-24,0
8642,20170724,8644,184000,185000,18,4000,2017-07-24,0
8643,20170724,8645,185000,190000,18,5000,2017-07-24,0
8644,20170724,8646,190000,191000,19,0,2017-07-24,0
8645,20170724,8647,191000,192000,19,1000,2017-07-24,0
8646,20170724,8648,192000,193000,19,2000,2017-07-24,0
8647,20170724,8649,193000,194000,19,3000,2017-07-24,0
8648,20170724,8650,194000,195000,19,4000,2017-07-24,0
8649,20170724,8651,195000,200000,19,5000,2017-07-24,0
8650,20170724,8652,200000,201000,20,0,2017-07-24,0
8651,20170724,8653,201000,202000,20,1000,2017-07-24,0
8652,20170724,8654,202000,203000,20,2000,2017-07-24,0
8653,20170724,8655,203000,204000,20,3000,2017-07-24,0
8654,20170724,8656,204000,205000,20,4000,2017-07-24,0
8655,20170724,8657,205000,210000,20,5000,2017-07-24,0
8656,20170724,8658,210000,211000,21,0,2017-07-24,0
8657,20170724,8659,211000,212000,21,1000,2017-07-24,0
8658,20170724,8660,212000,213000,21,2000,2017-07-24,0
8659,20170724,8661,213000,214000,21,3000,2017-07-24,0
8660,20170724,8662,214000,215000,21,4000,2017-07-24,0
8661,20170724,8663,215000,220000,21,5000,2017-07-24,0
8662,20170724,8664,220000,221000,22,0,2017-07-24,0
8663,20170724,8665,221000,222000,22,1000,2017-07-24,0
8664,20170724,8666,222000,223000,22,2000,2017-07-24,0
8665,20170724,8667,223000,224000,22,3000,2017-07-24,0
8666,20170724,8668,224000,225000,22,4000,2017-07-24,0
8667,20170724,8669,225000,230000,22,5000,2017-07-24,0
8668,20170725,8670,60000,61000,60,0,2017-07-25,1
8669,20170725,8671,61000,62000,61,0,2017-07-25,1
8670,20170725,8672,62000,63000,62,0,2017-07-25,1
8671,20170725,8673,63000,64000,63,0,2017-07-25,1
8672,20170725,8674,64000,65000,64,0,2017-07-25,1
8673,20170725,8675,65000,70000,65,0,2017-07-25,1
8674,20170725,8676,70000,71000,70,0,2017-07-25,1
8675,20170725,8677,71000,72000,71,0,2017-07-25,1
8676,20170725,8678,72000,73000,72,0,2017-07-25,1
8677,20170725,8679,73000,74000,73,0,2017-07-25,1
8678,20170725,8680,74000,75000,74,0,2017-07-25,1
8679,20170725,8681,75000,80000,75,0,2017-07-25,1
8680,20170725,8682,80000,81000,80,0,2017-07-25,1
8681,20170725,8683,81000,82000,81,0,2017-07-25,1
8682,20170725,8684,82000,83000,82,0,2017-07-25,1
8683,20170725,8685,83000,84000,83,0,2017-07-25,1
8684,20170725,8686,84000,85000,84,0,2017-07-25,1
8685,20170725,8687,85000,90000,85,0,2017-07-25,1
8686,20170725,8688,90000,91000,90,0,2017-07-25,1
8687,20170725,8689,91000,92000,91,0,2017-07-25,1
8688,20170725,8690,92000,93000,92,0,2017-07-25,1
8689,20170725,8691,93000,94000,93,0,2017-07-25,1
8690,20170725,8692,94000,95000,94,0,2017-07-25,1
8691,20170725,8693,95000,100000,95,0,2017-07-25,1
8692,20170725,8694,100000,101000,10,0,2017-07-25,1
8693,20170725,8695,101000,102000,10,1000,2017-07-25,1
8694,20170725,8696,102000,103000,10,2000,2017-07-25,1
8695,20170725,8697,103000,104000,10,3000,2017-07-25,1
8696,20170725,8698,104000,105000,10,4000,2017-07-25,1
8697,20170725,8699,105000,110000,10,5000,2017-07-25,1
8698,20170725,8700,110000,111000,11,0,2017-07-25,1
8699,20170725,8701,111000,112000,11,1000,2017-07-25,1
8700,20170725,8702,112000,113000,11,2000,2017-07-25,1
8701,20170725,8703,113000,114000,11,3000,2017-07-25,1
8702,20170725,8704,114000,115000,11,4000,2017-07-25,1
8703,20170725,8705,115000,120000,11,5000,2017-07-25,1
8704,20170725,8706,120000,121000,12,0,2017-07-25,1
8705,20170725,8707,121000,122000,12,1000,2017-07-25,1
8706,20170725,8708,122000,123000,12,2000,2017-07-25,1
8707,20170725,8709,123000,124000,12,3000,2017-07-25,1
8708,20170725,8710,124000,125000,12,4000,2017-07-25,1
8709,20170725,8711,125000,130000,12,5000,2017-07-25,1
8710,20170725,8712,130000,131000,13,0,2017-07-25,1
8711,20170725,8713,131000,132000,13,1000,2017-07-25,1
8712,20170725,8714,132000,133000,13,2000,2017-07-25,1
8713,20170725,8715,133000,134000,13,3000,2017-07-25,1
8714,20170725,8716,134000,135000,13,4000,2017-07-25,1
8715,20170725,8717,135000,140000,13,5000,2017-07-25,1
8716,20170725,8718,140000,141000,14,0,2017-07-25,1
8717,20170725,8719,141000,142000,14,1000,2017-07-25,1
8718,20170725,8720,142000,143000,14,2000,2017-07-25,1
8719,20170725,8721,143000,144000,14,3000,2017-07-25,1
8720,20170725,8722,144000,145000,14,4000,2017-07-25,1
8721,20170725,8723,145000,150000,14,5000,2017-07-25,1
8722,20170725,8724,150000,151000,15,0,2017-07-25,1
8723,20170725,8725,151000,152000,15,1000,2017-07-25,1
8724,20170725,8726,152000,153000,15,2000,2017-07-25,1
8725,20170725,8727,153000,154000,15,3000,2017-07-25,1
8726,20170725,8728,154000,155000,15,4000,2017-07-25,1
8727,20170725,8729,155000,160000,15,5000,2017-07-25,1
8728,20170725,8730,160000,161000,16,0,2017-07-25,1
8729,20170725,8731,161000,162000,16,1000,2017-07-25,1
8730,20170725,8732,162000,163000,16,2000,2017-07-25,1
8731,20170725,8733,163000,164000,16,3000,2017-07-25,1
8732,20170725,8734,164000,165000,16,4000,2017-07-25,1
8733,20170725,8735,165000,170000,16,5000,2017-07-25,1
8734,20170725,8736,170000,171000,17,0,2017-07-25,1
8735,20170725,8737,171000,172000,17,1000,2017-07-25,1
8736,20170725,8738,172000,173000,17,2000,2017-07-25,1
8737,20170725,8739,173000,174000,17,3000,2017-07-25,1
8738,20170725,8740,174000,175000,17,4000,2017-07-25,1
8739,20170725,8741,175000,180000,17,5000,2017-07-25,1
8740,20170725,8742,180000,181000,18,0,2017-07-25,1
8741,20170725,8743,181000,182000,18,1000,2017-07-25,1
8742,20170725,8744,182000,183000,18,2000,2017-07-25,1
8743,20170725,8745,183000,184000,18,3000,2017-07-25,1
8744,20170725,8746,184000,185000,18,4000,2017-07-25,1
8745,20170725,8747,185000,190000,18,5000,2017-07-25,1
8746,20170725,8748,190000,191000,19,0,2017-07-25,1
8747,20170725,8749,191000,192000,19,1000,2017-07-25,1
8748,20170725,8750,192000,193000,19,2000,2017-07-25,1
8749,20170725,8751,193000,194000,19,3000,2017-07-25,1
8750,20170725,8752,194000,195000,19,4000,2017-07-25,1
8751,20170725,8753,195000,200000,19,5000,2017-07-25,1
8752,20170725,8754,200000,201000,20,0,2017-07-25,1
8753,20170725,8755,201000,202000,20,1000,2017-07-25,1
8754,20170725,8756,202000,203000,20,2000,2017-07-25,1
8755,20170725,8757,203000,204000,20,3000,2017-07-25,1
8756,20170725,8758,204000,205000,20,4000,2017-07-25,1
8757,20170725,8759,205000,210000,20,5000,2017-07-25,1
8758,20170725,8760,210000,211000,21,0,2017-07-25,1
8759,20170725,8761,211000,212000,21,1000,2017-07-25,1
8760,20170725,8762,212000,213000,21,2000,2017-07-25,1
8761,20170725,8763,213000,214000,21,3000,2017-07-25,1
8762,20170725,8764,214000,215000,21,4000,2017-07-25,1
8763,20170725,8765,215000,220000,21,5000,2017-07-25,1
8764,20170725,8766,220000,221000,22,0,2017-07-25,1
8765,20170725,8767,221000,222000,22,1000,2017-07-25,1
8766,20170725,8768,222000,223000,22,2000,2017-07-25,1
8767,20170725,8769,223000,224000,22,3000,2017-07-25,1
8768,20170725,8770,224000,225000,22,4000,2017-07-25,1
8769,20170725,8771,225000,230000,22,5000,2017-07-25,1
8770,20170726,8772,60000,61000,60,0,2017-07-26,2
8771,20170726,8773,61000,62000,61,0,2017-07-26,2
8772,20170726,8774,62000,63000,62,0,2017-07-26,2
8773,20170726,8775,63000,64000,63,0,2017-07-26,2
8774,20170726,8776,64000,65000,64,0,2017-07-26,2
8775,20170726,8777,65000,70000,65,0,2017-07-26,2
8776,20170726,8778,70000,71000,70,0,2017-07-26,2
8777,20170726,8779,71000,72000,71,0,2017-07-26,2
8778,20170726,8780,72000,73000,72,0,2017-07-26,2
8779,20170726,8781,73000,74000,73,0,2017-07-26,2
8780,20170726,8782,74000,75000,74,0,2017-07-26,2
8781,20170726,8783,75000,80000,75,0,2017-07-26,2
8782,20170726,8784,80000,81000,80,0,2017-07-26,2
8783,20170726,8785,81000,82000,81,0,2017-07-26,2
8784,20170726,8786,82000,83000,82,0,2017-07-26,2
8785,20170726,8787,83000,84000,83,0,2017-07-26,2
8786,20170726,8788,84000,85000,84,0,2017-07-26,2
8787,20170726,8789,85000,90000,85,0,2017-07-26,2
8788,20170726,8790,90000,91000,90,0,2017-07-26,2
8789,20170726,8791,91000,92000,91,0,2017-07-26,2
8790,20170726,8792,92000,93000,92,0,2017-07-26,2
8791,20170726,8793,93000,94000,93,0,2017-07-26,2
8792,20170726,8794,94000,95000,94,0,2017-07-26,2
8793,20170726,8795,95000,100000,95,0,2017-07-26,2
8794,20170726,8796,100000,101000,10,0,2017-07-26,2
8795,20170726,8797,101000,102000,10,1000,2017-07-26,2
8796,20170726,8798,102000,103000,10,2000,2017-07-26,2
8797,20170726,8799,103000,104000,10,3000,2017-07-26,2
8798,20170726,8800,104000,105000,10,4000,2017-07-26,2
8799,20170726,8801,105000,110000,10,5000,2017-07-26,2
8800,20170726,8802,110000,111000,11,0,2017-07-26,2
8801,20170726,8803,111000,112000,11,1000,2017-07-26,2
8802,20170726,8804,112000,113000,11,2000,2017-07-26,2
8803,20170726,8805,113000,114000,11,3000,2017-07-26,2
8804,20170726,8806,114000,115000,11,4000,2017-07-26,2
8805,20170726,8807,115000,120000,11,5000,2017-07-26,2
8806,20170726,8808,120000,121000,12,0,2017-07-26,2
8807,20170726,8809,121000,122000,12,1000,2017-07-26,2
8808,20170726,8810,122000,123000,12,2000,2017-07-26,2
8809,20170726,8811,123000,124000,12,3000,2017-07-26,2
8810,20170726,8812,124000,125000,12,4000,2017-07-26,2
8811,20170726,8813,125000,130000,12,5000,2017-07-26,2
8812,20170726,8814,130000,131000,13,0,2017-07-26,2
8813,20170726,8815,131000,132000,13,1000,2017-07-26,2
8814,20170726,8816,132000,133000,13,2000,2017-07-26,2
8815,20170726,8817,133000,134000,13,3000,2017-07-26,2
8816,20170726,8818,134000,135000,13,4000,2017-07-26,2
8817,20170726,8819,135000,140000,13,5000,2017-07-26,2
8818,20170726,8820,140000,141000,14,0,2017-07-26,2
8819,20170726,8821,141000,142000,14,1000,2017-07-26,2
8820,20170726,8822,142000,143000,14,2000,2017-07-26,2
8821,20170726,8823,143000,144000,14,3000,2017-07-26,2
8822,20170726,8824,144000,145000,14,4000,2017-07-26,2
8823,20170726,8825,145000,150000,14,5000,2017-07-26,2
8824,20170726,8826,150000,151000,15,0,2017-07-26,2
8825,20170726,8827,151000,152000,15,1000,2017-07-26,2
8826,20170726,8828,152000,153000,15,2000,2017-07-26,2
8827,20170726,8829,153000,154000,15,3000,2017-07-26,2
8828,20170726,8830,154000,155000,15,4000,2017-07-26,2
8829,20170726,8831,155000,160000,15,5000,2017-07-26,2
8830,20170726,8832,160000,161000,16,0,2017-07-26,2
8831,20170726,8833,161000,162000,16,1000,2017-07-26,2
8832,20170726,8834,162000,163000,16,2000,2017-07-26,2
8833,20170726,8835,163000,164000,16,3000,2017-07-26,2
8834,20170726,8836,164000,165000,16,4000,2017-07-26,2
8835,20170726,8837,165000,170000,16,5000,2017-07-26,2
8836,20170726,8838,170000,171000,17,0,2017-07-26,2
8837,20170726,8839,171000,172000,17,1000,2017-07-26,2
8838,20170726,8840,172000,173000,17,2000,2017-07-26,2
8839,20170726,8841,173000,174000,17,3000,2017-07-26,2
8840,20170726,8842,174000,175000,17,4000,2017-07-26,2
8841,20170726,8843,175000,180000,17,5000,2017-07-26,2
8842,20170726,8844,180000,181000,18,0,2017-07-26,2
8843,20170726,8845,181000,182000,18,1000,2017-07-26,2
8844,20170726,8846,182000,183000,18,2000,2017-07-26,2
8845,20170726,8847,183000,184000,18,3000,2017-07-26,2
8846,20170726,8848,184000,185000,18,4000,2017-07-26,2
8847,20170726,8849,185000,190000,18,5000,2017-07-26,2
8848,20170726,8850,190000,191000,19,0,2017-07-26,2
8849,20170726,8851,191000,192000,19,1000,2017-07-26,2
8850,20170726,8852,192000,193000,19,2000,2017-07-26,2
8851,20170726,8853,193000,194000,19,3000,2017-07-26,2
8852,20170726,8854,194000,195000,19,4000,2017-07-26,2
8853,20170726,8855,195000,200000,19,5000,2017-07-26,2
8854,20170726,8856,200000,201000,20,0,2017-07-26,2
8855,20170726,8857,201000,202000,20,1000,2017-07-26,2
8856,20170726,8858,202000,203000,20,2000,2017-07-26,2
8857,20170726,8859,203000,204000,20,3000,2017-07-26,2
8858,20170726,8860,204000,205000,20,4000,2017-07-26,2
8859,20170726,8861,205000,210000,20,5000,2017-07-26,2
8860,20170726,8862,210000,211000,21,0,2017-07-26,2
8861,20170726,8863,211000,212000,21,1000,2017-07-26,2
8862,20170726,8864,212000,213000,21,2000,2017-07-26,2
8863,20170726,8865,213000,214000,21,3000,2017-07-26,2
8864,20170726,8866,214000,215000,21,4000,2017-07-26,2
8865,20170726,8867,215000,220000,21,5000,2017-07-26,2
8866,20170726,8868,220000,221000,22,0,2017-07-26,2
8867,20170726,8869,221000,222000,22,1000,2017-07-26,2
8868,20170726,8870,222000,223000,22,2000,2017-07-26,2
8869,20170726,8871,223000,224000,22,3000,2017-07-26,2
8870,20170726,8872,224000,225000,22,4000,2017-07-26,2
8871,20170726,8873,225000,230000,22,5000,2017-07-26,2
8872,20170727,8874,60000,61000,60,0,2017-07-27,3
8873,20170727,8875,61000,62000,61,0,2017-07-27,3
8874,20170727,8876,62000,63000,62,0,2017-07-27,3
8875,20170727,8877,63000,64000,63,0,2017-07-27,3
8876,20170727,8878,64000,65000,64,0,2017-07-27,3
8877,20170727,8879,65000,70000,65,0,2017-07-27,3
8878,20170727,8880,70000,71000,70,0,2017-07-27,3
8879,20170727,8881,71000,72000,71,0,2017-07-27,3
8880,20170727,8882,72000,73000,72,0,2017-07-27,3
8881,20170727,8883,73000,74000,73,0,2017-07-27,3
8882,20170727,8884,74000,75000,74,0,2017-07-27,3
8883,20170727,8885,75000,80000,75,0,2017-07-27,3
8884,20170727,8886,80000,81000,80,0,2017-07-27,3
8885,20170727,8887,81000,82000,81,0,2017-07-27,3
8886,20170727,8888,82000,83000,82,0,2017-07-27,3
8887,20170727,8889,83000,84000,83,0,2017-07-27,3
8888,20170727,8890,84000,85000,84,0,2017-07-27,3
8889,20170727,8891,85000,90000,85,0,2017-07-27,3
8890,20170727,8892,90000,91000,90,0,2017-07-27,3
8891,20170727,8893,91000,92000,91,0,2017-07-27,3
8892,20170727,8894,92000,93000,92,0,2017-07-27,3
8893,20170727,8895,93000,94000,93,0,2017-07-27,3
8894,20170727,8896,94000,95000,94,0,2017-07-27,3
8895,20170727,8897,95000,100000,95,0,2017-07-27,3
8896,20170727,8898,100000,101000,10,0,2017-07-27,3
8897,20170727,8899,101000,102000,10,1000,2017-07-27,3
8898,20170727,8900,102000,103000,10,2000,2017-07-27,3
8899,20170727,8901,103000,104000,10,3000,2017-07-27,3
8900,20170727,8902,104000,105000,10,4000,2017-07-27,3
8901,20170727,8903,105000,110000,10,5000,2017-07-27,3
8902,20170727,8904,110000,111000,11,0,2017-07-27,3
8903,20170727,8905,111000,112000,11,1000,2017-07-27,3
8904,20170727,8906,112000,113000,11,2000,2017-07-27,3
8905,20170727,8907,113000,114000,11,3000,2017-07-27,3
8906,20170727,8908,114000,115000,11,4000,2017-07-27,3
8907,20170727,8909,115000,120000,11,5000,2017-07-27,3
8908,20170727,8910,120000,121000,12,0,2017-07-27,3
8909,20170727,8911,121000,122000,12,1000,2017-07-27,3
8910,20170727,8912,122000,123000,12,2000,2017-07-27,3
8911,20170727,8913,123000,124000,12,3000,2017-07-27,3
8912,20170727,8914,124000,125000,12,4000,2017-07-27,3
8913,20170727,8915,125000,130000,12,5000,2017-07-27,3
8914,20170727,8916,130000,131000,13,0,2017-07-27,3
8915,20170727,8917,131000,132000,13,1000,2017-07-27,3
8916,20170727,8918,132000,133000,13,2000,2017-07-27,3
8917,20170727,8919,133000,134000,13,3000,2017-07-27,3
8918,20170727,8920,134000,135000,13,4000,2017-07-27,3
8919,20170727,8921,135000,140000,13,5000,2017-07-27,3
8920,20170727,8922,140000,141000,14,0,2017-07-27,3
8921,20170727,8923,141000,142000,14,1000,2017-07-27,3
8922,20170727,8924,142000,143000,14,2000,2017-07-27,3
8923,20170727,8925,143000,144000,14,3000,2017-07-27,3
8924,20170727,8926,144000,145000,14,4000,2017-07-27,3
8925,20170727,8927,145000,150000,14,5000,2017-07-27,3
8926,20170727,8928,150000,151000,15,0,2017-07-27,3
8927,20170727,8929,151000,152000,15,1000,2017-07-27,3
8928,20170727,8930,152000,153000,15,2000,2017-07-27,3
8929,20170727,8931,153000,154000,15,3000,2017-07-27,3
8930,20170727,8932,154000,155000,15,4000,2017-07-27,3
8931,20170727,8933,155000,160000,15,5000,2017-07-27,3
8932,20170727,8934,160000,161000,16,0,2017-07-27,3
8933,20170727,8935,161000,162000,16,1000,2017-07-27,3
8934,20170727,8936,162000,163000,16,2000,2017-07-27,3
8935,20170727,8937,163000,164000,16,3000,2017-07-27,3
8936,20170727,8938,164000,165000,16,4000,2017-07-27,3
8937,20170727,8939,165000,170000,16,5000,2017-07-27,3
8938,20170727,8940,170000,171000,17,0,2017-07-27,3
8939,20170727,8941,171000,172000,17,1000,2017-07-27,3
8940,20170727,8942,172000,173000,17,2000,2017-07-27,3
8941,20170727,8943,173000,174000,17,3000,2017-07-27,3
8942,20170727,8944,174000,175000,17,4000,2017-07-27,3
8943,20170727,8945,175000,180000,17,5000,2017-07-27,3
8944,20170727,8946,180000,181000,18,0,2017-07-27,3
8945,20170727,8947,181000,182000,18,1000,2017-07-27,3
8946,20170727,8948,182000,183000,18,2000,2017-07-27,3
8947,20170727,8949,183000,184000,18,3000,2017-07-27,3
8948,20170727,8950,184000,185000,18,4000,2017-07-27,3
8949,20170727,8951,185000,190000,18,5000,2017-07-27,3
8950,20170727,8952,190000,191000,19,0,2017-07-27,3
8951,20170727,8953,191000,192000,19,1000,2017-07-27,3
8952,20170727,8954,192000,193000,19,2000,2017-07-27,3
8953,20170727,8955,193000,194000,19,3000,2017-07-27,3
8954,20170727,8956,194000,195000,19,4000,2017-07-27,3
8955,20170727,8957,195000,200000,19,5000,2017-07-27,3
8956,20170727,8958,200000,201000,20,0,2017-07-27,3
8957,20170727,8959,201000,202000,20,1000,2017-07-27,3
8958,20170727,8960,202000,203000,20,2000,2017-07-27,3
8959,20170727,8961,203000,204000,20,3000,2017-07-27,3
8960,20170727,8962,204000,205000,20,4000,2017-07-27,3
8961,20170727,8963,205000,210000,20,5000,2017-07-27,3
8962,20170727,8964,210000,211000,21,0,2017-07-27,3
8963,20170727,8965,211000,212000,21,1000,2017-07-27,3
8964,20170727,8966,212000,213000,21,2000,2017-07-27,3
8965,20170727,8967,213000,214000,21,3000,2017-07-27,3
8966,20170727,8968,214000,215000,21,4000,2017-07-27,3
8967,20170727,8969,215000,220000,21,5000,2017-07-27,3
8968,20170727,8970,220000,221000,22,0,2017-07-27,3
8969,20170727,8971,221000,222000,22,1000,2017-07-27,3
8970,20170727,8972,222000,223000,22,2000,2017-07-27,3
8971,20170727,8973,223000,224000,22,3000,2017-07-27,3
8972,20170727,8974,224000,225000,22,4000,2017-07-27,3
8973,20170727,8975,225000,230000,22,5000,2017-07-27,3
8974,20170728,8976,60000,61000,60,0,2017-07-28,4
8975,20170728,8977,61000,62000,61,0,2017-07-28,4
8976,20170728,8978,62000,63000,62,0,2017-07-28,4
8977,20170728,8979,63000,64000,63,0,2017-07-28,4
8978,20170728,8980,64000,65000,64,0,2017-07-28,4
8979,20170728,8981,65000,70000,65,0,2017-07-28,4
8980,20170728,8982,70000,71000,70,0,2017-07-28,4
8981,20170728,8983,71000,72000,71,0,2017-07-28,4
8982,20170728,8984,72000,73000,72,0,2017-07-28,4
8983,20170728,8985,73000,74000,73,0,2017-07-28,4
8984,20170728,8986,74000,75000,74,0,2017-07-28,4
8985,20170728,8987,75000,80000,75,0,2017-07-28,4
8986,20170728,8988,80000,81000,80,0,2017-07-28,4
8987,20170728,8989,81000,82000,81,0,2017-07-28,4
8988,20170728,8990,82000,83000,82,0,2017-07-28,4
8989,20170728,8991,83000,84000,83,0,2017-07-28,4
8990,20170728,8992,84000,85000,84,0,2017-07-28,4
8991,20170728,8993,85000,90000,85,0,2017-07-28,4
8992,20170728,8994,90000,91000,90,0,2017-07-28,4
8993,20170728,8995,91000,92000,91,0,2017-07-28,4
8994,20170728,8996,92000,93000,92,0,2017-07-28,4
8995,20170728,8997,93000,94000,93,0,2017-07-28,4
8996,20170728,8998,94000,95000,94,0,2017-07-28,4
8997,20170728,8999,95000,100000,95,0,2017-07-28,4
8998,20170728,9000,100000,101000,10,0,2017-07-28,4
8999,20170728,9001,101000,102000,10,1000,2017-07-28,4
9000,20170728,9002,102000,103000,10,2000,2017-07-28,4
9001,20170728,9003,103000,104000,10,3000,2017-07-28,4
9002,20170728,9004,104000,105000,10,4000,2017-07-28,4
9003,20170728,9005,105000,110000,10,5000,2017-07-28,4
9004,20170728,9006,110000,111000,11,0,2017-07-28,4
9005,20170728,9007,111000,112000,11,1000,2017-07-28,4
9006,20170728,9008,112000,113000,11,2000,2017-07-28,4
9007,20170728,9009,113000,114000,11,3000,2017-07-28,4
9008,20170728,9010,114000,115000,11,4000,2017-07-28,4
9009,20170728,9011,115000,120000,11,5000,2017-07-28,4
9010,20170728,9012,120000,121000,12,0,2017-07-28,4
9011,20170728,9013,121000,122000,12,1000,2017-07-28,4
9012,20170728,9014,122000,123000,12,2000,2017-07-28,4
9013,20170728,9015,123000,124000,12,3000,2017-07-28,4
9014,20170728,9016,124000,125000,12,4000,2017-07-28,4
9015,20170728,9017,125000,130000,12,5000,2017-07-28,4
9016,20170728,9018,130000,131000,13,0,2017-07-28,4
9017,20170728,9019,131000,132000,13,1000,2017-07-28,4
9018,20170728,9020,132000,133000,13,2000,2017-07-28,4
9019,20170728,9021,133000,134000,13,3000,2017-07-28,4
9020,20170728,9022,134000,135000,13,4000,2017-07-28,4
9021,20170728,9023,135000,140000,13,5000,2017-07-28,4
9022,20170728,9024,140000,141000,14,0,2017-07-28,4
9023,20170728,9025,141000,142000,14,1000,2017-07-28,4
9024,20170728,9026,142000,143000,14,2000,2017-07-28,4
9025,20170728,9027,143000,144000,14,3000,2017-07-28,4
9026,20170728,9028,144000,145000,14,4000,2017-07-28,4
9027,20170728,9029,145000,150000,14,5000,2017-07-28,4
9028,20170728,9030,150000,151000,15,0,2017-07-28,4
9029,20170728,9031,151000,152000,15,1000,2017-07-28,4
9030,20170728,9032,152000,153000,15,2000,2017-07-28,4
9031,20170728,9033,153000,154000,15,3000,2017-07-28,4
9032,20170728,9034,154000,155000,15,4000,2017-07-28,4
9033,20170728,9035,155000,160000,15,5000,2017-07-28,4
9034,20170728,9036,160000,161000,16,0,2017-07-28,4
9035,20170728,9037,161000,162000,16,1000,2017-07-28,4
9036,20170728,9038,162000,163000,16,2000,2017-07-28,4
9037,20170728,9039,163000,164000,16,3000,2017-07-28,4
9038,20170728,9040,164000,165000,16,4000,2017-07-28,4
9039,20170728,9041,165000,170000,16,5000,2017-07-28,4
9040,20170728,9042,170000,171000,17,0,2017-07-28,4
9041,20170728,9043,171000,172000,17,1000,2017-07-28,4
9042,20170728,9044,172000,173000,17,2000,2017-07-28,4
9043,20170728,9045,173000,174000,17,3000,2017-07-28,4
9044,20170728,9046,174000,175000,17,4000,2017-07-28,4
9045,20170728,9047,175000,180000,17,5000,2017-07-28,4
9046,20170728,9048,180000,181000,18,0,2017-07-28,4
9047,20170728,9049,181000,182000,18,1000,2017-07-28,4
9048,20170728,9050,182000,183000,18,2000,2017-07-28,4
9049,20170728,9051,183000,184000,18,3000,2017-07-28,4
9050,20170728,9052,184000,185000,18,4000,2017-07-28,4
9051,20170728,9053,185000,190000,18,5000,2017-07-28,4
9052,20170728,9054,190000,191000,19,0,2017-07-28,4
9053,20170728,9055,191000,192000,19,1000,2017-07-28,4
9054,20170728,9056,192000,193000,19,2000,2017-07-28,4
9055,20170728,9057,193000,194000,19,3000,2017-07-28,4
9056,20170728,9058,194000,195000,19,4000,2017-07-28,4
9057,20170728,9059,195000,200000,19,5000,2017-07-28,4
9058,20170728,9060,200000,201000,20,0,2017-07-28,4
9059,20170728,9061,201000,202000,20,1000,2017-07-28,4
9060,20170728,9062,202000,203000,20,2000,2017-07-28,4
9061,20170728,9063,203000,204000,20,3000,2017-07-28,4
9062,20170728,9064,204000,205000,20,4000,2017-07-28,4
9063,20170728,9065,205000,210000,20,5000,2017-07-28,4
9064,20170728,9066,210000,211000,21,0,2017-07-28,4
9065,20170728,9067,211000,212000,21,1000,2017-07-28,4
9066,20170728,9068,212000,213000,21,2000,2017-07-28,4
9067,20170728,9069,213000,214000,21,3000,2017-07-28,4
9068,20170728,9070,214000,215000,21,4000,2017-07-28,4
9069,20170728,9071,215000,220000,21,5000,2017-07-28,4
9070,20170728,9072,220000,221000,22,0,2017-07-28,4
9071,20170728,9073,221000,222000,22,1000,2017-07-28,4
9072,20170728,9074,222000,223000,22,2000,2017-07-28,4
9073,20170728,9075,223000,224000,22,3000,2017-07-28,4
9074,20170728,9076,224000,225000,22,4000,2017-07-28,4
9075,20170728,9077,225000,230000,22,5000,2017-07-28,4
9076,20170729,9078,60000,61000,60,0,2017-07-29,5
9077,20170729,9079,61000,62000,61,0,2017-07-29,5
9078,20170729,9080,62000,63000,62,0,2017-07-29,5
9079,20170729,9081,63000,64000,63,0,2017-07-29,5
9080,20170729,9082,64000,65000,64,0,2017-07-29,5
9081,20170729,9083,65000,70000,65,0,2017-07-29,5
9082,20170729,9084,70000,71000,70,0,2017-07-29,5
9083,20170729,9085,71000,72000,71,0,2017-07-29,5
9084,20170729,9086,72000,73000,72,0,2017-07-29,5
9085,20170729,9087,73000,74000,73,0,2017-07-29,5
9086,20170729,9088,74000,75000,74,0,2017-07-29,5
9087,20170729,9089,75000,80000,75,0,2017-07-29,5
9088,20170729,9090,80000,81000,80,0,2017-07-29,5
9089,20170729,9091,81000,82000,81,0,2017-07-29,5
9090,20170729,9092,82000,83000,82,0,2017-07-29,5
9091,20170729,9093,83000,84000,83,0,2017-07-29,5
9092,20170729,9094,84000,85000,84,0,2017-07-29,5
9093,20170729,9095,85000,90000,85,0,2017-07-29,5
9094,20170729,9096,90000,91000,90,0,2017-07-29,5
9095,20170729,9097,91000,92000,91,0,2017-07-29,5
9096,20170729,9098,92000,93000,92,0,2017-07-29,5
9097,20170729,9099,93000,94000,93,0,2017-07-29,5
9098,20170729,9100,94000,95000,94,0,2017-07-29,5
9099,20170729,9101,95000,100000,95,0,2017-07-29,5
9100,20170729,9102,100000,101000,10,0,2017-07-29,5
9101,20170729,9103,101000,102000,10,1000,2017-07-29,5
9102,20170729,9104,102000,103000,10,2000,2017-07-29,5
9103,20170729,9105,103000,104000,10,3000,2017-07-29,5
9104,20170729,9106,104000,105000,10,4000,2017-07-29,5
9105,20170729,9107,105000,110000,10,5000,2017-07-29,5
9106,20170729,9108,110000,111000,11,0,2017-07-29,5
9107,20170729,9109,111000,112000,11,1000,2017-07-29,5
9108,20170729,9110,112000,113000,11,2000,2017-07-29,5
9109,20170729,9111,113000,114000,11,3000,2017-07-29,5
9110,20170729,9112,114000,115000,11,4000,2017-07-29,5
9111,20170729,9113,115000,120000,11,5000,2017-07-29,5
9112,20170729,9114,120000,121000,12,0,2017-07-29,5
9113,20170729,9115,121000,122000,12,1000,2017-07-29,5
9114,20170729,9116,122000,123000,12,2000,2017-07-29,5
9115,20170729,9117,123000,124000,12,3000,2017-07-29,5
9116,20170729,9118,124000,125000,12,4000,2017-07-29,5
9117,20170729,9119,125000,130000,12,5000,2017-07-29,5
9118,20170729,9120,130000,131000,13,0,2017-07-29,5
9119,20170729,9121,131000,132000,13,1000,2017-07-29,5
9120,20170729,9122,132000,133000,13,2000,2017-07-29,5
9121,20170729,9123,133000,134000,13,3000,2017-07-29,5
9122,20170729,9124,134000,135000,13,4000,2017-07-29,5
9123,20170729,9125,135000,140000,13,5000,2017-07-29,5
9124,20170729,9126,140000,141000,14,0,2017-07-29,5
9125,20170729,9127,141000,142000,14,1000,2017-07-29,5
9126,20170729,9128,142000,143000,14,2000,2017-07-29,5
9127,20170729,9129,143000,144000,14,3000,2017-07-29,5
9128,20170729,9130,144000,145000,14,4000,2017-07-29,5
9129,20170729,9131,145000,150000,14,5000,2017-07-29,5
9130,20170729,9132,150000,151000,15,0,2017-07-29,5
9131,20170729,9133,151000,152000,15,1000,2017-07-29,5
9132,20170729,9134,152000,153000,15,2000,2017-07-29,5
9133,20170729,9135,153000,154000,15,3000,2017-07-29,5
9134,20170729,9136,154000,155000,15,4000,2017-07-29,5
9135,20170729,9137,155000,160000,15,5000,2017-07-29,5
9136,20170729,9138,160000,161000,16,0,2017-07-29,5
9137,20170729,9139,161000,162000,16,1000,2017-07-29,5
9138,20170729,9140,162000,163000,16,2000,2017-07-29,5
9139,20170729,9141,163000,164000,16,3000,2017-07-29,5
9140,20170729,9142,164000,165000,16,4000,2017-07-29,5
9141,20170729,9143,165000,170000,16,5000,2017-07-29,5
9142,20170729,9144,170000,171000,17,0,2017-07-29,5
9143,20170729,9145,171000,172000,17,1000,2017-07-29,5
9144,20170729,9146,172000,173000,17,2000,2017-07-29,5
9145,20170729,9147,173000,174000,17,3000,2017-07-29,5
9146,20170729,9148,174000,175000,17,4000,2017-07-29,5
9147,20170729,9149,175000,180000,17,5000,2017-07-29,5
9148,20170729,9150,180000,181000,18,0,2017-07-29,5
9149,20170729,9151,181000,182000,18,1000,2017-07-29,5
9150,20170729,9152,182000,183000,18,2000,2017-07-29,5
9151,20170729,9153,183000,184000,18,3000,2017-07-29,5
9152,20170729,9154,184000,185000,18,4000,2017-07-29,5
9153,20170729,9155,185000,190000,18,5000,2017-07-29,5
9154,20170729,9156,190000,191000,19,0,2017-07-29,5
9155,20170729,9157,191000,192000,19,1000,2017-07-29,5
9156,20170729,9158,192000,193000,19,2000,2017-07-29,5
9157,20170729,9159,193000,194000,19,3000,2017-07-29,5
9158,20170729,9160,194000,195000,19,4000,2017-07-29,5
9159,20170729,9161,195000,200000,19,5000,2017-07-29,5
9160,20170729,9162,200000,201000,20,0,2017-07-29,5
9161,20170729,9163,201000,202000,20,1000,2017-07-29,5
9162,20170729,9164,202000,203000,20,2000,2017-07-29,5
9163,20170729,9165,203000,204000,20,3000,2017-07-29,5
9164,20170729,9166,204000,205000,20,4000,2017-07-29,5
9165,20170729,9167,205000,210000,20,5000,2017-07-29,5
9166,20170729,9168,210000,211000,21,0,2017-07-29,5
9167,20170729,9169,211000,212000,21,1000,2017-07-29,5
9168,20170729,9170,212000,213000,21,2000,2017-07-29,5
9169,20170729,9171,213000,214000,21,3000,2017-07-29,5
9170,20170729,9172,214000,215000,21,4000,2017-07-29,5
9171,20170729,9173,215000,220000,21,5000,2017-07-29,5
9172,20170729,9174,220000,221000,22,0,2017-07-29,5
9173,20170729,9175,221000,222000,22,1000,2017-07-29,5
9174,20170729,9176,222000,223000,22,2000,2017-07-29,5
9175,20170729,9177,223000,224000,22,3000,2017-07-29,5
9176,20170729,9178,224000,225000,22,4000,2017-07-29,5
9177,20170729,9179,225000,230000,22,5000,2017-07-29,5
9178,20170730,9180,60000,61000,60,0,2017-07-30,6
9179,20170730,9181,61000,62000,61,0,2017-07-30,6
9180,20170730,9182,62000,63000,62,0,2017-07-30,6
9181,20170730,9183,63000,64000,63,0,2017-07-30,6
9182,20170730,9184,64000,65000,64,0,2017-07-30,6
9183,20170730,9185,65000,70000,65,0,2017-07-30,6
9184,20170730,9186,70000,71000,70,0,2017-07-30,6
9185,20170730,9187,71000,72000,71,0,2017-07-30,6
9186,20170730,9188,72000,73000,72,0,2017-07-30,6
9187,20170730,9189,73000,74000,73,0,2017-07-30,6
9188,20170730,9190,74000,75000,74,0,2017-07-30,6
9189,20170730,9191,75000,80000,75,0,2017-07-30,6
9190,20170730,9192,80000,81000,80,0,2017-07-30,6
9191,20170730,9193,81000,82000,81,0,2017-07-30,6
9192,20170730,9194,82000,83000,82,0,2017-07-30,6
9193,20170730,9195,83000,84000,83,0,2017-07-30,6
9194,20170730,9196,84000,85000,84,0,2017-07-30,6
9195,20170730,9197,85000,90000,85,0,2017-07-30,6
9196,20170730,9198,90000,91000,90,0,2017-07-30,6
9197,20170730,9199,91000,92000,91,0,2017-07-30,6
9198,20170730,9200,92000,93000,92,0,2017-07-30,6
9199,20170730,9201,93000,94000,93,0,2017-07-30,6
9200,20170730,9202,94000,95000,94,0,2017-07-30,6
9201,20170730,9203,95000,100000,95,0,2017-07-30,6
9202,20170730,9204,100000,101000,10,0,2017-07-30,6
9203,20170730,9205,101000,102000,10,1000,2017-07-30,6
9204,20170730,9206,102000,103000,10,2000,2017-07-30,6
9205,20170730,9207,103000,104000,10,3000,2017-07-30,6
9206,20170730,9208,104000,105000,10,4000,2017-07-30,6
9207,20170730,9209,105000,110000,10,5000,2017-07-30,6
9208,20170730,9210,110000,111000,11,0,2017-07-30,6
9209,20170730,9211,111000,112000,11,1000,2017-07-30,6
9210,20170730,9212,112000,113000,11,2000,2017-07-30,6
9211,20170730,9213,113000,114000,11,3000,2017-07-30,6
9212,20170730,9214,114000,115000,11,4000,2017-07-30,6
9213,20170730,9215,115000,120000,11,5000,2017-07-30,6
9214,20170730,9216,120000,121000,12,0,2017-07-30,6
9215,20170730,9217,121000,122000,12,1000,2017-07-30,6
9216,20170730,9218,122000,123000,12,2000,2017-07-30,6
9217,20170730,9219,123000,124000,12,3000,2017-07-30,6
9218,20170730,9220,124000,125000,12,4000,2017-07-30,6
9219,20170730,9221,125000,130000,12,5000,2017-07-30,6
9220,20170730,9222,130000,131000,13,0,2017-07-30,6
9221,20170730,9223,131000,132000,13,1000,2017-07-30,6
9222,20170730,9224,132000,133000,13,2000,2017-07-30,6
9223,20170730,9225,133000,134000,13,3000,2017-07-30,6
9224,20170730,9226,134000,135000,13,4000,2017-07-30,6
9225,20170730,9227,135000,140000,13,5000,2017-07-30,6
9226,20170730,9228,140000,141000,14,0,2017-07-30,6
9227,20170730,9229,141000,142000,14,1000,2017-07-30,6
9228,20170730,9230,142000,143000,14,2000,2017-07-30,6
9229,20170730,9231,143000,144000,14,3000,2017-07-30,6
9230,20170730,9232,144000,145000,14,4000,2017-07-30,6
9231,20170730,9233,145000,150000,14,5000,2017-07-30,6
9232,20170730,9234,150000,151000,15,0,2017-07-30,6
9233,20170730,9235,151000,152000,15,1000,2017-07-30,6
9234,20170730,9236,152000,153000,15,2000,2017-07-30,6
9235,20170730,9237,153000,154000,15,3000,2017-07-30,6
9236,20170730,9238,154000,155000,15,4000,2017-07-30,6
9237,20170730,9239,155000,160000,15,5000,2017-07-30,6
9238,20170730,9240,160000,161000,16,0,2017-07-30,6
9239,20170730,9241,161000,162000,16,1000,2017-07-30,6
9240,20170730,9242,162000,163000,16,2000,2017-07-30,6
9241,20170730,9243,163000,164000,16,3000,2017-07-30,6
9242,20170730,9244,164000,165000,16,4000,2017-07-30,6
9243,20170730,9245,165000,170000,16,5000,2017-07-30,6
9244,20170730,9246,170000,171000,17,0,2017-07-30,6
9245,20170730,9247,171000,172000,17,1000,2017-07-30,6
9246,20170730,9248,172000,173000,17,2000,2017-07-30,6
9247,20170730,9249,173000,174000,17,3000,2017-07-30,6
9248,20170730,9250,174000,175000,17,4000,2017-07-30,6
9249,20170730,9251,175000,180000,17,5000,2017-07-30,6
9250,20170730,9252,180000,181000,18,0,2017-07-30,6
9251,20170730,9253,181000,182000,18,1000,2017-07-30,6
9252,20170730,9254,182000,183000,18,2000,2017-07-30,6
9253,20170730,9255,183000,184000,18,3000,2017-07-30,6
9254,20170730,9256,184000,185000,18,4000,2017-07-30,6
9255,20170730,9257,185000,190000,18,5000,2017-07-30,6
9256,20170730,9258,190000,191000,19,0,2017-07-30,6
9257,20170730,9259,191000,192000,19,1000,2017-07-30,6
9258,20170730,9260,192000,193000,19,2000,2017-07-30,6
9259,20170730,9261,193000,194000,19,3000,2017-07-30,6
9260,20170730,9262,194000,195000,19,4000,2017-07-30,6
9261,20170730,9263,195000,200000,19,5000,2017-07-30,6
9262,20170730,9264,200000,201000,20,0,2017-07-30,6
9263,20170730,9265,201000,202000,20,1000,2017-07-30,6
9264,20170730,9266,202000,203000,20,2000,2017-07-30,6
9265,20170730,9267,203000,204000,20,3000,2017-07-30,6
9266,20170730,9268,204000,205000,20,4000,2017-07-30,6
9267,20170730,9269,205000,210000,20,5000,2017-07-30,6
9268,20170730,9270,210000,211000,21,0,2017-07-30,6
9269,20170730,9271,211000,212000,21,1000,2017-07-30,6
9270,20170730,9272,212000,213000,21,2000,2017-07-30,6
9271,20170730,9273,213000,214000,21,3000,2017-07-30,6
9272,20170730,9274,214000,215000,21,4000,2017-07-30,6
9273,20170730,9275,215000,220000,21,5000,2017-07-30,6
9274,20170730,9276,220000,221000,22,0,2017-07-30,6
9275,20170730,9277,221000,222000,22,1000,2017-07-30,6
9276,20170730,9278,222000,223000,22,2000,2017-07-30,6
9277,20170730,9279,223000,224000,22,3000,2017-07-30,6
9278,20170730,9280,224000,225000,22,4000,2017-07-30,6
9279,20170730,9281,225000,230000,22,5000,2017-07-30,6
9280,20170731,9282,60000,61000,60,0,2017-07-31,0
9281,20170731,9283,61000,62000,61,0,2017-07-31,0
9282,20170731,9284,62000,63000,62,0,2017-07-31,0
9283,20170731,9285,63000,64000,63,0,2017-07-31,0
9284,20170731,9286,64000,65000,64,0,2017-07-31,0
9285,20170731,9287,65000,70000,65,0,2017-07-31,0
9286,20170731,9288,70000,71000,70,0,2017-07-31,0
9287,20170731,9289,71000,72000,71,0,2017-07-31,0
9288,20170731,9290,72000,73000,72,0,2017-07-31,0
9289,20170731,9291,73000,74000,73,0,2017-07-31,0
9290,20170731,9292,74000,75000,74,0,2017-07-31,0
9291,20170731,9293,75000,80000,75,0,2017-07-31,0
9292,20170731,9294,80000,81000,80,0,2017-07-31,0
9293,20170731,9295,81000,82000,81,0,2017-07-31,0
9294,20170731,9296,82000,83000,82,0,2017-07-31,0
9295,20170731,9297,83000,84000,83,0,2017-07-31,0
9296,20170731,9298,84000,85000,84,0,2017-07-31,0
9297,20170731,9299,85000,90000,85,0,2017-07-31,0
9298,20170731,9300,90000,91000,90,0,2017-07-31,0
9299,20170731,9301,91000,92000,91,0,2017-07-31,0
9300,20170731,9302,92000,93000,92,0,2017-07-31,0
9301,20170731,9303,93000,94000,93,0,2017-07-31,0
9302,20170731,9304,94000,95000,94,0,2017-07-31,0
9303,20170731,9305,95000,100000,95,0,2017-07-31,0
9304,20170731,9306,100000,101000,10,0,2017-07-31,0
9305,20170731,9307,101000,102000,10,1000,2017-07-31,0
9306,20170731,9308,102000,103000,10,2000,2017-07-31,0
9307,20170731,9309,103000,104000,10,3000,2017-07-31,0
9308,20170731,9310,104000,105000,10,4000,2017-07-31,0
9309,20170731,9311,105000,110000,10,5000,2017-07-31,0
9310,20170731,9312,110000,111000,11,0,2017-07-31,0
9311,20170731,9313,111000,112000,11,1000,2017-07-31,0
9312,20170731,9314,112000,113000,11,2000,2017-07-31,0
9313,20170731,9315,113000,114000,11,3000,2017-07-31,0
9314,20170731,9316,114000,115000,11,4000,2017-07-31,0
9315,20170731,9317,115000,120000,11,5000,2017-07-31,0
9316,20170731,9318,120000,121000,12,0,2017-07-31,0
9317,20170731,9319,121000,122000,12,1000,2017-07-31,0
9318,20170731,9320,122000,123000,12,2000,2017-07-31,0
9319,20170731,9321,123000,124000,12,3000,2017-07-31,0
9320,20170731,9322,124000,125000,12,4000,2017-07-31,0
9321,20170731,9323,125000,130000,12,5000,2017-07-31,0
9322,20170731,9324,130000,131000,13,0,2017-07-31,0
9323,20170731,9325,131000,132000,13,1000,2017-07-31,0
9324,20170731,9326,132000,133000,13,2000,2017-07-31,0
9325,20170731,9327,133000,134000,13,3000,2017-07-31,0
9326,20170731,9328,134000,135000,13,4000,2017-07-31,0
9327,20170731,9329,135000,140000,13,5000,2017-07-31,0
9328,20170731,9330,140000,141000,14,0,2017-07-31,0
9329,20170731,9331,141000,142000,14,1000,2017-07-31,0
9330,20170731,9332,142000,143000,14,2000,2017-07-31,0
9331,20170731,9333,143000,144000,14,3000,2017-07-31,0
9332,20170731,9334,144000,145000,14,4000,2017-07-31,0
9333,20170731,9335,145000,150000,14,5000,2017-07-31,0
9334,20170731,9336,150000,151000,15,0,2017-07-31,0
9335,20170731,9337,151000,152000,15,1000,2017-07-31,0
9336,20170731,9338,152000,153000,15,2000,2017-07-31,0
9337,20170731,9339,153000,154000,15,3000,2017-07-31,0
9338,20170731,9340,154000,155000,15,4000,2017-07-31,0
9339,20170731,9341,155000,160000,15,5000,2017-07-31,0
9340,20170731,9342,160000,161000,16,0,2017-07-31,0
9341,20170731,9343,161000,162000,16,1000,2017-07-31,0
9342,20170731,9344,162000,163000,16,2000,2017-07-31,0
9343,20170731,9345,163000,164000,16,3000,2017-07-31,0
9344,20170731,9346,164000,165000,16,4000,2017-07-31,0
9345,20170731,9347,165000,170000,16,5000,2017-07-31,0
9346,20170731,9348,170000,171000,17,0,2017-07-31,0
9347,20170731,9349,171000,172000,17,1000,2017-07-31,0
9348,20170731,9350,172000,173000,17,2000,2017-07-31,0
9349,20170731,9351,173000,174000,17,3000,2017-07-31,0
9350,20170731,9352,174000,175000,17,4000,2017-07-31,0
9351,20170731,9353,175000,180000,17,5000,2017-07-31,0
9352,20170731,9354,180000,181000,18,0,2017-07-31,0
9353,20170731,9355,181000,182000,18,1000,2017-07-31,0
9354,20170731,9356,182000,183000,18,2000,2017-07-31,0
9355,20170731,9357,183000,184000,18,3000,2017-07-31,0
9356,20170731,9358,184000,185000,18,4000,2017-07-31,0
9357,20170731,9359,185000,190000,18,5000,2017-07-31,0
9358,20170731,9360,190000,191000,19,0,2017-07-31,0
9359,20170731,9361,191000,192000,19,1000,2017-07-31,0
9360,20170731,9362,192000,193000,19,2000,2017-07-31,0
9361,20170731,9363,193000,194000,19,3000,2017-07-31,0
9362,20170731,9364,194000,195000,19,4000,2017-07-31,0
9363,20170731,9365,195000,200000,19,5000,2017-07-31,0
9364,20170731,9366,200000,201000,20,0,2017-07-31,0
9365,20170731,9367,201000,202000,20,1000,2017-07-31,0
9366,20170731,9368,202000,203000,20,2000,2017-07-31,0
9367,20170731,9369,203000,204000,20,3000,2017-07-31,0
9368,20170731,9370,204000,205000,20,4000,2017-07-31,0
9369,20170731,9371,205000,210000,20,5000,2017-07-31,0
9370,20170731,9372,210000,211000,21,0,2017-07-31,0
9371,20170731,9373,211000,212000,21,1000,2017-07-31,0
9372,20170731,9374,212000,213000,21,2000,2017-07-31,0
9373,20170731,9375,213000,214000,21,3000,2017-07-31,0
9374,20170731,9376,214000,215000,21,4000,2017-07-31,0
9375,20170731,9377,215000,220000,21,5000,2017-07-31,0
9376,20170731,9378,220000,221000,22,0,2017-07-31,0
9377,20170731,9379,221000,222000,22,1000,2017-07-31,0
9378,20170731,9380,222000,223000,22,2000,2017-07-31,0
9379,20170731,9381,223000,224000,22,3000,2017-07-31,0
9380,20170731,9382,224000,225000,22,4000,2017-07-31,0
9381,20170731,9383,225000,230000,22,5000,2017-07-31,0
9382,20170801,9384,60000,61000,60,0,2017-08-01,1
9383,20170801,9385,61000,62000,61,0,2017-08-01,1
9384,20170801,9386,62000,63000,62,0,2017-08-01,1
9385,20170801,9387,63000,64000,63,0,2017-08-01,1
9386,20170801,9388,64000,65000,64,0,2017-08-01,1
9387,20170801,9389,65000,70000,65,0,2017-08-01,1
9388,20170801,9390,70000,71000,70,0,2017-08-01,1
9389,20170801,9391,71000,72000,71,0,2017-08-01,1
9390,20170801,9392,72000,73000,72,0,2017-08-01,1
9391,20170801,9393,73000,74000,73,0,2017-08-01,1
9392,20170801,9394,74000,75000,74,0,2017-08-01,1
9393,20170801,9395,75000,80000,75,0,2017-08-01,1
9394,20170801,9396,80000,81000,80,0,2017-08-01,1
9395,20170801,9397,81000,82000,81,0,2017-08-01,1
9396,20170801,9398,82000,83000,82,0,2017-08-01,1
9397,20170801,9399,83000,84000,83,0,2017-08-01,1
9398,20170801,9400,84000,85000,84,0,2017-08-01,1
9399,20170801,9401,85000,90000,85,0,2017-08-01,1
9400,20170801,9402,90000,91000,90,0,2017-08-01,1
9401,20170801,9403,91000,92000,91,0,2017-08-01,1
9402,20170801,9404,92000,93000,92,0,2017-08-01,1
9403,20170801,9405,93000,94000,93,0,2017-08-01,1
9404,20170801,9406,94000,95000,94,0,2017-08-01,1
9405,20170801,9407,95000,100000,95,0,2017-08-01,1
9406,20170801,9408,100000,101000,10,0,2017-08-01,1
9407,20170801,9409,101000,102000,10,1000,2017-08-01,1
9408,20170801,9410,102000,103000,10,2000,2017-08-01,1
9409,20170801,9411,103000,104000,10,3000,2017-08-01,1
9410,20170801,9412,104000,105000,10,4000,2017-08-01,1
9411,20170801,9413,105000,110000,10,5000,2017-08-01,1
9412,20170801,9414,110000,111000,11,0,2017-08-01,1
9413,20170801,9415,111000,112000,11,1000,2017-08-01,1
9414,20170801,9416,112000,113000,11,2000,2017-08-01,1
9415,20170801,9417,113000,114000,11,3000,2017-08-01,1
9416,20170801,9418,114000,115000,11,4000,2017-08-01,1
9417,20170801,9419,115000,120000,11,5000,2017-08-01,1
9418,20170801,9420,120000,121000,12,0,2017-08-01,1
9419,20170801,9421,121000,122000,12,1000,2017-08-01,1
9420,20170801,9422,122000,123000,12,2000,2017-08-01,1
9421,20170801,9423,123000,124000,12,3000,2017-08-01,1
9422,20170801,9424,124000,125000,12,4000,2017-08-01,1
9423,20170801,9425,125000,130000,12,5000,2017-08-01,1
9424,20170801,9426,130000,131000,13,0,2017-08-01,1
9425,20170801,9427,131000,132000,13,1000,2017-08-01,1
9426,20170801,9428,132000,133000,13,2000,2017-08-01,1
9427,20170801,9429,133000,134000,13,3000,2017-08-01,1
9428,20170801,9430,134000,135000,13,4000,2017-08-01,1
9429,20170801,9431,135000,140000,13,5000,2017-08-01,1
9430,20170801,9432,140000,141000,14,0,2017-08-01,1
9431,20170801,9433,141000,142000,14,1000,2017-08-01,1
9432,20170801,9434,142000,143000,14,2000,2017-08-01,1
9433,20170801,9435,143000,144000,14,3000,2017-08-01,1
9434,20170801,9436,144000,145000,14,4000,2017-08-01,1
9435,20170801,9437,145000,150000,14,5000,2017-08-01,1
9436,20170801,9438,150000,151000,15,0,2017-08-01,1
9437,20170801,9439,151000,152000,15,1000,2017-08-01,1
9438,20170801,9440,152000,153000,15,2000,2017-08-01,1
9439,20170801,9441,153000,154000,15,3000,2017-08-01,1
9440,20170801,9442,154000,155000,15,4000,2017-08-01,1
9441,20170801,9443,155000,160000,15,5000,2017-08-01,1
9442,20170801,9444,160000,161000,16,0,2017-08-01,1
9443,20170801,9445,161000,162000,16,1000,2017-08-01,1
9444,20170801,9446,162000,163000,16,2000,2017-08-01,1
9445,20170801,9447,163000,164000,16,3000,2017-08-01,1
9446,20170801,9448,164000,165000,16,4000,2017-08-01,1
9447,20170801,9449,165000,170000,16,5000,2017-08-01,1
9448,20170801,9450,170000,171000,17,0,2017-08-01,1
9449,20170801,9451,171000,172000,17,1000,2017-08-01,1
9450,20170801,9452,172000,173000,17,2000,2017-08-01,1
9451,20170801,9453,173000,174000,17,3000,2017-08-01,1
9452,20170801,9454,174000,175000,17,4000,2017-08-01,1
9453,20170801,9455,175000,180000,17,5000,2017-08-01,1
9454,20170801,9456,180000,181000,18,0,2017-08-01,1
9455,20170801,9457,181000,182000,18,1000,2017-08-01,1
9456,20170801,9458,182000,183000,18,2000,2017-08-01,1
9457,20170801,9459,183000,184000,18,3000,2017-08-01,1
9458,20170801,9460,184000,185000,18,4000,2017-08-01,1
9459,20170801,9461,185000,190000,18,5000,2017-08-01,1
9460,20170801,9462,190000,191000,19,0,2017-08-01,1
9461,20170801,9463,191000,192000,19,1000,2017-08-01,1
9462,20170801,9464,192000,193000,19,2000,2017-08-01,1
9463,20170801,9465,193000,194000,19,3000,2017-08-01,1
9464,20170801,9466,194000,195000,19,4000,2017-08-01,1
9465,20170801,9467,195000,200000,19,5000,2017-08-01,1
9466,20170801,9468,200000,201000,20,0,2017-08-01,1
9467,20170801,9469,201000,202000,20,1000,2017-08-01,1
9468,20170801,9470,202000,203000,20,2000,2017-08-01,1
9469,20170801,9471,203000,204000,20,3000,2017-08-01,1
9470,20170801,9472,204000,205000,20,4000,2017-08-01,1
9471,20170801,9473,205000,210000,20,5000,2017-08-01,1
9472,20170801,9474,210000,211000,21,0,2017-08-01,1
9473,20170801,9475,211000,212000,21,1000,2017-08-01,1
9474,20170801,9476,212000,213000,21,2000,2017-08-01,1
9475,20170801,9477,213000,214000,21,3000,2017-08-01,1
9476,20170801,9478,214000,215000,21,4000,2017-08-01,1
9477,20170801,9479,215000,220000,21,5000,2017-08-01,1
9478,20170801,9480,220000,221000,22,0,2017-08-01,1
9479,20170801,9481,221000,222000,22,1000,2017-08-01,1
9480,20170801,9482,222000,223000,22,2000,2017-08-01,1
9481,20170801,9483,223000,224000,22,3000,2017-08-01,1
9482,20170801,9484,224000,225000,22,4000,2017-08-01,1
9483,20170801,9485,225000,230000,22,5000,2017-08-01,1
9484,20170802,9486,60000,61000,60,0,2017-08-02,2
9485,20170802,9487,61000,62000,61,0,2017-08-02,2
9486,20170802,9488,62000,63000,62,0,2017-08-02,2
9487,20170802,9489,63000,64000,63,0,2017-08-02,2
9488,20170802,9490,64000,65000,64,0,2017-08-02,2
9489,20170802,9491,65000,70000,65,0,2017-08-02,2
9490,20170802,9492,70000,71000,70,0,2017-08-02,2
9491,20170802,9493,71000,72000,71,0,2017-08-02,2
9492,20170802,9494,72000,73000,72,0,2017-08-02,2
9493,20170802,9495,73000,74000,73,0,2017-08-02,2
9494,20170802,9496,74000,75000,74,0,2017-08-02,2
9495,20170802,9497,75000,80000,75,0,2017-08-02,2
9496,20170802,9498,80000,81000,80,0,2017-08-02,2
9497,20170802,9499,81000,82000,81,0,2017-08-02,2
9498,20170802,9500,82000,83000,82,0,2017-08-02,2
9499,20170802,9501,83000,84000,83,0,2017-08-02,2
9500,20170802,9502,84000,85000,84,0,2017-08-02,2
9501,20170802,9503,85000,90000,85,0,2017-08-02,2
9502,20170802,9504,90000,91000,90,0,2017-08-02,2
9503,20170802,9505,91000,92000,91,0,2017-08-02,2
9504,20170802,9506,92000,93000,92,0,2017-08-02,2
9505,20170802,9507,93000,94000,93,0,2017-08-02,2
9506,20170802,9508,94000,95000,94,0,2017-08-02,2
9507,20170802,9509,95000,100000,95,0,2017-08-02,2
9508,20170802,9510,100000,101000,10,0,2017-08-02,2
9509,20170802,9511,101000,102000,10,1000,2017-08-02,2
9510,20170802,9512,102000,103000,10,2000,2017-08-02,2
9511,20170802,9513,103000,104000,10,3000,2017-08-02,2
9512,20170802,9514,104000,105000,10,4000,2017-08-02,2
9513,20170802,9515,105000,110000,10,5000,2017-08-02,2
9514,20170802,9516,110000,111000,11,0,2017-08-02,2
9515,20170802,9517,111000,112000,11,1000,2017-08-02,2
9516,20170802,9518,112000,113000,11,2000,2017-08-02,2
9517,20170802,9519,113000,114000,11,3000,2017-08-02,2
9518,20170802,9520,114000,115000,11,4000,2017-08-02,2
9519,20170802,9521,115000,120000,11,5000,2017-08-02,2
9520,20170802,9522,120000,121000,12,0,2017-08-02,2
9521,20170802,9523,121000,122000,12,1000,2017-08-02,2
9522,20170802,9524,122000,123000,12,2000,2017-08-02,2
9523,20170802,9525,123000,124000,12,3000,2017-08-02,2
9524,20170802,9526,124000,125000,12,4000,2017-08-02,2
9525,20170802,9527,125000,130000,12,5000,2017-08-02,2
9526,20170802,9528,130000,131000,13,0,2017-08-02,2
9527,20170802,9529,131000,132000,13,1000,2017-08-02,2
9528,20170802,9530,132000,133000,13,2000,2017-08-02,2
9529,20170802,9531,133000,134000,13,3000,2017-08-02,2
9530,20170802,9532,134000,135000,13,4000,2017-08-02,2
9531,20170802,9533,135000,140000,13,5000,2017-08-02,2
9532,20170802,9534,140000,141000,14,0,2017-08-02,2
9533,20170802,9535,141000,142000,14,1000,2017-08-02,2
9534,20170802,9536,142000,143000,14,2000,2017-08-02,2
9535,20170802,9537,143000,144000,14,3000,2017-08-02,2
9536,20170802,9538,144000,145000,14,4000,2017-08-02,2
9537,20170802,9539,145000,150000,14,5000,2017-08-02,2
9538,20170802,9540,150000,151000,15,0,2017-08-02,2
9539,20170802,9541,151000,152000,15,1000,2017-08-02,2
9540,20170802,9542,152000,153000,15,2000,2017-08-02,2
9541,20170802,9543,153000,154000,15,3000,2017-08-02,2
9542,20170802,9544,154000,155000,15,4000,2017-08-02,2
9543,20170802,9545,155000,160000,15,5000,2017-08-02,2
9544,20170802,9546,160000,161000,16,0,2017-08-02,2
9545,20170802,9547,161000,162000,16,1000,2017-08-02,2
9546,20170802,9548,162000,163000,16,2000,2017-08-02,2
9547,20170802,9549,163000,164000,16,3000,2017-08-02,2
9548,20170802,9550,164000,165000,16,4000,2017-08-02,2
9549,20170802,9551,165000,170000,16,5000,2017-08-02,2
9550,20170802,9552,170000,171000,17,0,2017-08-02,2
9551,20170802,9553,171000,172000,17,1000,2017-08-02,2
9552,20170802,9554,172000,173000,17,2000,2017-08-02,2
9553,20170802,9555,173000,174000,17,3000,2017-08-02,2
9554,20170802,9556,174000,175000,17,4000,2017-08-02,2
9555,20170802,9557,175000,180000,17,5000,2017-08-02,2
9556,20170802,9558,180000,181000,18,0,2017-08-02,2
9557,20170802,9559,181000,182000,18,1000,2017-08-02,2
9558,20170802,9560,182000,183000,18,2000,2017-08-02,2
9559,20170802,9561,183000,184000,18,3000,2017-08-02,2
9560,20170802,9562,184000,185000,18,4000,2017-08-02,2
9561,20170802,9563,185000,190000,18,5000,2017-08-02,2
9562,20170802,9564,190000,191000,19,0,2017-08-02,2
9563,20170802,9565,191000,192000,19,1000,2017-08-02,2
9564,20170802,9566,192000,193000,19,2000,2017-08-02,2
9565,20170802,9567,193000,194000,19,3000,2017-08-02,2
9566,20170802,9568,194000,195000,19,4000,2017-08-02,2
9567,20170802,9569,195000,200000,19,5000,2017-08-02,2
9568,20170802,9570,200000,201000,20,0,2017-08-02,2
9569,20170802,9571,201000,202000,20,1000,2017-08-02,2
9570,20170802,9572,202000,203000,20,2000,2017-08-02,2
9571,20170802,9573,203000,204000,20,3000,2017-08-02,2
9572,20170802,9574,204000,205000,20,4000,2017-08-02,2
9573,20170802,9575,205000,210000,20,5000,2017-08-02,2
9574,20170802,9576,210000,211000,21,0,2017-08-02,2
9575,20170802,9577,211000,212000,21,1000,2017-08-02,2
9576,20170802,9578,212000,213000,21,2000,2017-08-02,2
9577,20170802,9579,213000,214000,21,3000,2017-08-02,2
9578,20170802,9580,214000,215000,21,4000,2017-08-02,2
9579,20170802,9581,215000,220000,21,5000,2017-08-02,2
9580,20170802,9582,220000,221000,22,0,2017-08-02,2
9581,20170802,9583,221000,222000,22,1000,2017-08-02,2
9582,20170802,9584,222000,223000,22,2000,2017-08-02,2
9583,20170802,9585,223000,224000,22,3000,2017-08-02,2
9584,20170802,9586,224000,225000,22,4000,2017-08-02,2
9585,20170802,9587,225000,230000,22,5000,2017-08-02,2
9586,20170803,9588,60000,61000,60,0,2017-08-03,3
9587,20170803,9589,61000,62000,61,0,2017-08-03,3
9588,20170803,9590,62000,63000,62,0,2017-08-03,3
9589,20170803,9591,63000,64000,63,0,2017-08-03,3
9590,20170803,9592,64000,65000,64,0,2017-08-03,3
9591,20170803,9593,65000,70000,65,0,2017-08-03,3
9592,20170803,9594,70000,71000,70,0,2017-08-03,3
9593,20170803,9595,71000,72000,71,0,2017-08-03,3
9594,20170803,9596,72000,73000,72,0,2017-08-03,3
9595,20170803,9597,73000,74000,73,0,2017-08-03,3
9596,20170803,9598,74000,75000,74,0,2017-08-03,3
9597,20170803,9599,75000,80000,75,0,2017-08-03,3
9598,20170803,9600,80000,81000,80,0,2017-08-03,3
9599,20170803,9601,81000,82000,81,0,2017-08-03,3
9600,20170803,9602,82000,83000,82,0,2017-08-03,3
9601,20170803,9603,83000,84000,83,0,2017-08-03,3
9602,20170803,9604,84000,85000,84,0,2017-08-03,3
9603,20170803,9605,85000,90000,85,0,2017-08-03,3
9604,20170803,9606,90000,91000,90,0,2017-08-03,3
9605,20170803,9607,91000,92000,91,0,2017-08-03,3
9606,20170803,9608,92000,93000,92,0,2017-08-03,3
9607,20170803,9609,93000,94000,93,0,2017-08-03,3
9608,20170803,9610,94000,95000,94,0,2017-08-03,3
9609,20170803,9611,95000,100000,95,0,2017-08-03,3
9610,20170803,9612,100000,101000,10,0,2017-08-03,3
9611,20170803,9613,101000,102000,10,1000,2017-08-03,3
9612,20170803,9614,102000,103000,10,2000,2017-08-03,3
9613,20170803,9615,103000,104000,10,3000,2017-08-03,3
9614,20170803,9616,104000,105000,10,4000,2017-08-03,3
9615,20170803,9617,105000,110000,10,5000,2017-08-03,3
9616,20170803,9618,110000,111000,11,0,2017-08-03,3
9617,20170803,9619,111000,112000,11,1000,2017-08-03,3
9618,20170803,9620,112000,113000,11,2000,2017-08-03,3
9619,20170803,9621,113000,114000,11,3000,2017-08-03,3
9620,20170803,9622,114000,115000,11,4000,2017-08-03,3
9621,20170803,9623,115000,120000,11,5000,2017-08-03,3
9622,20170803,9624,120000,121000,12,0,2017-08-03,3
9623,20170803,9625,121000,122000,12,1000,2017-08-03,3
9624,20170803,9626,122000,123000,12,2000,2017-08-03,3
9625,20170803,9627,123000,124000,12,3000,2017-08-03,3
9626,20170803,9628,124000,125000,12,4000,2017-08-03,3
9627,20170803,9629,125000,130000,12,5000,2017-08-03,3
9628,20170803,9630,130000,131000,13,0,2017-08-03,3
9629,20170803,9631,131000,132000,13,1000,2017-08-03,3
9630,20170803,9632,132000,133000,13,2000,2017-08-03,3
9631,20170803,9633,133000,134000,13,3000,2017-08-03,3
9632,20170803,9634,134000,135000,13,4000,2017-08-03,3
9633,20170803,9635,135000,140000,13,5000,2017-08-03,3
9634,20170803,9636,140000,141000,14,0,2017-08-03,3
9635,20170803,9637,141000,142000,14,1000,2017-08-03,3
9636,20170803,9638,142000,143000,14,2000,2017-08-03,3
9637,20170803,9639,143000,144000,14,3000,2017-08-03,3
9638,20170803,9640,144000,145000,14,4000,2017-08-03,3
9639,20170803,9641,145000,150000,14,5000,2017-08-03,3
9640,20170803,9642,150000,151000,15,0,2017-08-03,3
9641,20170803,9643,151000,152000,15,1000,2017-08-03,3
9642,20170803,9644,152000,153000,15,2000,2017-08-03,3
9643,20170803,9645,153000,154000,15,3000,2017-08-03,3
9644,20170803,9646,154000,155000,15,4000,2017-08-03,3
9645,20170803,9647,155000,160000,15,5000,2017-08-03,3
9646,20170803,9648,160000,161000,16,0,2017-08-03,3
9647,20170803,9649,161000,162000,16,1000,2017-08-03,3
9648,20170803,9650,162000,163000,16,2000,2017-08-03,3
9649,20170803,9651,163000,164000,16,3000,2017-08-03,3
9650,20170803,9652,164000,165000,16,4000,2017-08-03,3
9651,20170803,9653,165000,170000,16,5000,2017-08-03,3
9652,20170803,9654,170000,171000,17,0,2017-08-03,3
9653,20170803,9655,171000,172000,17,1000,2017-08-03,3
9654,20170803,9656,172000,173000,17,2000,2017-08-03,3
9655,20170803,9657,173000,174000,17,3000,2017-08-03,3
9656,20170803,9658,174000,175000,17,4000,2017-08-03,3
9657,20170803,9659,175000,180000,17,5000,2017-08-03,3
9658,20170803,9660,180000,181000,18,0,2017-08-03,3
9659,20170803,9661,181000,182000,18,1000,2017-08-03,3
9660,20170803,9662,182000,183000,18,2000,2017-08-03,3
9661,20170803,9663,183000,184000,18,3000,2017-08-03,3
9662,20170803,9664,184000,185000,18,4000,2017-08-03,3
9663,20170803,9665,185000,190000,18,5000,2017-08-03,3
9664,20170803,9666,190000,191000,19,0,2017-08-03,3
9665,20170803,9667,191000,192000,19,1000,2017-08-03,3
9666,20170803,9668,192000,193000,19,2000,2017-08-03,3
9667,20170803,9669,193000,194000,19,3000,2017-08-03,3
9668,20170803,9670,194000,195000,19,4000,2017-08-03,3
9669,20170803,9671,195000,200000,19,5000,2017-08-03,3
9670,20170803,9672,200000,201000,20,0,2017-08-03,3
9671,20170803,9673,201000,202000,20,1000,2017-08-03,3
9672,20170803,9674,202000,203000,20,2000,2017-08-03,3
9673,20170803,9675,203000,204000,20,3000,2017-08-03,3
9674,20170803,9676,204000,205000,20,4000,2017-08-03,3
9675,20170803,9677,205000,210000,20,5000,2017-08-03,3
9676,20170803,9678,210000,211000,21,0,2017-08-03,3
9677,20170803,9679,211000,212000,21,1000,2017-08-03,3
9678,20170803,9680,212000,213000,21,2000,2017-08-03,3
9679,20170803,9681,213000,214000,21,3000,2017-08-03,3
9680,20170803,9682,214000,215000,21,4000,2017-08-03,3
9681,20170803,9683,215000,220000,21,5000,2017-08-03,3
9682,20170803,9684,220000,221000,22,0,2017-08-03,3
9683,20170803,9685,221000,222000,22,1000,2017-08-03,3
9684,20170803,9686,222000,223000,22,2000,2017-08-03,3
9685,20170803,9687,223000,224000,22,3000,2017-08-03,3
9686,20170803,9688,224000,225000,22,4000,2017-08-03,3
9687,20170803,9689,225000,230000,22,5000,2017-08-03,3
9688,20170804,9690,60000,61000,60,0,2017-08-04,4
9689,20170804,9691,61000,62000,61,0,2017-08-04,4
9690,20170804,9692,62000,63000,62,0,2017-08-04,4
9691,20170804,9693,63000,64000,63,0,2017-08-04,4
9692,20170804,9694,64000,65000,64,0,2017-08-04,4
9693,20170804,9695,65000,70000,65,0,2017-08-04,4
9694,20170804,9696,70000,71000,70,0,2017-08-04,4
9695,20170804,9697,71000,72000,71,0,2017-08-04,4
9696,20170804,9698,72000,73000,72,0,2017-08-04,4
9697,20170804,9699,73000,74000,73,0,2017-08-04,4
9698,20170804,9700,74000,75000,74,0,2017-08-04,4
9699,20170804,9701,75000,80000,75,0,2017-08-04,4
9700,20170804,9702,80000,81000,80,0,2017-08-04,4
9701,20170804,9703,81000,82000,81,0,2017-08-04,4
9702,20170804,9704,82000,83000,82,0,2017-08-04,4
9703,20170804,9705,83000,84000,83,0,2017-08-04,4
9704,20170804,9706,84000,85000,84,0,2017-08-04,4
9705,20170804,9707,85000,90000,85,0,2017-08-04,4
9706,20170804,9708,90000,91000,90,0,2017-08-04,4
9707,20170804,9709,91000,92000,91,0,2017-08-04,4
9708,20170804,9710,92000,93000,92,0,2017-08-04,4
9709,20170804,9711,93000,94000,93,0,2017-08-04,4
9710,20170804,9712,94000,95000,94,0,2017-08-04,4
9711,20170804,9713,95000,100000,95,0,2017-08-04,4
9712,20170804,9714,100000,101000,10,0,2017-08-04,4
9713,20170804,9715,101000,102000,10,1000,2017-08-04,4
9714,20170804,9716,102000,103000,10,2000,2017-08-04,4
9715,20170804,9717,103000,104000,10,3000,2017-08-04,4
9716,20170804,9718,104000,105000,10,4000,2017-08-04,4
9717,20170804,9719,105000,110000,10,5000,2017-08-04,4
9718,20170804,9720,110000,111000,11,0,2017-08-04,4
9719,20170804,9721,111000,112000,11,1000,2017-08-04,4
9720,20170804,9722,112000,113000,11,2000,2017-08-04,4
9721,20170804,9723,113000,114000,11,3000,2017-08-04,4
9722,20170804,9724,114000,115000,11,4000,2017-08-04,4
9723,20170804,9725,115000,120000,11,5000,2017-08-04,4
9724,20170804,9726,120000,121000,12,0,2017-08-04,4
9725,20170804,9727,121000,122000,12,1000,2017-08-04,4
9726,20170804,9728,122000,123000,12,2000,2017-08-04,4
9727,20170804,9729,123000,124000,12,3000,2017-08-04,4
9728,20170804,9730,124000,125000,12,4000,2017-08-04,4
9729,20170804,9731,125000,130000,12,5000,2017-08-04,4
9730,20170804,9732,130000,131000,13,0,2017-08-04,4
9731,20170804,9733,131000,132000,13,1000,2017-08-04,4
9732,20170804,9734,132000,133000,13,2000,2017-08-04,4
9733,20170804,9735,133000,134000,13,3000,2017-08-04,4
9734,20170804,9736,134000,135000,13,4000,2017-08-04,4
9735,20170804,9737,135000,140000,13,5000,2017-08-04,4
9736,20170804,9738,140000,141000,14,0,2017-08-04,4
9737,20170804,9739,141000,142000,14,1000,2017-08-04,4
9738,20170804,9740,142000,143000,14,2000,2017-08-04,4
9739,20170804,9741,143000,144000,14,3000,2017-08-04,4
9740,20170804,9742,144000,145000,14,4000,2017-08-04,4
9741,20170804,9743,145000,150000,14,5000,2017-08-04,4
9742,20170804,9744,150000,151000,15,0,2017-08-04,4
9743,20170804,9745,151000,152000,15,1000,2017-08-04,4
9744,20170804,9746,152000,153000,15,2000,2017-08-04,4
9745,20170804,9747,153000,154000,15,3000,2017-08-04,4
9746,20170804,9748,154000,155000,15,4000,2017-08-04,4
9747,20170804,9749,155000,160000,15,5000,2017-08-04,4
9748,20170804,9750,160000,161000,16,0,2017-08-04,4
9749,20170804,9751,161000,162000,16,1000,2017-08-04,4
9750,20170804,9752,162000,163000,16,2000,2017-08-04,4
9751,20170804,9753,163000,164000,16,3000,2017-08-04,4
9752,20170804,9754,164000,165000,16,4000,2017-08-04,4
9753,20170804,9755,165000,170000,16,5000,2017-08-04,4
9754,20170804,9756,170000,171000,17,0,2017-08-04,4
9755,20170804,9757,171000,172000,17,1000,2017-08-04,4
9756,20170804,9758,172000,173000,17,2000,2017-08-04,4
9757,20170804,9759,173000,174000,17,3000,2017-08-04,4
9758,20170804,9760,174000,175000,17,4000,2017-08-04,4
9759,20170804,9761,175000,180000,17,5000,2017-08-04,4
9760,20170804,9762,180000,181000,18,0,2017-08-04,4
9761,20170804,9763,181000,182000,18,1000,2017-08-04,4
9762,20170804,9764,182000,183000,18,2000,2017-08-04,4
9763,20170804,9765,183000,184000,18,3000,2017-08-04,4
9764,20170804,9766,184000,185000,18,4000,2017-08-04,4
9765,20170804,9767,185000,190000,18,5000,2017-08-04,4
9766,20170804,9768,190000,191000,19,0,2017-08-04,4
9767,20170804,9769,191000,192000,19,1000,2017-08-04,4
9768,20170804,9770,192000,193000,19,2000,2017-08-04,4
9769,20170804,9771,193000,194000,19,3000,2017-08-04,4
9770,20170804,9772,194000,195000,19,4000,2017-08-04,4
9771,20170804,9773,195000,200000,19,5000,2017-08-04,4
9772,20170804,9774,200000,201000,20,0,2017-08-04,4
9773,20170804,9775,201000,202000,20,1000,2017-08-04,4
9774,20170804,9776,202000,203000,20,2000,2017-08-04,4
9775,20170804,9777,203000,204000,20,3000,2017-08-04,4
9776,20170804,9778,204000,205000,20,4000,2017-08-04,4
9777,20170804,9779,205000,210000,20,5000,2017-08-04,4
9778,20170804,9780,210000,211000,21,0,2017-08-04,4
9779,20170804,9781,211000,212000,21,1000,2017-08-04,4
9780,20170804,9782,212000,213000,21,2000,2017-08-04,4
9781,20170804,9783,213000,214000,21,3000,2017-08-04,4
9782,20170804,9784,214000,215000,21,4000,2017-08-04,4
9783,20170804,9785,215000,220000,21,5000,2017-08-04,4
9784,20170804,9786,220000,221000,22,0,2017-08-04,4
9785,20170804,9787,221000,222000,22,1000,2017-08-04,4
9786,20170804,9788,222000,223000,22,2000,2017-08-04,4
9787,20170804,9789,223000,224000,22,3000,2017-08-04,4
9788,20170804,9790,224000,225000,22,4000,2017-08-04,4
9789,20170804,9791,225000,230000,22,5000,2017-08-04,4
9790,20170805,9792,60000,61000,60,0,2017-08-05,5
9791,20170805,9793,61000,62000,61,0,2017-08-05,5
9792,20170805,9794,62000,63000,62,0,2017-08-05,5
9793,20170805,9795,63000,64000,63,0,2017-08-05,5
9794,20170805,9796,64000,65000,64,0,2017-08-05,5
9795,20170805,9797,65000,70000,65,0,2017-08-05,5
9796,20170805,9798,70000,71000,70,0,2017-08-05,5
9797,20170805,9799,71000,72000,71,0,2017-08-05,5
9798,20170805,9800,72000,73000,72,0,2017-08-05,5
9799,20170805,9801,73000,74000,73,0,2017-08-05,5
9800,20170805,9802,74000,75000,74,0,2017-08-05,5
9801,20170805,9803,75000,80000,75,0,2017-08-05,5
9802,20170805,9804,80000,81000,80,0,2017-08-05,5
9803,20170805,9805,81000,82000,81,0,2017-08-05,5
9804,20170805,9806,82000,83000,82,0,2017-08-05,5
9805,20170805,9807,83000,84000,83,0,2017-08-05,5
9806,20170805,9808,84000,85000,84,0,2017-08-05,5
9807,20170805,9809,85000,90000,85,0,2017-08-05,5
9808,20170805,9810,90000,91000,90,0,2017-08-05,5
9809,20170805,9811,91000,92000,91,0,2017-08-05,5
9810,20170805,9812,92000,93000,92,0,2017-08-05,5
9811,20170805,9813,93000,94000,93,0,2017-08-05,5
9812,20170805,9814,94000,95000,94,0,2017-08-05,5
9813,20170805,9815,95000,100000,95,0,2017-08-05,5
9814,20170805,9816,100000,101000,10,0,2017-08-05,5
9815,20170805,9817,101000,102000,10,1000,2017-08-05,5
9816,20170805,9818,102000,103000,10,2000,2017-08-05,5
9817,20170805,9819,103000,104000,10,3000,2017-08-05,5
9818,20170805,9820,104000,105000,10,4000,2017-08-05,5
9819,20170805,9821,105000,110000,10,5000,2017-08-05,5
9820,20170805,9822,110000,111000,11,0,2017-08-05,5
9821,20170805,9823,111000,112000,11,1000,2017-08-05,5
9822,20170805,9824,112000,113000,11,2000,2017-08-05,5
9823,20170805,9825,113000,114000,11,3000,2017-08-05,5
9824,20170805,9826,114000,115000,11,4000,2017-08-05,5
9825,20170805,9827,115000,120000,11,5000,2017-08-05,5
9826,20170805,9828,120000,121000,12,0,2017-08-05,5
9827,20170805,9829,121000,122000,12,1000,2017-08-05,5
9828,20170805,9830,122000,123000,12,2000,2017-08-05,5
9829,20170805,9831,123000,124000,12,3000,2017-08-05,5
9830,20170805,9832,124000,125000,12,4000,2017-08-05,5
9831,20170805,9833,125000,130000,12,5000,2017-08-05,5
9832,20170805,9834,130000,131000,13,0,2017-08-05,5
9833,20170805,9835,131000,132000,13,1000,2017-08-05,5
9834,20170805,9836,132000,133000,13,2000,2017-08-05,5
9835,20170805,9837,133000,134000,13,3000,2017-08-05,5
9836,20170805,9838,134000,135000,13,4000,2017-08-05,5
9837,20170805,9839,135000,140000,13,5000,2017-08-05,5
9838,20170805,9840,140000,141000,14,0,2017-08-05,5
9839,20170805,9841,141000,142000,14,1000,2017-08-05,5
9840,20170805,9842,142000,143000,14,2000,2017-08-05,5
9841,20170805,9843,143000,144000,14,3000,2017-08-05,5
9842,20170805,9844,144000,145000,14,4000,2017-08-05,5
9843,20170805,9845,145000,150000,14,5000,2017-08-05,5
9844,20170805,9846,150000,151000,15,0,2017-08-05,5
9845,20170805,9847,151000,152000,15,1000,2017-08-05,5
9846,20170805,9848,152000,153000,15,2000,2017-08-05,5
9847,20170805,9849,153000,154000,15,3000,2017-08-05,5
9848,20170805,9850,154000,155000,15,4000,2017-08-05,5
9849,20170805,9851,155000,160000,15,5000,2017-08-05,5
9850,20170805,9852,160000,161000,16,0,2017-08-05,5
9851,20170805,9853,161000,162000,16,1000,2017-08-05,5
9852,20170805,9854,162000,163000,16,2000,2017-08-05,5
9853,20170805,9855,163000,164000,16,3000,2017-08-05,5
9854,20170805,9856,164000,165000,16,4000,2017-08-05,5
9855,20170805,9857,165000,170000,16,5000,2017-08-05,5
9856,20170805,9858,170000,171000,17,0,2017-08-05,5
9857,20170805,9859,171000,172000,17,1000,2017-08-05,5
9858,20170805,9860,172000,173000,17,2000,2017-08-05,5
9859,20170805,9861,173000,174000,17,3000,2017-08-05,5
9860,20170805,9862,174000,175000,17,4000,2017-08-05,5
9861,20170805,9863,175000,180000,17,5000,2017-08-05,5
9862,20170805,9864,180000,181000,18,0,2017-08-05,5
9863,20170805,9865,181000,182000,18,1000,2017-08-05,5
9864,20170805,9866,182000,183000,18,2000,2017-08-05,5
9865,20170805,9867,183000,184000,18,3000,2017-08-05,5
9866,20170805,9868,184000,185000,18,4000,2017-08-05,5
9867,20170805,9869,185000,190000,18,5000,2017-08-05,5
9868,20170805,9870,190000,191000,19,0,2017-08-05,5
9869,20170805,9871,191000,192000,19,1000,2017-08-05,5
9870,20170805,9872,192000,193000,19,2000,2017-08-05,5
9871,20170805,9873,193000,194000,19,3000,2017-08-05,5
9872,20170805,9874,194000,195000,19,4000,2017-08-05,5
9873,20170805,9875,195000,200000,19,5000,2017-08-05,5
9874,20170805,9876,200000,201000,20,0,2017-08-05,5
9875,20170805,9877,201000,202000,20,1000,2017-08-05,5
9876,20170805,9878,202000,203000,20,2000,2017-08-05,5
9877,20170805,9879,203000,204000,20,3000,2017-08-05,5
9878,20170805,9880,204000,205000,20,4000,2017-08-05,5
9879,20170805,9881,205000,210000,20,5000,2017-08-05,5
9880,20170805,9882,210000,211000,21,0,2017-08-05,5
9881,20170805,9883,211000,212000,21,1000,2017-08-05,5
9882,20170805,9884,212000,213000,21,2000,2017-08-05,5
9883,20170805,9885,213000,214000,21,3000,2017-08-05,5
9884,20170805,9886,214000,215000,21,4000,2017-08-05,5
9885,20170805,9887,215000,220000,21,5000,2017-08-05,5
9886,20170805,9888,220000,221000,22,0,2017-08-05,5
9887,20170805,9889,221000,222000,22,1000,2017-08-05,5
9888,20170805,9890,222000,223000,22,2000,2017-08-05,5
9889,20170805,9891,223000,224000,22,3000,2017-08-05,5
9890,20170805,9892,224000,225000,22,4000,2017-08-05,5
9891,20170805,9893,225000,230000,22,5000,2017-08-05,5
9892,20170806,9894,60000,61000,60,0,2017-08-06,6
9893,20170806,9895,61000,62000,61,0,2017-08-06,6
9894,20170806,9896,62000,63000,62,0,2017-08-06,6
9895,20170806,9897,63000,64000,63,0,2017-08-06,6
9896,20170806,9898,64000,65000,64,0,2017-08-06,6
9897,20170806,9899,65000,70000,65,0,2017-08-06,6
9898,20170806,9900,70000,71000,70,0,2017-08-06,6
9899,20170806,9901,71000,72000,71,0,2017-08-06,6
9900,20170806,9902,72000,73000,72,0,2017-08-06,6
9901,20170806,9903,73000,74000,73,0,2017-08-06,6
9902,20170806,9904,74000,75000,74,0,2017-08-06,6
9903,20170806,9905,75000,80000,75,0,2017-08-06,6
9904,20170806,9906,80000,81000,80,0,2017-08-06,6
9905,20170806,9907,81000,82000,81,0,2017-08-06,6
9906,20170806,9908,82000,83000,82,0,2017-08-06,6
9907,20170806,9909,83000,84000,83,0,2017-08-06,6
9908,20170806,9910,84000,85000,84,0,2017-08-06,6
9909,20170806,9911,85000,90000,85,0,2017-08-06,6
9910,20170806,9912,90000,91000,90,0,2017-08-06,6
9911,20170806,9913,91000,92000,91,0,2017-08-06,6
9912,20170806,9914,92000,93000,92,0,2017-08-06,6
9913,20170806,9915,93000,94000,93,0,2017-08-06,6
9914,20170806,9916,94000,95000,94,0,2017-08-06,6
9915,20170806,9917,95000,100000,95,0,2017-08-06,6
9916,20170806,9918,100000,101000,10,0,2017-08-06,6
9917,20170806,9919,101000,102000,10,1000,2017-08-06,6
9918,20170806,9920,102000,103000,10,2000,2017-08-06,6
9919,20170806,9921,103000,104000,10,3000,2017-08-06,6
9920,20170806,9922,104000,105000,10,4000,2017-08-06,6
9921,20170806,9923,105000,110000,10,5000,2017-08-06,6
9922,20170806,9924,110000,111000,11,0,2017-08-06,6
9923,20170806,9925,111000,112000,11,1000,2017-08-06,6
9924,20170806,9926,112000,113000,11,2000,2017-08-06,6
9925,20170806,9927,113000,114000,11,3000,2017-08-06,6
9926,20170806,9928,114000,115000,11,4000,2017-08-06,6
9927,20170806,9929,115000,120000,11,5000,2017-08-06,6
9928,20170806,9930,120000,121000,12,0,2017-08-06,6
9929,20170806,9931,121000,122000,12,1000,2017-08-06,6
9930,20170806,9932,122000,123000,12,2000,2017-08-06,6
9931,20170806,9933,123000,124000,12,3000,2017-08-06,6
9932,20170806,9934,124000,125000,12,4000,2017-08-06,6
9933,20170806,9935,125000,130000,12,5000,2017-08-06,6
9934,20170806,9936,130000,131000,13,0,2017-08-06,6
9935,20170806,9937,131000,132000,13,1000,2017-08-06,6
9936,20170806,9938,132000,133000,13,2000,2017-08-06,6
9937,20170806,9939,133000,134000,13,3000,2017-08-06,6
9938,20170806,9940,134000,135000,13,4000,2017-08-06,6
9939,20170806,9941,135000,140000,13,5000,2017-08-06,6
9940,20170806,9942,140000,141000,14,0,2017-08-06,6
9941,20170806,9943,141000,142000,14,1000,2017-08-06,6
9942,20170806,9944,142000,143000,14,2000,2017-08-06,6
9943,20170806,9945,143000,144000,14,3000,2017-08-06,6
9944,20170806,9946,144000,145000,14,4000,2017-08-06,6
9945,20170806,9947,145000,150000,14,5000,2017-08-06,6
9946,20170806,9948,150000,151000,15,0,2017-08-06,6
9947,20170806,9949,151000,152000,15,1000,2017-08-06,6
9948,20170806,9950,152000,153000,15,2000,2017-08-06,6
9949,20170806,9951,153000,154000,15,3000,2017-08-06,6
9950,20170806,9952,154000,155000,15,4000,2017-08-06,6
9951,20170806,9953,155000,160000,15,5000,2017-08-06,6
9952,20170806,9954,160000,161000,16,0,2017-08-06,6
9953,20170806,9955,161000,162000,16,1000,2017-08-06,6
9954,20170806,9956,162000,163000,16,2000,2017-08-06,6
9955,20170806,9957,163000,164000,16,3000,2017-08-06,6
9956,20170806,9958,164000,165000,16,4000,2017-08-06,6
9957,20170806,9959,165000,170000,16,5000,2017-08-06,6
9958,20170806,9960,170000,171000,17,0,2017-08-06,6
9959,20170806,9961,171000,172000,17,1000,2017-08-06,6
9960,20170806,9962,172000,173000,17,2000,2017-08-06,6
9961,20170806,9963,173000,174000,17,3000,2017-08-06,6
9962,20170806,9964,174000,175000,17,4000,2017-08-06,6
9963,20170806,9965,175000,180000,17,5000,2017-08-06,6
9964,20170806,9966,180000,181000,18,0,2017-08-06,6
9965,20170806,9967,181000,182000,18,1000,2017-08-06,6
9966,20170806,9968,182000,183000,18,2000,2017-08-06,6
9967,20170806,9969,183000,184000,18,3000,2017-08-06,6
9968,20170806,9970,184000,185000,18,4000,2017-08-06,6
9969,20170806,9971,185000,190000,18,5000,2017-08-06,6
9970,20170806,9972,190000,191000,19,0,2017-08-06,6
9971,20170806,9973,191000,192000,19,1000,2017-08-06,6
9972,20170806,9974,192000,193000,19,2000,2017-08-06,6
9973,20170806,9975,193000,194000,19,3000,2017-08-06,6
9974,20170806,9976,194000,195000,19,4000,2017-08-06,6
9975,20170806,9977,195000,200000,19,5000,2017-08-06,6
9976,20170806,9978,200000,201000,20,0,2017-08-06,6
9977,20170806,9979,201000,202000,20,1000,2017-08-06,6
9978,20170806,9980,202000,203000,20,2000,2017-08-06,6
9979,20170806,9981,203000,204000,20,3000,2017-08-06,6
9980,20170806,9982,204000,205000,20,4000,2017-08-06,6
9981,20170806,9983,205000,210000,20,5000,2017-08-06,6
9982,20170806,9984,210000,211000,21,0,2017-08-06,6
9983,20170806,9985,211000,212000,21,1000,2017-08-06,6
9984,20170806,9986,212000,213000,21,2000,2017-08-06,6
9985,20170806,9987,213000,214000,21,3000,2017-08-06,6
9986,20170806,9988,214000,215000,21,4000,2017-08-06,6
9987,20170806,9989,215000,220000,21,5000,2017-08-06,6
9988,20170806,9990,220000,221000,22,0,2017-08-06,6
9989,20170806,9991,221000,222000,22,1000,2017-08-06,6
9990,20170806,9992,222000,223000,22,2000,2017-08-06,6
9991,20170806,9993,223000,224000,22,3000,2017-08-06,6
9992,20170806,9994,224000,225000,22,4000,2017-08-06,6
9993,20170806,9995,225000,230000,22,5000,2017-08-06,6
9994,20170807,9996,60000,61000,60,0,2017-08-07,0
9995,20170807,9997,61000,62000,61,0,2017-08-07,0
9996,20170807,9998,62000,63000,62,0,2017-08-07,0
9997,20170807,9999,63000,64000,63,0,2017-08-07,0
9998,20170807,10000,64000,65000,64,0,2017-08-07,0
9999,20170807,10001,65000,70000,65,0,2017-08-07,0
10000,20170807,10002,70000,71000,70,0,2017-08-07,0
10001,20170807,10003,71000,72000,71,0,2017-08-07,0
10002,20170807,10004,72000,73000,72,0,2017-08-07,0
10003,20170807,10005,73000,74000,73,0,2017-08-07,0
10004,20170807,10006,74000,75000,74,0,2017-08-07,0
10005,20170807,10007,75000,80000,75,0,2017-08-07,0
10006,20170807,10008,80000,81000,80,0,2017-08-07,0
10007,20170807,10009,81000,82000,81,0,2017-08-07,0
10008,20170807,10010,82000,83000,82,0,2017-08-07,0
10009,20170807,10011,83000,84000,83,0,2017-08-07,0
10010,20170807,10012,84000,85000,84,0,2017-08-07,0
10011,20170807,10013,85000,90000,85,0,2017-08-07,0
10012,20170807,10014,90000,91000,90,0,2017-08-07,0
10013,20170807,10015,91000,92000,91,0,2017-08-07,0
10014,20170807,10016,92000,93000,92,0,2017-08-07,0
10015,20170807,10017,93000,94000,93,0,2017-08-07,0
10016,20170807,10018,94000,95000,94,0,2017-08-07,0
10017,20170807,10019,95000,100000,95,0,2017-08-07,0
10018,20170807,10020,100000,101000,10,0,2017-08-07,0
10019,20170807,10021,101000,102000,10,1000,2017-08-07,0
10020,20170807,10022,102000,103000,10,2000,2017-08-07,0
10021,20170807,10023,103000,104000,10,3000,2017-08-07,0
10022,20170807,10024,104000,105000,10,4000,2017-08-07,0
10023,20170807,10025,105000,110000,10,5000,2017-08-07,0
10024,20170807,10026,110000,111000,11,0,2017-08-07,0
10025,20170807,10027,111000,112000,11,1000,2017-08-07,0
10026,20170807,10028,112000,113000,11,2000,2017-08-07,0
10027,20170807,10029,113000,114000,11,3000,2017-08-07,0
10028,20170807,10030,114000,115000,11,4000,2017-08-07,0
10029,20170807,10031,115000,120000,11,5000,2017-08-07,0
10030,20170807,10032,120000,121000,12,0,2017-08-07,0
10031,20170807,10033,121000,122000,12,1000,2017-08-07,0
10032,20170807,10034,122000,123000,12,2000,2017-08-07,0
10033,20170807,10035,123000,124000,12,3000,2017-08-07,0
10034,20170807,10036,124000,125000,12,4000,2017-08-07,0
10035,20170807,10037,125000,130000,12,5000,2017-08-07,0
10036,20170807,10038,130000,131000,13,0,2017-08-07,0
10037,20170807,10039,131000,132000,13,1000,2017-08-07,0
10038,20170807,10040,132000,133000,13,2000,2017-08-07,0
10039,20170807,10041,133000,134000,13,3000,2017-08-07,0
10040,20170807,10042,134000,135000,13,4000,2017-08-07,0
10041,20170807,10043,135000,140000,13,5000,2017-08-07,0
10042,20170807,10044,140000,141000,14,0,2017-08-07,0
10043,20170807,10045,141000,142000,14,1000,2017-08-07,0
10044,20170807,10046,142000,143000,14,2000,2017-08-07,0
10045,20170807,10047,143000,144000,14,3000,2017-08-07,0
10046,20170807,10048,144000,145000,14,4000,2017-08-07,0
10047,20170807,10049,145000,150000,14,5000,2017-08-07,0
10048,20170807,10050,150000,151000,15,0,2017-08-07,0
10049,20170807,10051,151000,152000,15,1000,2017-08-07,0
10050,20170807,10052,152000,153000,15,2000,2017-08-07,0
10051,20170807,10053,153000,154000,15,3000,2017-08-07,0
10052,20170807,10054,154000,155000,15,4000,2017-08-07,0
10053,20170807,10055,155000,160000,15,5000,2017-08-07,0
10054,20170807,10056,160000,161000,16,0,2017-08-07,0
10055,20170807,10057,161000,162000,16,1000,2017-08-07,0
10056,20170807,10058,162000,163000,16,2000,2017-08-07,0
10057,20170807,10059,163000,164000,16,3000,2017-08-07,0
10058,20170807,10060,164000,165000,16,4000,2017-08-07,0
10059,20170807,10061,165000,170000,16,5000,2017-08-07,0
10060,20170807,10062,170000,171000,17,0,2017-08-07,0
10061,20170807,10063,171000,172000,17,1000,2017-08-07,0
10062,20170807,10064,172000,173000,17,2000,2017-08-07,0
10063,20170807,10065,173000,174000,17,3000,2017-08-07,0
10064,20170807,10066,174000,175000,17,4000,2017-08-07,0
10065,20170807,10067,175000,180000,17,5000,2017-08-07,0
10066,20170807,10068,180000,181000,18,0,2017-08-07,0
10067,20170807,10069,181000,182000,18,1000,2017-08-07,0
10068,20170807,10070,182000,183000,18,2000,2017-08-07,0
10069,20170807,10071,183000,184000,18,3000,2017-08-07,0
10070,20170807,10072,184000,185000,18,4000,2017-08-07,0
10071,20170807,10073,185000,190000,18,5000,2017-08-07,0
10072,20170807,10074,190000,191000,19,0,2017-08-07,0
10073,20170807,10075,191000,192000,19,1000,2017-08-07,0
10074,20170807,10076,192000,193000,19,2000,2017-08-07,0
10075,20170807,10077,193000,194000,19,3000,2017-08-07,0
10076,20170807,10078,194000,195000,19,4000,2017-08-07,0
10077,20170807,10079,195000,200000,19,5000,2017-08-07,0
10078,20170807,10080,200000,201000,20,0,2017-08-07,0
10079,20170807,10081,201000,202000,20,1000,2017-08-07,0
10080,20170807,10082,202000,203000,20,2000,2017-08-07,0
10081,20170807,10083,203000,204000,20,3000,2017-08-07,0
10082,20170807,10084,204000,205000,20,4000,2017-08-07,0
10083,20170807,10085,205000,210000,20,5000,2017-08-07,0
10084,20170807,10086,210000,211000,21,0,2017-08-07,0
10085,20170807,10087,211000,212000,21,1000,2017-08-07,0
10086,20170807,10088,212000,213000,21,2000,2017-08-07,0
10087,20170807,10089,213000,214000,21,3000,2017-08-07,0
10088,20170807,10090,214000,215000,21,4000,2017-08-07,0
10089,20170807,10091,215000,220000,21,5000,2017-08-07,0
10090,20170807,10092,220000,221000,22,0,2017-08-07,0
10091,20170807,10093,221000,222000,22,1000,2017-08-07,0
10092,20170807,10094,222000,223000,22,2000,2017-08-07,0
10093,20170807,10095,223000,224000,22,3000,2017-08-07,0
10094,20170807,10096,224000,225000,22,4000,2017-08-07,0
10095,20170807,10097,225000,230000,22,5000,2017-08-07,0
10096,20170808,10098,60000,61000,60,0,2017-08-08,1
10097,20170808,10099,61000,62000,61,0,2017-08-08,1
10098,20170808,10100,62000,63000,62,0,2017-08-08,1
10099,20170808,10101,63000,64000,63,0,2017-08-08,1
10100,20170808,10102,64000,65000,64,0,2017-08-08,1
10101,20170808,10103,65000,70000,65,0,2017-08-08,1
10102,20170808,10104,70000,71000,70,0,2017-08-08,1
10103,20170808,10105,71000,72000,71,0,2017-08-08,1
10104,20170808,10106,72000,73000,72,0,2017-08-08,1
10105,20170808,10107,73000,74000,73,0,2017-08-08,1
10106,20170808,10108,74000,75000,74,0,2017-08-08,1
10107,20170808,10109,75000,80000,75,0,2017-08-08,1
10108,20170808,10110,80000,81000,80,0,2017-08-08,1
10109,20170808,10111,81000,82000,81,0,2017-08-08,1
10110,20170808,10112,82000,83000,82,0,2017-08-08,1
10111,20170808,10113,83000,84000,83,0,2017-08-08,1
10112,20170808,10114,84000,85000,84,0,2017-08-08,1
10113,20170808,10115,85000,90000,85,0,2017-08-08,1
10114,20170808,10116,90000,91000,90,0,2017-08-08,1
10115,20170808,10117,91000,92000,91,0,2017-08-08,1
10116,20170808,10118,92000,93000,92,0,2017-08-08,1
10117,20170808,10119,93000,94000,93,0,2017-08-08,1
10118,20170808,10120,94000,95000,94,0,2017-08-08,1
10119,20170808,10121,95000,100000,95,0,2017-08-08,1
10120,20170808,10122,100000,101000,10,0,2017-08-08,1
10121,20170808,10123,101000,102000,10,1000,2017-08-08,1
10122,20170808,10124,102000,103000,10,2000,2017-08-08,1
10123,20170808,10125,103000,104000,10,3000,2017-08-08,1
10124,20170808,10126,104000,105000,10,4000,2017-08-08,1
10125,20170808,10127,105000,110000,10,5000,2017-08-08,1
10126,20170808,10128,110000,111000,11,0,2017-08-08,1
10127,20170808,10129,111000,112000,11,1000,2017-08-08,1
10128,20170808,10130,112000,113000,11,2000,2017-08-08,1
10129,20170808,10131,113000,114000,11,3000,2017-08-08,1
10130,20170808,10132,114000,115000,11,4000,2017-08-08,1
10131,20170808,10133,115000,120000,11,5000,2017-08-08,1
10132,20170808,10134,120000,121000,12,0,2017-08-08,1
10133,20170808,10135,121000,122000,12,1000,2017-08-08,1
10134,20170808,10136,122000,123000,12,2000,2017-08-08,1
10135,20170808,10137,123000,124000,12,3000,2017-08-08,1
10136,20170808,10138,124000,125000,12,4000,2017-08-08,1
10137,20170808,10139,125000,130000,12,5000,2017-08-08,1
10138,20170808,10140,130000,131000,13,0,2017-08-08,1
10139,20170808,10141,131000,132000,13,1000,2017-08-08,1
10140,20170808,10142,132000,133000,13,2000,2017-08-08,1
10141,20170808,10143,133000,134000,13,3000,2017-08-08,1
10142,20170808,10144,134000,135000,13,4000,2017-08-08,1
10143,20170808,10145,135000,140000,13,5000,2017-08-08,1
10144,20170808,10146,140000,141000,14,0,2017-08-08,1
10145,20170808,10147,141000,142000,14,1000,2017-08-08,1
10146,20170808,10148,142000,143000,14,2000,2017-08-08,1
10147,20170808,10149,143000,144000,14,3000,2017-08-08,1
10148,20170808,10150,144000,145000,14,4000,2017-08-08,1
10149,20170808,10151,145000,150000,14,5000,2017-08-08,1
10150,20170808,10152,150000,151000,15,0,2017-08-08,1
10151,20170808,10153,151000,152000,15,1000,2017-08-08,1
10152,20170808,10154,152000,153000,15,2000,2017-08-08,1
10153,20170808,10155,153000,154000,15,3000,2017-08-08,1
10154,20170808,10156,154000,155000,15,4000,2017-08-08,1
10155,20170808,10157,155000,160000,15,5000,2017-08-08,1
10156,20170808,10158,160000,161000,16,0,2017-08-08,1
10157,20170808,10159,161000,162000,16,1000,2017-08-08,1
10158,20170808,10160,162000,163000,16,2000,2017-08-08,1
10159,20170808,10161,163000,164000,16,3000,2017-08-08,1
10160,20170808,10162,164000,165000,16,4000,2017-08-08,1
10161,20170808,10163,165000,170000,16,5000,2017-08-08,1
10162,20170808,10164,170000,171000,17,0,2017-08-08,1
10163,20170808,10165,171000,172000,17,1000,2017-08-08,1
10164,20170808,10166,172000,173000,17,2000,2017-08-08,1
10165,20170808,10167,173000,174000,17,3000,2017-08-08,1
10166,20170808,10168,174000,175000,17,4000,2017-08-08,1
10167,20170808,10169,175000,180000,17,5000,2017-08-08,1
10168,20170808,10170,180000,181000,18,0,2017-08-08,1
10169,20170808,10171,181000,182000,18,1000,2017-08-08,1
10170,20170808,10172,182000,183000,18,2000,2017-08-08,1
10171,20170808,10173,183000,184000,18,3000,2017-08-08,1
10172,20170808,10174,184000,185000,18,4000,2017-08-08,1
10173,20170808,10175,185000,190000,18,5000,2017-08-08,1
10174,20170808,10176,190000,191000,19,0,2017-08-08,1
10175,20170808,10177,191000,192000,19,1000,2017-08-08,1
10176,20170808,10178,192000,193000,19,2000,2017-08-08,1
10177,20170808,10179,193000,194000,19,3000,2017-08-08,1
10178,20170808,10180,194000,195000,19,4000,2017-08-08,1
10179,20170808,10181,195000,200000,19,5000,2017-08-08,1
10180,20170808,10182,200000,201000,20,0,2017-08-08,1
10181,20170808,10183,201000,202000,20,1000,2017-08-08,1
10182,20170808,10184,202000,203000,20,2000,2017-08-08,1
10183,20170808,10185,203000,204000,20,3000,2017-08-08,1
10184,20170808,10186,204000,205000,20,4000,2017-08-08,1
10185,20170808,10187,205000,210000,20,5000,2017-08-08,1
10186,20170808,10188,210000,211000,21,0,2017-08-08,1
10187,20170808,10189,211000,212000,21,1000,2017-08-08,1
10188,20170808,10190,212000,213000,21,2000,2017-08-08,1
10189,20170808,10191,213000,214000,21,3000,2017-08-08,1
10190,20170808,10192,214000,215000,21,4000,2017-08-08,1
10191,20170808,10193,215000,220000,21,5000,2017-08-08,1
10192,20170808,10194,220000,221000,22,0,2017-08-08,1
10193,20170808,10195,221000,222000,22,1000,2017-08-08,1
10194,20170808,10196,222000,223000,22,2000,2017-08-08,1
10195,20170808,10197,223000,224000,22,3000,2017-08-08,1
10196,20170808,10198,224000,225000,22,4000,2017-08-08,1
10197,20170808,10199,225000,230000,22,5000,2017-08-08,1
10198,20170809,10200,60000,61000,60,0,2017-08-09,2
10199,20170809,10201,61000,62000,61,0,2017-08-09,2
10200,20170809,10202,62000,63000,62,0,2017-08-09,2
10201,20170809,10203,63000,64000,63,0,2017-08-09,2
10202,20170809,10204,64000,65000,64,0,2017-08-09,2
10203,20170809,10205,65000,70000,65,0,2017-08-09,2
10204,20170809,10206,70000,71000,70,0,2017-08-09,2
10205,20170809,10207,71000,72000,71,0,2017-08-09,2
10206,20170809,10208,72000,73000,72,0,2017-08-09,2
10207,20170809,10209,73000,74000,73,0,2017-08-09,2
10208,20170809,10210,74000,75000,74,0,2017-08-09,2
10209,20170809,10211,75000,80000,75,0,2017-08-09,2
10210,20170809,10212,80000,81000,80,0,2017-08-09,2
10211,20170809,10213,81000,82000,81,0,2017-08-09,2
10212,20170809,10214,82000,83000,82,0,2017-08-09,2
10213,20170809,10215,83000,84000,83,0,2017-08-09,2
10214,20170809,10216,84000,85000,84,0,2017-08-09,2
10215,20170809,10217,85000,90000,85,0,2017-08-09,2
10216,20170809,10218,90000,91000,90,0,2017-08-09,2
10217,20170809,10219,91000,92000,91,0,2017-08-09,2
10218,20170809,10220,92000,93000,92,0,2017-08-09,2
10219,20170809,10221,93000,94000,93,0,2017-08-09,2
10220,20170809,10222,94000,95000,94,0,2017-08-09,2
10221,20170809,10223,95000,100000,95,0,2017-08-09,2
10222,20170809,10224,100000,101000,10,0,2017-08-09,2
10223,20170809,10225,101000,102000,10,1000,2017-08-09,2
10224,20170809,10226,102000,103000,10,2000,2017-08-09,2
10225,20170809,10227,103000,104000,10,3000,2017-08-09,2
10226,20170809,10228,104000,105000,10,4000,2017-08-09,2
10227,20170809,10229,105000,110000,10,5000,2017-08-09,2
10228,20170809,10230,110000,111000,11,0,2017-08-09,2
10229,20170809,10231,111000,112000,11,1000,2017-08-09,2
10230,20170809,10232,112000,113000,11,2000,2017-08-09,2
10231,20170809,10233,113000,114000,11,3000,2017-08-09,2
10232,20170809,10234,114000,115000,11,4000,2017-08-09,2
10233,20170809,10235,115000,120000,11,5000,2017-08-09,2
10234,20170809,10236,120000,121000,12,0,2017-08-09,2
10235,20170809,10237,121000,122000,12,1000,2017-08-09,2
10236,20170809,10238,122000,123000,12,2000,2017-08-09,2
10237,20170809,10239,123000,124000,12,3000,2017-08-09,2
10238,20170809,10240,124000,125000,12,4000,2017-08-09,2
10239,20170809,10241,125000,130000,12,5000,2017-08-09,2
10240,20170809,10242,130000,131000,13,0,2017-08-09,2
10241,20170809,10243,131000,132000,13,1000,2017-08-09,2
10242,20170809,10244,132000,133000,13,2000,2017-08-09,2
10243,20170809,10245,133000,134000,13,3000,2017-08-09,2
10244,20170809,10246,134000,135000,13,4000,2017-08-09,2
10245,20170809,10247,135000,140000,13,5000,2017-08-09,2
10246,20170809,10248,140000,141000,14,0,2017-08-09,2
10247,20170809,10249,141000,142000,14,1000,2017-08-09,2
10248,20170809,10250,142000,143000,14,2000,2017-08-09,2
10249,20170809,10251,143000,144000,14,3000,2017-08-09,2
10250,20170809,10252,144000,145000,14,4000,2017-08-09,2
10251,20170809,10253,145000,150000,14,5000,2017-08-09,2
10252,20170809,10254,150000,151000,15,0,2017-08-09,2
10253,20170809,10255,151000,152000,15,1000,2017-08-09,2
10254,20170809,10256,152000,153000,15,2000,2017-08-09,2
10255,20170809,10257,153000,154000,15,3000,2017-08-09,2
10256,20170809,10258,154000,155000,15,4000,2017-08-09,2
10257,20170809,10259,155000,160000,15,5000,2017-08-09,2
10258,20170809,10260,160000,161000,16,0,2017-08-09,2
10259,20170809,10261,161000,162000,16,1000,2017-08-09,2
10260,20170809,10262,162000,163000,16,2000,2017-08-09,2
10261,20170809,10263,163000,164000,16,3000,2017-08-09,2
10262,20170809,10264,164000,165000,16,4000,2017-08-09,2
10263,20170809,10265,165000,170000,16,5000,2017-08-09,2
10264,20170809,10266,170000,171000,17,0,2017-08-09,2
10265,20170809,10267,171000,172000,17,1000,2017-08-09,2
10266,20170809,10268,172000,173000,17,2000,2017-08-09,2
10267,20170809,10269,173000,174000,17,3000,2017-08-09,2
10268,20170809,10270,174000,175000,17,4000,2017-08-09,2
10269,20170809,10271,175000,180000,17,5000,2017-08-09,2
10270,20170809,10272,180000,181000,18,0,2017-08-09,2
10271,20170809,10273,181000,182000,18,1000,2017-08-09,2
10272,20170809,10274,182000,183000,18,2000,2017-08-09,2
10273,20170809,10275,183000,184000,18,3000,2017-08-09,2
10274,20170809,10276,184000,185000,18,4000,2017-08-09,2
10275,20170809,10277,185000,190000,18,5000,2017-08-09,2
10276,20170809,10278,190000,191000,19,0,2017-08-09,2
10277,20170809,10279,191000,192000,19,1000,2017-08-09,2
10278,20170809,10280,192000,193000,19,2000,2017-08-09,2
10279,20170809,10281,193000,194000,19,3000,2017-08-09,2
10280,20170809,10282,194000,195000,19,4000,2017-08-09,2
10281,20170809,10283,195000,200000,19,5000,2017-08-09,2
10282,20170809,10284,200000,201000,20,0,2017-08-09,2
10283,20170809,10285,201000,202000,20,1000,2017-08-09,2
10284,20170809,10286,202000,203000,20,2000,2017-08-09,2
10285,20170809,10287,203000,204000,20,3000,2017-08-09,2
10286,20170809,10288,204000,205000,20,4000,2017-08-09,2
10287,20170809,10289,205000,210000,20,5000,2017-08-09,2
10288,20170809,10290,210000,211000,21,0,2017-08-09,2
10289,20170809,10291,211000,212000,21,1000,2017-08-09,2
10290,20170809,10292,212000,213000,21,2000,2017-08-09,2
10291,20170809,10293,213000,214000,21,3000,2017-08-09,2
10292,20170809,10294,214000,215000,21,4000,2017-08-09,2
10293,20170809,10295,215000,220000,21,5000,2017-08-09,2
10294,20170809,10296,220000,221000,22,0,2017-08-09,2
10295,20170809,10297,221000,222000,22,1000,2017-08-09,2
10296,20170809,10298,222000,223000,22,2000,2017-08-09,2
10297,20170809,10299,223000,224000,22,3000,2017-08-09,2
10298,20170809,10300,224000,225000,22,4000,2017-08-09,2
10299,20170809,10301,225000,230000,22,5000,2017-08-09,2
10300,20170810,10302,60000,61000,60,0,2017-08-10,3
10301,20170810,10303,61000,62000,61,0,2017-08-10,3
10302,20170810,10304,62000,63000,62,0,2017-08-10,3
10303,20170810,10305,63000,64000,63,0,2017-08-10,3
10304,20170810,10306,64000,65000,64,0,2017-08-10,3
10305,20170810,10307,65000,70000,65,0,2017-08-10,3
10306,20170810,10308,70000,71000,70,0,2017-08-10,3
10307,20170810,10309,71000,72000,71,0,2017-08-10,3
10308,20170810,10310,72000,73000,72,0,2017-08-10,3
10309,20170810,10311,73000,74000,73,0,2017-08-10,3
10310,20170810,10312,74000,75000,74,0,2017-08-10,3
10311,20170810,10313,75000,80000,75,0,2017-08-10,3
10312,20170810,10314,80000,81000,80,0,2017-08-10,3
10313,20170810,10315,81000,82000,81,0,2017-08-10,3
10314,20170810,10316,82000,83000,82,0,2017-08-10,3
10315,20170810,10317,83000,84000,83,0,2017-08-10,3
10316,20170810,10318,84000,85000,84,0,2017-08-10,3
10317,20170810,10319,85000,90000,85,0,2017-08-10,3
10318,20170810,10320,90000,91000,90,0,2017-08-10,3
10319,20170810,10321,91000,92000,91,0,2017-08-10,3
10320,20170810,10322,92000,93000,92,0,2017-08-10,3
10321,20170810,10323,93000,94000,93,0,2017-08-10,3
10322,20170810,10324,94000,95000,94,0,2017-08-10,3
10323,20170810,10325,95000,100000,95,0,2017-08-10,3
10324,20170810,10326,100000,101000,10,0,2017-08-10,3
10325,20170810,10327,101000,102000,10,1000,2017-08-10,3
10326,20170810,10328,102000,103000,10,2000,2017-08-10,3
10327,20170810,10329,103000,104000,10,3000,2017-08-10,3
10328,20170810,10330,104000,105000,10,4000,2017-08-10,3
10329,20170810,10331,105000,110000,10,5000,2017-08-10,3
10330,20170810,10332,110000,111000,11,0,2017-08-10,3
10331,20170810,10333,111000,112000,11,1000,2017-08-10,3
10332,20170810,10334,112000,113000,11,2000,2017-08-10,3
10333,20170810,10335,113000,114000,11,3000,2017-08-10,3
10334,20170810,10336,114000,115000,11,4000,2017-08-10,3
10335,20170810,10337,115000,120000,11,5000,2017-08-10,3
10336,20170810,10338,120000,121000,12,0,2017-08-10,3
10337,20170810,10339,121000,122000,12,1000,2017-08-10,3
10338,20170810,10340,122000,123000,12,2000,2017-08-10,3
10339,20170810,10341,123000,124000,12,3000,2017-08-10,3
10340,20170810,10342,124000,125000,12,4000,2017-08-10,3
10341,20170810,10343,125000,130000,12,5000,2017-08-10,3
10342,20170810,10344,130000,131000,13,0,2017-08-10,3
10343,20170810,10345,131000,132000,13,1000,2017-08-10,3
10344,20170810,10346,132000,133000,13,2000,2017-08-10,3
10345,20170810,10347,133000,134000,13,3000,2017-08-10,3
10346,20170810,10348,134000,135000,13,4000,2017-08-10,3
10347,20170810,10349,135000,140000,13,5000,2017-08-10,3
10348,20170810,10350,140000,141000,14,0,2017-08-10,3
10349,20170810,10351,141000,142000,14,1000,2017-08-10,3
10350,20170810,10352,142000,143000,14,2000,2017-08-10,3
10351,20170810,10353,143000,144000,14,3000,2017-08-10,3
10352,20170810,10354,144000,145000,14,4000,2017-08-10,3
10353,20170810,10355,145000,150000,14,5000,2017-08-10,3
10354,20170810,10356,150000,151000,15,0,2017-08-10,3
10355,20170810,10357,151000,152000,15,1000,2017-08-10,3
10356,20170810,10358,152000,153000,15,2000,2017-08-10,3
10357,20170810,10359,153000,154000,15,3000,2017-08-10,3
10358,20170810,10360,154000,155000,15,4000,2017-08-10,3
10359,20170810,10361,155000,160000,15,5000,2017-08-10,3
10360,20170810,10362,160000,161000,16,0,2017-08-10,3
10361,20170810,10363,161000,162000,16,1000,2017-08-10,3
10362,20170810,10364,162000,163000,16,2000,2017-08-10,3
10363,20170810,10365,163000,164000,16,3000,2017-08-10,3
10364,20170810,10366,164000,165000,16,4000,2017-08-10,3
10365,20170810,10367,165000,170000,16,5000,2017-08-10,3
10366,20170810,10368,170000,171000,17,0,2017-08-10,3
10367,20170810,10369,171000,172000,17,1000,2017-08-10,3
10368,20170810,10370,172000,173000,17,2000,2017-08-10,3
10369,20170810,10371,173000,174000,17,3000,2017-08-10,3
10370,20170810,10372,174000,175000,17,4000,2017-08-10,3
10371,20170810,10373,175000,180000,17,5000,2017-08-10,3
10372,20170810,10374,180000,181000,18,0,2017-08-10,3
10373,20170810,10375,181000,182000,18,1000,2017-08-10,3
10374,20170810,10376,182000,183000,18,2000,2017-08-10,3
10375,20170810,10377,183000,184000,18,3000,2017-08-10,3
10376,20170810,10378,184000,185000,18,4000,2017-08-10,3
10377,20170810,10379,185000,190000,18,5000,2017-08-10,3
10378,20170810,10380,190000,191000,19,0,2017-08-10,3
10379,20170810,10381,191000,192000,19,1000,2017-08-10,3
10380,20170810,10382,192000,193000,19,2000,2017-08-10,3
10381,20170810,10383,193000,194000,19,3000,2017-08-10,3
10382,20170810,10384,194000,195000,19,4000,2017-08-10,3
10383,20170810,10385,195000,200000,19,5000,2017-08-10,3
10384,20170810,10386,200000,201000,20,0,2017-08-10,3
10385,20170810,10387,201000,202000,20,1000,2017-08-10,3
10386,20170810,10388,202000,203000,20,2000,2017-08-10,3
10387,20170810,10389,203000,204000,20,3000,2017-08-10,3
10388,20170810,10390,204000,205000,20,4000,2017-08-10,3
10389,20170810,10391,205000,210000,20,5000,2017-08-10,3
10390,20170810,10392,210000,211000,21,0,2017-08-10,3
10391,20170810,10393,211000,212000,21,1000,2017-08-10,3
10392,20170810,10394,212000,213000,21,2000,2017-08-10,3
10393,20170810,10395,213000,214000,21,3000,2017-08-10,3
10394,20170810,10396,214000,215000,21,4000,2017-08-10,3
10395,20170810,10397,215000,220000,21,5000,2017-08-10,3
10396,20170810,10398,220000,221000,22,0,2017-08-10,3
10397,20170810,10399,221000,222000,22,1000,2017-08-10,3
10398,20170810,10400,222000,223000,22,2000,2017-08-10,3
10399,20170810,10401,223000,224000,22,3000,2017-08-10,3
10400,20170810,10402,224000,225000,22,4000,2017-08-10,3
10401,20170810,10403,225000,230000,22,5000,2017-08-10,3
10402,20170811,10404,60000,61000,60,0,2017-08-11,4
10403,20170811,10405,61000,62000,61,0,2017-08-11,4
10404,20170811,10406,62000,63000,62,0,2017-08-11,4
10405,20170811,10407,63000,64000,63,0,2017-08-11,4
10406,20170811,10408,64000,65000,64,0,2017-08-11,4
10407,20170811,10409,65000,70000,65,0,2017-08-11,4
10408,20170811,10410,70000,71000,70,0,2017-08-11,4
10409,20170811,10411,71000,72000,71,0,2017-08-11,4
10410,20170811,10412,72000,73000,72,0,2017-08-11,4
10411,20170811,10413,73000,74000,73,0,2017-08-11,4
10412,20170811,10414,74000,75000,74,0,2017-08-11,4
10413,20170811,10415,75000,80000,75,0,2017-08-11,4
10414,20170811,10416,80000,81000,80,0,2017-08-11,4
10415,20170811,10417,81000,82000,81,0,2017-08-11,4
10416,20170811,10418,82000,83000,82,0,2017-08-11,4
10417,20170811,10419,83000,84000,83,0,2017-08-11,4
10418,20170811,10420,84000,85000,84,0,2017-08-11,4
10419,20170811,10421,85000,90000,85,0,2017-08-11,4
10420,20170811,10422,90000,91000,90,0,2017-08-11,4
10421,20170811,10423,91000,92000,91,0,2017-08-11,4
10422,20170811,10424,92000,93000,92,0,2017-08-11,4
10423,20170811,10425,93000,94000,93,0,2017-08-11,4
10424,20170811,10426,94000,95000,94,0,2017-08-11,4
10425,20170811,10427,95000,100000,95,0,2017-08-11,4
10426,20170811,10428,100000,101000,10,0,2017-08-11,4
10427,20170811,10429,101000,102000,10,1000,2017-08-11,4
10428,20170811,10430,102000,103000,10,2000,2017-08-11,4
10429,20170811,10431,103000,104000,10,3000,2017-08-11,4
10430,20170811,10432,104000,105000,10,4000,2017-08-11,4
10431,20170811,10433,105000,110000,10,5000,2017-08-11,4
10432,20170811,10434,110000,111000,11,0,2017-08-11,4
10433,20170811,10435,111000,112000,11,1000,2017-08-11,4
10434,20170811,10436,112000,113000,11,2000,2017-08-11,4
10435,20170811,10437,113000,114000,11,3000,2017-08-11,4
10436,20170811,10438,114000,115000,11,4000,2017-08-11,4
10437,20170811,10439,115000,120000,11,5000,2017-08-11,4
10438,20170811,10440,120000,121000,12,0,2017-08-11,4
10439,20170811,10441,121000,122000,12,1000,2017-08-11,4
10440,20170811,10442,122000,123000,12,2000,2017-08-11,4
10441,20170811,10443,123000,124000,12,3000,2017-08-11,4
10442,20170811,10444,124000,125000,12,4000,2017-08-11,4
10443,20170811,10445,125000,130000,12,5000,2017-08-11,4
10444,20170811,10446,130000,131000,13,0,2017-08-11,4
10445,20170811,10447,131000,132000,13,1000,2017-08-11,4
10446,20170811,10448,132000,133000,13,2000,2017-08-11,4
10447,20170811,10449,133000,134000,13,3000,2017-08-11,4
10448,20170811,10450,134000,135000,13,4000,2017-08-11,4
10449,20170811,10451,135000,140000,13,5000,2017-08-11,4
10450,20170811,10452,140000,141000,14,0,2017-08-11,4
10451,20170811,10453,141000,142000,14,1000,2017-08-11,4
10452,20170811,10454,142000,143000,14,2000,2017-08-11,4
10453,20170811,10455,143000,144000,14,3000,2017-08-11,4
10454,20170811,10456,144000,145000,14,4000,2017-08-11,4
10455,20170811,10457,145000,150000,14,5000,2017-08-11,4
10456,20170811,10458,150000,151000,15,0,2017-08-11,4
10457,20170811,10459,151000,152000,15,1000,2017-08-11,4
10458,20170811,10460,152000,153000,15,2000,2017-08-11,4
10459,20170811,10461,153000,154000,15,3000,2017-08-11,4
10460,20170811,10462,154000,155000,15,4000,2017-08-11,4
10461,20170811,10463,155000,160000,15,5000,2017-08-11,4
10462,20170811,10464,160000,161000,16,0,2017-08-11,4
10463,20170811,10465,161000,162000,16,1000,2017-08-11,4
10464,20170811,10466,162000,163000,16,2000,2017-08-11,4
10465,20170811,10467,163000,164000,16,3000,2017-08-11,4
10466,20170811,10468,164000,165000,16,4000,2017-08-11,4
10467,20170811,10469,165000,170000,16,5000,2017-08-11,4
10468,20170811,10470,170000,171000,17,0,2017-08-11,4
10469,20170811,10471,171000,172000,17,1000,2017-08-11,4
10470,20170811,10472,172000,173000,17,2000,2017-08-11,4
10471,20170811,10473,173000,174000,17,3000,2017-08-11,4
10472,20170811,10474,174000,175000,17,4000,2017-08-11,4
10473,20170811,10475,175000,180000,17,5000,2017-08-11,4
10474,20170811,10476,180000,181000,18,0,2017-08-11,4
10475,20170811,10477,181000,182000,18,1000,2017-08-11,4
10476,20170811,10478,182000,183000,18,2000,2017-08-11,4
10477,20170811,10479,183000,184000,18,3000,2017-08-11,4
10478,20170811,10480,184000,185000,18,4000,2017-08-11,4
10479,20170811,10481,185000,190000,18,5000,2017-08-11,4
10480,20170811,10482,190000,191000,19,0,2017-08-11,4
10481,20170811,10483,191000,192000,19,1000,2017-08-11,4
10482,20170811,10484,192000,193000,19,2000,2017-08-11,4
10483,20170811,10485,193000,194000,19,3000,2017-08-11,4
10484,20170811,10486,194000,195000,19,4000,2017-08-11,4
10485,20170811,10487,195000,200000,19,5000,2017-08-11,4
10486,20170811,10488,200000,201000,20,0,2017-08-11,4
10487,20170811,10489,201000,202000,20,1000,2017-08-11,4
10488,20170811,10490,202000,203000,20,2000,2017-08-11,4
10489,20170811,10491,203000,204000,20,3000,2017-08-11,4
10490,20170811,10492,204000,205000,20,4000,2017-08-11,4
10491,20170811,10493,205000,210000,20,5000,2017-08-11,4
10492,20170811,10494,210000,211000,21,0,2017-08-11,4
10493,20170811,10495,211000,212000,21,1000,2017-08-11,4
10494,20170811,10496,212000,213000,21,2000,2017-08-11,4
10495,20170811,10497,213000,214000,21,3000,2017-08-11,4
10496,20170811,10498,214000,215000,21,4000,2017-08-11,4
10497,20170811,10499,215000,220000,21,5000,2017-08-11,4
10498,20170811,10500,220000,221000,22,0,2017-08-11,4
10499,20170811,10501,221000,222000,22,1000,2017-08-11,4
10500,20170811,10502,222000,223000,22,2000,2017-08-11,4
10501,20170811,10503,223000,224000,22,3000,2017-08-11,4
10502,20170811,10504,224000,225000,22,4000,2017-08-11,4
10503,20170811,10505,225000,230000,22,5000,2017-08-11,4
10504,20170812,10506,60000,61000,60,0,2017-08-12,5
10505,20170812,10507,61000,62000,61,0,2017-08-12,5
10506,20170812,10508,62000,63000,62,0,2017-08-12,5
10507,20170812,10509,63000,64000,63,0,2017-08-12,5
10508,20170812,10510,64000,65000,64,0,2017-08-12,5
10509,20170812,10511,65000,70000,65,0,2017-08-12,5
10510,20170812,10512,70000,71000,70,0,2017-08-12,5
10511,20170812,10513,71000,72000,71,0,2017-08-12,5
10512,20170812,10514,72000,73000,72,0,2017-08-12,5
10513,20170812,10515,73000,74000,73,0,2017-08-12,5
10514,20170812,10516,74000,75000,74,0,2017-08-12,5
10515,20170812,10517,75000,80000,75,0,2017-08-12,5
10516,20170812,10518,80000,81000,80,0,2017-08-12,5
10517,20170812,10519,81000,82000,81,0,2017-08-12,5
10518,20170812,10520,82000,83000,82,0,2017-08-12,5
10519,20170812,10521,83000,84000,83,0,2017-08-12,5
10520,20170812,10522,84000,85000,84,0,2017-08-12,5
10521,20170812,10523,85000,90000,85,0,2017-08-12,5
10522,20170812,10524,90000,91000,90,0,2017-08-12,5
10523,20170812,10525,91000,92000,91,0,2017-08-12,5
10524,20170812,10526,92000,93000,92,0,2017-08-12,5
10525,20170812,10527,93000,94000,93,0,2017-08-12,5
10526,20170812,10528,94000,95000,94,0,2017-08-12,5
10527,20170812,10529,95000,100000,95,0,2017-08-12,5
10528,20170812,10530,100000,101000,10,0,2017-08-12,5
10529,20170812,10531,101000,102000,10,1000,2017-08-12,5
10530,20170812,10532,102000,103000,10,2000,2017-08-12,5
10531,20170812,10533,103000,104000,10,3000,2017-08-12,5
10532,20170812,10534,104000,105000,10,4000,2017-08-12,5
10533,20170812,10535,105000,110000,10,5000,2017-08-12,5
10534,20170812,10536,110000,111000,11,0,2017-08-12,5
10535,20170812,10537,111000,112000,11,1000,2017-08-12,5
10536,20170812,10538,112000,113000,11,2000,2017-08-12,5
10537,20170812,10539,113000,114000,11,3000,2017-08-12,5
10538,20170812,10540,114000,115000,11,4000,2017-08-12,5
10539,20170812,10541,115000,120000,11,5000,2017-08-12,5
10540,20170812,10542,120000,121000,12,0,2017-08-12,5
10541,20170812,10543,121000,122000,12,1000,2017-08-12,5
10542,20170812,10544,122000,123000,12,2000,2017-08-12,5
10543,20170812,10545,123000,124000,12,3000,2017-08-12,5
10544,20170812,10546,124000,125000,12,4000,2017-08-12,5
10545,20170812,10547,125000,130000,12,5000,2017-08-12,5
10546,20170812,10548,130000,131000,13,0,2017-08-12,5
10547,20170812,10549,131000,132000,13,1000,2017-08-12,5
10548,20170812,10550,132000,133000,13,2000,2017-08-12,5
10549,20170812,10551,133000,134000,13,3000,2017-08-12,5
10550,20170812,10552,134000,135000,13,4000,2017-08-12,5
10551,20170812,10553,135000,140000,13,5000,2017-08-12,5
10552,20170812,10554,140000,141000,14,0,2017-08-12,5
10553,20170812,10555,141000,142000,14,1000,2017-08-12,5
10554,20170812,10556,142000,143000,14,2000,2017-08-12,5
10555,20170812,10557,143000,144000,14,3000,2017-08-12,5
10556,20170812,10558,144000,145000,14,4000,2017-08-12,5
10557,20170812,10559,145000,150000,14,5000,2017-08-12,5
10558,20170812,10560,150000,151000,15,0,2017-08-12,5
10559,20170812,10561,151000,152000,15,1000,2017-08-12,5
10560,20170812,10562,152000,153000,15,2000,2017-08-12,5
10561,20170812,10563,153000,154000,15,3000,2017-08-12,5
10562,20170812,10564,154000,155000,15,4000,2017-08-12,5
10563,20170812,10565,155000,160000,15,5000,2017-08-12,5
10564,20170812,10566,160000,161000,16,0,2017-08-12,5
10565,20170812,10567,161000,162000,16,1000,2017-08-12,5
10566,20170812,10568,162000,163000,16,2000,2017-08-12,5
10567,20170812,10569,163000,164000,16,3000,2017-08-12,5
10568,20170812,10570,164000,165000,16,4000,2017-08-12,5
10569,20170812,10571,165000,170000,16,5000,2017-08-12,5
10570,20170812,10572,170000,171000,17,0,2017-08-12,5
10571,20170812,10573,171000,172000,17,1000,2017-08-12,5
10572,20170812,10574,172000,173000,17,2000,2017-08-12,5
10573,20170812,10575,173000,174000,17,3000,2017-08-12,5
10574,20170812,10576,174000,175000,17,4000,2017-08-12,5
10575,20170812,10577,175000,180000,17,5000,2017-08-12,5
10576,20170812,10578,180000,181000,18,0,2017-08-12,5
10577,20170812,10579,181000,182000,18,1000,2017-08-12,5
10578,20170812,10580,182000,183000,18,2000,2017-08-12,5
10579,20170812,10581,183000,184000,18,3000,2017-08-12,5
10580,20170812,10582,184000,185000,18,4000,2017-08-12,5
10581,20170812,10583,185000,190000,18,5000,2017-08-12,5
10582,20170812,10584,190000,191000,19,0,2017-08-12,5
10583,20170812,10585,191000,192000,19,1000,2017-08-12,5
10584,20170812,10586,192000,193000,19,2000,2017-08-12,5
10585,20170812,10587,193000,194000,19,3000,2017-08-12,5
10586,20170812,10588,194000,195000,19,4000,2017-08-12,5
10587,20170812,10589,195000,200000,19,5000,2017-08-12,5
10588,20170812,10590,200000,201000,20,0,2017-08-12,5
10589,20170812,10591,201000,202000,20,1000,2017-08-12,5
10590,20170812,10592,202000,203000,20,2000,2017-08-12,5
10591,20170812,10593,203000,204000,20,3000,2017-08-12,5
10592,20170812,10594,204000,205000,20,4000,2017-08-12,5
10593,20170812,10595,205000,210000,20,5000,2017-08-12,5
10594,20170812,10596,210000,211000,21,0,2017-08-12,5
10595,20170812,10597,211000,212000,21,1000,2017-08-12,5
10596,20170812,10598,212000,213000,21,2000,2017-08-12,5
10597,20170812,10599,213000,214000,21,3000,2017-08-12,5
10598,20170812,10600,214000,215000,21,4000,2017-08-12,5
10599,20170812,10601,215000,220000,21,5000,2017-08-12,5
10600,20170812,10602,220000,221000,22,0,2017-08-12,5
10601,20170812,10603,221000,222000,22,1000,2017-08-12,5
10602,20170812,10604,222000,223000,22,2000,2017-08-12,5
10603,20170812,10605,223000,224000,22,3000,2017-08-12,5
10604,20170812,10606,224000,225000,22,4000,2017-08-12,5
10605,20170812,10607,225000,230000,22,5000,2017-08-12,5
10606,20170813,10608,60000,61000,60,0,2017-08-13,6
10607,20170813,10609,61000,62000,61,0,2017-08-13,6
10608,20170813,10610,62000,63000,62,0,2017-08-13,6
10609,20170813,10611,63000,64000,63,0,2017-08-13,6
10610,20170813,10612,64000,65000,64,0,2017-08-13,6
10611,20170813,10613,65000,70000,65,0,2017-08-13,6
10612,20170813,10614,70000,71000,70,0,2017-08-13,6
10613,20170813,10615,71000,72000,71,0,2017-08-13,6
10614,20170813,10616,72000,73000,72,0,2017-08-13,6
10615,20170813,10617,73000,74000,73,0,2017-08-13,6
10616,20170813,10618,74000,75000,74,0,2017-08-13,6
10617,20170813,10619,75000,80000,75,0,2017-08-13,6
10618,20170813,10620,80000,81000,80,0,2017-08-13,6
10619,20170813,10621,81000,82000,81,0,2017-08-13,6
10620,20170813,10622,82000,83000,82,0,2017-08-13,6
10621,20170813,10623,83000,84000,83,0,2017-08-13,6
10622,20170813,10624,84000,85000,84,0,2017-08-13,6
10623,20170813,10625,85000,90000,85,0,2017-08-13,6
10624,20170813,10626,90000,91000,90,0,2017-08-13,6
10625,20170813,10627,91000,92000,91,0,2017-08-13,6
10626,20170813,10628,92000,93000,92,0,2017-08-13,6
10627,20170813,10629,93000,94000,93,0,2017-08-13,6
10628,20170813,10630,94000,95000,94,0,2017-08-13,6
10629,20170813,10631,95000,100000,95,0,2017-08-13,6
10630,20170813,10632,100000,101000,10,0,2017-08-13,6
10631,20170813,10633,101000,102000,10,1000,2017-08-13,6
10632,20170813,10634,102000,103000,10,2000,2017-08-13,6
10633,20170813,10635,103000,104000,10,3000,2017-08-13,6
10634,20170813,10636,104000,105000,10,4000,2017-08-13,6
10635,20170813,10637,105000,110000,10,5000,2017-08-13,6
10636,20170813,10638,110000,111000,11,0,2017-08-13,6
10637,20170813,10639,111000,112000,11,1000,2017-08-13,6
10638,20170813,10640,112000,113000,11,2000,2017-08-13,6
10639,20170813,10641,113000,114000,11,3000,2017-08-13,6
10640,20170813,10642,114000,115000,11,4000,2017-08-13,6
10641,20170813,10643,115000,120000,11,5000,2017-08-13,6
10642,20170813,10644,120000,121000,12,0,2017-08-13,6
10643,20170813,10645,121000,122000,12,1000,2017-08-13,6
10644,20170813,10646,122000,123000,12,2000,2017-08-13,6
10645,20170813,10647,123000,124000,12,3000,2017-08-13,6
10646,20170813,10648,124000,125000,12,4000,2017-08-13,6
10647,20170813,10649,125000,130000,12,5000,2017-08-13,6
10648,20170813,10650,130000,131000,13,0,2017-08-13,6
10649,20170813,10651,131000,132000,13,1000,2017-08-13,6
10650,20170813,10652,132000,133000,13,2000,2017-08-13,6
10651,20170813,10653,133000,134000,13,3000,2017-08-13,6
10652,20170813,10654,134000,135000,13,4000,2017-08-13,6
10653,20170813,10655,135000,140000,13,5000,2017-08-13,6
10654,20170813,10656,140000,141000,14,0,2017-08-13,6
10655,20170813,10657,141000,142000,14,1000,2017-08-13,6
10656,20170813,10658,142000,143000,14,2000,2017-08-13,6
10657,20170813,10659,143000,144000,14,3000,2017-08-13,6
10658,20170813,10660,144000,145000,14,4000,2017-08-13,6
10659,20170813,10661,145000,150000,14,5000,2017-08-13,6
10660,20170813,10662,150000,151000,15,0,2017-08-13,6
10661,20170813,10663,151000,152000,15,1000,2017-08-13,6
10662,20170813,10664,152000,153000,15,2000,2017-08-13,6
10663,20170813,10665,153000,154000,15,3000,2017-08-13,6
10664,20170813,10666,154000,155000,15,4000,2017-08-13,6
10665,20170813,10667,155000,160000,15,5000,2017-08-13,6
10666,20170813,10668,160000,161000,16,0,2017-08-13,6
10667,20170813,10669,161000,162000,16,1000,2017-08-13,6
10668,20170813,10670,162000,163000,16,2000,2017-08-13,6
10669,20170813,10671,163000,164000,16,3000,2017-08-13,6
10670,20170813,10672,164000,165000,16,4000,2017-08-13,6
10671,20170813,10673,165000,170000,16,5000,2017-08-13,6
10672,20170813,10674,170000,171000,17,0,2017-08-13,6
10673,20170813,10675,171000,172000,17,1000,2017-08-13,6
10674,20170813,10676,172000,173000,17,2000,2017-08-13,6
10675,20170813,10677,173000,174000,17,3000,2017-08-13,6
10676,20170813,10678,174000,175000,17,4000,2017-08-13,6
10677,20170813,10679,175000,180000,17,5000,2017-08-13,6
10678,20170813,10680,180000,181000,18,0,2017-08-13,6
10679,20170813,10681,181000,182000,18,1000,2017-08-13,6
10680,20170813,10682,182000,183000,18,2000,2017-08-13,6
10681,20170813,10683,183000,184000,18,3000,2017-08-13,6
10682,20170813,10684,184000,185000,18,4000,2017-08-13,6
10683,20170813,10685,185000,190000,18,5000,2017-08-13,6
10684,20170813,10686,190000,191000,19,0,2017-08-13,6
10685,20170813,10687,191000,192000,19,1000,2017-08-13,6
10686,20170813,10688,192000,193000,19,2000,2017-08-13,6
10687,20170813,10689,193000,194000,19,3000,2017-08-13,6
10688,20170813,10690,194000,195000,19,4000,2017-08-13,6
10689,20170813,10691,195000,200000,19,5000,2017-08-13,6
10690,20170813,10692,200000,201000,20,0,2017-08-13,6
10691,20170813,10693,201000,202000,20,1000,2017-08-13,6
10692,20170813,10694,202000,203000,20,2000,2017-08-13,6
10693,20170813,10695,203000,204000,20,3000,2017-08-13,6
10694,20170813,10696,204000,205000,20,4000,2017-08-13,6
10695,20170813,10697,205000,210000,20,5000,2017-08-13,6
10696,20170813,10698,210000,211000,21,0,2017-08-13,6
10697,20170813,10699,211000,212000,21,1000,2017-08-13,6
10698,20170813,10700,212000,213000,21,2000,2017-08-13,6
10699,20170813,10701,213000,214000,21,3000,2017-08-13,6
10700,20170813,10702,214000,215000,21,4000,2017-08-13,6
10701,20170813,10703,215000,220000,21,5000,2017-08-13,6
10702,20170813,10704,220000,221000,22,0,2017-08-13,6
10703,20170813,10705,221000,222000,22,1000,2017-08-13,6
10704,20170813,10706,222000,223000,22,2000,2017-08-13,6
10705,20170813,10707,223000,224000,22,3000,2017-08-13,6
10706,20170813,10708,224000,225000,22,4000,2017-08-13,6
10707,20170813,10709,225000,230000,22,5000,2017-08-13,6
10708,20170814,10710,60000,61000,60,0,2017-08-14,0
10709,20170814,10711,61000,62000,61,0,2017-08-14,0
10710,20170814,10712,62000,63000,62,0,2017-08-14,0
10711,20170814,10713,63000,64000,63,0,2017-08-14,0
10712,20170814,10714,64000,65000,64,0,2017-08-14,0
10713,20170814,10715,65000,70000,65,0,2017-08-14,0
10714,20170814,10716,70000,71000,70,0,2017-08-14,0
10715,20170814,10717,71000,72000,71,0,2017-08-14,0
10716,20170814,10718,72000,73000,72,0,2017-08-14,0
10717,20170814,10719,73000,74000,73,0,2017-08-14,0
10718,20170814,10720,74000,75000,74,0,2017-08-14,0
10719,20170814,10721,75000,80000,75,0,2017-08-14,0
10720,20170814,10722,80000,81000,80,0,2017-08-14,0
10721,20170814,10723,81000,82000,81,0,2017-08-14,0
10722,20170814,10724,82000,83000,82,0,2017-08-14,0
10723,20170814,10725,83000,84000,83,0,2017-08-14,0
10724,20170814,10726,84000,85000,84,0,2017-08-14,0
10725,20170814,10727,85000,90000,85,0,2017-08-14,0
10726,20170814,10728,90000,91000,90,0,2017-08-14,0
10727,20170814,10729,91000,92000,91,0,2017-08-14,0
10728,20170814,10730,92000,93000,92,0,2017-08-14,0
10729,20170814,10731,93000,94000,93,0,2017-08-14,0
10730,20170814,10732,94000,95000,94,0,2017-08-14,0
10731,20170814,10733,95000,100000,95,0,2017-08-14,0
10732,20170814,10734,100000,101000,10,0,2017-08-14,0
10733,20170814,10735,101000,102000,10,1000,2017-08-14,0
10734,20170814,10736,102000,103000,10,2000,2017-08-14,0
10735,20170814,10737,103000,104000,10,3000,2017-08-14,0
10736,20170814,10738,104000,105000,10,4000,2017-08-14,0
10737,20170814,10739,105000,110000,10,5000,2017-08-14,0
10738,20170814,10740,110000,111000,11,0,2017-08-14,0
10739,20170814,10741,111000,112000,11,1000,2017-08-14,0
10740,20170814,10742,112000,113000,11,2000,2017-08-14,0
10741,20170814,10743,113000,114000,11,3000,2017-08-14,0
10742,20170814,10744,114000,115000,11,4000,2017-08-14,0
10743,20170814,10745,115000,120000,11,5000,2017-08-14,0
10744,20170814,10746,120000,121000,12,0,2017-08-14,0
10745,20170814,10747,121000,122000,12,1000,2017-08-14,0
10746,20170814,10748,122000,123000,12,2000,2017-08-14,0
10747,20170814,10749,123000,124000,12,3000,2017-08-14,0
10748,20170814,10750,124000,125000,12,4000,2017-08-14,0
10749,20170814,10751,125000,130000,12,5000,2017-08-14,0
10750,20170814,10752,130000,131000,13,0,2017-08-14,0
10751,20170814,10753,131000,132000,13,1000,2017-08-14,0
10752,20170814,10754,132000,133000,13,2000,2017-08-14,0
10753,20170814,10755,133000,134000,13,3000,2017-08-14,0
10754,20170814,10756,134000,135000,13,4000,2017-08-14,0
10755,20170814,10757,135000,140000,13,5000,2017-08-14,0
10756,20170814,10758,140000,141000,14,0,2017-08-14,0
10757,20170814,10759,141000,142000,14,1000,2017-08-14,0
10758,20170814,10760,142000,143000,14,2000,2017-08-14,0
10759,20170814,10761,143000,144000,14,3000,2017-08-14,0
10760,20170814,10762,144000,145000,14,4000,2017-08-14,0
10761,20170814,10763,145000,150000,14,5000,2017-08-14,0
10762,20170814,10764,150000,151000,15,0,2017-08-14,0
10763,20170814,10765,151000,152000,15,1000,2017-08-14,0
10764,20170814,10766,152000,153000,15,2000,2017-08-14,0
10765,20170814,10767,153000,154000,15,3000,2017-08-14,0
10766,20170814,10768,154000,155000,15,4000,2017-08-14,0
10767,20170814,10769,155000,160000,15,5000,2017-08-14,0
10768,20170814,10770,160000,161000,16,0,2017-08-14,0
10769,20170814,10771,161000,162000,16,1000,2017-08-14,0
10770,20170814,10772,162000,163000,16,2000,2017-08-14,0
10771,20170814,10773,163000,164000,16,3000,2017-08-14,0
10772,20170814,10774,164000,165000,16,4000,2017-08-14,0
10773,20170814,10775,165000,170000,16,5000,2017-08-14,0
10774,20170814,10776,170000,171000,17,0,2017-08-14,0
10775,20170814,10777,171000,172000,17,1000,2017-08-14,0
10776,20170814,10778,172000,173000,17,2000,2017-08-14,0
10777,20170814,10779,173000,174000,17,3000,2017-08-14,0
10778,20170814,10780,174000,175000,17,4000,2017-08-14,0
10779,20170814,10781,175000,180000,17,5000,2017-08-14,0
10780,20170814,10782,180000,181000,18,0,2017-08-14,0
10781,20170814,10783,181000,182000,18,1000,2017-08-14,0
10782,20170814,10784,182000,183000,18,2000,2017-08-14,0
10783,20170814,10785,183000,184000,18,3000,2017-08-14,0
10784,20170814,10786,184000,185000,18,4000,2017-08-14,0
10785,20170814,10787,185000,190000,18,5000,2017-08-14,0
10786,20170814,10788,190000,191000,19,0,2017-08-14,0
10787,20170814,10789,191000,192000,19,1000,2017-08-14,0
10788,20170814,10790,192000,193000,19,2000,2017-08-14,0
10789,20170814,10791,193000,194000,19,3000,2017-08-14,0
10790,20170814,10792,194000,195000,19,4000,2017-08-14,0
10791,20170814,10793,195000,200000,19,5000,2017-08-14,0
10792,20170814,10794,200000,201000,20,0,2017-08-14,0
10793,20170814,10795,201000,202000,20,1000,2017-08-14,0
10794,20170814,10796,202000,203000,20,2000,2017-08-14,0
10795,20170814,10797,203000,204000,20,3000,2017-08-14,0
10796,20170814,10798,204000,205000,20,4000,2017-08-14,0
10797,20170814,10799,205000,210000,20,5000,2017-08-14,0
10798,20170814,10800,210000,211000,21,0,2017-08-14,0
10799,20170814,10801,211000,212000,21,1000,2017-08-14,0
10800,20170814,10802,212000,213000,21,2000,2017-08-14,0
10801,20170814,10803,213000,214000,21,3000,2017-08-14,0
10802,20170814,10804,214000,215000,21,4000,2017-08-14,0
10803,20170814,10805,215000,220000,21,5000,2017-08-14,0
10804,20170814,10806,220000,221000,22,0,2017-08-14,0
10805,20170814,10807,221000,222000,22,1000,2017-08-14,0
10806,20170814,10808,222000,223000,22,2000,2017-08-14,0
10807,20170814,10809,223000,224000,22,3000,2017-08-14,0
10808,20170814,10810,224000,225000,22,4000,2017-08-14,0
10809,20170814,10811,225000,230000,22,5000,2017-08-14,0
10810,20170815,10812,60000,61000,60,0,2017-08-15,1
10811,20170815,10813,61000,62000,61,0,2017-08-15,1
10812,20170815,10814,62000,63000,62,0,2017-08-15,1
10813,20170815,10815,63000,64000,63,0,2017-08-15,1
10814,20170815,10816,64000,65000,64,0,2017-08-15,1
10815,20170815,10817,65000,70000,65,0,2017-08-15,1
10816,20170815,10818,70000,71000,70,0,2017-08-15,1
10817,20170815,10819,71000,72000,71,0,2017-08-15,1
10818,20170815,10820,72000,73000,72,0,2017-08-15,1
10819,20170815,10821,73000,74000,73,0,2017-08-15,1
10820,20170815,10822,74000,75000,74,0,2017-08-15,1
10821,20170815,10823,75000,80000,75,0,2017-08-15,1
10822,20170815,10824,80000,81000,80,0,2017-08-15,1
10823,20170815,10825,81000,82000,81,0,2017-08-15,1
10824,20170815,10826,82000,83000,82,0,2017-08-15,1
10825,20170815,10827,83000,84000,83,0,2017-08-15,1
10826,20170815,10828,84000,85000,84,0,2017-08-15,1
10827,20170815,10829,85000,90000,85,0,2017-08-15,1
10828,20170815,10830,90000,91000,90,0,2017-08-15,1
10829,20170815,10831,91000,92000,91,0,2017-08-15,1
10830,20170815,10832,92000,93000,92,0,2017-08-15,1
10831,20170815,10833,93000,94000,93,0,2017-08-15,1
10832,20170815,10834,94000,95000,94,0,2017-08-15,1
10833,20170815,10835,95000,100000,95,0,2017-08-15,1
10834,20170815,10836,100000,101000,10,0,2017-08-15,1
10835,20170815,10837,101000,102000,10,1000,2017-08-15,1
10836,20170815,10838,102000,103000,10,2000,2017-08-15,1
10837,20170815,10839,103000,104000,10,3000,2017-08-15,1
10838,20170815,10840,104000,105000,10,4000,2017-08-15,1
10839,20170815,10841,105000,110000,10,5000,2017-08-15,1
10840,20170815,10842,110000,111000,11,0,2017-08-15,1
10841,20170815,10843,111000,112000,11,1000,2017-08-15,1
10842,20170815,10844,112000,113000,11,2000,2017-08-15,1
10843,20170815,10845,113000,114000,11,3000,2017-08-15,1
10844,20170815,10846,114000,115000,11,4000,2017-08-15,1
10845,20170815,10847,115000,120000,11,5000,2017-08-15,1
10846,20170815,10848,120000,121000,12,0,2017-08-15,1
10847,20170815,10849,121000,122000,12,1000,2017-08-15,1
10848,20170815,10850,122000,123000,12,2000,2017-08-15,1
10849,20170815,10851,123000,124000,12,3000,2017-08-15,1
10850,20170815,10852,124000,125000,12,4000,2017-08-15,1
10851,20170815,10853,125000,130000,12,5000,2017-08-15,1
10852,20170815,10854,130000,131000,13,0,2017-08-15,1
10853,20170815,10855,131000,132000,13,1000,2017-08-15,1
10854,20170815,10856,132000,133000,13,2000,2017-08-15,1
10855,20170815,10857,133000,134000,13,3000,2017-08-15,1
10856,20170815,10858,134000,135000,13,4000,2017-08-15,1
10857,20170815,10859,135000,140000,13,5000,2017-08-15,1
10858,20170815,10860,140000,141000,14,0,2017-08-15,1
10859,20170815,10861,141000,142000,14,1000,2017-08-15,1
10860,20170815,10862,142000,143000,14,2000,2017-08-15,1
10861,20170815,10863,143000,144000,14,3000,2017-08-15,1
10862,20170815,10864,144000,145000,14,4000,2017-08-15,1
10863,20170815,10865,145000,150000,14,5000,2017-08-15,1
10864,20170815,10866,150000,151000,15,0,2017-08-15,1
10865,20170815,10867,151000,152000,15,1000,2017-08-15,1
10866,20170815,10868,152000,153000,15,2000,2017-08-15,1
10867,20170815,10869,153000,154000,15,3000,2017-08-15,1
10868,20170815,10870,154000,155000,15,4000,2017-08-15,1
10869,20170815,10871,155000,160000,15,5000,2017-08-15,1
10870,20170815,10872,160000,161000,16,0,2017-08-15,1
10871,20170815,10873,161000,162000,16,1000,2017-08-15,1
10872,20170815,10874,162000,163000,16,2000,2017-08-15,1
10873,20170815,10875,163000,164000,16,3000,2017-08-15,1
10874,20170815,10876,164000,165000,16,4000,2017-08-15,1
10875,20170815,10877,165000,170000,16,5000,2017-08-15,1
10876,20170815,10878,170000,171000,17,0,2017-08-15,1
10877,20170815,10879,171000,172000,17,1000,2017-08-15,1
10878,20170815,10880,172000,173000,17,2000,2017-08-15,1
10879,20170815,10881,173000,174000,17,3000,2017-08-15,1
10880,20170815,10882,174000,175000,17,4000,2017-08-15,1
10881,20170815,10883,175000,180000,17,5000,2017-08-15,1
10882,20170815,10884,180000,181000,18,0,2017-08-15,1
10883,20170815,10885,181000,182000,18,1000,2017-08-15,1
10884,20170815,10886,182000,183000,18,2000,2017-08-15,1
10885,20170815,10887,183000,184000,18,3000,2017-08-15,1
10886,20170815,10888,184000,185000,18,4000,2017-08-15,1
10887,20170815,10889,185000,190000,18,5000,2017-08-15,1
10888,20170815,10890,190000,191000,19,0,2017-08-15,1
10889,20170815,10891,191000,192000,19,1000,2017-08-15,1
10890,20170815,10892,192000,193000,19,2000,2017-08-15,1
10891,20170815,10893,193000,194000,19,3000,2017-08-15,1
10892,20170815,10894,194000,195000,19,4000,2017-08-15,1
10893,20170815,10895,195000,200000,19,5000,2017-08-15,1
10894,20170815,10896,200000,201000,20,0,2017-08-15,1
10895,20170815,10897,201000,202000,20,1000,2017-08-15,1
10896,20170815,10898,202000,203000,20,2000,2017-08-15,1
10897,20170815,10899,203000,204000,20,3000,2017-08-15,1
10898,20170815,10900,204000,205000,20,4000,2017-08-15,1
10899,20170815,10901,205000,210000,20,5000,2017-08-15,1
10900,20170815,10902,210000,211000,21,0,2017-08-15,1
10901,20170815,10903,211000,212000,21,1000,2017-08-15,1
10902,20170815,10904,212000,213000,21,2000,2017-08-15,1
10903,20170815,10905,213000,214000,21,3000,2017-08-15,1
10904,20170815,10906,214000,215000,21,4000,2017-08-15,1
10905,20170815,10907,215000,220000,21,5000,2017-08-15,1
10906,20170815,10908,220000,221000,22,0,2017-08-15,1
10907,20170815,10909,221000,222000,22,1000,2017-08-15,1
10908,20170815,10910,222000,223000,22,2000,2017-08-15,1
10909,20170815,10911,223000,224000,22,3000,2017-08-15,1
10910,20170815,10912,224000,225000,22,4000,2017-08-15,1
10911,20170815,10913,225000,230000,22,5000,2017-08-15,1
10912,20170816,10914,60000,61000,60,0,2017-08-16,2
10913,20170816,10915,61000,62000,61,0,2017-08-16,2
10914,20170816,10916,62000,63000,62,0,2017-08-16,2
10915,20170816,10917,63000,64000,63,0,2017-08-16,2
10916,20170816,10918,64000,65000,64,0,2017-08-16,2
10917,20170816,10919,65000,70000,65,0,2017-08-16,2
10918,20170816,10920,70000,71000,70,0,2017-08-16,2
10919,20170816,10921,71000,72000,71,0,2017-08-16,2
10920,20170816,10922,72000,73000,72,0,2017-08-16,2
10921,20170816,10923,73000,74000,73,0,2017-08-16,2
10922,20170816,10924,74000,75000,74,0,2017-08-16,2
10923,20170816,10925,75000,80000,75,0,2017-08-16,2
10924,20170816,10926,80000,81000,80,0,2017-08-16,2
10925,20170816,10927,81000,82000,81,0,2017-08-16,2
10926,20170816,10928,82000,83000,82,0,2017-08-16,2
10927,20170816,10929,83000,84000,83,0,2017-08-16,2
10928,20170816,10930,84000,85000,84,0,2017-08-16,2
10929,20170816,10931,85000,90000,85,0,2017-08-16,2
10930,20170816,10932,90000,91000,90,0,2017-08-16,2
10931,20170816,10933,91000,92000,91,0,2017-08-16,2
10932,20170816,10934,92000,93000,92,0,2017-08-16,2
10933,20170816,10935,93000,94000,93,0,2017-08-16,2
10934,20170816,10936,94000,95000,94,0,2017-08-16,2
10935,20170816,10937,95000,100000,95,0,2017-08-16,2
10936,20170816,10938,100000,101000,10,0,2017-08-16,2
10937,20170816,10939,101000,102000,10,1000,2017-08-16,2
10938,20170816,10940,102000,103000,10,2000,2017-08-16,2
10939,20170816,10941,103000,104000,10,3000,2017-08-16,2
10940,20170816,10942,104000,105000,10,4000,2017-08-16,2
10941,20170816,10943,105000,110000,10,5000,2017-08-16,2
10942,20170816,10944,110000,111000,11,0,2017-08-16,2
10943,20170816,10945,111000,112000,11,1000,2017-08-16,2
10944,20170816,10946,112000,113000,11,2000,2017-08-16,2
10945,20170816,10947,113000,114000,11,3000,2017-08-16,2
10946,20170816,10948,114000,115000,11,4000,2017-08-16,2
10947,20170816,10949,115000,120000,11,5000,2017-08-16,2
10948,20170816,10950,120000,121000,12,0,2017-08-16,2
10949,20170816,10951,121000,122000,12,1000,2017-08-16,2
10950,20170816,10952,122000,123000,12,2000,2017-08-16,2
10951,20170816,10953,123000,124000,12,3000,2017-08-16,2
10952,20170816,10954,124000,125000,12,4000,2017-08-16,2
10953,20170816,10955,125000,130000,12,5000,2017-08-16,2
10954,20170816,10956,130000,131000,13,0,2017-08-16,2
10955,20170816,10957,131000,132000,13,1000,2017-08-16,2
10956,20170816,10958,132000,133000,13,2000,2017-08-16,2
10957,20170816,10959,133000,134000,13,3000,2017-08-16,2
10958,20170816,10960,134000,135000,13,4000,2017-08-16,2
10959,20170816,10961,135000,140000,13,5000,2017-08-16,2
10960,20170816,10962,140000,141000,14,0,2017-08-16,2
10961,20170816,10963,141000,142000,14,1000,2017-08-16,2
10962,20170816,10964,142000,143000,14,2000,2017-08-16,2
10963,20170816,10965,143000,144000,14,3000,2017-08-16,2
10964,20170816,10966,144000,145000,14,4000,2017-08-16,2
10965,20170816,10967,145000,150000,14,5000,2017-08-16,2
10966,20170816,10968,150000,151000,15,0,2017-08-16,2
10967,20170816,10969,151000,152000,15,1000,2017-08-16,2
10968,20170816,10970,152000,153000,15,2000,2017-08-16,2
10969,20170816,10971,153000,154000,15,3000,2017-08-16,2
10970,20170816,10972,154000,155000,15,4000,2017-08-16,2
10971,20170816,10973,155000,160000,15,5000,2017-08-16,2
10972,20170816,10974,160000,161000,16,0,2017-08-16,2
10973,20170816,10975,161000,162000,16,1000,2017-08-16,2
10974,20170816,10976,162000,163000,16,2000,2017-08-16,2
10975,20170816,10977,163000,164000,16,3000,2017-08-16,2
10976,20170816,10978,164000,165000,16,4000,2017-08-16,2
10977,20170816,10979,165000,170000,16,5000,2017-08-16,2
10978,20170816,10980,170000,171000,17,0,2017-08-16,2
10979,20170816,10981,171000,172000,17,1000,2017-08-16,2
10980,20170816,10982,172000,173000,17,2000,2017-08-16,2
10981,20170816,10983,173000,174000,17,3000,2017-08-16,2
10982,20170816,10984,174000,175000,17,4000,2017-08-16,2
10983,20170816,10985,175000,180000,17,5000,2017-08-16,2
10984,20170816,10986,180000,181000,18,0,2017-08-16,2
10985,20170816,10987,181000,182000,18,1000,2017-08-16,2
10986,20170816,10988,182000,183000,18,2000,2017-08-16,2
10987,20170816,10989,183000,184000,18,3000,2017-08-16,2
10988,20170816,10990,184000,185000,18,4000,2017-08-16,2
10989,20170816,10991,185000,190000,18,5000,2017-08-16,2
10990,20170816,10992,190000,191000,19,0,2017-08-16,2
10991,20170816,10993,191000,192000,19,1000,2017-08-16,2
10992,20170816,10994,192000,193000,19,2000,2017-08-16,2
10993,20170816,10995,193000,194000,19,3000,2017-08-16,2
10994,20170816,10996,194000,195000,19,4000,2017-08-16,2
10995,20170816,10997,195000,200000,19,5000,2017-08-16,2
10996,20170816,10998,200000,201000,20,0,2017-08-16,2
10997,20170816,10999,201000,202000,20,1000,2017-08-16,2
10998,20170816,11000,202000,203000,20,2000,2017-08-16,2
10999,20170816,11001,203000,204000,20,3000,2017-08-16,2
11000,20170816,11002,204000,205000,20,4000,2017-08-16,2
11001,20170816,11003,205000,210000,20,5000,2017-08-16,2
11002,20170816,11004,210000,211000,21,0,2017-08-16,2
11003,20170816,11005,211000,212000,21,1000,2017-08-16,2
11004,20170816,11006,212000,213000,21,2000,2017-08-16,2
11005,20170816,11007,213000,214000,21,3000,2017-08-16,2
11006,20170816,11008,214000,215000,21,4000,2017-08-16,2
11007,20170816,11009,215000,220000,21,5000,2017-08-16,2
11008,20170816,11010,220000,221000,22,0,2017-08-16,2
11009,20170816,11011,221000,222000,22,1000,2017-08-16,2
11010,20170816,11012,222000,223000,22,2000,2017-08-16,2
11011,20170816,11013,223000,224000,22,3000,2017-08-16,2
11012,20170816,11014,224000,225000,22,4000,2017-08-16,2
11013,20170816,11015,225000,230000,22,5000,2017-08-16,2
11014,20170817,11016,60000,61000,60,0,2017-08-17,3
11015,20170817,11017,61000,62000,61,0,2017-08-17,3
11016,20170817,11018,62000,63000,62,0,2017-08-17,3
11017,20170817,11019,63000,64000,63,0,2017-08-17,3
11018,20170817,11020,64000,65000,64,0,2017-08-17,3
11019,20170817,11021,65000,70000,65,0,2017-08-17,3
11020,20170817,11022,70000,71000,70,0,2017-08-17,3
11021,20170817,11023,71000,72000,71,0,2017-08-17,3
11022,20170817,11024,72000,73000,72,0,2017-08-17,3
11023,20170817,11025,73000,74000,73,0,2017-08-17,3
11024,20170817,11026,74000,75000,74,0,2017-08-17,3
11025,20170817,11027,75000,80000,75,0,2017-08-17,3
11026,20170817,11028,80000,81000,80,0,2017-08-17,3
11027,20170817,11029,81000,82000,81,0,2017-08-17,3
11028,20170817,11030,82000,83000,82,0,2017-08-17,3
11029,20170817,11031,83000,84000,83,0,2017-08-17,3
11030,20170817,11032,84000,85000,84,0,2017-08-17,3
11031,20170817,11033,85000,90000,85,0,2017-08-17,3
11032,20170817,11034,90000,91000,90,0,2017-08-17,3
11033,20170817,11035,91000,92000,91,0,2017-08-17,3
11034,20170817,11036,92000,93000,92,0,2017-08-17,3
11035,20170817,11037,93000,94000,93,0,2017-08-17,3
11036,20170817,11038,94000,95000,94,0,2017-08-17,3
11037,20170817,11039,95000,100000,95,0,2017-08-17,3
11038,20170817,11040,100000,101000,10,0,2017-08-17,3
11039,20170817,11041,101000,102000,10,1000,2017-08-17,3
11040,20170817,11042,102000,103000,10,2000,2017-08-17,3
11041,20170817,11043,103000,104000,10,3000,2017-08-17,3
11042,20170817,11044,104000,105000,10,4000,2017-08-17,3
11043,20170817,11045,105000,110000,10,5000,2017-08-17,3
11044,20170817,11046,110000,111000,11,0,2017-08-17,3
11045,20170817,11047,111000,112000,11,1000,2017-08-17,3
11046,20170817,11048,112000,113000,11,2000,2017-08-17,3
11047,20170817,11049,113000,114000,11,3000,2017-08-17,3
11048,20170817,11050,114000,115000,11,4000,2017-08-17,3
11049,20170817,11051,115000,120000,11,5000,2017-08-17,3
11050,20170817,11052,120000,121000,12,0,2017-08-17,3
11051,20170817,11053,121000,122000,12,1000,2017-08-17,3
11052,20170817,11054,122000,123000,12,2000,2017-08-17,3
11053,20170817,11055,123000,124000,12,3000,2017-08-17,3
11054,20170817,11056,124000,125000,12,4000,2017-08-17,3
11055,20170817,11057,125000,130000,12,5000,2017-08-17,3
11056,20170817,11058,130000,131000,13,0,2017-08-17,3
11057,20170817,11059,131000,132000,13,1000,2017-08-17,3
11058,20170817,11060,132000,133000,13,2000,2017-08-17,3
11059,20170817,11061,133000,134000,13,3000,2017-08-17,3
11060,20170817,11062,134000,135000,13,4000,2017-08-17,3
11061,20170817,11063,135000,140000,13,5000,2017-08-17,3
11062,20170817,11064,140000,141000,14,0,2017-08-17,3
11063,20170817,11065,141000,142000,14,1000,2017-08-17,3
11064,20170817,11066,142000,143000,14,2000,2017-08-17,3
11065,20170817,11067,143000,144000,14,3000,2017-08-17,3
11066,20170817,11068,144000,145000,14,4000,2017-08-17,3
11067,20170817,11069,145000,150000,14,5000,2017-08-17,3
11068,20170817,11070,150000,151000,15,0,2017-08-17,3
11069,20170817,11071,151000,152000,15,1000,2017-08-17,3
11070,20170817,11072,152000,153000,15,2000,2017-08-17,3
11071,20170817,11073,153000,154000,15,3000,2017-08-17,3
11072,20170817,11074,154000,155000,15,4000,2017-08-17,3
11073,20170817,11075,155000,160000,15,5000,2017-08-17,3
11074,20170817,11076,160000,161000,16,0,2017-08-17,3
11075,20170817,11077,161000,162000,16,1000,2017-08-17,3
11076,20170817,11078,162000,163000,16,2000,2017-08-17,3
11077,20170817,11079,163000,164000,16,3000,2017-08-17,3
11078,20170817,11080,164000,165000,16,4000,2017-08-17,3
11079,20170817,11081,165000,170000,16,5000,2017-08-17,3
11080,20170817,11082,170000,171000,17,0,2017-08-17,3
11081,20170817,11083,171000,172000,17,1000,2017-08-17,3
11082,20170817,11084,172000,173000,17,2000,2017-08-17,3
11083,20170817,11085,173000,174000,17,3000,2017-08-17,3
11084,20170817,11086,174000,175000,17,4000,2017-08-17,3
11085,20170817,11087,175000,180000,17,5000,2017-08-17,3
11086,20170817,11088,180000,181000,18,0,2017-08-17,3
11087,20170817,11089,181000,182000,18,1000,2017-08-17,3
11088,20170817,11090,182000,183000,18,2000,2017-08-17,3
11089,20170817,11091,183000,184000,18,3000,2017-08-17,3
11090,20170817,11092,184000,185000,18,4000,2017-08-17,3
11091,20170817,11093,185000,190000,18,5000,2017-08-17,3
11092,20170817,11094,190000,191000,19,0,2017-08-17,3
11093,20170817,11095,191000,192000,19,1000,2017-08-17,3
11094,20170817,11096,192000,193000,19,2000,2017-08-17,3
11095,20170817,11097,193000,194000,19,3000,2017-08-17,3
11096,20170817,11098,194000,195000,19,4000,2017-08-17,3
11097,20170817,11099,195000,200000,19,5000,2017-08-17,3
11098,20170817,11100,200000,201000,20,0,2017-08-17,3
11099,20170817,11101,201000,202000,20,1000,2017-08-17,3
11100,20170817,11102,202000,203000,20,2000,2017-08-17,3
11101,20170817,11103,203000,204000,20,3000,2017-08-17,3
11102,20170817,11104,204000,205000,20,4000,2017-08-17,3
11103,20170817,11105,205000,210000,20,5000,2017-08-17,3
11104,20170817,11106,210000,211000,21,0,2017-08-17,3
11105,20170817,11107,211000,212000,21,1000,2017-08-17,3
11106,20170817,11108,212000,213000,21,2000,2017-08-17,3
11107,20170817,11109,213000,214000,21,3000,2017-08-17,3
11108,20170817,11110,214000,215000,21,4000,2017-08-17,3
11109,20170817,11111,215000,220000,21,5000,2017-08-17,3
11110,20170817,11112,220000,221000,22,0,2017-08-17,3
11111,20170817,11113,221000,222000,22,1000,2017-08-17,3
11112,20170817,11114,222000,223000,22,2000,2017-08-17,3
11113,20170817,11115,223000,224000,22,3000,2017-08-17,3
11114,20170817,11116,224000,225000,22,4000,2017-08-17,3
11115,20170817,11117,225000,230000,22,5000,2017-08-17,3
11116,20170818,11118,60000,61000,60,0,2017-08-18,4
11117,20170818,11119,61000,62000,61,0,2017-08-18,4
11118,20170818,11120,62000,63000,62,0,2017-08-18,4
11119,20170818,11121,63000,64000,63,0,2017-08-18,4
11120,20170818,11122,64000,65000,64,0,2017-08-18,4
11121,20170818,11123,65000,70000,65,0,2017-08-18,4
11122,20170818,11124,70000,71000,70,0,2017-08-18,4
11123,20170818,11125,71000,72000,71,0,2017-08-18,4
11124,20170818,11126,72000,73000,72,0,2017-08-18,4
11125,20170818,11127,73000,74000,73,0,2017-08-18,4
11126,20170818,11128,74000,75000,74,0,2017-08-18,4
11127,20170818,11129,75000,80000,75,0,2017-08-18,4
11128,20170818,11130,80000,81000,80,0,2017-08-18,4
11129,20170818,11131,81000,82000,81,0,2017-08-18,4
11130,20170818,11132,82000,83000,82,0,2017-08-18,4
11131,20170818,11133,83000,84000,83,0,2017-08-18,4
11132,20170818,11134,84000,85000,84,0,2017-08-18,4
11133,20170818,11135,85000,90000,85,0,2017-08-18,4
11134,20170818,11136,90000,91000,90,0,2017-08-18,4
11135,20170818,11137,91000,92000,91,0,2017-08-18,4
11136,20170818,11138,92000,93000,92,0,2017-08-18,4
11137,20170818,11139,93000,94000,93,0,2017-08-18,4
11138,20170818,11140,94000,95000,94,0,2017-08-18,4
11139,20170818,11141,95000,100000,95,0,2017-08-18,4
11140,20170818,11142,100000,101000,10,0,2017-08-18,4
11141,20170818,11143,101000,102000,10,1000,2017-08-18,4
11142,20170818,11144,102000,103000,10,2000,2017-08-18,4
11143,20170818,11145,103000,104000,10,3000,2017-08-18,4
11144,20170818,11146,104000,105000,10,4000,2017-08-18,4
11145,20170818,11147,105000,110000,10,5000,2017-08-18,4
11146,20170818,11148,110000,111000,11,0,2017-08-18,4
11147,20170818,11149,111000,112000,11,1000,2017-08-18,4
11148,20170818,11150,112000,113000,11,2000,2017-08-18,4
11149,20170818,11151,113000,114000,11,3000,2017-08-18,4
11150,20170818,11152,114000,115000,11,4000,2017-08-18,4
11151,20170818,11153,115000,120000,11,5000,2017-08-18,4
11152,20170818,11154,120000,121000,12,0,2017-08-18,4
11153,20170818,11155,121000,122000,12,1000,2017-08-18,4
11154,20170818,11156,122000,123000,12,2000,2017-08-18,4
11155,20170818,11157,123000,124000,12,3000,2017-08-18,4
11156,20170818,11158,124000,125000,12,4000,2017-08-18,4
11157,20170818,11159,125000,130000,12,5000,2017-08-18,4
11158,20170818,11160,130000,131000,13,0,2017-08-18,4
11159,20170818,11161,131000,132000,13,1000,2017-08-18,4
11160,20170818,11162,132000,133000,13,2000,2017-08-18,4
11161,20170818,11163,133000,134000,13,3000,2017-08-18,4
11162,20170818,11164,134000,135000,13,4000,2017-08-18,4
11163,20170818,11165,135000,140000,13,5000,2017-08-18,4
11164,20170818,11166,140000,141000,14,0,2017-08-18,4
11165,20170818,11167,141000,142000,14,1000,2017-08-18,4
11166,20170818,11168,142000,143000,14,2000,2017-08-18,4
11167,20170818,11169,143000,144000,14,3000,2017-08-18,4
11168,20170818,11170,144000,145000,14,4000,2017-08-18,4
11169,20170818,11171,145000,150000,14,5000,2017-08-18,4
11170,20170818,11172,150000,151000,15,0,2017-08-18,4
11171,20170818,11173,151000,152000,15,1000,2017-08-18,4
11172,20170818,11174,152000,153000,15,2000,2017-08-18,4
11173,20170818,11175,153000,154000,15,3000,2017-08-18,4
11174,20170818,11176,154000,155000,15,4000,2017-08-18,4
11175,20170818,11177,155000,160000,15,5000,2017-08-18,4
11176,20170818,11178,160000,161000,16,0,2017-08-18,4
11177,20170818,11179,161000,162000,16,1000,2017-08-18,4
11178,20170818,11180,162000,163000,16,2000,2017-08-18,4
11179,20170818,11181,163000,164000,16,3000,2017-08-18,4
11180,20170818,11182,164000,165000,16,4000,2017-08-18,4
11181,20170818,11183,165000,170000,16,5000,2017-08-18,4
11182,20170818,11184,170000,171000,17,0,2017-08-18,4
11183,20170818,11185,171000,172000,17,1000,2017-08-18,4
11184,20170818,11186,172000,173000,17,2000,2017-08-18,4
11185,20170818,11187,173000,174000,17,3000,2017-08-18,4
11186,20170818,11188,174000,175000,17,4000,2017-08-18,4
11187,20170818,11189,175000,180000,17,5000,2017-08-18,4
11188,20170818,11190,180000,181000,18,0,2017-08-18,4
11189,20170818,11191,181000,182000,18,1000,2017-08-18,4
11190,20170818,11192,182000,183000,18,2000,2017-08-18,4
11191,20170818,11193,183000,184000,18,3000,2017-08-18,4
11192,20170818,11194,184000,185000,18,4000,2017-08-18,4
11193,20170818,11195,185000,190000,18,5000,2017-08-18,4
11194,20170818,11196,190000,191000,19,0,2017-08-18,4
11195,20170818,11197,191000,192000,19,1000,2017-08-18,4
11196,20170818,11198,192000,193000,19,2000,2017-08-18,4
11197,20170818,11199,193000,194000,19,3000,2017-08-18,4
11198,20170818,11200,194000,195000,19,4000,2017-08-18,4
11199,20170818,11201,195000,200000,19,5000,2017-08-18,4
11200,20170818,11202,200000,201000,20,0,2017-08-18,4
11201,20170818,11203,201000,202000,20,1000,2017-08-18,4
11202,20170818,11204,202000,203000,20,2000,2017-08-18,4
11203,20170818,11205,203000,204000,20,3000,2017-08-18,4
11204,20170818,11206,204000,205000,20,4000,2017-08-18,4
11205,20170818,11207,205000,210000,20,5000,2017-08-18,4
11206,20170818,11208,210000,211000,21,0,2017-08-18,4
11207,20170818,11209,211000,212000,21,1000,2017-08-18,4
11208,20170818,11210,212000,213000,21,2000,2017-08-18,4
11209,20170818,11211,213000,214000,21,3000,2017-08-18,4
11210,20170818,11212,214000,215000,21,4000,2017-08-18,4
11211,20170818,11213,215000,220000,21,5000,2017-08-18,4
11212,20170818,11214,220000,221000,22,0,2017-08-18,4
11213,20170818,11215,221000,222000,22,1000,2017-08-18,4
11214,20170818,11216,222000,223000,22,2000,2017-08-18,4
11215,20170818,11217,223000,224000,22,3000,2017-08-18,4
11216,20170818,11218,224000,225000,22,4000,2017-08-18,4
11217,20170818,11219,225000,230000,22,5000,2017-08-18,4
11218,20170819,11220,60000,61000,60,0,2017-08-19,5
11219,20170819,11221,61000,62000,61,0,2017-08-19,5
11220,20170819,11222,62000,63000,62,0,2017-08-19,5
11221,20170819,11223,63000,64000,63,0,2017-08-19,5
11222,20170819,11224,64000,65000,64,0,2017-08-19,5
11223,20170819,11225,65000,70000,65,0,2017-08-19,5
11224,20170819,11226,70000,71000,70,0,2017-08-19,5
11225,20170819,11227,71000,72000,71,0,2017-08-19,5
11226,20170819,11228,72000,73000,72,0,2017-08-19,5
11227,20170819,11229,73000,74000,73,0,2017-08-19,5
11228,20170819,11230,74000,75000,74,0,2017-08-19,5
11229,20170819,11231,75000,80000,75,0,2017-08-19,5
11230,20170819,11232,80000,81000,80,0,2017-08-19,5
11231,20170819,11233,81000,82000,81,0,2017-08-19,5
11232,20170819,11234,82000,83000,82,0,2017-08-19,5
11233,20170819,11235,83000,84000,83,0,2017-08-19,5
11234,20170819,11236,84000,85000,84,0,2017-08-19,5
11235,20170819,11237,85000,90000,85,0,2017-08-19,5
11236,20170819,11238,90000,91000,90,0,2017-08-19,5
11237,20170819,11239,91000,92000,91,0,2017-08-19,5
11238,20170819,11240,92000,93000,92,0,2017-08-19,5
11239,20170819,11241,93000,94000,93,0,2017-08-19,5
11240,20170819,11242,94000,95000,94,0,2017-08-19,5
11241,20170819,11243,95000,100000,95,0,2017-08-19,5
11242,20170819,11244,100000,101000,10,0,2017-08-19,5
11243,20170819,11245,101000,102000,10,1000,2017-08-19,5
11244,20170819,11246,102000,103000,10,2000,2017-08-19,5
11245,20170819,11247,103000,104000,10,3000,2017-08-19,5
11246,20170819,11248,104000,105000,10,4000,2017-08-19,5
11247,20170819,11249,105000,110000,10,5000,2017-08-19,5
11248,20170819,11250,110000,111000,11,0,2017-08-19,5
11249,20170819,11251,111000,112000,11,1000,2017-08-19,5
11250,20170819,11252,112000,113000,11,2000,2017-08-19,5
11251,20170819,11253,113000,114000,11,3000,2017-08-19,5
11252,20170819,11254,114000,115000,11,4000,2017-08-19,5
11253,20170819,11255,115000,120000,11,5000,2017-08-19,5
11254,20170819,11256,120000,121000,12,0,2017-08-19,5
11255,20170819,11257,121000,122000,12,1000,2017-08-19,5
11256,20170819,11258,122000,123000,12,2000,2017-08-19,5
11257,20170819,11259,123000,124000,12,3000,2017-08-19,5
11258,20170819,11260,124000,125000,12,4000,2017-08-19,5
11259,20170819,11261,125000,130000,12,5000,2017-08-19,5
11260,20170819,11262,130000,131000,13,0,2017-08-19,5
11261,20170819,11263,131000,132000,13,1000,2017-08-19,5
11262,20170819,11264,132000,133000,13,2000,2017-08-19,5
11263,20170819,11265,133000,134000,13,3000,2017-08-19,5
11264,20170819,11266,134000,135000,13,4000,2017-08-19,5
11265,20170819,11267,135000,140000,13,5000,2017-08-19,5
11266,20170819,11268,140000,141000,14,0,2017-08-19,5
11267,20170819,11269,141000,142000,14,1000,2017-08-19,5
11268,20170819,11270,142000,143000,14,2000,2017-08-19,5
11269,20170819,11271,143000,144000,14,3000,2017-08-19,5
11270,20170819,11272,144000,145000,14,4000,2017-08-19,5
11271,20170819,11273,145000,150000,14,5000,2017-08-19,5
11272,20170819,11274,150000,151000,15,0,2017-08-19,5
11273,20170819,11275,151000,152000,15,1000,2017-08-19,5
11274,20170819,11276,152000,153000,15,2000,2017-08-19,5
11275,20170819,11277,153000,154000,15,3000,2017-08-19,5
11276,20170819,11278,154000,155000,15,4000,2017-08-19,5
11277,20170819,11279,155000,160000,15,5000,2017-08-19,5
11278,20170819,11280,160000,161000,16,0,2017-08-19,5
11279,20170819,11281,161000,162000,16,1000,2017-08-19,5
11280,20170819,11282,162000,163000,16,2000,2017-08-19,5
11281,20170819,11283,163000,164000,16,3000,2017-08-19,5
11282,20170819,11284,164000,165000,16,4000,2017-08-19,5
11283,20170819,11285,165000,170000,16,5000,2017-08-19,5
11284,20170819,11286,170000,171000,17,0,2017-08-19,5
11285,20170819,11287,171000,172000,17,1000,2017-08-19,5
11286,20170819,11288,172000,173000,17,2000,2017-08-19,5
11287,20170819,11289,173000,174000,17,3000,2017-08-19,5
11288,20170819,11290,174000,175000,17,4000,2017-08-19,5
11289,20170819,11291,175000,180000,17,5000,2017-08-19,5
11290,20170819,11292,180000,181000,18,0,2017-08-19,5
11291,20170819,11293,181000,182000,18,1000,2017-08-19,5
11292,20170819,11294,182000,183000,18,2000,2017-08-19,5
11293,20170819,11295,183000,184000,18,3000,2017-08-19,5
11294,20170819,11296,184000,185000,18,4000,2017-08-19,5
11295,20170819,11297,185000,190000,18,5000,2017-08-19,5
11296,20170819,11298,190000,191000,19,0,2017-08-19,5
11297,20170819,11299,191000,192000,19,1000,2017-08-19,5
11298,20170819,11300,192000,193000,19,2000,2017-08-19,5
11299,20170819,11301,193000,194000,19,3000,2017-08-19,5
11300,20170819,11302,194000,195000,19,4000,2017-08-19,5
11301,20170819,11303,195000,200000,19,5000,2017-08-19,5
11302,20170819,11304,200000,201000,20,0,2017-08-19,5
11303,20170819,11305,201000,202000,20,1000,2017-08-19,5
11304,20170819,11306,202000,203000,20,2000,2017-08-19,5
11305,20170819,11307,203000,204000,20,3000,2017-08-19,5
11306,20170819,11308,204000,205000,20,4000,2017-08-19,5
11307,20170819,11309,205000,210000,20,5000,2017-08-19,5
11308,20170819,11310,210000,211000,21,0,2017-08-19,5
11309,20170819,11311,211000,212000,21,1000,2017-08-19,5
11310,20170819,11312,212000,213000,21,2000,2017-08-19,5
11311,20170819,11313,213000,214000,21,3000,2017-08-19,5
11312,20170819,11314,214000,215000,21,4000,2017-08-19,5
11313,20170819,11315,215000,220000,21,5000,2017-08-19,5
11314,20170819,11316,220000,221000,22,0,2017-08-19,5
11315,20170819,11317,221000,222000,22,1000,2017-08-19,5
11316,20170819,11318,222000,223000,22,2000,2017-08-19,5
11317,20170819,11319,223000,224000,22,3000,2017-08-19,5
11318,20170819,11320,224000,225000,22,4000,2017-08-19,5
11319,20170819,11321,225000,230000,22,5000,2017-08-19,5
11320,20170820,11322,60000,61000,60,0,2017-08-20,6
11321,20170820,11323,61000,62000,61,0,2017-08-20,6
11322,20170820,11324,62000,63000,62,0,2017-08-20,6
11323,20170820,11325,63000,64000,63,0,2017-08-20,6
11324,20170820,11326,64000,65000,64,0,2017-08-20,6
11325,20170820,11327,65000,70000,65,0,2017-08-20,6
11326,20170820,11328,70000,71000,70,0,2017-08-20,6
11327,20170820,11329,71000,72000,71,0,2017-08-20,6
11328,20170820,11330,72000,73000,72,0,2017-08-20,6
11329,20170820,11331,73000,74000,73,0,2017-08-20,6
11330,20170820,11332,74000,75000,74,0,2017-08-20,6
11331,20170820,11333,75000,80000,75,0,2017-08-20,6
11332,20170820,11334,80000,81000,80,0,2017-08-20,6
11333,20170820,11335,81000,82000,81,0,2017-08-20,6
11334,20170820,11336,82000,83000,82,0,2017-08-20,6
11335,20170820,11337,83000,84000,83,0,2017-08-20,6
11336,20170820,11338,84000,85000,84,0,2017-08-20,6
11337,20170820,11339,85000,90000,85,0,2017-08-20,6
11338,20170820,11340,90000,91000,90,0,2017-08-20,6
11339,20170820,11341,91000,92000,91,0,2017-08-20,6
11340,20170820,11342,92000,93000,92,0,2017-08-20,6
11341,20170820,11343,93000,94000,93,0,2017-08-20,6
11342,20170820,11344,94000,95000,94,0,2017-08-20,6
11343,20170820,11345,95000,100000,95,0,2017-08-20,6
11344,20170820,11346,100000,101000,10,0,2017-08-20,6
11345,20170820,11347,101000,102000,10,1000,2017-08-20,6
11346,20170820,11348,102000,103000,10,2000,2017-08-20,6
11347,20170820,11349,103000,104000,10,3000,2017-08-20,6
11348,20170820,11350,104000,105000,10,4000,2017-08-20,6
11349,20170820,11351,105000,110000,10,5000,2017-08-20,6
11350,20170820,11352,110000,111000,11,0,2017-08-20,6
11351,20170820,11353,111000,112000,11,1000,2017-08-20,6
11352,20170820,11354,112000,113000,11,2000,2017-08-20,6
11353,20170820,11355,113000,114000,11,3000,2017-08-20,6
11354,20170820,11356,114000,115000,11,4000,2017-08-20,6
11355,20170820,11357,115000,120000,11,5000,2017-08-20,6
11356,20170820,11358,120000,121000,12,0,2017-08-20,6
11357,20170820,11359,121000,122000,12,1000,2017-08-20,6
11358,20170820,11360,122000,123000,12,2000,2017-08-20,6
11359,20170820,11361,123000,124000,12,3000,2017-08-20,6
11360,20170820,11362,124000,125000,12,4000,2017-08-20,6
11361,20170820,11363,125000,130000,12,5000,2017-08-20,6
11362,20170820,11364,130000,131000,13,0,2017-08-20,6
11363,20170820,11365,131000,132000,13,1000,2017-08-20,6
11364,20170820,11366,132000,133000,13,2000,2017-08-20,6
11365,20170820,11367,133000,134000,13,3000,2017-08-20,6
11366,20170820,11368,134000,135000,13,4000,2017-08-20,6
11367,20170820,11369,135000,140000,13,5000,2017-08-20,6
11368,20170820,11370,140000,141000,14,0,2017-08-20,6
11369,20170820,11371,141000,142000,14,1000,2017-08-20,6
11370,20170820,11372,142000,143000,14,2000,2017-08-20,6
11371,20170820,11373,143000,144000,14,3000,2017-08-20,6
11372,20170820,11374,144000,145000,14,4000,2017-08-20,6
11373,20170820,11375,145000,150000,14,5000,2017-08-20,6
11374,20170820,11376,150000,151000,15,0,2017-08-20,6
11375,20170820,11377,151000,152000,15,1000,2017-08-20,6
11376,20170820,11378,152000,153000,15,2000,2017-08-20,6
11377,20170820,11379,153000,154000,15,3000,2017-08-20,6
11378,20170820,11380,154000,155000,15,4000,2017-08-20,6
11379,20170820,11381,155000,160000,15,5000,2017-08-20,6
11380,20170820,11382,160000,161000,16,0,2017-08-20,6
11381,20170820,11383,161000,162000,16,1000,2017-08-20,6
11382,20170820,11384,162000,163000,16,2000,2017-08-20,6
11383,20170820,11385,163000,164000,16,3000,2017-08-20,6
11384,20170820,11386,164000,165000,16,4000,2017-08-20,6
11385,20170820,11387,165000,170000,16,5000,2017-08-20,6
11386,20170820,11388,170000,171000,17,0,2017-08-20,6
11387,20170820,11389,171000,172000,17,1000,2017-08-20,6
11388,20170820,11390,172000,173000,17,2000,2017-08-20,6
11389,20170820,11391,173000,174000,17,3000,2017-08-20,6
11390,20170820,11392,174000,175000,17,4000,2017-08-20,6
11391,20170820,11393,175000,180000,17,5000,2017-08-20,6
11392,20170820,11394,180000,181000,18,0,2017-08-20,6
11393,20170820,11395,181000,182000,18,1000,2017-08-20,6
11394,20170820,11396,182000,183000,18,2000,2017-08-20,6
11395,20170820,11397,183000,184000,18,3000,2017-08-20,6
11396,20170820,11398,184000,185000,18,4000,2017-08-20,6
11397,20170820,11399,185000,190000,18,5000,2017-08-20,6
11398,20170820,11400,190000,191000,19,0,2017-08-20,6
11399,20170820,11401,191000,192000,19,1000,2017-08-20,6
11400,20170820,11402,192000,193000,19,2000,2017-08-20,6
11401,20170820,11403,193000,194000,19,3000,2017-08-20,6
11402,20170820,11404,194000,195000,19,4000,2017-08-20,6
11403,20170820,11405,195000,200000,19,5000,2017-08-20,6
11404,20170820,11406,200000,201000,20,0,2017-08-20,6
11405,20170820,11407,201000,202000,20,1000,2017-08-20,6
11406,20170820,11408,202000,203000,20,2000,2017-08-20,6
11407,20170820,11409,203000,204000,20,3000,2017-08-20,6
11408,20170820,11410,204000,205000,20,4000,2017-08-20,6
11409,20170820,11411,205000,210000,20,5000,2017-08-20,6
11410,20170820,11412,210000,211000,21,0,2017-08-20,6
11411,20170820,11413,211000,212000,21,1000,2017-08-20,6
11412,20170820,11414,212000,213000,21,2000,2017-08-20,6
11413,20170820,11415,213000,214000,21,3000,2017-08-20,6
11414,20170820,11416,214000,215000,21,4000,2017-08-20,6
11415,20170820,11417,215000,220000,21,5000,2017-08-20,6
11416,20170820,11418,220000,221000,22,0,2017-08-20,6
11417,20170820,11419,221000,222000,22,1000,2017-08-20,6
11418,20170820,11420,222000,223000,22,2000,2017-08-20,6
11419,20170820,11421,223000,224000,22,3000,2017-08-20,6
11420,20170820,11422,224000,225000,22,4000,2017-08-20,6
11421,20170820,11423,225000,230000,22,5000,2017-08-20,6
11422,20170821,11424,60000,61000,60,0,2017-08-21,0
11423,20170821,11425,61000,62000,61,0,2017-08-21,0
11424,20170821,11426,62000,63000,62,0,2017-08-21,0
11425,20170821,11427,63000,64000,63,0,2017-08-21,0
11426,20170821,11428,64000,65000,64,0,2017-08-21,0
11427,20170821,11429,65000,70000,65,0,2017-08-21,0
11428,20170821,11430,70000,71000,70,0,2017-08-21,0
11429,20170821,11431,71000,72000,71,0,2017-08-21,0
11430,20170821,11432,72000,73000,72,0,2017-08-21,0
11431,20170821,11433,73000,74000,73,0,2017-08-21,0
11432,20170821,11434,74000,75000,74,0,2017-08-21,0
11433,20170821,11435,75000,80000,75,0,2017-08-21,0
11434,20170821,11436,80000,81000,80,0,2017-08-21,0
11435,20170821,11437,81000,82000,81,0,2017-08-21,0
11436,20170821,11438,82000,83000,82,0,2017-08-21,0
11437,20170821,11439,83000,84000,83,0,2017-08-21,0
11438,20170821,11440,84000,85000,84,0,2017-08-21,0
11439,20170821,11441,85000,90000,85,0,2017-08-21,0
11440,20170821,11442,90000,91000,90,0,2017-08-21,0
11441,20170821,11443,91000,92000,91,0,2017-08-21,0
11442,20170821,11444,92000,93000,92,0,2017-08-21,0
11443,20170821,11445,93000,94000,93,0,2017-08-21,0
11444,20170821,11446,94000,95000,94,0,2017-08-21,0
11445,20170821,11447,95000,100000,95,0,2017-08-21,0
11446,20170821,11448,100000,101000,10,0,2017-08-21,0
11447,20170821,11449,101000,102000,10,1000,2017-08-21,0
11448,20170821,11450,102000,103000,10,2000,2017-08-21,0
11449,20170821,11451,103000,104000,10,3000,2017-08-21,0
11450,20170821,11452,104000,105000,10,4000,2017-08-21,0
11451,20170821,11453,105000,110000,10,5000,2017-08-21,0
11452,20170821,11454,110000,111000,11,0,2017-08-21,0
11453,20170821,11455,111000,112000,11,1000,2017-08-21,0
11454,20170821,11456,112000,113000,11,2000,2017-08-21,0
11455,20170821,11457,113000,114000,11,3000,2017-08-21,0
11456,20170821,11458,114000,115000,11,4000,2017-08-21,0
11457,20170821,11459,115000,120000,11,5000,2017-08-21,0
11458,20170821,11460,120000,121000,12,0,2017-08-21,0
11459,20170821,11461,121000,122000,12,1000,2017-08-21,0
11460,20170821,11462,122000,123000,12,2000,2017-08-21,0
11461,20170821,11463,123000,124000,12,3000,2017-08-21,0
11462,20170821,11464,124000,125000,12,4000,2017-08-21,0
11463,20170821,11465,125000,130000,12,5000,2017-08-21,0
11464,20170821,11466,130000,131000,13,0,2017-08-21,0
11465,20170821,11467,131000,132000,13,1000,2017-08-21,0
11466,20170821,11468,132000,133000,13,2000,2017-08-21,0
11467,20170821,11469,133000,134000,13,3000,2017-08-21,0
11468,20170821,11470,134000,135000,13,4000,2017-08-21,0
11469,20170821,11471,135000,140000,13,5000,2017-08-21,0
11470,20170821,11472,140000,141000,14,0,2017-08-21,0
11471,20170821,11473,141000,142000,14,1000,2017-08-21,0
11472,20170821,11474,142000,143000,14,2000,2017-08-21,0
11473,20170821,11475,143000,144000,14,3000,2017-08-21,0
11474,20170821,11476,144000,145000,14,4000,2017-08-21,0
11475,20170821,11477,145000,150000,14,5000,2017-08-21,0
11476,20170821,11478,150000,151000,15,0,2017-08-21,0
11477,20170821,11479,151000,152000,15,1000,2017-08-21,0
11478,20170821,11480,152000,153000,15,2000,2017-08-21,0
11479,20170821,11481,153000,154000,15,3000,2017-08-21,0
11480,20170821,11482,154000,155000,15,4000,2017-08-21,0
11481,20170821,11483,155000,160000,15,5000,2017-08-21,0
11482,20170821,11484,160000,161000,16,0,2017-08-21,0
11483,20170821,11485,161000,162000,16,1000,2017-08-21,0
11484,20170821,11486,162000,163000,16,2000,2017-08-21,0
11485,20170821,11487,163000,164000,16,3000,2017-08-21,0
11486,20170821,11488,164000,165000,16,4000,2017-08-21,0
11487,20170821,11489,165000,170000,16,5000,2017-08-21,0
11488,20170821,11490,170000,171000,17,0,2017-08-21,0
11489,20170821,11491,171000,172000,17,1000,2017-08-21,0
11490,20170821,11492,172000,173000,17,2000,2017-08-21,0
11491,20170821,11493,173000,174000,17,3000,2017-08-21,0
11492,20170821,11494,174000,175000,17,4000,2017-08-21,0
11493,20170821,11495,175000,180000,17,5000,2017-08-21,0
11494,20170821,11496,180000,181000,18,0,2017-08-21,0
11495,20170821,11497,181000,182000,18,1000,2017-08-21,0
11496,20170821,11498,182000,183000,18,2000,2017-08-21,0
11497,20170821,11499,183000,184000,18,3000,2017-08-21,0
11498,20170821,11500,184000,185000,18,4000,2017-08-21,0
11499,20170821,11501,185000,190000,18,5000,2017-08-21,0
11500,20170821,11502,190000,191000,19,0,2017-08-21,0
11501,20170821,11503,191000,192000,19,1000,2017-08-21,0
11502,20170821,11504,192000,193000,19,2000,2017-08-21,0
11503,20170821,11505,193000,194000,19,3000,2017-08-21,0
11504,20170821,11506,194000,195000,19,4000,2017-08-21,0
11505,20170821,11507,195000,200000,19,5000,2017-08-21,0
11506,20170821,11508,200000,201000,20,0,2017-08-21,0
11507,20170821,11509,201000,202000,20,1000,2017-08-21,0
11508,20170821,11510,202000,203000,20,2000,2017-08-21,0
11509,20170821,11511,203000,204000,20,3000,2017-08-21,0
11510,20170821,11512,204000,205000,20,4000,2017-08-21,0
11511,20170821,11513,205000,210000,20,5000,2017-08-21,0
11512,20170821,11514,210000,211000,21,0,2017-08-21,0
11513,20170821,11515,211000,212000,21,1000,2017-08-21,0
11514,20170821,11516,212000,213000,21,2000,2017-08-21,0
11515,20170821,11517,213000,214000,21,3000,2017-08-21,0
11516,20170821,11518,214000,215000,21,4000,2017-08-21,0
11517,20170821,11519,215000,220000,21,5000,2017-08-21,0
11518,20170821,11520,220000,221000,22,0,2017-08-21,0
11519,20170821,11521,221000,222000,22,1000,2017-08-21,0
11520,20170821,11522,222000,223000,22,2000,2017-08-21,0
11521,20170821,11523,223000,224000,22,3000,2017-08-21,0
11522,20170821,11524,224000,225000,22,4000,2017-08-21,0
11523,20170821,11525,225000,230000,22,5000,2017-08-21,0
11524,20170822,11526,60000,61000,60,0,2017-08-22,1
11525,20170822,11527,61000,62000,61,0,2017-08-22,1
11526,20170822,11528,62000,63000,62,0,2017-08-22,1
11527,20170822,11529,63000,64000,63,0,2017-08-22,1
11528,20170822,11530,64000,65000,64,0,2017-08-22,1
11529,20170822,11531,65000,70000,65,0,2017-08-22,1
11530,20170822,11532,70000,71000,70,0,2017-08-22,1
11531,20170822,11533,71000,72000,71,0,2017-08-22,1
11532,20170822,11534,72000,73000,72,0,2017-08-22,1
11533,20170822,11535,73000,74000,73,0,2017-08-22,1
11534,20170822,11536,74000,75000,74,0,2017-08-22,1
11535,20170822,11537,75000,80000,75,0,2017-08-22,1
11536,20170822,11538,80000,81000,80,0,2017-08-22,1
11537,20170822,11539,81000,82000,81,0,2017-08-22,1
11538,20170822,11540,82000,83000,82,0,2017-08-22,1
11539,20170822,11541,83000,84000,83,0,2017-08-22,1
11540,20170822,11542,84000,85000,84,0,2017-08-22,1
11541,20170822,11543,85000,90000,85,0,2017-08-22,1
11542,20170822,11544,90000,91000,90,0,2017-08-22,1
11543,20170822,11545,91000,92000,91,0,2017-08-22,1
11544,20170822,11546,92000,93000,92,0,2017-08-22,1
11545,20170822,11547,93000,94000,93,0,2017-08-22,1
11546,20170822,11548,94000,95000,94,0,2017-08-22,1
11547,20170822,11549,95000,100000,95,0,2017-08-22,1
11548,20170822,11550,100000,101000,10,0,2017-08-22,1
11549,20170822,11551,101000,102000,10,1000,2017-08-22,1
11550,20170822,11552,102000,103000,10,2000,2017-08-22,1
11551,20170822,11553,103000,104000,10,3000,2017-08-22,1
11552,20170822,11554,104000,105000,10,4000,2017-08-22,1
11553,20170822,11555,105000,110000,10,5000,2017-08-22,1
11554,20170822,11556,110000,111000,11,0,2017-08-22,1
11555,20170822,11557,111000,112000,11,1000,2017-08-22,1
11556,20170822,11558,112000,113000,11,2000,2017-08-22,1
11557,20170822,11559,113000,114000,11,3000,2017-08-22,1
11558,20170822,11560,114000,115000,11,4000,2017-08-22,1
11559,20170822,11561,115000,120000,11,5000,2017-08-22,1
11560,20170822,11562,120000,121000,12,0,2017-08-22,1
11561,20170822,11563,121000,122000,12,1000,2017-08-22,1
11562,20170822,11564,122000,123000,12,2000,2017-08-22,1
11563,20170822,11565,123000,124000,12,3000,2017-08-22,1
11564,20170822,11566,124000,125000,12,4000,2017-08-22,1
11565,20170822,11567,125000,130000,12,5000,2017-08-22,1
11566,20170822,11568,130000,131000,13,0,2017-08-22,1
11567,20170822,11569,131000,132000,13,1000,2017-08-22,1
11568,20170822,11570,132000,133000,13,2000,2017-08-22,1
11569,20170822,11571,133000,134000,13,3000,2017-08-22,1
11570,20170822,11572,134000,135000,13,4000,2017-08-22,1
11571,20170822,11573,135000,140000,13,5000,2017-08-22,1
11572,20170822,11574,140000,141000,14,0,2017-08-22,1
11573,20170822,11575,141000,142000,14,1000,2017-08-22,1
11574,20170822,11576,142000,143000,14,2000,2017-08-22,1
11575,20170822,11577,143000,144000,14,3000,2017-08-22,1
11576,20170822,11578,144000,145000,14,4000,2017-08-22,1
11577,20170822,11579,145000,150000,14,5000,2017-08-22,1
11578,20170822,11580,150000,151000,15,0,2017-08-22,1
11579,20170822,11581,151000,152000,15,1000,2017-08-22,1
11580,20170822,11582,152000,153000,15,2000,2017-08-22,1
11581,20170822,11583,153000,154000,15,3000,2017-08-22,1
11582,20170822,11584,154000,155000,15,4000,2017-08-22,1
11583,20170822,11585,155000,160000,15,5000,2017-08-22,1
11584,20170822,11586,160000,161000,16,0,2017-08-22,1
11585,20170822,11587,161000,162000,16,1000,2017-08-22,1
11586,20170822,11588,162000,163000,16,2000,2017-08-22,1
11587,20170822,11589,163000,164000,16,3000,2017-08-22,1
11588,20170822,11590,164000,165000,16,4000,2017-08-22,1
11589,20170822,11591,165000,170000,16,5000,2017-08-22,1
11590,20170822,11592,170000,171000,17,0,2017-08-22,1
11591,20170822,11593,171000,172000,17,1000,2017-08-22,1
11592,20170822,11594,172000,173000,17,2000,2017-08-22,1
11593,20170822,11595,173000,174000,17,3000,2017-08-22,1
11594,20170822,11596,174000,175000,17,4000,2017-08-22,1
11595,20170822,11597,175000,180000,17,5000,2017-08-22,1
11596,20170822,11598,180000,181000,18,0,2017-08-22,1
11597,20170822,11599,181000,182000,18,1000,2017-08-22,1
11598,20170822,11600,182000,183000,18,2000,2017-08-22,1
11599,20170822,11601,183000,184000,18,3000,2017-08-22,1
11600,20170822,11602,184000,185000,18,4000,2017-08-22,1
11601,20170822,11603,185000,190000,18,5000,2017-08-22,1
11602,20170822,11604,190000,191000,19,0,2017-08-22,1
11603,20170822,11605,191000,192000,19,1000,2017-08-22,1
11604,20170822,11606,192000,193000,19,2000,2017-08-22,1
11605,20170822,11607,193000,194000,19,3000,2017-08-22,1
11606,20170822,11608,194000,195000,19,4000,2017-08-22,1
11607,20170822,11609,195000,200000,19,5000,2017-08-22,1
11608,20170822,11610,200000,201000,20,0,2017-08-22,1
11609,20170822,11611,201000,202000,20,1000,2017-08-22,1
11610,20170822,11612,202000,203000,20,2000,2017-08-22,1
11611,20170822,11613,203000,204000,20,3000,2017-08-22,1
11612,20170822,11614,204000,205000,20,4000,2017-08-22,1
11613,20170822,11615,205000,210000,20,5000,2017-08-22,1
11614,20170822,11616,210000,211000,21,0,2017-08-22,1
11615,20170822,11617,211000,212000,21,1000,2017-08-22,1
11616,20170822,11618,212000,213000,21,2000,2017-08-22,1
11617,20170822,11619,213000,214000,21,3000,2017-08-22,1
11618,20170822,11620,214000,215000,21,4000,2017-08-22,1
11619,20170822,11621,215000,220000,21,5000,2017-08-22,1
11620,20170822,11622,220000,221000,22,0,2017-08-22,1
11621,20170822,11623,221000,222000,22,1000,2017-08-22,1
11622,20170822,11624,222000,223000,22,2000,2017-08-22,1
11623,20170822,11625,223000,224000,22,3000,2017-08-22,1
11624,20170822,11626,224000,225000,22,4000,2017-08-22,1
11625,20170822,11627,225000,230000,22,5000,2017-08-22,1
11626,20170823,11628,60000,61000,60,0,2017-08-23,2
11627,20170823,11629,61000,62000,61,0,2017-08-23,2
11628,20170823,11630,62000,63000,62,0,2017-08-23,2
11629,20170823,11631,63000,64000,63,0,2017-08-23,2
11630,20170823,11632,64000,65000,64,0,2017-08-23,2
11631,20170823,11633,65000,70000,65,0,2017-08-23,2
11632,20170823,11634,70000,71000,70,0,2017-08-23,2
11633,20170823,11635,71000,72000,71,0,2017-08-23,2
11634,20170823,11636,72000,73000,72,0,2017-08-23,2
11635,20170823,11637,73000,74000,73,0,2017-08-23,2
11636,20170823,11638,74000,75000,74,0,2017-08-23,2
11637,20170823,11639,75000,80000,75,0,2017-08-23,2
11638,20170823,11640,80000,81000,80,0,2017-08-23,2
11639,20170823,11641,81000,82000,81,0,2017-08-23,2
11640,20170823,11642,82000,83000,82,0,2017-08-23,2
11641,20170823,11643,83000,84000,83,0,2017-08-23,2
11642,20170823,11644,84000,85000,84,0,2017-08-23,2
11643,20170823,11645,85000,90000,85,0,2017-08-23,2
11644,20170823,11646,90000,91000,90,0,2017-08-23,2
11645,20170823,11647,91000,92000,91,0,2017-08-23,2
11646,20170823,11648,92000,93000,92,0,2017-08-23,2
11647,20170823,11649,93000,94000,93,0,2017-08-23,2
11648,20170823,11650,94000,95000,94,0,2017-08-23,2
11649,20170823,11651,95000,100000,95,0,2017-08-23,2
11650,20170823,11652,100000,101000,10,0,2017-08-23,2
11651,20170823,11653,101000,102000,10,1000,2017-08-23,2
11652,20170823,11654,102000,103000,10,2000,2017-08-23,2
11653,20170823,11655,103000,104000,10,3000,2017-08-23,2
11654,20170823,11656,104000,105000,10,4000,2017-08-23,2
11655,20170823,11657,105000,110000,10,5000,2017-08-23,2
11656,20170823,11658,110000,111000,11,0,2017-08-23,2
11657,20170823,11659,111000,112000,11,1000,2017-08-23,2
11658,20170823,11660,112000,113000,11,2000,2017-08-23,2
11659,20170823,11661,113000,114000,11,3000,2017-08-23,2
11660,20170823,11662,114000,115000,11,4000,2017-08-23,2
11661,20170823,11663,115000,120000,11,5000,2017-08-23,2
11662,20170823,11664,120000,121000,12,0,2017-08-23,2
11663,20170823,11665,121000,122000,12,1000,2017-08-23,2
11664,20170823,11666,122000,123000,12,2000,2017-08-23,2
11665,20170823,11667,123000,124000,12,3000,2017-08-23,2
11666,20170823,11668,124000,125000,12,4000,2017-08-23,2
11667,20170823,11669,125000,130000,12,5000,2017-08-23,2
11668,20170823,11670,130000,131000,13,0,2017-08-23,2
11669,20170823,11671,131000,132000,13,1000,2017-08-23,2
11670,20170823,11672,132000,133000,13,2000,2017-08-23,2
11671,20170823,11673,133000,134000,13,3000,2017-08-23,2
11672,20170823,11674,134000,135000,13,4000,2017-08-23,2
11673,20170823,11675,135000,140000,13,5000,2017-08-23,2
11674,20170823,11676,140000,141000,14,0,2017-08-23,2
11675,20170823,11677,141000,142000,14,1000,2017-08-23,2
11676,20170823,11678,142000,143000,14,2000,2017-08-23,2
11677,20170823,11679,143000,144000,14,3000,2017-08-23,2
11678,20170823,11680,144000,145000,14,4000,2017-08-23,2
11679,20170823,11681,145000,150000,14,5000,2017-08-23,2
11680,20170823,11682,150000,151000,15,0,2017-08-23,2
11681,20170823,11683,151000,152000,15,1000,2017-08-23,2
11682,20170823,11684,152000,153000,15,2000,2017-08-23,2
11683,20170823,11685,153000,154000,15,3000,2017-08-23,2
11684,20170823,11686,154000,155000,15,4000,2017-08-23,2
11685,20170823,11687,155000,160000,15,5000,2017-08-23,2
11686,20170823,11688,160000,161000,16,0,2017-08-23,2
11687,20170823,11689,161000,162000,16,1000,2017-08-23,2
11688,20170823,11690,162000,163000,16,2000,2017-08-23,2
11689,20170823,11691,163000,164000,16,3000,2017-08-23,2
11690,20170823,11692,164000,165000,16,4000,2017-08-23,2
11691,20170823,11693,165000,170000,16,5000,2017-08-23,2
11692,20170823,11694,170000,171000,17,0,2017-08-23,2
11693,20170823,11695,171000,172000,17,1000,2017-08-23,2
11694,20170823,11696,172000,173000,17,2000,2017-08-23,2
11695,20170823,11697,173000,174000,17,3000,2017-08-23,2
11696,20170823,11698,174000,175000,17,4000,2017-08-23,2
11697,20170823,11699,175000,180000,17,5000,2017-08-23,2
11698,20170823,11700,180000,181000,18,0,2017-08-23,2
11699,20170823,11701,181000,182000,18,1000,2017-08-23,2
11700,20170823,11702,182000,183000,18,2000,2017-08-23,2
11701,20170823,11703,183000,184000,18,3000,2017-08-23,2
11702,20170823,11704,184000,185000,18,4000,2017-08-23,2
11703,20170823,11705,185000,190000,18,5000,2017-08-23,2
11704,20170823,11706,190000,191000,19,0,2017-08-23,2
11705,20170823,11707,191000,192000,19,1000,2017-08-23,2
11706,20170823,11708,192000,193000,19,2000,2017-08-23,2
11707,20170823,11709,193000,194000,19,3000,2017-08-23,2
11708,20170823,11710,194000,195000,19,4000,2017-08-23,2
11709,20170823,11711,195000,200000,19,5000,2017-08-23,2
11710,20170823,11712,200000,201000,20,0,2017-08-23,2
11711,20170823,11713,201000,202000,20,1000,2017-08-23,2
11712,20170823,11714,202000,203000,20,2000,2017-08-23,2
11713,20170823,11715,203000,204000,20,3000,2017-08-23,2
11714,20170823,11716,204000,205000,20,4000,2017-08-23,2
11715,20170823,11717,205000,210000,20,5000,2017-08-23,2
11716,20170823,11718,210000,211000,21,0,2017-08-23,2
11717,20170823,11719,211000,212000,21,1000,2017-08-23,2
11718,20170823,11720,212000,213000,21,2000,2017-08-23,2
11719,20170823,11721,213000,214000,21,3000,2017-08-23,2
11720,20170823,11722,214000,215000,21,4000,2017-08-23,2
11721,20170823,11723,215000,220000,21,5000,2017-08-23,2
11722,20170823,11724,220000,221000,22,0,2017-08-23,2
11723,20170823,11725,221000,222000,22,1000,2017-08-23,2
11724,20170823,11726,222000,223000,22,2000,2017-08-23,2
11725,20170823,11727,223000,224000,22,3000,2017-08-23,2
11726,20170823,11728,224000,225000,22,4000,2017-08-23,2
11727,20170823,11729,225000,230000,22,5000,2017-08-23,2
11728,20170824,11730,60000,61000,60,0,2017-08-24,3
11729,20170824,11731,61000,62000,61,0,2017-08-24,3
11730,20170824,11732,62000,63000,62,0,2017-08-24,3
11731,20170824,11733,63000,64000,63,0,2017-08-24,3
11732,20170824,11734,64000,65000,64,0,2017-08-24,3
11733,20170824,11735,65000,70000,65,0,2017-08-24,3
11734,20170824,11736,70000,71000,70,0,2017-08-24,3
11735,20170824,11737,71000,72000,71,0,2017-08-24,3
11736,20170824,11738,72000,73000,72,0,2017-08-24,3
11737,20170824,11739,73000,74000,73,0,2017-08-24,3
11738,20170824,11740,74000,75000,74,0,2017-08-24,3
11739,20170824,11741,75000,80000,75,0,2017-08-24,3
11740,20170824,11742,80000,81000,80,0,2017-08-24,3
11741,20170824,11743,81000,82000,81,0,2017-08-24,3
11742,20170824,11744,82000,83000,82,0,2017-08-24,3
11743,20170824,11745,83000,84000,83,0,2017-08-24,3
11744,20170824,11746,84000,85000,84,0,2017-08-24,3
11745,20170824,11747,85000,90000,85,0,2017-08-24,3
11746,20170824,11748,90000,91000,90,0,2017-08-24,3
11747,20170824,11749,91000,92000,91,0,2017-08-24,3
11748,20170824,11750,92000,93000,92,0,2017-08-24,3
11749,20170824,11751,93000,94000,93,0,2017-08-24,3
11750,20170824,11752,94000,95000,94,0,2017-08-24,3
11751,20170824,11753,95000,100000,95,0,2017-08-24,3
11752,20170824,11754,100000,101000,10,0,2017-08-24,3
11753,20170824,11755,101000,102000,10,1000,2017-08-24,3
11754,20170824,11756,102000,103000,10,2000,2017-08-24,3
11755,20170824,11757,103000,104000,10,3000,2017-08-24,3
11756,20170824,11758,104000,105000,10,4000,2017-08-24,3
11757,20170824,11759,105000,110000,10,5000,2017-08-24,3
11758,20170824,11760,110000,111000,11,0,2017-08-24,3
11759,20170824,11761,111000,112000,11,1000,2017-08-24,3
11760,20170824,11762,112000,113000,11,2000,2017-08-24,3
11761,20170824,11763,113000,114000,11,3000,2017-08-24,3
11762,20170824,11764,114000,115000,11,4000,2017-08-24,3
11763,20170824,11765,115000,120000,11,5000,2017-08-24,3
11764,20170824,11766,120000,121000,12,0,2017-08-24,3
11765,20170824,11767,121000,122000,12,1000,2017-08-24,3
11766,20170824,11768,122000,123000,12,2000,2017-08-24,3
11767,20170824,11769,123000,124000,12,3000,2017-08-24,3
11768,20170824,11770,124000,125000,12,4000,2017-08-24,3
11769,20170824,11771,125000,130000,12,5000,2017-08-24,3
11770,20170824,11772,130000,131000,13,0,2017-08-24,3
11771,20170824,11773,131000,132000,13,1000,2017-08-24,3
11772,20170824,11774,132000,133000,13,2000,2017-08-24,3
11773,20170824,11775,133000,134000,13,3000,2017-08-24,3
11774,20170824,11776,134000,135000,13,4000,2017-08-24,3
11775,20170824,11777,135000,140000,13,5000,2017-08-24,3
11776,20170824,11778,140000,141000,14,0,2017-08-24,3
11777,20170824,11779,141000,142000,14,1000,2017-08-24,3
11778,20170824,11780,142000,143000,14,2000,2017-08-24,3
11779,20170824,11781,143000,144000,14,3000,2017-08-24,3
11780,20170824,11782,144000,145000,14,4000,2017-08-24,3
11781,20170824,11783,145000,150000,14,5000,2017-08-24,3
11782,20170824,11784,150000,151000,15,0,2017-08-24,3
11783,20170824,11785,151000,152000,15,1000,2017-08-24,3
11784,20170824,11786,152000,153000,15,2000,2017-08-24,3
11785,20170824,11787,153000,154000,15,3000,2017-08-24,3
11786,20170824,11788,154000,155000,15,4000,2017-08-24,3
11787,20170824,11789,155000,160000,15,5000,2017-08-24,3
11788,20170824,11790,160000,161000,16,0,2017-08-24,3
11789,20170824,11791,161000,162000,16,1000,2017-08-24,3
11790,20170824,11792,162000,163000,16,2000,2017-08-24,3
11791,20170824,11793,163000,164000,16,3000,2017-08-24,3
11792,20170824,11794,164000,165000,16,4000,2017-08-24,3
11793,20170824,11795,165000,170000,16,5000,2017-08-24,3
11794,20170824,11796,170000,171000,17,0,2017-08-24,3
11795,20170824,11797,171000,172000,17,1000,2017-08-24,3
11796,20170824,11798,172000,173000,17,2000,2017-08-24,3
11797,20170824,11799,173000,174000,17,3000,2017-08-24,3
11798,20170824,11800,174000,175000,17,4000,2017-08-24,3
11799,20170824,11801,175000,180000,17,5000,2017-08-24,3
11800,20170824,11802,180000,181000,18,0,2017-08-24,3
11801,20170824,11803,181000,182000,18,1000,2017-08-24,3
11802,20170824,11804,182000,183000,18,2000,2017-08-24,3
11803,20170824,11805,183000,184000,18,3000,2017-08-24,3
11804,20170824,11806,184000,185000,18,4000,2017-08-24,3
11805,20170824,11807,185000,190000,18,5000,2017-08-24,3
11806,20170824,11808,190000,191000,19,0,2017-08-24,3
11807,20170824,11809,191000,192000,19,1000,2017-08-24,3
11808,20170824,11810,192000,193000,19,2000,2017-08-24,3
11809,20170824,11811,193000,194000,19,3000,2017-08-24,3
11810,20170824,11812,194000,195000,19,4000,2017-08-24,3
11811,20170824,11813,195000,200000,19,5000,2017-08-24,3
11812,20170824,11814,200000,201000,20,0,2017-08-24,3
11813,20170824,11815,201000,202000,20,1000,2017-08-24,3
11814,20170824,11816,202000,203000,20,2000,2017-08-24,3
11815,20170824,11817,203000,204000,20,3000,2017-08-24,3
11816,20170824,11818,204000,205000,20,4000,2017-08-24,3
11817,20170824,11819,205000,210000,20,5000,2017-08-24,3
11818,20170824,11820,210000,211000,21,0,2017-08-24,3
11819,20170824,11821,211000,212000,21,1000,2017-08-24,3
11820,20170824,11822,212000,213000,21,2000,2017-08-24,3
11821,20170824,11823,213000,214000,21,3000,2017-08-24,3
11822,20170824,11824,214000,215000,21,4000,2017-08-24,3
11823,20170824,11825,215000,220000,21,5000,2017-08-24,3
11824,20170824,11826,220000,221000,22,0,2017-08-24,3
11825,20170824,11827,221000,222000,22,1000,2017-08-24,3
11826,20170824,11828,222000,223000,22,2000,2017-08-24,3
11827,20170824,11829,223000,224000,22,3000,2017-08-24,3
11828,20170824,11830,224000,225000,22,4000,2017-08-24,3
11829,20170824,11831,225000,230000,22,5000,2017-08-24,3
11830,20170825,11832,60000,61000,60,0,2017-08-25,4
11831,20170825,11833,61000,62000,61,0,2017-08-25,4
11832,20170825,11834,62000,63000,62,0,2017-08-25,4
11833,20170825,11835,63000,64000,63,0,2017-08-25,4
11834,20170825,11836,64000,65000,64,0,2017-08-25,4
11835,20170825,11837,65000,70000,65,0,2017-08-25,4
11836,20170825,11838,70000,71000,70,0,2017-08-25,4
11837,20170825,11839,71000,72000,71,0,2017-08-25,4
11838,20170825,11840,72000,73000,72,0,2017-08-25,4
11839,20170825,11841,73000,74000,73,0,2017-08-25,4
11840,20170825,11842,74000,75000,74,0,2017-08-25,4
11841,20170825,11843,75000,80000,75,0,2017-08-25,4
11842,20170825,11844,80000,81000,80,0,2017-08-25,4
11843,20170825,11845,81000,82000,81,0,2017-08-25,4
11844,20170825,11846,82000,83000,82,0,2017-08-25,4
11845,20170825,11847,83000,84000,83,0,2017-08-25,4
11846,20170825,11848,84000,85000,84,0,2017-08-25,4
11847,20170825,11849,85000,90000,85,0,2017-08-25,4
11848,20170825,11850,90000,91000,90,0,2017-08-25,4
11849,20170825,11851,91000,92000,91,0,2017-08-25,4
11850,20170825,11852,92000,93000,92,0,2017-08-25,4
11851,20170825,11853,93000,94000,93,0,2017-08-25,4
11852,20170825,11854,94000,95000,94,0,2017-08-25,4
11853,20170825,11855,95000,100000,95,0,2017-08-25,4
11854,20170825,11856,100000,101000,10,0,2017-08-25,4
11855,20170825,11857,101000,102000,10,1000,2017-08-25,4
11856,20170825,11858,102000,103000,10,2000,2017-08-25,4
11857,20170825,11859,103000,104000,10,3000,2017-08-25,4
11858,20170825,11860,104000,105000,10,4000,2017-08-25,4
11859,20170825,11861,105000,110000,10,5000,2017-08-25,4
11860,20170825,11862,110000,111000,11,0,2017-08-25,4
11861,20170825,11863,111000,112000,11,1000,2017-08-25,4
11862,20170825,11864,112000,113000,11,2000,2017-08-25,4
11863,20170825,11865,113000,114000,11,3000,2017-08-25,4
11864,20170825,11866,114000,115000,11,4000,2017-08-25,4
11865,20170825,11867,115000,120000,11,5000,2017-08-25,4
11866,20170825,11868,120000,121000,12,0,2017-08-25,4
11867,20170825,11869,121000,122000,12,1000,2017-08-25,4
11868,20170825,11870,122000,123000,12,2000,2017-08-25,4
11869,20170825,11871,123000,124000,12,3000,2017-08-25,4
11870,20170825,11872,124000,125000,12,4000,2017-08-25,4
11871,20170825,11873,125000,130000,12,5000,2017-08-25,4
11872,20170825,11874,130000,131000,13,0,2017-08-25,4
11873,20170825,11875,131000,132000,13,1000,2017-08-25,4
11874,20170825,11876,132000,133000,13,2000,2017-08-25,4
11875,20170825,11877,133000,134000,13,3000,2017-08-25,4
11876,20170825,11878,134000,135000,13,4000,2017-08-25,4
11877,20170825,11879,135000,140000,13,5000,2017-08-25,4
11878,20170825,11880,140000,141000,14,0,2017-08-25,4
11879,20170825,11881,141000,142000,14,1000,2017-08-25,4
11880,20170825,11882,142000,143000,14,2000,2017-08-25,4
11881,20170825,11883,143000,144000,14,3000,2017-08-25,4
11882,20170825,11884,144000,145000,14,4000,2017-08-25,4
11883,20170825,11885,145000,150000,14,5000,2017-08-25,4
11884,20170825,11886,150000,151000,15,0,2017-08-25,4
11885,20170825,11887,151000,152000,15,1000,2017-08-25,4
11886,20170825,11888,152000,153000,15,2000,2017-08-25,4
11887,20170825,11889,153000,154000,15,3000,2017-08-25,4
11888,20170825,11890,154000,155000,15,4000,2017-08-25,4
11889,20170825,11891,155000,160000,15,5000,2017-08-25,4
11890,20170825,11892,160000,161000,16,0,2017-08-25,4
11891,20170825,11893,161000,162000,16,1000,2017-08-25,4
11892,20170825,11894,162000,163000,16,2000,2017-08-25,4
11893,20170825,11895,163000,164000,16,3000,2017-08-25,4
11894,20170825,11896,164000,165000,16,4000,2017-08-25,4
11895,20170825,11897,165000,170000,16,5000,2017-08-25,4
11896,20170825,11898,170000,171000,17,0,2017-08-25,4
11897,20170825,11899,171000,172000,17,1000,2017-08-25,4
11898,20170825,11900,172000,173000,17,2000,2017-08-25,4
11899,20170825,11901,173000,174000,17,3000,2017-08-25,4
11900,20170825,11902,174000,175000,17,4000,2017-08-25,4
11901,20170825,11903,175000,180000,17,5000,2017-08-25,4
11902,20170825,11904,180000,181000,18,0,2017-08-25,4
11903,20170825,11905,181000,182000,18,1000,2017-08-25,4
11904,20170825,11906,182000,183000,18,2000,2017-08-25,4
11905,20170825,11907,183000,184000,18,3000,2017-08-25,4
11906,20170825,11908,184000,185000,18,4000,2017-08-25,4
11907,20170825,11909,185000,190000,18,5000,2017-08-25,4
11908,20170825,11910,190000,191000,19,0,2017-08-25,4
11909,20170825,11911,191000,192000,19,1000,2017-08-25,4
11910,20170825,11912,192000,193000,19,2000,2017-08-25,4
11911,20170825,11913,193000,194000,19,3000,2017-08-25,4
11912,20170825,11914,194000,195000,19,4000,2017-08-25,4
11913,20170825,11915,195000,200000,19,5000,2017-08-25,4
11914,20170825,11916,200000,201000,20,0,2017-08-25,4
11915,20170825,11917,201000,202000,20,1000,2017-08-25,4
11916,20170825,11918,202000,203000,20,2000,2017-08-25,4
11917,20170825,11919,203000,204000,20,3000,2017-08-25,4
11918,20170825,11920,204000,205000,20,4000,2017-08-25,4
11919,20170825,11921,205000,210000,20,5000,2017-08-25,4
11920,20170825,11922,210000,211000,21,0,2017-08-25,4
11921,20170825,11923,211000,212000,21,1000,2017-08-25,4
11922,20170825,11924,212000,213000,21,2000,2017-08-25,4
11923,20170825,11925,213000,214000,21,3000,2017-08-25,4
11924,20170825,11926,214000,215000,21,4000,2017-08-25,4
11925,20170825,11927,215000,220000,21,5000,2017-08-25,4
11926,20170825,11928,220000,221000,22,0,2017-08-25,4
11927,20170825,11929,221000,222000,22,1000,2017-08-25,4
11928,20170825,11930,222000,223000,22,2000,2017-08-25,4
11929,20170825,11931,223000,224000,22,3000,2017-08-25,4
11930,20170825,11932,224000,225000,22,4000,2017-08-25,4
11931,20170825,11933,225000,230000,22,5000,2017-08-25,4
11932,20170826,11934,60000,61000,60,0,2017-08-26,5
11933,20170826,11935,61000,62000,61,0,2017-08-26,5
11934,20170826,11936,62000,63000,62,0,2017-08-26,5
11935,20170826,11937,63000,64000,63,0,2017-08-26,5
11936,20170826,11938,64000,65000,64,0,2017-08-26,5
11937,20170826,11939,65000,70000,65,0,2017-08-26,5
11938,20170826,11940,70000,71000,70,0,2017-08-26,5
11939,20170826,11941,71000,72000,71,0,2017-08-26,5
11940,20170826,11942,72000,73000,72,0,2017-08-26,5
11941,20170826,11943,73000,74000,73,0,2017-08-26,5
11942,20170826,11944,74000,75000,74,0,2017-08-26,5
11943,20170826,11945,75000,80000,75,0,2017-08-26,5
11944,20170826,11946,80000,81000,80,0,2017-08-26,5
11945,20170826,11947,81000,82000,81,0,2017-08-26,5
11946,20170826,11948,82000,83000,82,0,2017-08-26,5
11947,20170826,11949,83000,84000,83,0,2017-08-26,5
11948,20170826,11950,84000,85000,84,0,2017-08-26,5
11949,20170826,11951,85000,90000,85,0,2017-08-26,5
11950,20170826,11952,90000,91000,90,0,2017-08-26,5
11951,20170826,11953,91000,92000,91,0,2017-08-26,5
11952,20170826,11954,92000,93000,92,0,2017-08-26,5
11953,20170826,11955,93000,94000,93,0,2017-08-26,5
11954,20170826,11956,94000,95000,94,0,2017-08-26,5
11955,20170826,11957,95000,100000,95,0,2017-08-26,5
11956,20170826,11958,100000,101000,10,0,2017-08-26,5
11957,20170826,11959,101000,102000,10,1000,2017-08-26,5
11958,20170826,11960,102000,103000,10,2000,2017-08-26,5
11959,20170826,11961,103000,104000,10,3000,2017-08-26,5
11960,20170826,11962,104000,105000,10,4000,2017-08-26,5
11961,20170826,11963,105000,110000,10,5000,2017-08-26,5
11962,20170826,11964,110000,111000,11,0,2017-08-26,5
11963,20170826,11965,111000,112000,11,1000,2017-08-26,5
11964,20170826,11966,112000,113000,11,2000,2017-08-26,5
11965,20170826,11967,113000,114000,11,3000,2017-08-26,5
11966,20170826,11968,114000,115000,11,4000,2017-08-26,5
11967,20170826,11969,115000,120000,11,5000,2017-08-26,5
11968,20170826,11970,120000,121000,12,0,2017-08-26,5
11969,20170826,11971,121000,122000,12,1000,2017-08-26,5
11970,20170826,11972,122000,123000,12,2000,2017-08-26,5
11971,20170826,11973,123000,124000,12,3000,2017-08-26,5
11972,20170826,11974,124000,125000,12,4000,2017-08-26,5
11973,20170826,11975,125000,130000,12,5000,2017-08-26,5
11974,20170826,11976,130000,131000,13,0,2017-08-26,5
11975,20170826,11977,131000,132000,13,1000,2017-08-26,5
11976,20170826,11978,132000,133000,13,2000,2017-08-26,5
11977,20170826,11979,133000,134000,13,3000,2017-08-26,5
11978,20170826,11980,134000,135000,13,4000,2017-08-26,5
11979,20170826,11981,135000,140000,13,5000,2017-08-26,5
11980,20170826,11982,140000,141000,14,0,2017-08-26,5
11981,20170826,11983,141000,142000,14,1000,2017-08-26,5
11982,20170826,11984,142000,143000,14,2000,2017-08-26,5
11983,20170826,11985,143000,144000,14,3000,2017-08-26,5
11984,20170826,11986,144000,145000,14,4000,2017-08-26,5
11985,20170826,11987,145000,150000,14,5000,2017-08-26,5
11986,20170826,11988,150000,151000,15,0,2017-08-26,5
11987,20170826,11989,151000,152000,15,1000,2017-08-26,5
11988,20170826,11990,152000,153000,15,2000,2017-08-26,5
11989,20170826,11991,153000,154000,15,3000,2017-08-26,5
11990,20170826,11992,154000,155000,15,4000,2017-08-26,5
11991,20170826,11993,155000,160000,15,5000,2017-08-26,5
11992,20170826,11994,160000,161000,16,0,2017-08-26,5
11993,20170826,11995,161000,162000,16,1000,2017-08-26,5
11994,20170826,11996,162000,163000,16,2000,2017-08-26,5
11995,20170826,11997,163000,164000,16,3000,2017-08-26,5
11996,20170826,11998,164000,165000,16,4000,2017-08-26,5
11997,20170826,11999,165000,170000,16,5000,2017-08-26,5
11998,20170826,12000,170000,171000,17,0,2017-08-26,5
11999,20170826,12001,171000,172000,17,1000,2017-08-26,5
12000,20170826,12002,172000,173000,17,2000,2017-08-26,5
12001,20170826,12003,173000,174000,17,3000,2017-08-26,5
12002,20170826,12004,174000,175000,17,4000,2017-08-26,5
12003,20170826,12005,175000,180000,17,5000,2017-08-26,5
12004,20170826,12006,180000,181000,18,0,2017-08-26,5
12005,20170826,12007,181000,182000,18,1000,2017-08-26,5
12006,20170826,12008,182000,183000,18,2000,2017-08-26,5
12007,20170826,12009,183000,184000,18,3000,2017-08-26,5
12008,20170826,12010,184000,185000,18,4000,2017-08-26,5
12009,20170826,12011,185000,190000,18,5000,2017-08-26,5
12010,20170826,12012,190000,191000,19,0,2017-08-26,5
12011,20170826,12013,191000,192000,19,1000,2017-08-26,5
12012,20170826,12014,192000,193000,19,2000,2017-08-26,5
12013,20170826,12015,193000,194000,19,3000,2017-08-26,5
12014,20170826,12016,194000,195000,19,4000,2017-08-26,5
12015,20170826,12017,195000,200000,19,5000,2017-08-26,5
12016,20170826,12018,200000,201000,20,0,2017-08-26,5
12017,20170826,12019,201000,202000,20,1000,2017-08-26,5
12018,20170826,12020,202000,203000,20,2000,2017-08-26,5
12019,20170826,12021,203000,204000,20,3000,2017-08-26,5
12020,20170826,12022,204000,205000,20,4000,2017-08-26,5
12021,20170826,12023,205000,210000,20,5000,2017-08-26,5
12022,20170826,12024,210000,211000,21,0,2017-08-26,5
12023,20170826,12025,211000,212000,21,1000,2017-08-26,5
12024,20170826,12026,212000,213000,21,2000,2017-08-26,5
12025,20170826,12027,213000,214000,21,3000,2017-08-26,5
12026,20170826,12028,214000,215000,21,4000,2017-08-26,5
12027,20170826,12029,215000,220000,21,5000,2017-08-26,5
12028,20170826,12030,220000,221000,22,0,2017-08-26,5
12029,20170826,12031,221000,222000,22,1000,2017-08-26,5
12030,20170826,12032,222000,223000,22,2000,2017-08-26,5
12031,20170826,12033,223000,224000,22,3000,2017-08-26,5
12032,20170826,12034,224000,225000,22,4000,2017-08-26,5
12033,20170826,12035,225000,230000,22,5000,2017-08-26,5
12034,20170827,12036,60000,61000,60,0,2017-08-27,6
12035,20170827,12037,61000,62000,61,0,2017-08-27,6
12036,20170827,12038,62000,63000,62,0,2017-08-27,6
12037,20170827,12039,63000,64000,63,0,2017-08-27,6
12038,20170827,12040,64000,65000,64,0,2017-08-27,6
12039,20170827,12041,65000,70000,65,0,2017-08-27,6
12040,20170827,12042,70000,71000,70,0,2017-08-27,6
12041,20170827,12043,71000,72000,71,0,2017-08-27,6
12042,20170827,12044,72000,73000,72,0,2017-08-27,6
12043,20170827,12045,73000,74000,73,0,2017-08-27,6
12044,20170827,12046,74000,75000,74,0,2017-08-27,6
12045,20170827,12047,75000,80000,75,0,2017-08-27,6
12046,20170827,12048,80000,81000,80,0,2017-08-27,6
12047,20170827,12049,81000,82000,81,0,2017-08-27,6
12048,20170827,12050,82000,83000,82,0,2017-08-27,6
12049,20170827,12051,83000,84000,83,0,2017-08-27,6
12050,20170827,12052,84000,85000,84,0,2017-08-27,6
12051,20170827,12053,85000,90000,85,0,2017-08-27,6
12052,20170827,12054,90000,91000,90,0,2017-08-27,6
12053,20170827,12055,91000,92000,91,0,2017-08-27,6
12054,20170827,12056,92000,93000,92,0,2017-08-27,6
12055,20170827,12057,93000,94000,93,0,2017-08-27,6
12056,20170827,12058,94000,95000,94,0,2017-08-27,6
12057,20170827,12059,95000,100000,95,0,2017-08-27,6
12058,20170827,12060,100000,101000,10,0,2017-08-27,6
12059,20170827,12061,101000,102000,10,1000,2017-08-27,6
12060,20170827,12062,102000,103000,10,2000,2017-08-27,6
12061,20170827,12063,103000,104000,10,3000,2017-08-27,6
12062,20170827,12064,104000,105000,10,4000,2017-08-27,6
12063,20170827,12065,105000,110000,10,5000,2017-08-27,6
12064,20170827,12066,110000,111000,11,0,2017-08-27,6
12065,20170827,12067,111000,112000,11,1000,2017-08-27,6
12066,20170827,12068,112000,113000,11,2000,2017-08-27,6
12067,20170827,12069,113000,114000,11,3000,2017-08-27,6
12068,20170827,12070,114000,115000,11,4000,2017-08-27,6
12069,20170827,12071,115000,120000,11,5000,2017-08-27,6
12070,20170827,12072,120000,121000,12,0,2017-08-27,6
12071,20170827,12073,121000,122000,12,1000,2017-08-27,6
12072,20170827,12074,122000,123000,12,2000,2017-08-27,6
12073,20170827,12075,123000,124000,12,3000,2017-08-27,6
12074,20170827,12076,124000,125000,12,4000,2017-08-27,6
12075,20170827,12077,125000,130000,12,5000,2017-08-27,6
12076,20170827,12078,130000,131000,13,0,2017-08-27,6
12077,20170827,12079,131000,132000,13,1000,2017-08-27,6
12078,20170827,12080,132000,133000,13,2000,2017-08-27,6
12079,20170827,12081,133000,134000,13,3000,2017-08-27,6
12080,20170827,12082,134000,135000,13,4000,2017-08-27,6
12081,20170827,12083,135000,140000,13,5000,2017-08-27,6
12082,20170827,12084,140000,141000,14,0,2017-08-27,6
12083,20170827,12085,141000,142000,14,1000,2017-08-27,6
12084,20170827,12086,142000,143000,14,2000,2017-08-27,6
12085,20170827,12087,143000,144000,14,3000,2017-08-27,6
12086,20170827,12088,144000,145000,14,4000,2017-08-27,6
12087,20170827,12089,145000,150000,14,5000,2017-08-27,6
12088,20170827,12090,150000,151000,15,0,2017-08-27,6
12089,20170827,12091,151000,152000,15,1000,2017-08-27,6
12090,20170827,12092,152000,153000,15,2000,2017-08-27,6
12091,20170827,12093,153000,154000,15,3000,2017-08-27,6
12092,20170827,12094,154000,155000,15,4000,2017-08-27,6
12093,20170827,12095,155000,160000,15,5000,2017-08-27,6
12094,20170827,12096,160000,161000,16,0,2017-08-27,6
12095,20170827,12097,161000,162000,16,1000,2017-08-27,6
12096,20170827,12098,162000,163000,16,2000,2017-08-27,6
12097,20170827,12099,163000,164000,16,3000,2017-08-27,6
12098,20170827,12100,164000,165000,16,4000,2017-08-27,6
12099,20170827,12101,165000,170000,16,5000,2017-08-27,6
12100,20170827,12102,170000,171000,17,0,2017-08-27,6
12101,20170827,12103,171000,172000,17,1000,2017-08-27,6
12102,20170827,12104,172000,173000,17,2000,2017-08-27,6
12103,20170827,12105,173000,174000,17,3000,2017-08-27,6
12104,20170827,12106,174000,175000,17,4000,2017-08-27,6
12105,20170827,12107,175000,180000,17,5000,2017-08-27,6
12106,20170827,12108,180000,181000,18,0,2017-08-27,6
12107,20170827,12109,181000,182000,18,1000,2017-08-27,6
12108,20170827,12110,182000,183000,18,2000,2017-08-27,6
12109,20170827,12111,183000,184000,18,3000,2017-08-27,6
12110,20170827,12112,184000,185000,18,4000,2017-08-27,6
12111,20170827,12113,185000,190000,18,5000,2017-08-27,6
12112,20170827,12114,190000,191000,19,0,2017-08-27,6
12113,20170827,12115,191000,192000,19,1000,2017-08-27,6
12114,20170827,12116,192000,193000,19,2000,2017-08-27,6
12115,20170827,12117,193000,194000,19,3000,2017-08-27,6
12116,20170827,12118,194000,195000,19,4000,2017-08-27,6
12117,20170827,12119,195000,200000,19,5000,2017-08-27,6
12118,20170827,12120,200000,201000,20,0,2017-08-27,6
12119,20170827,12121,201000,202000,20,1000,2017-08-27,6
12120,20170827,12122,202000,203000,20,2000,2017-08-27,6
12121,20170827,12123,203000,204000,20,3000,2017-08-27,6
12122,20170827,12124,204000,205000,20,4000,2017-08-27,6
12123,20170827,12125,205000,210000,20,5000,2017-08-27,6
12124,20170827,12126,210000,211000,21,0,2017-08-27,6
12125,20170827,12127,211000,212000,21,1000,2017-08-27,6
12126,20170827,12128,212000,213000,21,2000,2017-08-27,6
12127,20170827,12129,213000,214000,21,3000,2017-08-27,6
12128,20170827,12130,214000,215000,21,4000,2017-08-27,6
12129,20170827,12131,215000,220000,21,5000,2017-08-27,6
12130,20170827,12132,220000,221000,22,0,2017-08-27,6
12131,20170827,12133,221000,222000,22,1000,2017-08-27,6
12132,20170827,12134,222000,223000,22,2000,2017-08-27,6
12133,20170827,12135,223000,224000,22,3000,2017-08-27,6
12134,20170827,12136,224000,225000,22,4000,2017-08-27,6
12135,20170827,12137,225000,230000,22,5000,2017-08-27,6
12136,20170828,12138,60000,61000,60,0,2017-08-28,0
12137,20170828,12139,61000,62000,61,0,2017-08-28,0
12138,20170828,12140,62000,63000,62,0,2017-08-28,0
12139,20170828,12141,63000,64000,63,0,2017-08-28,0
12140,20170828,12142,64000,65000,64,0,2017-08-28,0
12141,20170828,12143,65000,70000,65,0,2017-08-28,0
12142,20170828,12144,70000,71000,70,0,2017-08-28,0
12143,20170828,12145,71000,72000,71,0,2017-08-28,0
12144,20170828,12146,72000,73000,72,0,2017-08-28,0
12145,20170828,12147,73000,74000,73,0,2017-08-28,0
12146,20170828,12148,74000,75000,74,0,2017-08-28,0
12147,20170828,12149,75000,80000,75,0,2017-08-28,0
12148,20170828,12150,80000,81000,80,0,2017-08-28,0
12149,20170828,12151,81000,82000,81,0,2017-08-28,0
12150,20170828,12152,82000,83000,82,0,2017-08-28,0
12151,20170828,12153,83000,84000,83,0,2017-08-28,0
12152,20170828,12154,84000,85000,84,0,2017-08-28,0
12153,20170828,12155,85000,90000,85,0,2017-08-28,0
12154,20170828,12156,90000,91000,90,0,2017-08-28,0
12155,20170828,12157,91000,92000,91,0,2017-08-28,0
12156,20170828,12158,92000,93000,92,0,2017-08-28,0
12157,20170828,12159,93000,94000,93,0,2017-08-28,0
12158,20170828,12160,94000,95000,94,0,2017-08-28,0
12159,20170828,12161,95000,100000,95,0,2017-08-28,0
12160,20170828,12162,100000,101000,10,0,2017-08-28,0
12161,20170828,12163,101000,102000,10,1000,2017-08-28,0
12162,20170828,12164,102000,103000,10,2000,2017-08-28,0
12163,20170828,12165,103000,104000,10,3000,2017-08-28,0
12164,20170828,12166,104000,105000,10,4000,2017-08-28,0
12165,20170828,12167,105000,110000,10,5000,2017-08-28,0
12166,20170828,12168,110000,111000,11,0,2017-08-28,0
12167,20170828,12169,111000,112000,11,1000,2017-08-28,0
12168,20170828,12170,112000,113000,11,2000,2017-08-28,0
12169,20170828,12171,113000,114000,11,3000,2017-08-28,0
12170,20170828,12172,114000,115000,11,4000,2017-08-28,0
12171,20170828,12173,115000,120000,11,5000,2017-08-28,0
12172,20170828,12174,120000,121000,12,0,2017-08-28,0
12173,20170828,12175,121000,122000,12,1000,2017-08-28,0
12174,20170828,12176,122000,123000,12,2000,2017-08-28,0
12175,20170828,12177,123000,124000,12,3000,2017-08-28,0
12176,20170828,12178,124000,125000,12,4000,2017-08-28,0
12177,20170828,12179,125000,130000,12,5000,2017-08-28,0
12178,20170828,12180,130000,131000,13,0,2017-08-28,0
12179,20170828,12181,131000,132000,13,1000,2017-08-28,0
12180,20170828,12182,132000,133000,13,2000,2017-08-28,0
12181,20170828,12183,133000,134000,13,3000,2017-08-28,0
12182,20170828,12184,134000,135000,13,4000,2017-08-28,0
12183,20170828,12185,135000,140000,13,5000,2017-08-28,0
12184,20170828,12186,140000,141000,14,0,2017-08-28,0
12185,20170828,12187,141000,142000,14,1000,2017-08-28,0
12186,20170828,12188,142000,143000,14,2000,2017-08-28,0
12187,20170828,12189,143000,144000,14,3000,2017-08-28,0
12188,20170828,12190,144000,145000,14,4000,2017-08-28,0
12189,20170828,12191,145000,150000,14,5000,2017-08-28,0
12190,20170828,12192,150000,151000,15,0,2017-08-28,0
12191,20170828,12193,151000,152000,15,1000,2017-08-28,0
12192,20170828,12194,152000,153000,15,2000,2017-08-28,0
12193,20170828,12195,153000,154000,15,3000,2017-08-28,0
12194,20170828,12196,154000,155000,15,4000,2017-08-28,0
12195,20170828,12197,155000,160000,15,5000,2017-08-28,0
12196,20170828,12198,160000,161000,16,0,2017-08-28,0
12197,20170828,12199,161000,162000,16,1000,2017-08-28,0
12198,20170828,12200,162000,163000,16,2000,2017-08-28,0
12199,20170828,12201,163000,164000,16,3000,2017-08-28,0
12200,20170828,12202,164000,165000,16,4000,2017-08-28,0
12201,20170828,12203,165000,170000,16,5000,2017-08-28,0
12202,20170828,12204,170000,171000,17,0,2017-08-28,0
12203,20170828,12205,171000,172000,17,1000,2017-08-28,0
12204,20170828,12206,172000,173000,17,2000,2017-08-28,0
12205,20170828,12207,173000,174000,17,3000,2017-08-28,0
12206,20170828,12208,174000,175000,17,4000,2017-08-28,0
12207,20170828,12209,175000,180000,17,5000,2017-08-28,0
12208,20170828,12210,180000,181000,18,0,2017-08-28,0
12209,20170828,12211,181000,182000,18,1000,2017-08-28,0
12210,20170828,12212,182000,183000,18,2000,2017-08-28,0
12211,20170828,12213,183000,184000,18,3000,2017-08-28,0
12212,20170828,12214,184000,185000,18,4000,2017-08-28,0
12213,20170828,12215,185000,190000,18,5000,2017-08-28,0
12214,20170828,12216,190000,191000,19,0,2017-08-28,0
12215,20170828,12217,191000,192000,19,1000,2017-08-28,0
12216,20170828,12218,192000,193000,19,2000,2017-08-28,0
12217,20170828,12219,193000,194000,19,3000,2017-08-28,0
12218,20170828,12220,194000,195000,19,4000,2017-08-28,0
12219,20170828,12221,195000,200000,19,5000,2017-08-28,0
12220,20170828,12222,200000,201000,20,0,2017-08-28,0
12221,20170828,12223,201000,202000,20,1000,2017-08-28,0
12222,20170828,12224,202000,203000,20,2000,2017-08-28,0
12223,20170828,12225,203000,204000,20,3000,2017-08-28,0
12224,20170828,12226,204000,205000,20,4000,2017-08-28,0
12225,20170828,12227,205000,210000,20,5000,2017-08-28,0
12226,20170828,12228,210000,211000,21,0,2017-08-28,0
12227,20170828,12229,211000,212000,21,1000,2017-08-28,0
12228,20170828,12230,212000,213000,21,2000,2017-08-28,0
12229,20170828,12231,213000,214000,21,3000,2017-08-28,0
12230,20170828,12232,214000,215000,21,4000,2017-08-28,0
12231,20170828,12233,215000,220000,21,5000,2017-08-28,0
12232,20170828,12234,220000,221000,22,0,2017-08-28,0
12233,20170828,12235,221000,222000,22,1000,2017-08-28,0
12234,20170828,12236,222000,223000,22,2000,2017-08-28,0
12235,20170828,12237,223000,224000,22,3000,2017-08-28,0
12236,20170828,12238,224000,225000,22,4000,2017-08-28,0
12237,20170828,12239,225000,230000,22,5000,2017-08-28,0
12238,20170829,12240,60000,61000,60,0,2017-08-29,1
12239,20170829,12241,61000,62000,61,0,2017-08-29,1
12240,20170829,12242,62000,63000,62,0,2017-08-29,1
12241,20170829,12243,63000,64000,63,0,2017-08-29,1
12242,20170829,12244,64000,65000,64,0,2017-08-29,1
12243,20170829,12245,65000,70000,65,0,2017-08-29,1
12244,20170829,12246,70000,71000,70,0,2017-08-29,1
12245,20170829,12247,71000,72000,71,0,2017-08-29,1
12246,20170829,12248,72000,73000,72,0,2017-08-29,1
12247,20170829,12249,73000,74000,73,0,2017-08-29,1
12248,20170829,12250,74000,75000,74,0,2017-08-29,1
12249,20170829,12251,75000,80000,75,0,2017-08-29,1
12250,20170829,12252,80000,81000,80,0,2017-08-29,1
12251,20170829,12253,81000,82000,81,0,2017-08-29,1
12252,20170829,12254,82000,83000,82,0,2017-08-29,1
12253,20170829,12255,83000,84000,83,0,2017-08-29,1
12254,20170829,12256,84000,85000,84,0,2017-08-29,1
12255,20170829,12257,85000,90000,85,0,2017-08-29,1
12256,20170829,12258,90000,91000,90,0,2017-08-29,1
12257,20170829,12259,91000,92000,91,0,2017-08-29,1
12258,20170829,12260,92000,93000,92,0,2017-08-29,1
12259,20170829,12261,93000,94000,93,0,2017-08-29,1
12260,20170829,12262,94000,95000,94,0,2017-08-29,1
12261,20170829,12263,95000,100000,95,0,2017-08-29,1
12262,20170829,12264,100000,101000,10,0,2017-08-29,1
12263,20170829,12265,101000,102000,10,1000,2017-08-29,1
12264,20170829,12266,102000,103000,10,2000,2017-08-29,1
12265,20170829,12267,103000,104000,10,3000,2017-08-29,1
12266,20170829,12268,104000,105000,10,4000,2017-08-29,1
12267,20170829,12269,105000,110000,10,5000,2017-08-29,1
12268,20170829,12270,110000,111000,11,0,2017-08-29,1
12269,20170829,12271,111000,112000,11,1000,2017-08-29,1
12270,20170829,12272,112000,113000,11,2000,2017-08-29,1
12271,20170829,12273,113000,114000,11,3000,2017-08-29,1
12272,20170829,12274,114000,115000,11,4000,2017-08-29,1
12273,20170829,12275,115000,120000,11,5000,2017-08-29,1
12274,20170829,12276,120000,121000,12,0,2017-08-29,1
12275,20170829,12277,121000,122000,12,1000,2017-08-29,1
12276,20170829,12278,122000,123000,12,2000,2017-08-29,1
12277,20170829,12279,123000,124000,12,3000,2017-08-29,1
12278,20170829,12280,124000,125000,12,4000,2017-08-29,1
12279,20170829,12281,125000,130000,12,5000,2017-08-29,1
12280,20170829,12282,130000,131000,13,0,2017-08-29,1
12281,20170829,12283,131000,132000,13,1000,2017-08-29,1
12282,20170829,12284,132000,133000,13,2000,2017-08-29,1
12283,20170829,12285,133000,134000,13,3000,2017-08-29,1
12284,20170829,12286,134000,135000,13,4000,2017-08-29,1
12285,20170829,12287,135000,140000,13,5000,2017-08-29,1
12286,20170829,12288,140000,141000,14,0,2017-08-29,1
12287,20170829,12289,141000,142000,14,1000,2017-08-29,1
12288,20170829,12290,142000,143000,14,2000,2017-08-29,1
12289,20170829,12291,143000,144000,14,3000,2017-08-29,1
12290,20170829,12292,144000,145000,14,4000,2017-08-29,1
12291,20170829,12293,145000,150000,14,5000,2017-08-29,1
12292,20170829,12294,150000,151000,15,0,2017-08-29,1
12293,20170829,12295,151000,152000,15,1000,2017-08-29,1
12294,20170829,12296,152000,153000,15,2000,2017-08-29,1
12295,20170829,12297,153000,154000,15,3000,2017-08-29,1
12296,20170829,12298,154000,155000,15,4000,2017-08-29,1
12297,20170829,12299,155000,160000,15,5000,2017-08-29,1
12298,20170829,12300,160000,161000,16,0,2017-08-29,1
12299,20170829,12301,161000,162000,16,1000,2017-08-29,1
12300,20170829,12302,162000,163000,16,2000,2017-08-29,1
12301,20170829,12303,163000,164000,16,3000,2017-08-29,1
12302,20170829,12304,164000,165000,16,4000,2017-08-29,1
12303,20170829,12305,165000,170000,16,5000,2017-08-29,1
12304,20170829,12306,170000,171000,17,0,2017-08-29,1
12305,20170829,12307,171000,172000,17,1000,2017-08-29,1
12306,20170829,12308,172000,173000,17,2000,2017-08-29,1
12307,20170829,12309,173000,174000,17,3000,2017-08-29,1
12308,20170829,12310,174000,175000,17,4000,2017-08-29,1
12309,20170829,12311,175000,180000,17,5000,2017-08-29,1
12310,20170829,12312,180000,181000,18,0,2017-08-29,1
12311,20170829,12313,181000,182000,18,1000,2017-08-29,1
12312,20170829,12314,182000,183000,18,2000,2017-08-29,1
12313,20170829,12315,183000,184000,18,3000,2017-08-29,1
12314,20170829,12316,184000,185000,18,4000,2017-08-29,1
12315,20170829,12317,185000,190000,18,5000,2017-08-29,1
12316,20170829,12318,190000,191000,19,0,2017-08-29,1
12317,20170829,12319,191000,192000,19,1000,2017-08-29,1
12318,20170829,12320,192000,193000,19,2000,2017-08-29,1
12319,20170829,12321,193000,194000,19,3000,2017-08-29,1
12320,20170829,12322,194000,195000,19,4000,2017-08-29,1
12321,20170829,12323,195000,200000,19,5000,2017-08-29,1
12322,20170829,12324,200000,201000,20,0,2017-08-29,1
12323,20170829,12325,201000,202000,20,1000,2017-08-29,1
12324,20170829,12326,202000,203000,20,2000,2017-08-29,1
12325,20170829,12327,203000,204000,20,3000,2017-08-29,1
12326,20170829,12328,204000,205000,20,4000,2017-08-29,1
12327,20170829,12329,205000,210000,20,5000,2017-08-29,1
12328,20170829,12330,210000,211000,21,0,2017-08-29,1
12329,20170829,12331,211000,212000,21,1000,2017-08-29,1
12330,20170829,12332,212000,213000,21,2000,2017-08-29,1
12331,20170829,12333,213000,214000,21,3000,2017-08-29,1
12332,20170829,12334,214000,215000,21,4000,2017-08-29,1
12333,20170829,12335,215000,220000,21,5000,2017-08-29,1
12334,20170829,12336,220000,221000,22,0,2017-08-29,1
12335,20170829,12337,221000,222000,22,1000,2017-08-29,1
12336,20170829,12338,222000,223000,22,2000,2017-08-29,1
12337,20170829,12339,223000,224000,22,3000,2017-08-29,1
12338,20170829,12340,224000,225000,22,4000,2017-08-29,1
12339,20170829,12341,225000,230000,22,5000,2017-08-29,1
12340,20170830,12342,60000,61000,60,0,2017-08-30,2
12341,20170830,12343,61000,62000,61,0,2017-08-30,2
12342,20170830,12344,62000,63000,62,0,2017-08-30,2
12343,20170830,12345,63000,64000,63,0,2017-08-30,2
12344,20170830,12346,64000,65000,64,0,2017-08-30,2
12345,20170830,12347,65000,70000,65,0,2017-08-30,2
12346,20170830,12348,70000,71000,70,0,2017-08-30,2
12347,20170830,12349,71000,72000,71,0,2017-08-30,2
12348,20170830,12350,72000,73000,72,0,2017-08-30,2
12349,20170830,12351,73000,74000,73,0,2017-08-30,2
12350,20170830,12352,74000,75000,74,0,2017-08-30,2
12351,20170830,12353,75000,80000,75,0,2017-08-30,2
12352,20170830,12354,80000,81000,80,0,2017-08-30,2
12353,20170830,12355,81000,82000,81,0,2017-08-30,2
12354,20170830,12356,82000,83000,82,0,2017-08-30,2
12355,20170830,12357,83000,84000,83,0,2017-08-30,2
12356,20170830,12358,84000,85000,84,0,2017-08-30,2
12357,20170830,12359,85000,90000,85,0,2017-08-30,2
12358,20170830,12360,90000,91000,90,0,2017-08-30,2
12359,20170830,12361,91000,92000,91,0,2017-08-30,2
12360,20170830,12362,92000,93000,92,0,2017-08-30,2
12361,20170830,12363,93000,94000,93,0,2017-08-30,2
12362,20170830,12364,94000,95000,94,0,2017-08-30,2
12363,20170830,12365,95000,100000,95,0,2017-08-30,2
12364,20170830,12366,100000,101000,10,0,2017-08-30,2
12365,20170830,12367,101000,102000,10,1000,2017-08-30,2
12366,20170830,12368,102000,103000,10,2000,2017-08-30,2
12367,20170830,12369,103000,104000,10,3000,2017-08-30,2
12368,20170830,12370,104000,105000,10,4000,2017-08-30,2
12369,20170830,12371,105000,110000,10,5000,2017-08-30,2
12370,20170830,12372,110000,111000,11,0,2017-08-30,2
12371,20170830,12373,111000,112000,11,1000,2017-08-30,2
12372,20170830,12374,112000,113000,11,2000,2017-08-30,2
12373,20170830,12375,113000,114000,11,3000,2017-08-30,2
12374,20170830,12376,114000,115000,11,4000,2017-08-30,2
12375,20170830,12377,115000,120000,11,5000,2017-08-30,2
12376,20170830,12378,120000,121000,12,0,2017-08-30,2
12377,20170830,12379,121000,122000,12,1000,2017-08-30,2
12378,20170830,12380,122000,123000,12,2000,2017-08-30,2
12379,20170830,12381,123000,124000,12,3000,2017-08-30,2
12380,20170830,12382,124000,125000,12,4000,2017-08-30,2
12381,20170830,12383,125000,130000,12,5000,2017-08-30,2
12382,20170830,12384,130000,131000,13,0,2017-08-30,2
12383,20170830,12385,131000,132000,13,1000,2017-08-30,2
12384,20170830,12386,132000,133000,13,2000,2017-08-30,2
12385,20170830,12387,133000,134000,13,3000,2017-08-30,2
12386,20170830,12388,134000,135000,13,4000,2017-08-30,2
12387,20170830,12389,135000,140000,13,5000,2017-08-30,2
12388,20170830,12390,140000,141000,14,0,2017-08-30,2
12389,20170830,12391,141000,142000,14,1000,2017-08-30,2
12390,20170830,12392,142000,143000,14,2000,2017-08-30,2
12391,20170830,12393,143000,144000,14,3000,2017-08-30,2
12392,20170830,12394,144000,145000,14,4000,2017-08-30,2
12393,20170830,12395,145000,150000,14,5000,2017-08-30,2
12394,20170830,12396,150000,151000,15,0,2017-08-30,2
12395,20170830,12397,151000,152000,15,1000,2017-08-30,2
12396,20170830,12398,152000,153000,15,2000,2017-08-30,2
12397,20170830,12399,153000,154000,15,3000,2017-08-30,2
12398,20170830,12400,154000,155000,15,4000,2017-08-30,2
12399,20170830,12401,155000,160000,15,5000,2017-08-30,2
12400,20170830,12402,160000,161000,16,0,2017-08-30,2
12401,20170830,12403,161000,162000,16,1000,2017-08-30,2
12402,20170830,12404,162000,163000,16,2000,2017-08-30,2
12403,20170830,12405,163000,164000,16,3000,2017-08-30,2
12404,20170830,12406,164000,165000,16,4000,2017-08-30,2
12405,20170830,12407,165000,170000,16,5000,2017-08-30,2
12406,20170830,12408,170000,171000,17,0,2017-08-30,2
12407,20170830,12409,171000,172000,17,1000,2017-08-30,2
12408,20170830,12410,172000,173000,17,2000,2017-08-30,2
12409,20170830,12411,173000,174000,17,3000,2017-08-30,2
12410,20170830,12412,174000,175000,17,4000,2017-08-30,2
12411,20170830,12413,175000,180000,17,5000,2017-08-30,2
12412,20170830,12414,180000,181000,18,0,2017-08-30,2
12413,20170830,12415,181000,182000,18,1000,2017-08-30,2
12414,20170830,12416,182000,183000,18,2000,2017-08-30,2
12415,20170830,12417,183000,184000,18,3000,2017-08-30,2
12416,20170830,12418,184000,185000,18,4000,2017-08-30,2
12417,20170830,12419,185000,190000,18,5000,2017-08-30,2
12418,20170830,12420,190000,191000,19,0,2017-08-30,2
12419,20170830,12421,191000,192000,19,1000,2017-08-30,2
12420,20170830,12422,192000,193000,19,2000,2017-08-30,2
12421,20170830,12423,193000,194000,19,3000,2017-08-30,2
12422,20170830,12424,194000,195000,19,4000,2017-08-30,2
12423,20170830,12425,195000,200000,19,5000,2017-08-30,2
12424,20170830,12426,200000,201000,20,0,2017-08-30,2
12425,20170830,12427,201000,202000,20,1000,2017-08-30,2
12426,20170830,12428,202000,203000,20,2000,2017-08-30,2
12427,20170830,12429,203000,204000,20,3000,2017-08-30,2
12428,20170830,12430,204000,205000,20,4000,2017-08-30,2
12429,20170830,12431,205000,210000,20,5000,2017-08-30,2
12430,20170830,12432,210000,211000,21,0,2017-08-30,2
12431,20170830,12433,211000,212000,21,1000,2017-08-30,2
12432,20170830,12434,212000,213000,21,2000,2017-08-30,2
12433,20170830,12435,213000,214000,21,3000,2017-08-30,2
12434,20170830,12436,214000,215000,21,4000,2017-08-30,2
12435,20170830,12437,215000,220000,21,5000,2017-08-30,2
12436,20170830,12438,220000,221000,22,0,2017-08-30,2
12437,20170830,12439,221000,222000,22,1000,2017-08-30,2
12438,20170830,12440,222000,223000,22,2000,2017-08-30,2
12439,20170830,12441,223000,224000,22,3000,2017-08-30,2
12440,20170830,12442,224000,225000,22,4000,2017-08-30,2
12441,20170830,12443,225000,230000,22,5000,2017-08-30,2
12442,20170831,12444,60000,61000,60,0,2017-08-31,3
12443,20170831,12445,61000,62000,61,0,2017-08-31,3
12444,20170831,12446,62000,63000,62,0,2017-08-31,3
12445,20170831,12447,63000,64000,63,0,2017-08-31,3
12446,20170831,12448,64000,65000,64,0,2017-08-31,3
12447,20170831,12449,65000,70000,65,0,2017-08-31,3
12448,20170831,12450,70000,71000,70,0,2017-08-31,3
12449,20170831,12451,71000,72000,71,0,2017-08-31,3
12450,20170831,12452,72000,73000,72,0,2017-08-31,3
12451,20170831,12453,73000,74000,73,0,2017-08-31,3
12452,20170831,12454,74000,75000,74,0,2017-08-31,3
12453,20170831,12455,75000,80000,75,0,2017-08-31,3
12454,20170831,12456,80000,81000,80,0,2017-08-31,3
12455,20170831,12457,81000,82000,81,0,2017-08-31,3
12456,20170831,12458,82000,83000,82,0,2017-08-31,3
12457,20170831,12459,83000,84000,83,0,2017-08-31,3
12458,20170831,12460,84000,85000,84,0,2017-08-31,3
12459,20170831,12461,85000,90000,85,0,2017-08-31,3
12460,20170831,12462,90000,91000,90,0,2017-08-31,3
12461,20170831,12463,91000,92000,91,0,2017-08-31,3
12462,20170831,12464,92000,93000,92,0,2017-08-31,3
12463,20170831,12465,93000,94000,93,0,2017-08-31,3
12464,20170831,12466,94000,95000,94,0,2017-08-31,3
12465,20170831,12467,95000,100000,95,0,2017-08-31,3
12466,20170831,12468,100000,101000,10,0,2017-08-31,3
12467,20170831,12469,101000,102000,10,1000,2017-08-31,3
12468,20170831,12470,102000,103000,10,2000,2017-08-31,3
12469,20170831,12471,103000,104000,10,3000,2017-08-31,3
12470,20170831,12472,104000,105000,10,4000,2017-08-31,3
12471,20170831,12473,105000,110000,10,5000,2017-08-31,3
12472,20170831,12474,110000,111000,11,0,2017-08-31,3
12473,20170831,12475,111000,112000,11,1000,2017-08-31,3
12474,20170831,12476,112000,113000,11,2000,2017-08-31,3
12475,20170831,12477,113000,114000,11,3000,2017-08-31,3
12476,20170831,12478,114000,115000,11,4000,2017-08-31,3
12477,20170831,12479,115000,120000,11,5000,2017-08-31,3
12478,20170831,12480,120000,121000,12,0,2017-08-31,3
12479,20170831,12481,121000,122000,12,1000,2017-08-31,3
12480,20170831,12482,122000,123000,12,2000,2017-08-31,3
12481,20170831,12483,123000,124000,12,3000,2017-08-31,3
12482,20170831,12484,124000,125000,12,4000,2017-08-31,3
12483,20170831,12485,125000,130000,12,5000,2017-08-31,3
12484,20170831,12486,130000,131000,13,0,2017-08-31,3
12485,20170831,12487,131000,132000,13,1000,2017-08-31,3
12486,20170831,12488,132000,133000,13,2000,2017-08-31,3
12487,20170831,12489,133000,134000,13,3000,2017-08-31,3
12488,20170831,12490,134000,135000,13,4000,2017-08-31,3
12489,20170831,12491,135000,140000,13,5000,2017-08-31,3
12490,20170831,12492,140000,141000,14,0,2017-08-31,3
12491,20170831,12493,141000,142000,14,1000,2017-08-31,3
12492,20170831,12494,142000,143000,14,2000,2017-08-31,3
12493,20170831,12495,143000,144000,14,3000,2017-08-31,3
12494,20170831,12496,144000,145000,14,4000,2017-08-31,3
12495,20170831,12497,145000,150000,14,5000,2017-08-31,3
12496,20170831,12498,150000,151000,15,0,2017-08-31,3
12497,20170831,12499,151000,152000,15,1000,2017-08-31,3
12498,20170831,12500,152000,153000,15,2000,2017-08-31,3
12499,20170831,12501,153000,154000,15,3000,2017-08-31,3
12500,20170831,12502,154000,155000,15,4000,2017-08-31,3
12501,20170831,12503,155000,160000,15,5000,2017-08-31,3
12502,20170831,12504,160000,161000,16,0,2017-08-31,3
12503,20170831,12505,161000,162000,16,1000,2017-08-31,3
12504,20170831,12506,162000,163000,16,2000,2017-08-31,3
12505,20170831,12507,163000,164000,16,3000,2017-08-31,3
12506,20170831,12508,164000,165000,16,4000,2017-08-31,3
12507,20170831,12509,165000,170000,16,5000,2017-08-31,3
12508,20170831,12510,170000,171000,17,0,2017-08-31,3
12509,20170831,12511,171000,172000,17,1000,2017-08-31,3
12510,20170831,12512,172000,173000,17,2000,2017-08-31,3
12511,20170831,12513,173000,174000,17,3000,2017-08-31,3
12512,20170831,12514,174000,175000,17,4000,2017-08-31,3
12513,20170831,12515,175000,180000,17,5000,2017-08-31,3
12514,20170831,12516,180000,181000,18,0,2017-08-31,3
12515,20170831,12517,181000,182000,18,1000,2017-08-31,3
12516,20170831,12518,182000,183000,18,2000,2017-08-31,3
12517,20170831,12519,183000,184000,18,3000,2017-08-31,3
12518,20170831,12520,184000,185000,18,4000,2017-08-31,3
12519,20170831,12521,185000,190000,18,5000,2017-08-31,3
12520,20170831,12522,190000,191000,19,0,2017-08-31,3
12521,20170831,12523,191000,192000,19,1000,2017-08-31,3
12522,20170831,12524,192000,193000,19,2000,2017-08-31,3
12523,20170831,12525,193000,194000,19,3000,2017-08-31,3
12524,20170831,12526,194000,195000,19,4000,2017-08-31,3
12525,20170831,12527,195000,200000,19,5000,2017-08-31,3
12526,20170831,12528,200000,201000,20,0,2017-08-31,3
12527,20170831,12529,201000,202000,20,1000,2017-08-31,3
12528,20170831,12530,202000,203000,20,2000,2017-08-31,3
12529,20170831,12531,203000,204000,20,3000,2017-08-31,3
12530,20170831,12532,204000,205000,20,4000,2017-08-31,3
12531,20170831,12533,205000,210000,20,5000,2017-08-31,3
12532,20170831,12534,210000,211000,21,0,2017-08-31,3
12533,20170831,12535,211000,212000,21,1000,2017-08-31,3
12534,20170831,12536,212000,213000,21,2000,2017-08-31,3
12535,20170831,12537,213000,214000,21,3000,2017-08-31,3
12536,20170831,12538,214000,215000,21,4000,2017-08-31,3
12537,20170831,12539,215000,220000,21,5000,2017-08-31,3
12538,20170831,12540,220000,221000,22,0,2017-08-31,3
12539,20170831,12541,221000,222000,22,1000,2017-08-31,3
12540,20170831,12542,222000,223000,22,2000,2017-08-31,3
12541,20170831,12543,223000,224000,22,3000,2017-08-31,3
12542,20170831,12544,224000,225000,22,4000,2017-08-31,3
12543,20170831,12545,225000,230000,22,5000,2017-08-31,3
